"DT_GERACAO";"HH_GERACAO";"AA_ELEICAO";"CD_ELEICAO";"NM_ELEICAO";"SG_UF";"SG_UE";"NM_UE";"NR_PROTOCOLO_REGISTRO";"DT_REGISTRO";"ST_PESQUISA_PROPRIA";"NR_CNPJ_EMPRESA";"NM_EMPRESA";"NM_EMPRESA_FANTASIA";"DS_CARGO";"DT_INICIO_PESQUISA";"DT_FIM_PESQUISA";"DT_DIVULGACAO";"QT_ENTREVISTADO";"CD_CONRE";"NM_ESTATISTICO_RESP";"VR_PESQUISA";"DS_METODOLOGIA_PESQUISA";"DS_PLANO_AMOSTRAL";"DS_SISTEMA_CONTROLE";"DS_DADO_MUNICIPIO"
"07/08/2026";"05:47:04";2026;81;"Eleições Gerais 2026";"PI";"PI";"PIAUÍ";"PI043022026";"2026-07-13 19:01:15";"N";"10320257000184";"INSTITUTO PIAUIENSE DE OPINIAO PUBLICA LTDA - EPP";"AMOSTRAGEM OPINIAO E MERCADO";"Governador, Senador, Deputado Federal, Deputado Estadual";"2026-07-07 00:00:00";"2026-07-12 00:00:00";"2026-07-19 00:00:00";1137;"CONRE 6695";"JOAO BATISTA MENDES TELES";"70000,00";"Metodologia empregada: Amostragem não aleatória por cotas de gênero, faixa etária, grau de instrução, renda familiar, zona (urbana e rural), microrregiões e municípios. Entrevistas domiciliares e individuais. Coleta dos dados realizada por meio de SMARTPHONE/ TABLET, utilizando a plataforma iPesquisa.net.";"Amostragem por cotas. O conjunto do eleitorado dos municípios é distribuído proporcionalmente por gênero, faixa etária, grau de instrução, classe de renda domiciliar. As variáveis: gênero, faixa etária e grau de instrução são ponderadas de acordo com as Estatísticas do Eleitorado do Piauí, TSE, JUNHO de 2026 referente aos 49 municípios pesquisados. A variável classe de renda domiciliar é ponderada de acordo com as estatísticas do Censo Demográfico IBGE. O número de entrevistas dos bairros e povoados nos municípios são ponderados de acordo com o número de domicílios por setor censitário, do Censo Demográfico IBGE 2022. O nível de confiança é de 95% com margem de erro de 2,85% para mais ou para menos, nas estatísticas apresentadas para o total da amostra levantada considerando variância máxima, p=0,50; 1 ? p = 0,50.

Cotas de gênero: Masculino (531), Feminino (606), 

Cotas de faixa etária:   16 a 24 anos (148), 25 a 34 anos (214), 35 a 44 anos (222), 45 a 59 anos (297), 60 e + anos (256), 

Cotas de grau de instrução: Analfabeto (74), lê e escreve (124), Ensino fundamental incompleto/completo (305), Ensino médio incompleto/completo (459), superior incompleto (73), superior completo (102), 

Cotas de classe de renda domiciliar:    Até R$ 1.621,00 (319),   de R$ 1.621,01 à R$ 3.242,00 (353),  de R$ 3.242,01 à R$ 8.105,00 (322), mais de R$ 8.105,01 (143).";"Supervisão interna em 100% dos questionários aplicados e crítica dos dados digitados feita pelo computador.  A checagem direta com retorno e/ou acompanhamento é feita pelo supervisor de campo, enquanto que a checagem por telefone é realizada a partir do banco de dados gerado pela plataforma iPesquisa.net, em no mínimo 20% dos questionários aplicados, de acordo com a exigência da ABEP - Associação Brasileira de Empresas de Pesquisa. Relatórios de campo - pesquisadores e supervisores.";"Municípios pesquisados por microrregião:

1-Baixo Parnaíba Piauiense: (Cabeceiras do Piauí, Luzilândia, Batalha, Piripiri); 
2-Litoral Piauiense: (Ilha Grande, Buriti dos Lopes, Parnaíba); 
3-Teresina (Monsenhor Gil, Nazária, José de Freitas, Altos, Teresina); 
4-Campo Maior: (São Miguel do Tapuio, Castelo do Piauí, Pedro II, Campo Maior); 
5-Médio Parnaíba Piauiense: (Palmeirais, Água Branca, Amarante); 
6-Valença do Piauí: (Lagoa do Sítio, Inhuma, Valença do Piauí); 
7-Alto Parnaíba Piauiense: (Uruçuí); 
8-Bertolínia: (Landri Sales, Colônia do Gurguéia); 
9-Floriano: (Jerumenha, Itaueira, Floriano); 
10-Alto Médio Gurguéia: (Monte Alegre do Piauí, Bom Jesus); 
11-São Raimundo Nonato: (São Braz do Piauí, Anísio de Abreu, Canto do Buriti, São Raimundo Nonato); 
12-Chapadas do Extremo Sul Piauiense: (Curimatá, Corrente); 
13-Picos: (Geminiano, Sussuapara, Ipiranga do Piauí, Picos); 
14-Pio IX: (Alagoinha do Piauí, Pio IX); 
15-Alto Médio Canindé (Vila Nova do Piauí, Patos do Piauí, Marcolândia, Fronteiras, Simões, São João do Piauí, Paulistana)."
"07/08/2026";"05:47:04";2026;81;"Eleições Gerais 2026";"PI";"PI";"PIAUÍ";"PI041192026";"2026-03-05 17:40:20";"N";"15563771000164";"INSTITUTO CREDIBILIDADE LTDA";"INSTITUTO CREDIBILIDADE";"Governador, Senador, Deputado Federal, Deputado Estadual";"2026-03-03 00:00:00";"2026-03-04 00:00:00";"2026-03-11 00:00:00";401;"9177";"DIOGENES VITOR DA SILVEIRA";"8000,00";"A metodologia empregada nesta pesquisa utilizou uma amostragem aleatória estratificada proporcional por sexo, idade, escolaridade e renda distribuídas na zona urbana e rural através de entrevistas domiciliares e individuais no município de ESPERANTINA (PI). Sendo a coleta dos dados realizada por meio de tablets/smartphones. A Pesquisa foi realizada no período de 03 e 04 de março de 2026 nos bairros e povoados descriminadas no plano amostral com um total de 401entrevistas.";"O método de amostragem utilizada nesta pesquisa quantitativa eleitoral foi através de uma amostra probabilística aleatória estratificada proporcional (tabela abaixo), visto que a população de origem é considerada heterogênea, pois a mesma estará dividida em estratos referentes de acordo a divisão geopolítica do município ESPERANTINA - PI. Para isso, foi elaborado inicialmente um questionário de pesquisa(em anexo), como ferramenta de coleta de dados em que as variáveis que serão coletadas do público-alvo analisado em cada zona rural e/ou urbana de cada bairro/povoado citado são: renda (em salários mínimos), escolaridade, idade e sexo. Sendo que, as variáveis sexo, idade e escolaridade, terão as escalas distribuídas de acordo com as estatísticas do Tribunal Superior Eleitoral (TSE) de janeiro de 2026. Enquanto que a variável renda do chefe do domicílio, segundo o que estabelece o Instituto Brasileiro de Geografia e Estatística (IBGE). Para a realização do estudo levantou-se o tamanho populacional de eleitores pertencente ao município de ESPERANTINA - PI, e com uma margem de erro de 4.86pp para mais ou para menos e uma margem de confiança de 95%, chegou-se em uma amostra significativa e aleatória de 401 eleitores pesquisados, assim distribuídos: SEXO: MASCULINO (192), FEMININO (209); FAIXA ETÁRIA De 16 e 17 anos (7) De 18 a 24 anos (55), de 25 a 34 anos(80), de 35 a 44 anos (90), de 45 a 59 anos (91),60 anos ou mais (79); ESCOLARIDADE: Analfabeto e Lê e escreve (76), Ensino Fundamental incompleto/completo(149), Ensino Médio: completo e incompleto (141), Ensino Superior: Completo e Incompleto (36); RENDA: Até 1 salário (174) entre 1,1 e 2 salários (147), Mais de 2 salários Mínimos(80).";"Checagem pelo supervisor em pelo menos 20% dos questionários aplicados em campo/telefone e 100% supervisão interna dos questionários aplicados e crítica dos dados. Questionários aplicados eletronicamente, por meio de tablets/smartphones, com sistema próprio de pesquisa, formulação e tabulação.";"ZONA URBANA	 
Centro	30
 Chapadinha	29
 Bairro Rural	28
 Batista de Amorim	23
 Cristo Redentor	20
 Santa Luzia	20
 Cristo Rei	18
 Conj. Palestina	18
 Mão Santa	17
 Fazendinha	18
 Bernardo Rego	15
 Coheb	13
 Nova Esperança	12
Total	261
ZONA RURAL	 
Lagoa Seca	15
 Lagoa dos Macacos	15
 Mallhada do Meio	10
 Mundo Novo	10
 Tinguís	10
 Boa Vista dos Cariocas	9
 Bonfim	9
 Fortaleza	9
 Canto da Palmeira	8
 Chapada da Limpeza	8
 Patis	7
 Amargosa	7
 Angelim	7
 Olho D Água dos Pires	6
 Lagoa da Caiçara	5
 Boi Velho	5
Total	140

"
"07/08/2026";"05:47:04";2026;81;"Eleições Gerais 2026";"PI";"PI";"PIAUÍ";"PI062522026";"2026-03-23 10:31:48";"N";"10320257000184";"INSTITUTO PIAUIENSE DE OPINIAO PUBLICA LTDA - EPP";"AMOSTRAGEM OPINIAO E MERCADO";"Governador, Senador, Deputado Federal, Deputado Estadual";"2026-03-11 00:00:00";"2026-03-15 00:00:00";"2026-03-29 00:00:00";300;"CONRE  - 5ª REGIÃO Nº 6695";"JOÃO BATISTA MENDES TELES";"9000,00";"Metodologia empregada: Amostragem não aleatória por cotas de gênero, faixa etária, grau de instrução, renda familiar, zona (urbana e rural), bairros e povoados. Entrevistas domiciliares e individuais. Coleta dos dados realizada por meio de SMARTPHONE/ TABLET, utilizando a plataforma iPesquisa.net.";"Amostragem por cotas. O conjunto do eleitorado do município é distribuído proporcionalmente por gênero, faixa etária, grau de instrução, classe de renda domiciliar. As variáveis: gênero, faixa etária e grau de instrução são ponderadas de acordo com as Estatísticas do Eleitorado do Piauí, TSE,   FEVEREIRO   de   2026   referente ao município PARNAÍBA-PI. A variável classe de  renda  domiciliar  é  ponderada  de  acordo com as estatística do Censo Demográfico IBGE. O  nível  de  confiança  é  de   95%  com   margem   de   erro   de    5,54%  para  mais  ou  para menos, nas estatísticas apresentadas para o total da amostra levantada considerando variância máxima, p=0,50; 1 - p = 0,50.
Cotas de gênero: Masculino (140), Feminino (160), 
Cotas de faixa etária:   16 a 24 anos (38), 25 a 34 anos (57), 35 a 44 anos (64), 45 a 59 anos (76), 60 e + anos (65), 
Cotas de grau de instrução: Analfabeto (14), lê e escreve (26), Ensino fundamental incompleto/completo (81), Ensino médio incompleto/completo (131), superior incompleto (19), superior completo (29), 
Cotas de classe de renda domiciliar:    Até R$ 1.621,00 (69),   de R$ 1.621,01 à R$ 3.242,00 (88),  de R$ 3.242,01 à R$ 8.105,00 (93), mais de R$ 8.105,01 (50).";"Supervisão interna em 100% dos questionários aplicados e crítica dos dados digitados feita pelo computador.  A checagem direta com retorno e/ou acompanhamento é feita pelo supervisor de campo, enquanto que a checagem por telefone é realizada a partir do banco de dados gerado pela plataforma iPesquisa.net, em no mínimo 20% dos questionários aplicados, de acordo com a exigência da ABEP - Associação Brasileira de Empresas de Pesquisa. Relatórios de campo - pesquisadores e supervisores.";"BAIRROS E POVOADOS PESQUISADOS POR REGIÃO:

REGIÃO NORTE: São Benedito, Cantagalo, São Judas Tadeu, Catanduvas, Conviver, Chafariz, Reis Veloso, Jardim das Acácias, Pindorama.

REGIÃO SUL: Cristo Rei, Ceará, Rodoviária, Alto Santa Maria, São Pedro, Sabiazal, Almira Silva, Primavera, Santa Luzia, Santa Teresinha, Dom Rufino, Broder Ville, Lagoa da Prata.

REGIÃO LESTE: Piauí, Betânia, Dirceu Arcoverde, Nossa Senhora do Montserrat, Raul Bacelar I, II, III, Alberto Silva, Simplício Dias, São João, Pilocarpina, Vicente Correia, Frei Higino, João XXIII, Conjunto Colinas do Alvorada I, II, Floriópolis, Portinho.

REGIÃO OESTE: Centro, Nossa Senhora do Carmo, Mendonça Clark, São José, Nova Parnaíba, São Francisco, Bebedouro, Campos, Nossa Senhora de Fátima, Boa Esperança I, II, III, São Vicente de Paulo, Joaz Sousa, Igaraçu, Tabuleiro, Santa Isabel, Fazendinha.

POVOADOS: Baixa da Carnaúba  / KM 16, Portinho, Rancharia."
"07/08/2026";"05:47:04";2026;81;"Eleições Gerais 2026";"PI";"PI";"PIAUÍ";"PI003272026";"2026-04-13 19:27:11";"N";"15563771000164";"INSTITUTO CREDIBILIDADE LTDA";"INSTITUTO CREDIBILIDADE";"Governador, Senador, Deputado Federal, Deputado Estadual";"2026-04-09 00:00:00";"2026-04-10 00:00:00";"2026-04-19 00:00:00";402;"9177";"DIOGENES VITOR DA SILVEIRA";"5000,00";"A metodologia empregada nesta pesquisa utilizou uma amostragem aleatória estratificada proporcional por sexo, idade, escolaridade e renda distribuídas na zona urbana e rural através de entrevistas domiciliares e individuais no município de ELESBÃO VELOSO (PI). Sendo a coleta dos dados realizada por meio de tablets/smartphones. A Pesquisa foi realizada no período de 09 e 10 de abril de 2026 nos bairros e povoados descriminadas no plano amostral com um total de 402 entrevistas.";"O método de amostragem utilizada nesta pesquisa quantitativa eleitoral foi através de uma amostra probabilística aleatória estratificada proporcional (tabela abaixo), visto que a população de origem é considerada heterogênea, pois a mesma estará dividida em estratos referentes de acordo a divisão geopolítica do município ELESBÃO VELOSO - PI. Para isso, foi elaborado inicialmente um questionário de pesquisa (em anexo), como ferramenta de coleta de dados em que as variáveis que serão coletadas do público-alvo analisado em cada zona rural e/ou urbana de cada bairro/povoado citado são: renda (em salários mínimos), escolaridade, idade e sexo. Sendo que, as variáveis sexo, idade e escolaridade, terão as escalas distribuídas de acordo com as estatísticas do Tribunal Superior Eleitoral (TSE) de janeiro de 2026. Enquanto que a variável renda do chefe do domicílio, segundo o que estabelece o Instituto Brasileiro de Geografia e Estatística (IBGE). Para a realização do estudo levantou-se o tamanho populacional de eleitores pertencente ao município de ELESBÃO VELOSO - PI, e com uma margem de erro de 4.81pp para mais ou para menos e uma margem de confiança de 95%, chegou-se em uma amostra significativa e aleatória de 403 eleitores pesquisados, assim distribuídos: SEXO: MASCULINO (193), FEMININO (209); FAIXA ETÁRIA De 16 e 17 anos (7) De 18 a 24 anos (44), de 25 a 34 anos(66), de 35 a 44 anos (75), de 45 a 59 anos (102),60 anos ou mais (108); ESCOLARIDADE: Analfabeto (31) Lê e escreve (54), Ensino Fundamental incompleto/completo(139), Ensino Médio: completo e incompleto (130), Ensino Superior: Completo e Incompleto (48); RENDA: Até 1 salário (189) entre 1,1 e 2 salários (129), Mais de 2 salários Mínimos(84).";"Checagem pelo supervisor em pelo menos 20% dos questionários aplicados em campo/telefone e 100% supervisão interna dos questionários aplicados e crítica dos dados. Questionários aplicados eletronicamente, por meio de tablets/smartphones, com sistema próprio de pesquisa, formulação e tabulação.";"ZONA URBANA	
Centro	31
 Piçarra	25
 Sirino	22
 Matadouro	20
 Santa Clara	20
 Matias	19
 Capitão Mundoca	19
 Fátima	16
 Pé do Morro	13
 Vermelho	12
 Rua do Fio	12
 Várzea Alegre	10
 Lixão	10
 Conjunto Biriquinha	10
 Sambaíba	10
 Baixa do Curral	10
 Grota do Feijão	10
 Conj. Eufrasino Moura	8
Total	277
	
ZONA URAL	
Capim Pubo	10
 Povoado Mosqueada	10
 Alta Vista	10
 Chapadinha	10
 Santa Helena	10
 Taboleiro Grande	10
 Sossego	8
 Assentamento Caraíbas	6
 Banguê	6
 Serra do Carneiro	5
 Malhada	5
 Assentamento Bebedouro	5
 Assentamento Baixa Fria	4
 Assentamento Barreiro	4
 Assentamento Baixa Grande	4
 Assentamento Betônica	3
 Assentamento Fazenda Nova	3
 Assentamento Canto da Serra	3
 Jatobá Ferrado	3
 Baixa da Ponte	3
 Xique-Xique	3
Total	125

"
"07/08/2026";"05:47:04";2026;81;"Eleições Gerais 2026";"PI";"PI";"PIAUÍ";"PI048212026";"2026-05-15 17:05:43";"N";"10320257000184";"INSTITUTO PIAUIENSE DE OPINIAO PUBLICA LTDA - EPP";"AMOSTRAGEM OPINIAO E MERCADO";"Governador, Senador, Deputado Federal, Deputado Estadual";"2026-05-04 00:00:00";"2026-05-06 00:00:00";"2026-05-21 00:00:00";400;"CONRE  - 5ª REGIÃO Nº 6695";"JOÃO BATISTA MENDES TELES";"11500,00";"Metodologia empregada: Amostragem não aleatória por cotas de gênero, faixa etária, grau de instrução, renda familiar, zona (urbana e rural), bairros e povoados. Entrevistas domiciliares e individuais. Coleta dos dados realizada por meio de SMARTPHONE/ TABLET, utilizando a plataforma iPesquisa.net.";"Amostragem por cotas. O conjunto do eleitorado do município é distribuído proporcionalmente por gênero, faixa etária, grau de instrução, classe de renda domiciliar. As variáveis: gênero, faixa etária e grau de instrução são ponderadas de acordo com as Estatísticas do Eleitorado do Piauí, TSE,   MARÇO   de   2026   referente ao município ALTOS-PI. A variável classe de  renda  domiciliar  é  ponderada  de  acordo com as estatística do Censo Demográfico IBGE. O número de entrevistas dos bairros e povoados são ponderados de acordo com o número de domicílios por setor censitário, do Censo Demográfico IBGE 2022.  O  nível  de  confiança  é  de   95%  com   margem   de   erro   de    4,8%  para  mais  ou  para menos, nas estatísticas apresentadas para o total da amostra levantada considerando variância máxima, p=0,50; 1 - p = 0,50.

Cotas de gênero: Masculino (191), Feminino (209), 

Cotas de faixa etária:   16 a 24 anos (56), 25 a 34 anos (80), 35 a 44 anos (86), 45 a 59 anos (96), 60 e + anos (82), 

Cotas de grau de instrução: Analfabeto (20), lê e escreve (52), Ensino fundamental incompleto/completo (121), Ensino médio incompleto/completo (176), superior incompleto (15), superior completo (16), 

Cotas de classe de renda domiciliar:    Até R$ 1.621,00 (143),   de R$ 1.621,01 à R$ 3.242,00 (129),  de R$ 3.242,01 à R$ 8.105,00 (99), mais de R$ 8.105,01 (29).";"Supervisão interna em 100% dos questionários aplicados e crítica dos dados digitados feita pelo computador.  A checagem direta com retorno e/ou acompanhamento é feita pelo supervisor de campo, enquanto que a checagem por telefone é realizada a partir do banco de dados gerado pela plataforma iPesquisa.net, em no mínimo 20% dos questionários aplicados, de acordo com a exigência da ABEP - Associação Brasileira de Empresas de Pesquisa. Relatórios de campo - pesquisadores e supervisores.";"BAIRROS E POVOADOS PESQUISADOS:

BAIRROS:
Centro / Jardim Cidade / Conjunto Tonico Almeida, São Luiz, Matadouro, Bacurizeiro, Carrasco, Tranqueira / DNER, Boca de Barro / Alto Franco / Conjunto Jardim Cidade, Maravilha, Batalhão, Leite, Ciana / Conjunto César Leal, Boa Fé / Conjunto Mutirão I, II / Conjunto Ludgero Raulino, São Sebastião, Santa Inês, Santo Antônio, Baixão do São José, Baixão dos Paivas.

POVOADOS: 
Muruim, Agrovila do PA Retiro Capão de Coco, Agrovila do PA Santa Rita / Prata / São Pedro / Assentamento Gavião, Agrovila do PA São Benedito, Agrovila do PA Serra do Coroatá, Comunidade Quilombola do PA Quilombo / Solidade / Sítio Novo / Coités, Comunidade Quilombola do PA Quilombo 2, Montanha / Barrinha / Brejo / Serra do Cedro, Serra Negra, Vista Alegre / Água Boa / Gávea, Zundão / Bom Gosto, Estrela do Norte / Santa Angélica/ Ovelhas / Buritis / Volta do Capote / Porteirinha, Bom Passar / Mão Cheinha / Três Carnaúbas / Bom Nome / Palmeira dos Gomes."
"07/08/2026";"05:47:04";2026;81;"Eleições Gerais 2026";"PI";"PI";"PIAUÍ";"PI059352026";"2026-03-12 15:51:12";"N";"15563771000164";"INSTITUTO CREDIBILIDADE LTDA";"INSTITUTO CREDIBILIDADE";"Governador, Senador, Deputado Federal, Deputado Estadual, Deputado Distrital";"2026-03-09 00:00:00";"2026-03-10 00:00:00";"2026-03-18 00:00:00";403;"9177";"DIOGENES VITOR DA SILVEIRA";"8000,00";"A metodologia empregada nesta pesquisa utilizou uma amostragem aleatória estratificada proporcional por sexo, idade, escolaridade e renda distribuídas na zona urbana e rural através de entrevistas domiciliares e individuais no município de BOM JESUS (PI). Sendo a coleta dos dados realizada por meio de tablets/smartphones. A Pesquisa foi realizada no período de 09 e 10 de março de 2026 nos bairros e povoados descriminadas no plano amostral com um total de 403 entrevistas.";"O método de amostragem utilizada nesta pesquisa quantitativa eleitoral foi através de uma amostra probabilística aleatória estratificada proporcional (tabela abaixo), visto que a população de origem é considerada heterogênea, pois a mesma estará dividida em estratos referentes de acordo a divisão geopolítica do município BOM JESUS - PI. Para isso, foi elaborado inicialmente um questionário de pesquisa(em anexo), como ferramenta de coleta de dados em que as variáveis que serão coletadas do público-alvo analisado em cada zona rural e/ou urbana de cada bairro/povoado citado são: renda (em salários mínimos), escolaridade, idade e sexo. Sendo que, as variáveis sexo, idade e escolaridade, terão as escalas distribuídas de acordo com as estatísticas do Tribunal Superior Eleitoral (TSE) de janeiro de 2026. Enquanto que a variável renda do chefe do domicílio, segundo o que estabelece o Instituto Brasileiro de Geografia e Estatística (IBGE). Para a realização do estudo levantou-se o tamanho populacional de eleitores pertencente ao município de BOM JESUS - PI, e com uma margem de erro de 4.87pp para mais ou para menos e uma margem de confiança de 95%, chegou-se em uma amostra significativa e aleatória de 403 eleitores pesquisados, assim distribuídos: SEXO: MASCULINO (193), FEMININO (209); FAIXA ETÁRIA De 16 e 17 anos (6) De 18 a 24 anos (60), de 25 a 34 anos(86), de 35 a 44 anos (92), de 45 a 59 anos (91),60 anos ou mais (69); ESCOLARIDADE: Analfabeto e Lê e escreve (78), Ensino Fundamental incompleto/completo(104), Ensino Médio: completo e incompleto (161), Ensino Superior: Completo e Incompleto (60); RENDA: Até 1 salário (150) entre 1,1 e 2 salários (130), Mais de 2 salários Mínimos(123).";"Checagem pelo supervisor em pelo menos 20% dos questionários aplicados em campo/telefone e 100% supervisão interna dos questionários aplicados e crítica dos dados. Questionários aplicados eletronicamente, por meio de tablets/smartphones, com sistema próprio de pesquisa, formulação e tabulação.";"ZONA URBANA	
BAIRRO DER	35
 CHAPADINHA	30
 JOSUÉ PARENTE	29
 AEROPORTO	26
 CENTRO	25
 PENITENCIÁRIA	24
 MORRO DO FREI	24
 ALTO ALEGRE	22
 MIRAMAR	22
 COHAB	16
 JUDITE PIAULINO	14
 CONSÓRCIO II	13
 ALPHAVILE	12
 SERRA NOVA	11
Total	303
	
ZONA RURAL	
BARRA VERDE	15
 EUGENÓPOLIS	13
 PIRIPIRI	13
 CABECEIRAS	9
 MATÕES	8
 GRUTA BELA	8
 BACABA	7
 ASSENTAMENTO CONCEIÇÃO	6
 COUVES	6
 ESCALVADO	5
 MOCMBINHO	5
 SÃO GONÇALVO	5
Total	100

"
"07/08/2026";"05:47:04";2026;81;"Eleições Gerais 2026";"PI";"PI";"PIAUÍ";"PI030252026";"2026-02-26 12:01:42";"N";"09471067000189";"CENSUS INSTITUTO DE PESQUISAS EIRELI";"CENSUS";"Governador, Senador, Deputado Federal, Deputado Estadual";"2026-02-23 00:00:00";"2026-02-24 00:00:00";"2026-03-04 00:00:00";400;"9356";"Laércio de Sousa Araújo";"8000,00";"Eleitores com 15 anos ou mais de idade com domicílio eleitoral na cidade de ALTOS PI e que no momento da pesquisa se encontrava na zona urbana ou rural. Trata-se de uma pesquisa preferencialmente, domiciliar e individual através de uma amostra estratificada  em 2 estágios com abordagem aleatória simples através das variáveis gênero, faixa etária, nível de instrução e faixa de renda, de acordo com a resolução do TSE 23.600/19 e alterações pela resolução 23.727/2024, para as pesquisas eleitorais, utilizando dados da estatística do eleitorado do munícipio com fonte no TSE (sig.tse.jus.br) ou TRE-PI no período pesquisado, consultando os dados do IBGE com referência nas estimativas populacionais censo 2022 (cidades.ibge.gov.br). Conforme treinamentos internos os pesquisadores de campo selecionarão suas amostras em cada setor definido no plano amostral, obedecendo um espaçamento de uma amostra para outra, seguindo critérios de amostras aleatórias simples e em caso de complementação de informação será inserido no sistema até o 7º dia, após o registro no site Pesqele, de acordo com o art2º, §6º e §7º - da res. 23600/19. Questionários numerados e estruturados com perguntas espontâneas e estimuladas, sendo as perguntas estimuladas com classificação por ordem alfabética ou com uso de técnicas de alternativas randomizadas ou aleatorizadas, dispensando o uso de discos.";"SEXO: MASCULINO (48%), FEMININO (52%); FAIXA ETÁRIA até 24 anos (14%), de 25 a 34 anos (20%), de 35 a 44 anos (21,4%), de 45 a 59 anos (24,3%), 60 anos ou mais (20,3%); ESCOLARIDADE: Analfabeto (5%), Lê e escreve (12,8%), 1º Grau inc/comp (30%), 2º Grau inc/comp (42,7%), 3º Grau inc/comp (9,5%); RENDA Sem Rendimento (40%), até 1 salário (45%), Mais de 1 a 3 Salários (12%), Mais 3 a 5 salários (2%),mais de 5 salários (1%).

O objetivo de indicar a margem de erro é a influência que tem o tamanho da amostra usada na precisão dos resultados, quando a amostra for probabilística. Para fins de comparação com a amostra sugerida, a margem de erro seria de 4,9% (para mais ou menos), com nível de confiança de 95%, nível de significância de 5%, com P = 0,5.";"Equipe formada por pesquisadores, supervisor, estatístico, analista de sistemas, contador e advogado, totalizando em equipes divididas em trabalhos externos e trabalhos internos, sendo fornecido tais identificações caso seja necessária, conforme preconiza o artigo 13 da Resolução 23600/20219. Checagem da supervisão in loco em pelo menos 30% da aplicação dos questionários nas zonas urbanas e rural e 100% na tabulação. Questionários digital elaborado de acordo com os objetivos da pesquisa, aplicados através de equipamentos eletrônicos com sistema de coleta próprio (sistemas eletrônicos em acordo o que diz o art.2º §8º - da res. 23600/19) e com transmissão de dados em tempo real e monitoramento de 100% do percurso por fluxo de GPS. Coordenação interna e treinamento dos pesquisadores em sede local, com cadastro completo disponíveis de todos os dados referentes a equipe técnica e de campo da pesquisa.";"ZONA URBANA TRANQUEIRA	24; RESIDENCIAL ORQUÍDEA	3; CONJ. CIDADE JARDIM 5; CARRASCO 4; CONJ. TONICO ALMEIDA 4; BACURIZEIRO	16; RES. SÃO JOSÉ DOS ALTOS 2; SANTA INÊS 15; SANTA LUZ 7; SANTO ANTONIO 8; CONJ. LUDGERO RAULINO 4; MARAVILHA 40; MUTIRÃO I e II 8; CIANA 6; BOCA DE BARRO 4; CENTRO 84; PINHEIRO II 2; BOA FÉ 2; RES. CÉZAR LEAL 5; SÃO LUÍS 10; PRIMAVERA 8; LEITE 4; BAIXÃO DE SÃO JOSÉ 3; BATALHÃO 4; JARDIM CIDADE 6; SÃO SEBASTIÃO 4; BAIXÃO DOS PAIVAS 3; MATADOURO 3. ZONA RURAL: ESTRELA NO NORTE 4; POÇO DOS NEGROS 5; ZUNDÃO 5; SERRA DO COROATÁ 5; LEMBRADA 3; SÃO PEDRO 4; BOM GOSTO 15; BURITIS 3; COMPRIDA 3; PRATA 11; SANTA RITA 4; ASS.GAVIÃO 5; VISTA ALEGRE 2; RETIRO 4; BARRINHA 4; MONTANHAS 3; SERRA DO BREJO 3;  TINGUÍS 2; PALMEIRAS DOS GOMES 4; BOM PASSAR 2; ANAJÁS 3; QUILOMBO 12; SÍTIO NOVO 3; MOCAMBO 3."
"07/08/2026";"05:47:04";2026;81;"Eleições Gerais 2026";"PI";"PI";"PIAUÍ";"PI075202026";"2026-04-27 11:25:48";"N";"15563771000164";"INSTITUTO CREDIBILIDADE LTDA";"INSTITUTO CREDIBILIDADE";"Governador, Senador, Deputado Federal, Deputado Estadual";"2026-04-23 00:00:00";"2026-04-24 00:00:00";"2026-05-03 00:00:00";400;"9177";"DIOGENES VITOR DA SILVEIRA";"5000,00";"A metodologia empregada nesta pesquisa utilizou uma amostragem aleatória estratificada proporcional por sexo, idade, escolaridade e renda distribuídas na zona urbana e rural através de entrevistas domiciliares e individuais no município de COCAL DE TELHA (PI). Sendo a coleta dos dados realizada por meio de tablets/smartphones. A Pesquisa foi realizada no período de 23 e 24 de abril de 2026 nos bairros e povoados descriminadas no plano amostral com um total de 400 entrevistas.";"O método de amostragem utilizada nesta pesquisa quantitativa eleitoral foi através de uma amostra probabilística aleatória estratificada proporcional (tabela abaixo), visto que a população de origem é considerada heterogênea, pois a mesma estará dividida em estratos referentes de acordo a divisão geopolítica do município de COCAL DE TELHA (PI). Para isso, foi elaborado inicialmente um questionário de pesquisa (em anexo), como ferramenta de coleta de dados em que as variáveis que serão coletadas do público-alvo analisado em cada zona rural e/ou urbana de cada bairro/povoado citado são: renda (em salários mínimos), escolaridade, idade e sexo. Sendo que, as variáveis sexo, idade e escolaridade, tem as escalas distribuídas de acordo com as estatísticas do Tribunal Superior Eleitoral (TSE) de março de 2026. Enquanto que a variável renda do chefe do domicílio, segundo o que estabelece o Instituto Brasileiro de Geografia e Estatística (IBGE). As escolhas de base de ambos os institutos foram selecionadas, pois não se diverge da classificação eleitoral proposta pelo TSE. Ainda, para a realização do estudo levantou-se o tamanho populacional de eleitores pertencente ao município de COCAL DE TELHA (PI), e com uma margem de erro de 4,69% para mais ou para menos e uma margem de confiança de 95%, chegou-se em uma amostra significativa e aleatória de 489 eleitores pesquisados, assim distribuídos: Sexo: Entrevistas: Masculino (192) Feminino (208) Idade: Entrevistas 16 e 17 anos (4) 18 a 24 anos (53) 25 a 34 anos (70) de 35 a 44 anos (80) de 45 a 59 anos (100) e + 60 anos (93) Grau de Instrução Entrevistas Analfabeto (36) Lê e escreve (64) Fundamental Completo e Incompleto (144) Ensino Médio Completo e Incompleto (128) Superior Completo e Incompleto (28) Renda Familiar: Entrevistas até 1621,00 (180) de 1621,01 a 3.242,00 (136) de 3,242,01ou mais (84).";"Com o objetivo de garantir que o estudo não é passível de víeis que beneficie determinados públicos-alvo ou algum segmento partidário, a equipe aplicadora dos questionários de pesquisas formada por 4 entrevistadores e 1 supervisor de campo. Assim, todos os questionários serão supervisionados no trabalho de campo pelo supervisor (diretamente ou acompanhamento) e 20% dos questionários checados
posteriormente (diretamente no local ou por telefone) pelo supervisor, para evitar erros que corroborem com alguma tendência dos dados. Haverá ainda uma supervisão interna de todos os questionários (400) aplicados e uma análise crítica dos dados digitados no software de análise estatística
";"ZONA URBANA	QUANT
 CENTRO (PARTE ALTA)	146
 CENTRO (PARTE BAIXA)	96
 GAMA	12
 BAIRRO SÃO LUÍS	6
Total	260
	
ZONA RURAL	QUANT
 COCALINHO	31
 LAGOA ALEGRE	29
 CALENGUI (INCL. MESTIÇAS)	25
 ASSENTAMENTO SÃO JOSÉ	7
 ESCONDIDO	6
 SANTO AFONSO	6
 SOLIDÃO	6
 MELANCIAS	6
 LINHA	6
 ÁRVORES VERDES	6
 PASSAGEM DA EMA	6
 ASSENTAMENTO FOLHA MIÚDA	6
Total	140

"
"07/08/2026";"05:47:04";2026;81;"Eleições Gerais 2026";"PI";"PI";"PIAUÍ";"PI093812026";"2026-05-11 23:16:52";"N";"09471067000189";"CENSUS INSTITUTO DE PESQUISAS EIRELI";"CENSUS";"Governador, Senador, Deputado Federal, Deputado Estadual";"2026-05-06 00:00:00";"2026-05-07 00:00:00";"2026-05-17 00:00:00";301;"9356";"Laércio de Sousa Araújo";"5000,00";"Eleitores com 15 anos ou mais de idade com domicílio eleitoral na cidade de PARNAGUÁ PI e que no momento da pesquisa se encontrava na zona urbana ou rural. Trata-se de uma pesquisa do tipo face a face, domiciliar, espontânea e individual através de uma amostra estratificada em 2 estágios com abordagem aleatória simples através das variáveis gênero, faixa etária, nível de instrução e faixa de renda, de acordo com a resolução do TSE 23.600/19 e alterações pela resolução 23.727/2024, para as pesquisas eleitorais, utilizando dados da estatística do eleitorado do munícipio com fonte no TSE (sig.tse.jus.br) ou TRE-PI no período pesquisado, consultando os dados do IBGE censo 2022 (censo2022.ibge.gov.br/panorama; sidra.ibge.gov.br e cidades.ibge.gov.br) com referência na renda e estimativas populacionais. Conforme treinamentos internos os pesquisadores de campo selecionarão suas amostras em cada setor definido no plano amostral, obedecendo um espaçamento de uma amostra para outra, seguindo critérios de amostras aleatórias simples e em caso de complementação de informação será inserido no sistema até o 7º dia, após o registro no site Pesqele, de acordo com o art2º, §6º e §7º - da res. 23600/19. Para o dimensionamento das variáveis e interpretação dos dados será considerada a base 100%, utilizando regras de arredondamento quando necessário e os resultados serão mensurados em tabelas gráficas e analíticas utilizando 2 casas decimais. Os Questionários serão numerados e estruturados com perguntas espontâneas e estimuladas, sendo as perguntas estimuladas com apresentação por ordem alfabética ou realizadas com uso de técnicas de alternativas randomizadas ou aleatorizadas, dispensando o uso de discos.";"SEXO: MASCULINO (52%), FEMININO (48%); FAIXA ETÁRIA até 24 anos (17,9%), de 25 a 34 anos (20%), de 35 a 44 anos (19%), de 45 a 59 anos (22,1%), 60 anos ou mais (21%); ESCOLARIDADE: Analfabeto (11,17%), Lê e escreve (10,69%), 1º Grau inc/comp (34,03%), 2º Grau inc/comp (36,2%), 3º Grau inc/comp (7,91%); RENDA Sem Rendimento (3,5%), até 1 salário (69,2%), Mais de 1 a 3 Salários (21,4%), Mais 3 a 5 salários (4,7%),mais de 5 salários (1,2%).

O objetivo de indicar a margem de erro é a influência que tem o tamanho da amostra usada na precisão dos resultados, quando a amostra for probabilística. Para fins de comparação com a amostra sugerida, a margem de erro seria de 5,66% (para mais ou menos), com nível de confiança de 95%, nível de significância de 5%, com P = 0,5.";"Equipe formada por pesquisadores, supervisor, estatístico, analista de sistemas, contador e advogado, totalizando em equipes divididas em trabalhos externos e trabalhos internos, sendo fornecido tais identificações caso seja necessária, conforme preconiza o artigo 13 da Resolução 23600/20219. Checagem da supervisão in loco em pelo menos 30% da aplicação dos questionários nas zonas urbanas e rural e 100% na tabulação. Questionários digital elaborado de acordo com os objetivos da pesquisa, aplicados através de equipamentos eletrônicos com sistema de coleta próprio (sistemas eletrônicos em acordo o que diz o art.2º §8º - da res. 23600/19) e com transmissão de dados em tempo real e monitoramento de 100% do percurso por fluxo de GPS. Coordenação interna e treinamento dos pesquisadores em sede local, com cadastro completo disponíveis de todos os dados referentes a equipe técnica e de campo da pesquisa.";"ZONA URBANA Belém II ¿ 10, Belém I ¿ 10, Ladeira ¿ 20, Centro ¿ 40, SHIS ¿ 67, Guadalajara ¿ 10. ZONA RURAL: Boiada ¿ 4, Pau Olho d´Água ¿ 11, Mandioca ¿ 7, Volta do Riacho ¿ 5, Jenipapo ¿ 12, Vazante ¿ 5, Sambaíba ¿ 7, Altamira ¿ 23, Chapéu de Couro ¿ 10, Desejo ¿ 9, Lagoa do Mato ¿ 19, Morrinhos ¿ 7, Capim Grosso ¿ 9, Triunfo ¿ 7, Malhadinha ¿ 9"
"07/08/2026";"05:47:04";2026;81;"Eleições Gerais 2026";"PI";"PI";"PIAUÍ";"PI069962026";"2026-05-12 17:53:41";"N";"11186543000161";"ROGERIO M. P. MOURA - ME";"DATA MAX";"Governador, Senador, Deputado Federal, Deputado Estadual";"2026-05-06 00:00:00";"2026-05-08 00:00:00";"2026-05-18 00:00:00";400;"10172";"DAVID LEAL DE CARVALHO";"5000,00";"Metodologia empregada: Amostragem aleatória por cotas de sexo, faixa etária, grau de instrução, renda familiar. Entrevistas domiciliares e individuais. Coleta dos dados realizada por meio de entrevistas domiciliares.";"Plano amostral e ponderação quanto a sexo, faixa etária, grau de instrução e nível econômico do entrevistado; nível de confiança e margem de erro; Amostragem por cotas. O conjunto do eleitorado do Município de Monsenhor Hipólito ¿ PI. As variáveis: sexo, faixa etária e grau de instrução são ponderadas de acordo com as Estatísticas do Eleitorado de Monsenhor Hipólito¿ PI, segundo ao Tribunal Superior Eleitoral(TSE) ou TRE-PI, no período pesquisado.  A variável classe de renda domiciliar é ponderada de acordo com a estatística do Censo Demográfico IBGE 2022. O nível de confiança é de 95% com margem de erro de 4,78% para mais ou para menos, nas estatísticas apresentadas para o total da amostra levantada considerando variância máxima, p=0,50; p =0,50. Cotas de sexo: Masculino 198(49,46%), Feminino 202(50,54%), Cotas de faixa etária: 16 a 24anos 60(15,12%), 25 a 34anos 74(18,31%), 35 a 44 anos 83(20,41%), 45 a 59 anos 92(23,07%), 60 e + anos 91(23,09%), Cotas de grau de instrução: Analfabeto 53(13,31%), lê e escreve 76(18,93%), Ensino fundamental incompleto/completo 113(28,36%), Ensino médio incompleto/completo 107(26,74%), superior incompleto/completo 51(12,66%), Cotas de classe de renda: Até 1 SM 326(81,64%), de 1 a 2 SM 47(11,82%), de 2 a 5 SM 22(5,40%), de 5 a 10 SM 03(0,82%), acima de 10 SM 02(0,32%).";"Supervisão interna em 100% dos questionários aplicados e crítica dos dados digitados feita pelo computador. Checagem direta com retorno e/ou acompanhamento e/ou por telefone feita pelos supervisores de campo em no mínimo 20% dos questionários aplicados, de acordo com a exigência da ABEP. Associação Brasileira de Empresas de Pesquisa. Relatórios de campo, pesquisadores e supervisores.";"Nos Bairros: Centro, Lagoa Dantas de Dentro, Trizidela, Alazã Velha, Bela Vista(Carcará) e Baixada, e Rural, nas Localidades: Serra Azul, BR 020, Aroeiras, Libório, Gronhom, Assentamento Baixão do Santiago, Quaresma, Assentamento Alto Brilhante, Pendanga, Serrinha, Morrinhos II e III, Barrocas, Serra Azul dos Biricas, Assentamento Agrovila, Mearin I e II, Assentamento Marcos Policarpos, Serra da Porta, Aroeiras de Dentro, Assentamento do Agenor(Chapada dos Guinés / Condomínios), Favela I e II(Serra da Mandioca, Cabeceira do Cafuba), Feijão Bravo, Perímetro, Amarelo e Olho D¿águinha."
"07/08/2026";"05:47:04";2026;81;"Eleições Gerais 2026";"PI";"PI";"PIAUÍ";"PI090192026";"2026-04-03 20:36:29";"N";"11186543000161";"ROGERIO M. P. MOURA - ME";"DATA MAX";"Governador, Senador, Deputado Federal, Deputado Estadual";"2026-03-29 00:00:00";"2026-03-31 00:00:00";"2026-04-09 00:00:00";400;"10172";"DAVID LEAL DE CARVALHO";"8000,00";"Metodologia empregada: Amostragem aleatória por cotas de sexo, faixa etária, grau de instrução, renda familiar. Entrevistas domiciliares e individuais. Coleta dos dados realizada por meio de entrevistas domiciliares.";"Plano amostral e ponderação quanto a sexo, faixa etária, grau de instrução e nível econômico do entrevistado; nível de confiança e margem de erro; Amostragem por cotas. O conjunto do eleitorado do Município de Valença do Piauí ¿ PI. As variáveis: sexo, faixa etária e grau de instrução são ponderadas de acordo com as Estatísticas do Eleitorado de Valença do Piauí ¿ PI, segundo ao Tribunal Superior Eleitoral(TSE) ou TRE-PI, no período pesquisado.  A variável classe de renda domiciliar é ponderada de acordo com a estatística do Censo Demográfico IBGE 2022. O nível de confiança é de 95% com margem de erro de 4,84% para mais ou para menos, nas estatísticas apresentadas para o total da amostra levantada considerando variância máxima, p=0,50; p =0,50. Cotas de sexo: Masculino 184(46,08%), Feminino 216(53,92%), Cotas de faixa etária: 16 a 24anos 54(15,31%), 25 a 34anos 67(16,80%), 35 a 44 anos 76(18,92%), 45 a 59 anos 102(25,47%), 60 e + anos 101(23,50%), Cotas de grau de instrução: Analfabeto 23(5,42%), lê e escreve 56(13,80%), Ensino fundamental incompleto/completo 111(27,78%), Ensino médio incompleto/completo 154(38,60%), superior incompleto/completo 56(14,40%), Cotas de classe de renda: Até 1 SM 325(81,28%), de 1 a 2 SM 44(11,08%), de 2 a 5 SM 22(5,55%), de 5 a 10 SM 06(1,50%), acima de 10 SM 03(0,59%).";"Supervisão interna em 100% dos questionários aplicados e crítica dos dados digitados feita pelo computador. Checagem direta com retorno e/ou acompanhamento e/ou por telefone feita pelos supervisores de campo em no mínimo 20% dos questionários aplicados, de acordo com a exigência da ABEP. Associação Brasileira de Empresas de Pesquisa. Relatórios de campo, pesquisadores e supervisores.";"Nos Bairros: Novo Horizonte, Conjunto Raul Bacelar, Poliesportivo, Maranhão, Pista Nova, COHAB, Iêda, Conjunto Solimar Dantas, Valentim, Campestre, Barrinha, Armando Lima, São Francisco, Piçarreira, Centro, Morada Nova, Lavanderia, Valencinha, Vale Verde, Bela Flor e Conjunto Jaime Lima Verde, e Rural, nas Localidades: Fumal, Palmeirinha, Tabuleta, João Pires, Campos, Santa Rosa, Tranqueira, Aparecida, Buritizal e Isidória."
"07/08/2026";"05:47:04";2026;81;"Eleições Gerais 2026";"PI";"PI";"PIAUÍ";"PI048812026";"2026-04-01 10:34:33";"N";"52483917000198";"INSTITUTO GAMA PESQUISA E CONSULTORIA LTDA";"GAMA PESQUISA E CONSULTORIA";"Governador";"2026-03-31 00:00:00";"2026-04-01 00:00:00";"2026-04-07 00:00:00";1000;"Nº 11.160 - CONRE-5";"MANOEL FRANCISCO DA SILVA";"8000,00";"A pesquisa foi realizada por meio de amostragem por cotas proporcionais, com seleção aleatória dos entrevistados dentro de cada cota, considerando as variáveis gênero, faixa etária, grau de instrução e nível econômico, de modo a refletir a composição sociodemográfica do eleitorado do município de PARNAIBA ¿ PI. A coleta de dados foi realizada por meio de entrevistas individuais presenciais, utilizando dispositivos eletrônicos do tipo tablet, com aplicação mista, em pontos de grande fluxo de pessoas e por meio de entrevistas domiciliares na zona urbana do município. Os pontos de fluxo foram selecionados por se configurarem como locais de circulação e convergência de moradores de diferentes bairros da cidade, conforme estabelecido no plano amostral. O trabalho de campo foi realizado no período de 31 de março a 01 de abril de 2026, totalizando 1.000 entrevistas válidas.";"O plano amostral e a ponderação dos dados foram elaborados com base na proporcionalidade das variáveis de gênero, faixa etária, grau de instrução e nível econômico dos entrevistados, de modo a refletir a composição sociodemográfica do eleitorado. As variáveis de gênero, idade e escolaridade seguiram os dados oficiais do eleitorado disponibilizados pelo Tribunal Superior Eleitoral (TSE), com referência a janeiro de 2026. A variável renda familiar foi ponderada conforme os registros do Instituto Brasileiro de Geografia e Estatística (IBGE), com base no Censo Demográfico de 2010. Embora não se trate de amostragem probabilística clássica, os resultados permitem estimativas da opinião do eleitorado, sendo apresentado nível de confiança de 95% e margem de erro aproximada de 3,0 pontos percentuais, para mais ou para menos, nas estatísticas referentes ao total da amostra, considerando a hipótese de variância máxima (p = 0,50), com base em uma amostra de 1.000 entrevistas válidas. Distribuição da amostra: Gênero: Masculino: 465 entrevistas (47%); Feminino: 535 entrevistas (53%). Faixa etária: 16 a 20 anos: 56 entrevistas (6%); 21 a 34 anos: 273 entrevistas (27%); 35 a 59 anos: 462 entrevistas (46%); 60 anos ou mais: 209 entrevistas (21%). Grau de instrução: Analfabeto / Lê e escreve: 132 entrevistas (13%); Ensino fundamental completo e incompleto: 268 entrevistas (27%); Ensino médio completo e incompleto: 447 entrevistas (45%); Ensino superior completo e incompleto: 153 entrevistas (15%). Renda familiar mensal: Até 1 salário mínimo (até R$ 1.621,00): 625 entrevistas (62%); De 1 a 2 salários mínimos (R$ 1.621,01 a R$ 3.242,00): 199 entrevistas (20%); De 2 a 5 salários mínimos (R$ 3.242,01 a R$ 8.105,00): 117 entrevistas (12%); Acima de 5 salários mínimos (acima de R$ 8.105,00): 59 entrevistas (6%).";"A pesquisa contou com supervisão interna em 100% dos questionários aplicados, bem como crítica automática dos dados digitados, realizada por meio de sistema informatizado, com o objetivo de identificar inconsistências, erros de preenchimento e desvios de padrão. Adicionalmente, foi realizada checagem direta de, no mínimo, 20% dos questionários aplicados, por meio de retorno aos locais de entrevista e acompanhamento em campo, utilizando-se também a verificação das coordenadas geográficas registradas automaticamente pelos dispositivos eletrônicos empregados na coleta, assegurando a confirmação de realização das entrevistas. O processo de controle e validação foi, portanto, devidamente registrado precisamente pelos registros eletrônicos gerados durante a coleta, assegurando a rastreabilidade, a confiabilidade e a integridade das informações coletadas.";"#NULO#"
"07/08/2026";"05:47:04";2026;81;"Eleições Gerais 2026";"PI";"PI";"PIAUÍ";"PI000222026";"2026-03-27 19:09:16";"N";"10320257000184";"INSTITUTO PIAUIENSE DE OPINIAO PUBLICA LTDA - EPP";"AMOSTRAGEM OPINIAO E MERCADO";"Governador, Senador, Deputado Federal, Deputado Estadual";"2026-03-23 00:00:00";"2026-03-27 00:00:00";"2026-04-02 00:00:00";1137;"CONRE  - 5ª REGIÃO Nº 6695";"JOÃO BATISTA MENDES TELES";"70000,00";"Metodologia empregada: Amostragem não aleatória por cotas de gênero, faixa etária, grau de instrução, renda familiar, zona (urbana e rural), microrregiões e municípios. Entrevistas domiciliares e individuais. Coleta dos dados realizada por meio de SMARTPHONE/ TABLET, utilizando a plataforma iPesquisa.net.";"Amostragem por cotas. O conjunto do eleitorado dos municípios é distribuído proporcionalmente por gênero, faixa etária, grau de instrução, classe de renda domiciliar. As variáveis: gênero, faixa etária e grau de instrução são ponderadas de acordo com as Estatísticas do Eleitorado do Piauí, TSE, FEVEREIRO de 2026 referente aos 49 municípios pesquisados. A variável classe de renda domiciliar é ponderada de acordo com as estatísticas do Censo Demográfico IBGE. O nível de confiança é de 95% com margem de erro de 2,85% para mais ou para menos, nas estatísticas apresentadas para o total da amostra levantada considerando variância máxima, p=0,50; 1 ¿ p = 0,50.

Cotas de gênero: Masculino (534), Feminino (603), 

Cotas de faixa etária:   16 a 24 anos (145), 25 a 34 anos (218), 35 a 44 anos (233), 45 a 59 anos (288), 60 e + anos (253), 

Cotas de grau de instrução: Analfabeto (81), lê e escreve (119), Ensino fundamental incompleto/completo (298), Ensino médio incompleto/completo (462), superior incompleto (70), superior completo (107), 

Cotas de classe de renda domiciliar:    Até R$ 1.621,00 (326),   de R$ 1.621,01 à R$ 3.242,00 (355),  de R$ 3.242,01 à R$ 8.105,00 (310), mais de R$ 8.105,01 (146).";"Supervisão interna em 100% dos questionários aplicados e crítica dos dados digitados feita pelo computador.  A checagem direta com retorno e/ou acompanhamento é feita pelo supervisor de campo, enquanto que a checagem por telefone é realizada a partir do banco de dados gerado pela plataforma iPesquisa.net, em no mínimo 20% dos questionários aplicados, de acordo com a exigência da ABEP - Associação Brasileira de Empresas de Pesquisa. Relatórios de campo - pesquisadores e supervisores.";"Municípios pesquisados por microrregião:

1-Baixo Parnaíba Piauiense: (Madeiro, Batalha, Barras, Piripiri); 

2-Litoral Piauiense: (Caxingó, Luís Correia, Parnaíba); 

3-Teresina: (Monsenhor Gil, Nazária, José de Freitas, Altos, Teresina); 

4-Campo Maior: (Buriti dos Montes, Castelo do Piauí, Pedro II, Campo Maior); 

5-Médio Parnaíba Piauiense: (Barro Duro, Palmeirais, Amarante); 

6-Valença do Piauí: (Santa Cruz dos Milagres, São Félix do Piauí, Valença do Piauí); 

7-Alto Parnaíba Piauiense: (Uruçuí); 

8-Bertolínia: (Landri Sales, Colônia do Gurguéia); 

9-Floriano: (Rio Grande do Piauí, Itaueira, Floriano); 

10-Alto Médio Gurguéia: (Gilbués, Bom Jesus); 

11-São Raimundo Nonato: (Brejo do Piauí, Fartura do Piauí, Canto do Buriti, São Raimundo Nonato); 

12-Chapadas do Extremo Sul Piauiense: (Cristalândia do Piauí, Corrente); 

13-Picos: (São João da Canabrava, Bocaina, Dom Expedito Lopes, Picos); 

14-Pio IX: (Monsenhor Hipólito, Pio IX); 

15-Alto Médio Canindé: (Santo Inácio do Piauí, Jacobina do Piauí, Acauã, Simplício Mendes, Simões, Jaicós, Paulistana)."
"07/08/2026";"05:47:04";2026;81;"Eleições Gerais 2026";"PI";"PI";"PIAUÍ";"PI084012026";"2026-03-29 17:56:26";"N";"09471067000189";"CENSUS INSTITUTO DE PESQUISAS EIRELI";"CENSUS";"Governador, Senador, Deputado Federal, Deputado Estadual";"2026-03-26 00:00:00";"2026-03-27 00:00:00";"2026-04-04 00:00:00";300;"9356";"Laércio de Sousa Araújo";"8000,00";"Eleitores com 15 anos ou mais de idade com domicílio eleitoral na cidade de SÃO GONÇALO DO PIAUÍ PI e que no momento da pesquisa se encontrava na zona urbana ou rural. Trata-se de uma pesquisa preferencialmente, domiciliar e individual através de uma amostra estratificada  em 2 estágios com abordagem aleatória simples através das variáveis gênero, faixa etária, nível de instrução e faixa de renda, de acordo com a resolução do TSE 23.600/19 com alterações da resolução 23.747/2026, para as pesquisas eleitorais, utilizando dados da estatística do eleitorado do munícipio com fonte no TSE (sig.tse.jus.br) ou TRE-PI no período pesquisado, consultando os dados do IBGE censo 2010-2022 (censo2022.ibge.gov.br/panorama) com referência na renda e estimativas populacionais (cidades.ibge.gov.br). Conforme treinamentos internos os pesquisadores de campo selecionarão suas amostras em cada setor definido no plano amostral, obedecendo um espaçamento de uma amostra para outra, seguindo critérios de amostras aleatórias simples e em caso de complementação de informação será inserido no sistema até o 7º dia, após o registro no site Pesqele, de acordo com o art2º, §6º e §7º - da res. 23600/19. Questionários numerados e estruturados com perguntas espontâneas e estimuladas, sendo as perguntas estimuladas com classificação por ordem alfabética ou com uso de técnicas de alternativas randomizadas ou aleatorizadas, dispensando o uso de discos.";"SEXO: MASCULINO (48%), FEMININO (52%); FAIXA ETÁRIA até 24 anos (15,65%), de 25 a 34 anos (20,84%), de 35 a 44 anos (19,1%), de 45 a 59 anos (23,1%), 60 anos ou mais (21,31%); ESCOLARIDADE: Analfabeto (5,79%), Lê e escreve (9,86%), 1º Grau inc/comp (24,3%), 2º Grau inc/comp (44,83%), 3º Grau inc/comp (15,22%); RENDA Sem Rendimento (48,4%), até 1 salário (41%), Mais de 1 a 3 Salários (8,4%), Mais 3 a 5 salários (1,6%),mais de 5 salários (0,6%).

O objetivo de indicar a margem de erro é a influência que tem o tamanho da amostra usada na precisão dos resultados, quando a amostra for probabilística. Para fins de comparação com a amostra sugerida, a margem de erro seria de 5,66% (para mais ou menos), com nível de confiança de 95%, nível de significância de 5%, com P = 0,5.";"Equipe multiprofissional formada por pesquisadores, supervisores, estatístico, analista de sistemas, contador e advogado, divididos em trabalhos externos e internos, sendo fornecido tais identificações caso seja necessária, conforme preconiza o artigo 13 da Resolução 23600/2019. Checagem da supervisão in loco em pelo menos 30% da aplicação dos questionários nas zonas urbanas e rural e 100% na tabulação. Questionários digital elaborado de acordo com os objetivos da pesquisa, aplicados através de equipamentos eletrônicos com sistema de coleta próprio (sistemas eletrônicos em acordo o que diz o art.2º §8º - da res. 23600/19) e com transmissão de dados em tempo real e monitoramento de 100% do percurso por fluxo de GPS. Coordenação interna e treinamento dos pesquisadores em sede local, com cadastro completo disponíveis de todos os dados referentes a equipe técnica e de campo da pesquisa.";"ZONA URBANA CENTRO - 138, CONJ. NOVA VIDA 2 - 18, SANTA LUZIA - 28, CONJ. NOVA VIDA 1 - 18, TOCA DA ONÇA - 23. ZONA RURAL RECANTO - 5, MANDACARU - 4, BAIXINHA 1 - 9, BAIXINHA 2 - 5, OS FEITOSAS - 9, GADO BRAVO - 4, EMBIRATANHA - 13, LAGOA VERMELHA - 6, OUTRO LADO - 8, SANGRADOURO - 3, LAGOA DO CÔCO - 9."
"07/08/2026";"05:47:04";2026;81;"Eleições Gerais 2026";"PI";"PI";"PIAUÍ";"PI054752026";"2026-05-13 21:58:42";"S";"19259002000128";"ATLASINTEL TECNOLOGIA DE DADOS LTDA";"ATLASINTEL";"Governador, Senador";"2026-05-13 00:00:00";"2026-05-18 00:00:00";"2026-05-19 00:00:00";1200;"11220";"ANDREI CAMILO DOS SANTOS";"75000,00";"Pesquisa quantitativa com coleta aleatória via questionário estruturado web e pós-estratificação da amostra de acordo com as características do eleitorado de Piauí.";"Amostra aleatória pós-estratificada via algoritmo iterativo com quotas proporcionais, representando características do eleitorado de Piauí: SEXO: Masculino: 48.2%; Feminino: 51.8%. FAIXA ETÁRIA: Entre 16 a 24 anos: 14.4%; Entre 25 a 34 anos: 19.4%; Entre 35 a 44 anos: 20.2%; Entre 45 a 59 anos: 24.3%; 60 ou mais: 21.7%. ESCOLARIDADE: Ensino Fundamental completo ou incompleto e eleitores sem educação formal: 43.8%; Ensino Médio completo ou incompleto: 36.5%; Ensino Superior completo ou incompleto: 19.8%. NÍVEL ECONÔMICO: Renda familiar mensal até R$2000: 31.8%; Mais de R$2.000 a R$3.000: 22.3%; Mais de R$3.000 a R$5.000: 21.7%; Mais de R$5.000 a R$10.000: 16.7%; Mais de R$10.000: 7.6%. OBS.: devido ao arredondamento, a soma dos percentuais pode variar de 99% a 101%. Na agregação final, para cada variável de ponderação, serão admissíveis desvios de até 3.0 pontos percentuais em relação às quotas estipuladas. Confiança estimada: 95%, margem de erro: +/- 3.0 pontos percentuais. FONTE DOS DADOS: PNADC 2024 para escolaridade e nível econômico | TSE 2026 para sexo e faixa etária.";"Coleta feita com a utilização de questionário eletrônico com procedimentos específicos para o armazenamento seguro dos dados. São checados manualmente no mínimo 15% dos questionários para detectar possíveis anomalias. Pesquisadores especializados realizam internamente uma verificação exaustiva da consistência dos dados antes da divulgação dos resultados finais.";"#NULO#"
"07/08/2026";"05:47:04";2026;81;"Eleições Gerais 2026";"PI";"PI";"PIAUÍ";"PI025092026";"2026-07-31 15:58:34";"N";"55498337000162";"A J TECH LTDA";"VETOR TECNOLOGIA E PESQUISAS";"Governador, Senador, Deputado Federal, Deputado Estadual";"2026-07-28 00:00:00";"2026-08-02 00:00:00";"2026-08-06 00:00:00";1602;"9356";"LAERCIO DE SOUSA ARAUJO";"37000,00";"Eleitores com 16 anos ou mais de idade com domicílio eleitoral na cidade selecionada do Estado do PIAUÍ e que no momento da pesquisa se encontrava na zona urbana ou rural. Trata-se de uma pesquisa do tipo face a face, domiciliar, espontânea e individual através de uma amostra estratificada com 3 estágios e abordagem aleatória simples através das variáveis gênero, faixa etária, nível de instrução e faixa de renda, de acordo com a resolução do TSE 23.600/19 e alterações pela resolução 23.727/2024, para as pesquisas eleitorais, utilizando dados da estatística do eleitorado do munícipio com fonte no TSE (sig.tse.jus.br) ou TRE-PI no período pesquisado, consultando os dados do IBGE censo 2022 (censo2022.ibge.gov.br/panorama; sidra.ibge.gov.br e cidades.ibge.gov.br) com referência na renda e estimativas populacionais. Conforme treinamentos internos os pesquisadores de campo selecionarão suas amostras em cada setor definido no plano amostral, obedecendo um espaçamento de uma amostra para outra, seguindo critérios de amostras aleatórias simples e em caso de complementação de informação será inserido no sistema até o 7º dia, após o registro no site Pesqele, de acordo com o art2º, §6º e §7º - da res. 23600/19. Para o dimensionamento das variáveis e interpretação dos dados será considerada a base 100%, utilizando regras de arredondamento quando necessário e os resultados serão mensurados em tabelas gráficas e analíticas utilizando 2 casas decimais. Os Questionários terão filtros de identificação e só será permitida a execução caso o eleitor se identifique como eleitor(a) do município e/ou estado do Piauí e todos serão numerados e estruturados com perguntas espontâneas e/ou estimuladas, sendo as perguntas estimuladas com apresentação por ordem alfabética ou realizadas com uso de técnicas de alternativas randomizadas ou aleatorizadas, dispensando o uso de discos.";"SEXO: MASCULINO (48%), FEMININO (52%); FAIXA ETÁRIA até 24 anos (14,99%), de 25 a 34 anos (19,26%), de 35 a 44 anos (19,96%), de 45 a 59 anos (24,14%), 60 anos ou mais (21,65%); ESCOLARIDADE: Analfabeto (7,7%), Lê e escreve (12,66%), 1º Grau inc/comp (27,56%), 2º Grau inc/comp (40,11%), Superior comp (7,47%), Superior incomp (4,5%); RENDA Sem Rendimento (1,61%), até 1 salário (78,93%), Mais de 1 a 3 Salários (15,83%), Mais 3 a 5 salários (2,15%),mais de 5 salários (1,48%).

O objetivo de indicar a margem de erro é a influência que tem o tamanho da amostra usada na precisão dos resultados, quando a amostra for probabilística. Para fins de comparação com a amostra sugerida, a margem de erro seria de 2,45% (para mais ou menos), com nível de confiança de 95%, nível de significância de 5%, com P = 0,5.";"Equipe formada por pesquisadores, supervisor, estatístico, analista de sistemas, contador e advogado, totalizando em equipes divididas em trabalhos externos e trabalhos internos, sendo fornecido tais identificações caso seja necessária, conforme preconiza o artigo 13 da Resolução 23600/20219. Checagem da supervisão in loco em pelo menos 30% da aplicação dos questionários nas zonas urbanas e rural e 100% na tabulação. Questionários digital elaborado de acordo com os objetivos da pesquisa, aplicados através de equipamentos eletrônicos com sistema de coleta próprio (sistemas eletrônicos em acordo o que diz o art.2º §8º - da res. 23600/19) e com transmissão de dados em tempo real e monitoramento de 100% do percurso por fluxo de GPS. Coordenação interna e treinamento dos pesquisadores em sede local, com cadastro completo disponíveis de todos os dados referentes a equipe técnica e de campo da pesquisa.";"ALTOS 38, CAMPO MAIOR 43, CAPITÃO DE CAMPOS 13, PIRIPIRI 51, PEDRO II 34, PIRACURUCA 25, BURITI DOS LOPES 15, PARNAIBA 100,,LUIS CORREA	23, UNIÃO 40, MIGUEL ALVES	28, BARRAS 37, BATALHA 22, ESPERANTINA	31, JOSÉ DE FREITAS 36, CASTELO	20, SÃO MIGUEL DO TAPUIO 19, AGUA BRANCA 16, REGENERAÇÃO 15, AMARANTE 17, FRANCISCO AYRES 5, FLORIANO 46, SÃO FRANCISCO DO PI 7, OEIRAS 34, COLONIA DO PI 7, SIMPLICIO MENDES	11, ISAIAS COELHO	7, SÃO JOÃO DO PI	18, SÃO RAIMUNDO NONATO 32, ANISIO DE ABREU	8, CARACOL 10, DIRCEU ARCOVERDE 8, DEMERVAL 14, ELESBÃO VELOSO 17, FRANCINÓPOLIS 6, VALENÇA	22, INHUMA 16, PICOS	61, ITAINOPOLIS 11, JAICOS 19, PAULISTANA 22, SIMOES 16, MARCOLANDIA 11, FRONTEIRAS	11, PIO IX 17, ALAGOINHA DO PI 7, CAMPO GRANDE DO PIAUÍ 6, GUADALUPE12, URUÇUI 27, BERTOLINIA 7, BOM JESUS 27, MONTE ALEGRE 13, CORRENTE 29, CURIMATA 13, AVELINO LOPES	13, RENDENÇAO DO GURGUEIA 10, CANTO DO BURITI 16, FLORES DO PI 4, ITAUEIRA 9, TERESINA 350."
"07/08/2026";"05:47:04";2026;81;"Eleições Gerais 2026";"PI";"PI";"PIAUÍ";"PI086652026";"2026-05-19 21:53:38";"N";"15563771000164";"INSTITUTO CREDIBILIDADE LTDA";"INSTITUTO CREDIBILIDADE";"Governador, Senador, Deputado Federal, Deputado Estadual";"2026-05-08 00:00:00";"2026-05-09 00:00:00";"2026-05-25 00:00:00";401;"9177";"DIOGENES VITOR DA SILVEIRA";"5000,00";"A metodologia empregada nesta pesquisa utilizou uma amostragem aleatória estratificada proporcional por sexo, idade, escolaridade e renda distribuídas na zona urbana e rural através de entrevistas domiciliares e individuais no município de SÃO JOÃO DO PIAUÍ (PI). Sendo a coleta dos dados realizada por meio de tablets/smartphones. A Pesquisa foi realizada no período de 08 e 09 de maio de 2026 nos bairros e povoados descriminadas no plano amostral com um total de 401 entrevistas.";"O método de amostragem utilizada nesta pesquisa quantitativa eleitoral foi através de uma amostra probabilística aleatória estratificada proporcional (tabela abaixo), visto que a população de origem é considerada heterogênea, pois a mesma estará dividida em estratos referentes de acordo a divisão geopolítica do município SÃO JOÃO DO PIAUÍ - PI. Para isso, foi elaborado inicialmente um questionário de pesquisa(em anexo), como ferramenta de coleta de dados em que as variáveis que serão coletadas do público-alvo analisado em cada zona rural e/ou urbana de cada bairro/povoado citado são: renda (em salários mínimos), escolaridade, idade e sexo. Sendo que, as variáveis sexo, idade e escolaridade, terão as escalas distribuídas de acordo com as estatísticas do Tribunal Superior Eleitoral (TSE) de abril de 2026. Enquanto que a variável renda do chefe do domicílio, segundo o que estabelece o Instituto Brasileiro de Geografia e Estatística (IBGE). Para a realização do estudo levantou-se o tamanho populacional de eleitores pertencente ao município de SÃO JOÃO DO PIAUÍ - PI, e com uma margem de erro de 4.83pp para mais ou para menos e uma margem de confiança de 95%, chegou-se em uma amostra significativa e aleatória de 401 eleitores pesquisados, assim distribuídos: SEXO: MASCULINO (192), FEMININO (209); FAIXA ETÁRIA De 16 e 17 anos (10) De 18 a 24 anos (58), de 25 a 34 anos(78), de 35 a 44 anos (80), de 45 a 59 anos (92),60 anos ou mais (83); ESCOLARIDADE: Analfabeto (23)  Lê e escreve (53), Ensino Fundamental incompleto/completo(107), Ensino Médio: completo e incompleto (168), Ensino Superior: Completo e Incompleto (50); RENDA: Até 1 salário (168) entre 1,1 e 2 salários (141), Mais de 2 salários Mínimos(92).";"Checagem pelo supervisor em pelo menos 20% dos questionários aplicados em campo/telefone e 100% supervisão interna dos questionários aplicados e crítica dos dados. Questionários aplicados eletronicamente, por meio de tablets/smartphones, com sistema próprio de pesquisa, formulação e tabulação.";"ZONA URBANA 
Centro 35 
Santa Fé I 30 
Caixa D´água 28 
Sertanejo 25 
Campo de Exposição 23 
Cibrazem 20 
Santa Fé II 20 
Vermelho II 20 
Ponta de Rua 19 
Vermelho I 17 
Matadouro 12 
Vila Foca 10 
Conj. Joaquim Lemos 10 
Total 269 
ZONA RURAL 
Malhada 11 
Cabeça 10 
Grajaú 10 
Marrecas 9 
Estreito 9 
Agrovila II 8 
Junco 8 
Lisboa 8 
Capim Grosso 8 
Curral Velho 7 
Picos 7 
Riacho do Anselmo 7 
Tomada 7 
Gato 7 
São José 6 
São Domingos 5 
Formosa 5
Total 132
"
"07/08/2026";"05:47:04";2026;81;"Eleições Gerais 2026";"PI";"PI";"PIAUÍ";"PI075492026";"2026-07-06 21:30:23";"S";"00654576000172";"INSTITUTO VERITA LTDA";"VERITA";"Governador, Senador";"2026-07-07 00:00:00";"2026-07-11 00:00:00";"2026-07-12 00:00:00";1220;"10699";"Guilherme Alvarenga Laia";"93940,00";"Pesquisa quantitativa, que consiste na realização de entrevistas, com a aplicação de questionário estruturado junto a uma amostra representativa do eleitorado desta Unidade da Federação.";"ESTUDO REPRESENTATIVO DO ELEITORADO DO ESTADO DO PIAUÍ - MÉTODO PPT (Probabilidade Proporcional ao Tamanho) - PLANO AMOSTRAL E PONDERAÇÃO QUANTO A SEXO, IDADE, GRAU DE INSTRUÇÃO E NÍVEL ECONÔMICO DO ENTREVISTADO; INTERVALO DE CONFIANÇA E MARGEM DE ERRO: Representativo do eleitorado da área em estudo, elaborada, em vários estágios, da seguinte forma: - 1. Divisão da UF em estratos proporcionais de municípios. 2. Ordenação dos municípios de cada estrato segundo o porte. 3. Sorteio dos municípios de cada estrato. 4. Os respondentes são selecionados através de quotas amostrais proporcionais em função de variáveis significativas, a saber: GÊNERO / FAIXA ETÁRIA - FEMININO E MASCULINO 16 A 34 ANOS 17,3% E 17%, 35 A 54 ANOS 19,1% E 18%, 55 ANOS OU MAIS 15,4% E 13,3%. GRAU DE INSTRUÇÃO ¿ FEMININO E MASCULINO Sem instrução até Ensino Médio completo 70,4%, Ensino superior incompleto e completo 29,6% NÍVEL ECONÔMICO - FEMININO população não economicamente ativa 46,5% população economicamente ativa 53,5% MASCULINO população não economicamente ativa 27,2% população economicamente ativa 72,8%. RENDA FAMILIAR DO DOMICÍLIO renda familiar de até 2 salários-mínimos 30,7%; de 2 a 5 salários-mínimos 44,2%, acima de 5 salários-mínimos 25,1%. Está prevista eventual ponderação para correção das variáveis, com base nos percentuais anteriormente mencionados, caso ocorram diferenças superiores a margem de erro da pesquisa previsto entre a amostra e a coleta de dados realizada. O fator previsto para ponderação é 1 (resultados obtidos na coleta de dados). O intervalo de confiança estimado é de 95% e a margem de erro máxima estimada considerando um modelo de amostragem aleatório simples, é de aproximadamente 3 pontos percentuais para mais ou para menos sobre os resultados encontrados no total da amostra. FONTE DOS DADOS: IBGE/Censo 2022 para fins de densidade demográfica, setores censitários e alocação da amostra. IBGE/PNAD/PNADC/MEC/INEP para fins de Nível Econômico e Escolaridade. TSE JUNHO/2026 para fins de Sexo, Faixa Etária e eleitorado por município ou regiões previamente definidas (importante ressaltar para o público leigo que os dados do TSE são os únicos corretos para gênero, idade dos eleitores e quantitativo de eleitores por municípios já que a base de dados se atualiza automaticamente, PORÉM, dados de escolaridade e nível econômico NÃO são corretos e confiáveis devido a desatualização que ocorre naturalmente com o passar dos anos). Definição de margem de erro e intervalo de confiança: Margem de erro e intervalo de confiança não são grandezas diretamente proporcionais. A SOMA NÃO TEM QUE RESULTAR 100%. ";"Após os trabalhos de coleta de dados, os questionários são submetidos a uma fiscalização, conferência e checagem de cerca de 20% (vinte por cento) dos questionários aplicados.";"A relação dos municípios sorteados ou selecionados para esta pesquisa será apresentada em arquivo anexo até 1 (um) dia após a divulgação desta pesquisa conforme §7º. do art. 2º. da Resolução-TSE nº. 23.600/2019. A área de abrangência desta pesquisa é o Estado DO PIAUÍ."
"07/08/2026";"05:47:04";2026;81;"Eleições Gerais 2026";"PI";"PI";"PIAUÍ";"PI024632026";"2026-07-20 11:53:30";"N";"15563771000164";"INSTITUTO CREDIBILIDADE LTDA";"INSTITUTO CREDIBILIDADE";"Governador, Senador, Deputado Estadual";"2026-07-09 00:00:00";"2026-07-11 00:00:00";"2026-07-26 00:00:00";600;"10172";"DAVID LEAL DE CARVALHO";"7000,00";"A metodologia empregada nesta pesquisa utilizou uma amostragem aleatória estratificada proporcional por sexo, idade, escolaridade e renda domiciliar distribuídas na zona urbana e rural através de entrevistas domiciliares e individuais no município de PARNAÍBA (PI). Sendo a coleta dos dados realizada por meio de tablets/smartphones. A Pesquisa foi realizada no período de 09 a 11 de julho de 2026 nos bairros e povoados descriminadas no plano amostral com um total de 600 entrevistas.";"Amostragem por cotas. O conjunto do eleitorado do município é distribuído proporcionalmente por gênero, faixa etária, grau de instrução, classe de renda domiciliar. As variáveis: gênero, faixa etária e grau de instrução são ponderadas de acordo com as Estatísticas do Eleitorado do Piauí, TSE, JUNHO de 2026 referente ao município PARNAÍBA-PI. A variável classe de renda domiciliar é ponderada de acordo com as estatísticas do Censo Demográfico IBGE. O número de entrevistas dos bairros e povoados são ponderados de acordo com o número de domicílios por setor censitário, do Censo Demográfico IBGE 2022. O nível de confiança é de 95% com margem de erro de 4,00% para mais ou para menos, nas estatísticas apresentadas para o total da amostra levantada. Cotas de gênero: Masculino:(282), Feminino (318), Cotas de faixa etária: 16 a 24 anos (96), 25 a 34 anos (120), 35 a 44 anos (108), 45 a 59 anos (150), 60 e + anos (126), Cotas de grau de instrução: Analfabeto(27, Lê e escreve(50) Ensino Fundamental completo e incompleto(158), Ensino Médio completo e incompleto(273) Ensino Superior completo e incompleto(92), Cotas de classe de renda domiciliar: Até 2 Salários mínimos (288) Mais de 2 até 5 Salários mínimos: (210) Mais de 5 Salários mínimos: (102).";"Supervisão interna em 100% dos questionários aplicados e crítica dos dados digitados feita pelo computador. A checagem direta com retorno e/ou acompanhamento é feita pelo supervisor de campo, enquanto que a checagem por telefone é realizada a partir do banco de dados gerado pela plataforma utilizada, em no mínimo 20% dos questionários aplicados, de acordo com a exigência da ABEP - Associação Brasileira de Empresas de Pesquisa. Relatórios de campo - pesquisadores e supervisores.";"ZONA URBANA	 
 São Francisco  	33
 São Vicente de Paula  	30
 Alto Santa Maira  	30
 Bairro Piauí  	30
 Mendonça Klark  	30
 Do Carmo  	30
 São José  	30
 Joaz Sousa  	29
 Bebedouro  	26
 Brodevile  	26
 Rodoviária  	26
 Catanduvas  	25
 Rosápolis  	25
 Pindorama  	25
 Fátima  	25
 Olho D´Água  	25
 João XXIII  	25
 Campos  	24
 Nova Parnaíba  	19
 Floriópolis  	19
 Jardim das Acácias  	18
	           550 
	
ZONA RURAL	
Baixa da Carnaúba  	9
 Km 16  	9
 Lagoa da Prata  	8
 Portinho  	8
 Céu  	7
 Rancharia  	7
 São Francisco  	2
	              50 
"
"07/08/2026";"05:47:04";2026;81;"Eleições Gerais 2026";"PI";"PI";"PIAUÍ";"PI057872026";"2026-07-15 18:04:26";"N";"19259002000128";"ATLASINTEL TECNOLOGIA DE DADOS LTDA";"ATLASINTEL";"Governador, Senador";"2026-07-15 00:00:00";"2026-07-20 00:00:00";"2026-07-21 00:00:00";1200;"11220";"Andrei Camilo dos Santos";"80000,00";"Pesquisa quantitativa com coleta aleatória via questionário estruturado web e pós-estratificação da amostra de acordo com as características do eleitorado de Piauí.";"Amostra aleatória pós-estratificada via algoritmo iterativo com quotas proporcionais, representando características do eleitorado de Piauí: SEXO: Masculino: 48.3%; Feminino: 51.7%. FAIXA ETÁRIA: Entre 16 a 24 anos: 14.8%; Entre 25 a 34 anos: 19.3%; Entre 35 a 44 anos: 20.0%; Entre 45 a 59 anos: 24.2%; 60 ou mais: 21.7%. ESCOLARIDADE: Ensino Fundamental completo ou incompleto e eleitores sem educação formal: 43.8%; Ensino Médio completo ou incompleto: 36.5%; Ensino Superior completo ou incompleto: 19.8%. NÍVEL ECONÔMICO: Renda familiar mensal até R$2000: 31.8%; Mais de R$2.000 a R$3.000: 22.3%; Mais de R$3.000 a R$5.000: 21.7%; Mais de R$5.000 a R$10.000: 16.7%; Mais de R$10.000: 7.6%. OBS.: devido ao arredondamento, a soma dos percentuais pode variar de 99% a 101%. Na agregação final, para cada variável de ponderação, serão admissíveis desvios de até 3.0 pontos percentuais em relação às quotas estipuladas. Confiança estimada: 95%, margem de erro: +/- 3.0 pontos percentuais. FONTE DOS DADOS: PNADC 2024 para escolaridade e nível econômico | TSE 2026 para sexo e faixa etária.";"Coleta feita com a utilização de questionário eletrônico com procedimentos específicos para o armazenamento seguro dos dados. São checados manualmente no mínimo 15% dos questionários para detectar possíveis anomalias. Pesquisadores especializados realizam internamente uma verificação exaustiva da consistência dos dados antes da divulgação dos resultados finais.";"#NULO#"
"07/08/2026";"05:47:04";2026;81;"Eleições Gerais 2026";"PI";"PI";"PIAUÍ";"PI046722026";"2026-02-28 12:45:46";"N";"09471067000189";"CENSUS INSTITUTO DE PESQUISAS EIRELI";"CENSUS";"Governador, Senador, Deputado Federal, Deputado Estadual";"2026-02-27 00:00:00";"2026-03-01 00:00:00";"2026-03-06 00:00:00";400;"9356";"Laércio de Sousa Araújo";"8000,00";"Eleitores com 15 anos ou mais de idade com domicílio eleitoral na cidade de FLORIANO PI e que no momento da pesquisa se encontrava na zona urbana ou rural. Trata-se de uma pesquisa preferencialmente, domiciliar e individual através de uma amostra estratificada  em 2 estágios com abordagem aleatória simples através das variáveis gênero, faixa etária, nível de instrução e faixa de renda, de acordo com a resolução do TSE 23.600/19 e alterações pela resolução 23.727/2024, para as pesquisas eleitorais, utilizando dados da estatística do eleitorado do munícipio com fonte no TSE (sig.tse.jus.br) ou TRE-PI no período pesquisado, consultando os dados do IBGE censo 2010-2022 com referência na renda e estimativas populacionais (cidades.ibge.gov.br). Conforme treinamentos internos os pesquisadores de campo selecionarão suas amostras em cada setor definido no plano amostral, obedecendo um espaçamento de uma amostra para outra, seguindo critérios de amostras aleatórias simples e em caso de complementação de informação será inserido no sistema até o 7º dia, após o registro no site Pesqele, de acordo com o art2º, §6º e §7º - da res. 23600/19. Questionários numerados e estruturados com perguntas espontâneas e estimuladas, sendo as perguntas estimuladas com classificação por ordem alfabética ou com uso de técnicas de alternativas randomizadas ou aleatorizadas, dispensando o uso de discos.";"SEXO: MASCULINO (46%), FEMININO (54%); FAIXA ETÁRIA até 24 anos (12,8%), de 25 a 34 anos (18,92%), de 35 a 44 anos (20,52%), de 45 a 59 anos (24,53%), 60 anos ou mais (23,23%); ESCOLARIDADE: Analfabeto (4,6%), Lê e escreve (9,4%), 1º Grau inc/comp (24%), 2º Grau inc/comp (46%), 3º Grau inc/comp (16%); RENDA Sem Rendimento (32,87%), até 1 salário (40,65%), Mais de 1 a 3 Salários (19,1%), Mais 3 a 5 salários (3,5%),mais de 5 salários (3,88%).

O objetivo de indicar a margem de erro é a influência que tem o tamanho da amostra usada na precisão dos resultados, quando a amostra for probabilística. Para fins de comparação com a amostra sugerida, a margem de erro seria de 4,9% (para mais ou menos), com nível de confiança de 95%, nível de significância de 5%, com P = 0,5.";"Equipe formada por pesquisadores, supervisor, estatístico, analista de sistemas, contador e advogado, totalizando em equipes divididas em trabalhos externos e trabalhos internos, sendo fornecido tais identificações caso seja necessária, conforme preconiza o artigo 13 da Resolução 23600/20219. Checagem da supervisão in loco em pelo menos 30% da aplicação dos questionários nas zonas urbanas e rural e 100% na tabulação. Questionários digital elaborado de acordo com os objetivos da pesquisa, aplicados através de equipamentos eletrônicos com sistema de coleta próprio (sistemas eletrônicos em acordo o que diz o art.2º §8º - da res. 23600/19) e com transmissão de dados em tempo real e monitoramento de 100% do percurso por fluxo de GPS. Coordenação interna e treinamento dos pesquisadores em sede local, com cadastro completo disponíveis de todos os dados referentes a equipe técnica e de campo da pesquisa.";"ZONA URBANA MELADÃO 11;PLANALTO BELA VISTA 4; CONJ. BELA VISTA 11; BOSQUE SANTA TERESINHA 11; CONJ. VILA LEÃO 6; BOM LUGAR 9; CONJ. APARECIDA PROCÓPIO 8; CATUMBI 9; CONJ. ZÉ PEREIRA 4; MANGUINHA 16; CONJ. HERMES PACHECO 8; CENTRO 26; CONJ. PEDRO SIMPLÍCIO 8; CURADOR 8; MATADOURO 5; IBIAPABA 8; MORRO DO TIRO 5; IRAPUÃ I 12; CAIXA D´ÁGUA 18; IRAPUÃ II 14; CONJ. PARAÍSO 10; TIBERÃO 11; RESIDENCIAL ALTO DA CRUZ 7; PAU FERRADO 12; RIACHO FUNDO 9; SAMBAÍBA NOVA 13; SÃO BORJA 7; SAMBAÍBA VELHA 16; TAMBORIL 10; ALTO DA CRUZ 10; VIAZUL 12; ALTO DA GUIA 12; CANCELA 9; CAMPO VELHO 11; SÃO CRISTÓVÃO 10. ZONA RURAL TABULEIRINHO 3; CABACEIROS 3; MORRINHOS 2; PAPA POMBO 3; ESTOCADO 3; MANGA 3; L-3 7; VEREDA GRANDE 4; TABULEIRO DO MATO 6; RIO BRANCO 6."
"07/08/2026";"05:47:04";2026;81;"Eleições Gerais 2026";"PI";"PI";"PIAUÍ";"PI067252026";"2026-05-03 20:45:38";"N";"11186543000161";"ROGERIO M. P. MOURA - ME";"DATA MAX";"Governador, Senador, Deputado Federal, Deputado Estadual";"2026-04-29 00:00:00";"2026-05-02 00:00:00";"2026-05-09 00:00:00";400;"10172";"DAVID LEAL DE CARVALHO";"5000,00";"Metodologia empregada: Amostragem aleatória por cotas de sexo, faixa etária, grau de instrução, renda familiar. Entrevistas domiciliares e individuais. Coleta dos dados realizada por meio de entrevistas domiciliares.";"Plano amostral e ponderação quanto a sexo, faixa etária, grau de instrução e nível econômico do entrevistado; nível de confiança e margem de erro; Amostragem por cotas. O conjunto do eleitorado do Município de Alto Longá ¿ PI. As variáveis: sexo, faixa etária e grau de instrução são ponderadas de acordo com as Estatísticas do Eleitorado de Alto Longá ¿ PI, segundo ao Tribunal Superior Eleitoral(TSE) ou TRE-PI, no período pesquisado.  A variável classe de renda domiciliar é ponderada de acordo com a estatística do Censo Demográfico IBGE 2022. O nível de confiança é de 95% com margem de erro de 4,82% para mais ou para menos, nas estatísticas apresentadas para o total da amostra levantada considerando variância máxima, p=0,50; p =0,50. Cotas de sexo: Masculino 199(49,88%), Feminino 201(50,12%), Cotas de faixa etária: 16 a 24anos 53(13,19%), 25 a 34anos 72(17,90%), 35 a 44 anos 79(19,66%), 45 a 59 anos 99(24,81%), 60 e + anos 97(24,44%), Cotas de grau de instrução: Analfabeto 26(6,47%), lê e escreve 76(19,01%), Ensino fundamental incompleto/completo 120(30,00%), Ensino médio incompleto/completo 145(36,22%), superior incompleto/completo 33(8,30%), Cotas de classe de renda: Até 1 SM 356(89,43%), de 1 a 2 SM 31(7,32%), de 2 a 5 SM 09(2,35%), de 5 a 10 SM 03(0,71%), acima de 10 SM 01(0,19%).";"Supervisão interna em 100% dos questionários aplicados e crítica dos dados digitados feita pelo computador. Checagem direta com retorno e/ou acompanhamento e/ou por telefone feita pelos supervisores de campo em no mínimo 20% dos questionários aplicados, de acordo com a exigência da ABEP. Associação Brasileira de Empresas de Pesquisa. Relatórios de campo, pesquisadores e supervisores.";"Nos Bairros: Piçarra, Centro, Recreio, Boa Vista, Brejinho, Três Carnaúba / Baixa das Carnaúbas, Bom Princípio / Timon, Flor do Dia, Jardim, Conjunto Habitacional Matadouro, Conjunto Francisco Fidélis e Favela, e Rural, nas Localidades: Pernambuquinho, Buriti Só, Buritizal, Lagoa do Longá, Cortado, Assentamento Marinópolis, São Francisco, São Nicolau, Mumbaça, Assentamento Terra Nossa, Invejada dos Cardosos, Bois, Invejada do Franco, Chapada, Taboca, Santo Antônio dos Fernandes, Baixa da Roça, Atoleiro, Limoeiro e Melancia."
"07/08/2026";"05:47:04";2026;81;"Eleições Gerais 2026";"PI";"PI";"PIAUÍ";"PI095082026";"2026-04-25 22:10:30";"S";"00654576000172";"INSTITUTO VERITA LTDA";"VERITA";"Governador, Senador";"2026-04-26 00:00:00";"2026-04-30 00:00:00";"2026-05-01 00:00:00";1220;"10699";"GUILHERME ALVARENGA LAIA";"93940,00";"Pesquisa quantitativa, que consiste na realização de entrevistas, com a aplicação de questionário estruturado junto a uma amostra representativa do eleitorado desta Unidade da Federação.";"ESTUDO REPRESENTATIVO DO ELEITORADO DO ESTADO DO PIAUÍ - MÉTODO PPT (Probabilidade Proporcional ao Tamanho) - PLANO AMOSTRAL E PONDERAÇÃO QUANTO A SEXO, IDADE, GRAU DE INSTRUÇÃO E NÍVEL ECONÔMICO DO ENTREVISTADO; INTERVALO DE CONFIANÇA E MARGEM DE ERRO: Representativo do eleitorado da área em estudo, elaborada, em vários estágios, da seguinte forma: - 1. Divisão da UF em estratos proporcionais de municípios. 2. Ordenação dos municípios de cada estrato segundo o porte. 3. Sorteio dos municípios de cada estrato. 4. Os respondentes são selecionados através de quotas amostrais proporcionais em função de variáveis significativas, a saber: GÊNERO / FAIXA ETÁRIA - FEMININO E MASCULINO 16 A 34 ANOS 16,9% E 16,6%, 35 A 54 ANOS 19,4% E 18,3%, 55 ANOS OU MAIS 15,5% E 13,4%. GRAU DE INSTRUÇÃO ¿ FEMININO E MASCULINO Sem instrução até Ensino Médio completo 70,4%, Ensino superior incompleto e completo 29,6% NÍVEL ECONÔMICO - FEMININO população não economicamente ativa 46,5% população economicamente ativa 53,5% MASCULINO população não economicamente ativa 27,2% população economicamente ativa 72,8%. RENDA FAMILIAR DO DOMICÍLIO renda familiar de até 2 salários-mínimos 30,7%; de 2 a 5 salários-mínimos 44,2%, acima de 5 salários-mínimos 25,1%. Está prevista eventual ponderação para correção das variáveis, com base nos percentuais anteriormente mencionados, caso ocorram diferenças superiores a margem de erro da pesquisa previsto entre a amostra e a coleta de dados realizada. O fator previsto para ponderação é 1 (resultados obtidos na coleta de dados). O intervalo de confiança estimado é de 95% e a margem de erro máxima estimada considerando um modelo de amostragem aleatório simples, é de aproximadamente 3 pontos percentuais para mais ou para menos sobre os resultados encontrados no total da amostra. FONTE DOS DADOS: IBGE/Censo 2022 para fins de densidade demográfica, setores censitários e alocação da amostra. IBGE/PNAD/PNADC/MEC/INEP para fins de Nível Econômico e Escolaridade. TSE FEVEREIRO/2026 para fins de Sexo, Faixa Etária e eleitorado por município ou regiões previamente definidas (importante ressaltar para o público leigo que os dados do TSE são os únicos corretos para gênero, idade dos eleitores e quantitativo de eleitores por municípios já que a base de dados se atualiza automaticamente, PORÉM, dados de escolaridade e nível econômico NÃO são corretos e confiáveis devido a desatualização que ocorre naturalmente com o passar dos anos). Definição de margem de erro e intervalo de confiança: Margem de erro e intervalo de confiança não são grandezas diretamente proporcionais. A SOMA NÃO TEM QUE RESULTAR 100%. ";"Após os trabalhos de coleta de dados, os questionários são submetidos a uma fiscalização, conferência e checagem de cerca de 20% (vinte por cento) dos questionários aplicados.";"A relação dos municípios sorteados ou selecionados para esta pesquisa será apresentada em arquivo anexo até 1 (um) dia após a divulgação desta pesquisa conforme §7º. do art. 2º. da Resolução-TSE nº. 23.600/2019. A área de abrangência desta pesquisa é o Estado DO PIAUÍ"
"07/08/2026";"05:47:04";2026;81;"Eleições Gerais 2026";"PI";"PI";"PIAUÍ";"PI004492026";"2026-04-14 23:07:51";"N";"11186543000161";"ROGERIO M. P. MOURA - ME";"DATA MAX";"Governador, Senador, Deputado Federal, Deputado Estadual";"2026-04-11 00:00:00";"2026-04-13 00:00:00";"2026-04-20 00:00:00";400;"10172";"DAVID LEAL DE CARVALHO";"8000,00";"Metodologia empregada: Amostragem aleatória por cotas de sexo, faixa etária, grau de instrução, renda familiar. Entrevistas domiciliares e individuais. Coleta dos dados realizada por meio de entrevistas domiciliares.";"Plano amostral e ponderação quanto a sexo, faixa etária, grau de instrução e nível econômico do entrevistado; nível de confiança e margem de erro; Amostragem por cotas. O conjunto do eleitorado do Município de Buriti dos Lopes ¿ PI. As variáveis: sexo, faixa etária e grau de instrução são ponderadas de acordo com as Estatísticas do Eleitorado de Buriti dos Lopes ¿ PI, segundo ao Tribunal Superior Eleitoral(TSE) ou TRE-PI, no período pesquisado.  A variável classe de renda domiciliar é ponderada de acordo com a estatística do Censo Demográfico IBGE 2022. O nível de confiança é de 95% com margem de erro de 4,84% para mais ou para menos, nas estatísticas apresentadas para o total da amostra levantada considerando variância máxima, p=0,50; p =0,50. Cotas de sexo: Masculino 196(49,02%), Feminino 204(50,98%), Cotas de faixa etária: 16 a 24anos 65(16,36%), 25 a 34anos 80(20,20%), 35 a 44 anos 84(20,88%), 45 a 59 anos 92(22,92%), 60 e + anos 79(19,64%), Cotas de grau de instrução: Analfabeto 67(16,81%), lê e escreve 51(12,77%), Ensino fundamental incompleto/completo 111(27,61%), Ensino médio incompleto/completo 137(34,30%), superior incompleto/completo 34(8,51%), Cotas de classe de renda: Até 1 SM 354(88,50%), de 1 a 2 SM 31(7,71%), de 2 a 5 SM 12(2,93%), de 5 a 10 SM 02(0,60%), acima de 10 SM 01(0,26%).";"Supervisão interna em 100% dos questionários aplicados e crítica dos dados digitados feita pelo computador. Checagem direta com retorno e/ou acompanhamento e/ou por telefone feita pelos supervisores de campo em no mínimo 20% dos questionários aplicados, de acordo com a exigência da ABEP. Associação Brasileira de Empresas de Pesquisa. Relatórios de campo, pesquisadores e supervisores.";"Nos Bairros: Outro Lado da Passagem, Acampamento, Campo Redondo, Macambira, Caixa D¿Água, Bernardo Percy, Mala Velha, COHAB, Centro, Rua Teresina, Rua Tiradentes, Cotia, Comundá e Vila Nova, e Rural, nas Localidades: Salgadinho, Espirito Santo de Cima, Coroa de São Remígio, Nova Morada, Barra do Longá, Lagoa do Meio, São Domingos, Assentamento Iracema, Assentamento Josué de Castro, Estreito e Ponte da Jandira."
"07/08/2026";"05:47:04";2026;81;"Eleições Gerais 2026";"PI";"PI";"PIAUÍ";"PI043412026";"2026-04-20 19:07:59";"N";"10320257000184";"INSTITUTO PIAUIENSE DE OPINIAO PUBLICA LTDA - EPP";"AMOSTRAGEM OPINIAO E MERCADO";"Governador, Senador, Deputado Federal, Deputado Estadual";"2026-04-15 00:00:00";"2026-04-18 00:00:00";"2026-04-26 00:00:00";400;"CONRE  - 5ª REGIÃO Nº 6695";"JOÃO BATISTA MENDES TELES";"12000,00";"Metodologia empregada: Amostragem não aleatória por cotas de gênero, faixa etária, grau de instrução, renda familiar, zona (urbana e rural), bairros e povoados. Entrevistas domiciliares e individuais. Coleta dos dados realizada por meio de SMARTPHONE/ TABLET, utilizando a plataforma iPesquisa.net.";"Amostragem por cotas. O conjunto do eleitorado do município é distribuído proporcionalmente por gênero, faixa etária, grau de instrução, classe de renda domiciliar. As variáveis: gênero, faixa etária e grau de instrução são ponderadas de acordo com as Estatísticas do Eleitorado do Piauí, TSE,   MARÇO   de   2026   referente ao município FLORIANO-PI. A variável classe de  renda  domiciliar  é  ponderada  de  acordo com as estatística do Censo Demográfico IBGE. O número de entrevistas dos bairros e povoados são ponderados de acordo com o número de domicílios por setor censitário, do Censo Demográfico IBGE 2022.  O  nível  de  confiança  é  de   95%  com   margem   de   erro   de    4,8%  para  mais  ou  para menos, nas estatísticas apresentadas para o total da amostra levantada considerando variância máxima, p=0,50; 1 - p = 0,50.


Cotas de gênero: Masculino (183), Feminino (217), 

Cotas de faixa etária:   16 a 24 anos (51), 25 a 34 anos (75), 35 a 44 anos (82), 45 a 59 anos (99), 60 e + anos (93), 

Cotas de grau de instrução: Analfabeto (18), lê e escreve (37), Ensino fundamental incompleto/completo (96), Ensino médio incompleto/completo (185), superior incompleto (23), superior completo (41), 

Cotas de classe de renda domiciliar:    Até R$ 1.621,00 (82),   de R$ 1.621,01 à R$ 3.242,00 (116),  de R$ 3.242,01 à R$ 8.105,00 (132), mais de R$ 8.105,01 (70).";"Supervisão interna em 100% dos questionários aplicados e crítica dos dados digitados feita pelo computador.  A checagem direta com retorno e/ou acompanhamento é feita pelo supervisor de campo, enquanto que a checagem por telefone é realizada a partir do banco de dados gerado pela plataforma iPesquisa.net, em no mínimo 20% dos questionários aplicados, de acordo com a exigência da ABEP - Associação Brasileira de Empresas de Pesquisa. Relatórios de campo - pesquisadores e supervisores.";"BAIRROS E POVOADOS PESQUISADOS:

BAIRROS: Alto da Cruz, Alto da Guia, Bom Lugar, Bosque Santa Teresinha, Caixa D¿Agua, Cajueiro II, Campo Velho, Cancela, Canoas, Catumbi, Centro, Curador, Curtume, Hermes Pacheco, Ibiapaba, Irapuã I, Irapuã II, Juá, Manguinha, Matadouro, Meladão, Nossa Senhora da Guia, Paraíso, Pau Ferrado, Pedro Simplício, Planalto Bela Vista, Planalto Sambaíba, Princesa do Sul, Rede Nova, Riacho Fundo, Sambaíba Nova, Sambaíba Velha, Santa Rita,  São Borja, São Cristóvão, Taboca,  Tamboril, Tiberão, Viazul, Vila Leão, Filadélfia / Caiçara, Princesinha, Tamboril I, Tamboril II, Conjunto Habitacional Aparecida Procópio, Conjunto Habitacional Zé Pereira, Gabriel Kalume, Conjunto Paraíso, Conjunto Filadelfo, Conjunto Conviver, Residencial Alto da Cruz, Conjunto Jacob Demes, Vila Parnaíba.

POVOADOS: Vereda Grande, L3, Tabuleiro do Mato, Amolar / Estado, Rio Branco, Papa Pombo, Manga."
"07/08/2026";"05:47:04";2026;81;"Eleições Gerais 2026";"PI";"PI";"PIAUÍ";"PI062762026";"2026-04-20 20:05:14";"N";"10320257000184";"INSTITUTO PIAUIENSE DE OPINIAO PUBLICA LTDA - EPP";"AMOSTRAGEM OPINIAO E MERCADO";"Governador, Senador, Deputado Federal, Deputado Estadual";"2026-04-16 00:00:00";"2026-04-20 00:00:00";"2026-04-26 00:00:00";400;"CONRE  - 5ª REGIÃO Nº 6695";"JOÃO BATISTA MENDES TELES";"12000,00";"Metodologia empregada: Amostragem não aleatória por cotas de gênero, faixa etária, grau de instrução, renda familiar, zona (urbana e rural), bairros e povoados. Entrevistas domiciliares e individuais. Coleta dos dados realizada por meio de SMARTPHONE/ TABLET, utilizando a plataforma iPesquisa.net.";"Amostragem por cotas. O conjunto do eleitorado do município é distribuído proporcionalmente por gênero, faixa etária, grau de instrução, classe de renda domiciliar. As variáveis: gênero, faixa etária e grau de instrução são ponderadas de acordo com as Estatísticas do Eleitorado do Piauí, TSE,   MARÇO   de   2026   referente ao município PICOS-PI. A variável classe de  renda  domiciliar  é  ponderada  de  acordo com as estatística do Censo Demográfico IBGE. O número de entrevistas dos bairros e povoados são ponderados de acordo com o número de domicílios por setor censitário, do Censo Demográfico IBGE 2022.  O  nível  de  confiança  é  de   95%  com   margem   de   erro   de    4,8%  para  mais  ou  para menos, nas estatísticas apresentadas para o total da amostra levantada considerando variância máxima, p=0,50; 1 - p = 0,50.


Cotas de gênero: Masculino (188), Feminino (212), 

Cotas de faixa etária:   16 a 24 anos (52), 25 a 34 anos (77), 35 a 44 anos (79), 45 a 59 anos (102), 60 e + anos (90), 

Cotas de grau de instrução: Analfabeto (23), lê e escreve (51), Ensino fundamental incompleto/completo (108), Ensino médio incompleto/completo (159), superior incompleto (23), superior completo (36), 

Cotas de classe de renda domiciliar:    Até R$ 1.621,00 (85),   de R$ 1.621,01 à R$ 3.242,00 (117),  de R$ 3.242,01 à R$ 8.105,00 (129), mais de R$ 8.105,01 (69).";"Supervisão interna em 100% dos questionários aplicados e crítica dos dados digitados feita pelo computador.  A checagem direta com retorno e/ou acompanhamento é feita pelo supervisor de campo, enquanto que a checagem por telefone é realizada a partir do banco de dados gerado pela plataforma iPesquisa.net, em no mínimo 20% dos questionários aplicados, de acordo com a exigência da ABEP - Associação Brasileira de Empresas de Pesquisa. Relatórios de campo - pesquisadores e supervisores.";"BAIRROS E POVOADOS PESQUISADOS:

BAIRROS:
Aerolândia, São Sebastião / Malvina / Trizidela/ Maracanã, Aroeiras do Matadouro, Bela Vista, Boa Sorte, Boa Vista, Bomba / São Vicente, Canto da Várzea, Catavento / Morro da AABB, Centro / Pé do Morro, Conduru, DNER, Ipueiras, Jardim Natal, Junco, Malva, Emaus, Morada do Sol / Conjunto Morada Nova, Paraibinha / Conjunto Petrônio Portela / Cohab, Paroquial, Parque de Exposição, Parque Industrial / Pantanal, Passagem das Pedras, Pedrinhas, São José, Belo Norte, Cidade de Deus, Conjunto Louzinho Monteiro, Conjunto Antonieta Araújo, Jardim das Oliveiras.

POVOADOS:
Fátima do Piauí, Três Potes, Altamira / Aeroporto, Junco dos Monteiros, Coroatá / Lagoa dos Félix, Mucambo, Torrões, Tabatinga, Tapera, Morrinhos I, Valparaíso, Lagoa Comprida, Umari, Curralinho / Cristovinho, Bocolô, Estrivaria, Samambaia, Mirolândia, Gameleira dos Rodrigues, Angico Branco, Cipaúba, Caraíbas, Gameleira dos Galdinos, Malhada Grande dos Almondes, Fornos, Angico Torto."
"07/08/2026";"05:47:04";2026;81;"Eleições Gerais 2026";"PI";"PI";"PIAUÍ";"PI056582026";"2026-05-04 20:16:30";"N";"15563771000164";"INSTITUTO CREDIBILIDADE LTDA";"INSTITUTO CREDIBILIDADE";"Governador, Senador, Deputado Federal, Deputado Estadual";"2026-04-28 00:00:00";"2026-04-29 00:00:00";"2026-05-10 00:00:00";404;"9177";"DIOGENES VITOR DA SILVEIRA";"5000,00";"A metodologia empregada nesta pesquisa utilizou uma amostragem aleatória estratificada proporcional por sexo, idade, escolaridade e renda distribuídas na zona urbana e rural através de entrevistas domiciliares e individuais no município de MIGUEL ALVES (PI). Sendo a coleta dos dados realizada por meio de tablets/smartphones. A Pesquisa foi realizada no período 28 e 29  de abril de 2026 nos bairros e povoados descriminadas no plano amostral com um total de 404 entrevistas.";"O método de amostragem utilizada nesta pesquisa quantitativa eleitoral foi através de uma amostra probabilística aleatória estratificada proporcional (tabela abaixo), visto que a população de origem é considerada heterogênea, pois a mesma estará dividida em estratos referentes de acordo a divisão geopolítica do município MIGUEL ALVES - PI. Para isso, foi elaborado inicialmente um questionário de pesquisa (em anexo), como ferramenta de coleta de dados em que as variáveis que serão coletadas do público-alvo analisado em cada zona rural e/ou urbana de cada bairro/povoado citado são: renda (em salários mínimos), escolaridade, idade e sexo. Sendo que, as variáveis sexo, idade e escolaridade, terão as escalas distribuídas de acordo com as estatísticas do Tribunal Superior Eleitoral (TSE) de março de 2026. Enquanto que a variável renda do chefe do domicílio, segundo o que estabelece o Instituto Brasileiro de Geografia e Estatística (IBGE). Para a realização do estudo levantou-se o tamanho populacional de eleitores pertencente ao município de MIGUEL ALVES - PI, e com uma margem de erro de 4.86pp para mais ou para menos e uma margem de confiança de 95%, chegou-se em uma amostra significativa e aleatória de 404 eleitores pesquisados, assim distribuídos: SEXO: MASCULINO (194), FEMININO (210); FAIXA ETÁRIA De 16 e 17 anos (8) De 18 a 24 anos (80), de 25 a 34 anos(89), de 35 a 44 anos (80), de 45 a 59 anos (56),60 anos ou mais (91); ESCOLARIDADE: Analfabeto (51) Lê e escreve (71), Ensino Fundamental incompleto/completo(131), Ensino Médio: completo e incompleto (130), Ensino Superior: Completo e Incompleto (21); RENDA: Até 1 salário (168) entre 1,1 e 2 salários (156), Mais de 2 salários Mínimos(80).";"Checagem pelo supervisor em pelo menos 20% dos questionários aplicados em campo/telefone e 100% supervisão interna dos questionários aplicados e crítica dos dados. Questionários aplicados eletronicamente, por meio de tablets/smartphones, com sistema próprio de pesquisa, formulação e tabulação.";"ZONA URBANA	QUANT
 Centro	34
 Angelim/São Miguel	28
 Coheb	27
 Matadouro	24
 Forquilha Velha	21
 Alto Bela Vista	20
 Vacaria	19
 Forquilha Nova	17
 Beiro Rio	12
Total	202
	
ZONA RURAL	QUANT
 Centro do Designio	17
 Calção Redondo	15
 Lembrança/Teteus	15
 Muquém/Sambaiba	15
 Lustosa/Gameleira/Lagoinha	15
 Vila Santa Cruz/Exú	15
 Angelim/Baixinha	14
 Barro Branco/Tapuio	12
 Cupins/Belo Moda	12
 Tamaduá/P.Velho/Santo Antônio	11
 São José dos Monteiros	11
 Matões/Macaco	10
 São Pedro/Condessa	10
 Poço Novo	10
 Vila Matões/Angico Branco	10
 Vila Tapuio/Barro Branco	10
Total	202

"
"07/08/2026";"05:47:04";2026;81;"Eleições Gerais 2026";"PI";"PI";"PIAUÍ";"PI097342026";"2026-04-13 21:56:10";"N";"15563771000164";"INSTITUTO CREDIBILIDADE LTDA";"INSTITUTO CREDIBILIDADE";"Senador";"2026-04-09 00:00:00";"2026-04-11 00:00:00";"2026-04-19 00:00:00";700;"9177";"DIOGENES VITOR DA SILVEIRA";"6000,00";"A metodologia empregada nesta pesquisa utilizou uma amostragem aleatória estratificada proporcional por sexo, idade, escolaridade e renda distribuídas na zona urbana e rural através de entrevistas domiciliares e individuais no município de PEDRO II (PI), sendo a coleta dos dados realizada por meio de tablets/smartphones. A Pesquisa foi realizada no período de 09 A 11 de abril de 2026 nos bairros descriminadas no plano amostral com um total de 700 entrevistas";"O método de amostragem utilizada nesta pesquisa quantitativa eleitoral foi através de uma amostra probabilística aleatória estratificada proporcional (tabela abaixo), visto que a população de origem é considerada heterogênea, pois a mesma estará dividida em estratos referentes de acordo a divisão geopolítica do município de PEDRO II(PI). Para isso, foi elaborado inicialmente um questionário de pesquisa (em anexo), como ferramenta de coleta de dados em que as variáveis que serão coletadas do público-alvo analisado em cada zona rural e/ou urbana de cada bairro citado são: renda (em salários mínimos), escolaridade, idade e sexo. Sendo que, as variáveis sexo, idade e escolaridade, terão as escalas distribuídas de acordo com as estatísticas do Tribunal Superior Eleitoral (TSE) de fevereiro de 2026. Enquanto que a variável renda do chefe do domicílio, segundo o que estabelece o Instituto Brasileiro de Geografia E estatística (IBGE). As escolhas de base de ambos os institutos foram selecionadas, pois não se diverge da classificação eleitoral proposta pelo TSE. Ainda, para a realização do estudo levantou-se o tamanho populacional de eleitores pertencente ao município de PEDRO II(PI), e com uma margem de erro de 3.60% para mais ou para menos e uma margem de confiança de 95%, chegou-se em uma amostra significativa e aleatória de 700 eleitores pesquisado, assim distribuídos: Sexo: Entrevistas: Masculino(343)Feminino (357) Idade: Entrevistas 16 e 17 anos (14) 18 a 24 anos (91) 25 a 34 anos (135) de 35 a 44 anos(127) de 45 a 59 anos (154) e + 60 anos (179) Grau de Instrução Entrevistas Analfabeto(99) Lê e escreve(114) Fundamental Completo e Incompleto (217) Ensino Médio Completo e Incompleto (217)Superior Completo e Incompleto (53) Renda Familiar: Entrevistas até 1621,00 (343) de 1621,01 a 3.242,00(217) de3.242,01ou mais (140).";"Com o objetivo de garantir que o estudo não é passível de víeis que beneficie determinados públicos-alvo ou algum segmento partidário, a equipe aplicadora dos questionários de pesquisas formada por 04 entrevistadores e 1 supervisor de campo. Assim, todos os questionários serão supervisionados no trabalho de campo pelo supervisor (diretamente ou acompanhamento) e 20% dos questionários checados posteriormente (diretamente no local ou por telefone) pelo supervisor, para evitar erros que corroborem com alguma tendência dos dados. Haverá ainda uma supervisão interna de todos os questionários (700) aplicados e uma análise crítica dos dados digitados no software de análise estatística.";"ZONA URBANA	
Vila Kolping	75
 Centro	70
 Santa Fé	59
 Areia Branca	39
 Vila Operária	39
 Capelinha	37
 Mutirão	37
 Cristo Rei	36
 Boa Esperança	35
 Saborá	30
 Conjunto Santa Maria A|lves	25
 Caixa D´Água	25
 São Francisco	25
 Flor de Lis	20
 Engenho Novo	20
 Avenida José Lourenço	20
 Conjunto Itamarati	20
 Chapadinha	19
 Cruzeiro	15
 Campestre	15
 Barragem	15
 Pirapora	14
 Barra dos Medeiros	10
Total	700

"
"07/08/2026";"05:47:04";2026;81;"Eleições Gerais 2026";"PI";"PI";"PIAUÍ";"PI088532026";"2026-05-30 23:14:25";"S";"47425567000173";"IPPI PESQUISAS E CONSULTORIA LTDA";"IPPI - PESQUISAS E CONSULTORIAS";"Governador, Senador, Deputado Federal, Deputado Estadual";"2026-05-25 00:00:00";"2026-05-28 00:00:00";"2026-06-05 00:00:00";400;"10644";"Antonio Alberto Ibiapina Costa Filho40";"5000,00";"A metodologia empregada nesta pesquisa utilizará uma amostragem aleatória estratificada proporcional por sexo, idade, escolaridade e renda distribuídas na zona urbana e rural através de entrevistas domiciliares e individuais no município de Floriano-PI. A Pesquisa foi realizada no período de 25 a 28 de maio de 2026 nos bairros e povoados descriminados no plano amostral com um total de 400 entrevistas.";"O método de amostragem que será utilizado nesta pesquisa quantitativa eleitoral será através de uma amostra probabilística aleatória estratificada proporcional (tabela abaixo), visto que a população de origem é considerada heterogênea, pois a mesma estará dividida em estratos referentes de acordo com a divisão geopolítica do referido município. Para isso, foi elaborado inicialmente um questionário de pesquisa (em anexo), como ferramenta de coleta de dados em que as variáveis que serão coletadas do público-alvo analisado em cada zona rural e/ou urbana do município citado são: renda (em salários mínimos), escolaridade, idade e sexo. Sendo que, as variáveis sexo, idade e escolaridade, terão as escalas distribuídas de acordo com as estatísticas do Tribunal Superior Eleitoral (TSE) de março de 2026, referentes ao município de Floriano ¿ PI. Enquanto que a variável renda do chefe do domicílio, segundo o que estabelece o Instituto Brasileiro de Geografia e Estatística (IBGE), através do Censo de 2022. As escolhas de base de ambos os órgãos foram selecionadas, pois não se diverge da classificação eleitoral proposta pelo TSE. Ainda, para a realização do estudo levantou-se o tamanho populacional de eleitores pertencente ao referido município, e com uma margem de erro de 4,90% para mais ou para menos e uma margem de confiança de 95%, chegou-se em uma amostra significativa e aleatória de 400 eleitores a pesquisar, assim distribuídos: Sexo/Gênero: Masculino: 184. Feminino: 216
Faixa Etária: 16 a 24 anos: 58;  25 a 34 anos: 80;  35 a 44 anos: 84;  45 a 59 anos: 94;  60 anos ou mais: 84. Grau de Instrução: Analfabeto / Lê e escreve: 56;  Ensino Fundamental completo ou incompleto: 100; Ensino Médio completo ou incompleto: 184; Superior incompleto: 21; Superior completo: 39. Renda Familiar por Domicílio: Até R$ 1.621,00 (até 1 SM): 188;  De R$ 1.621,01 até R$ 3.242,00 (mais de 1 SM até 2 SM): 106; De R$ 3.242,01 até R$ 4.863,00 (mais de 2 SM até 3 SM): 54;  De R$ 4.863,01 até R$ 8.105,00 (mais de 3 SM até 5 SM): 38;  Mais de R$ 8.105,01 (mais de 5 SM): 14";"Com o objetivo de garantir que o estudo não é passível de víeis que beneficie determinados públicos-alvo ou algum segmento partidário, a equipe aplicadora dos questionários de pesquisas será formada por 5entrevistadores e 1 supervisor de campo. Assim, todos os questionários serão supervisionados no trabalho de campo pelo supervisor (diretamente ou acompanhamento) e 20% dos questionários serão checados posteriormente (diretamente no local ou por telefone) pelo supervisor, para evitar erros que corroborem com alguma tendência dos dados. Haverá ainda uma supervisão interna de todos os questionários (400) aplicados e uma análise crítica dos dados digitados no software de análise estatística. Será usado o sistema de coleta ipesquisas.";"Urbano: Centro 24 Irapuã II 24 Manguinha 21 Sambaíba Velha 19 Sambaíba Nova 19 Irapuã I 18 Catumbi 18 Caixa D'água 17 Curador 15 Malária 13 Pau Ferrado 12 Tamboril 12 Tiberão 12 Ibiapaba 11 Bom Lugar 09 São Borja 08 Cancela 08 Pedro Simplício 08 Riacho Fundo 07 Viazul 07 Alto de Cruz 07 Bosque Santa Teresinha 06 Campo Velho 05 Morro de Tiro 05 Matadouro 04 Paraíso 04 Planalto Sambaíba 04 Alto de Guia 04 Vila Leão 04 Hermes Pacheco 04 Meladão 04 Rede Nova 03 Curtume 02 Juá 02 Taboca 02 Nossa Senhora de Guia 02 Canoas 02 Santa Rita 01 POVOADOS: Coelho 07 Boqueirão 07 Cajueiro I 07 L3 07 Amolar 07 Vereda Grande 07 Estado (Taboleirinho) 06 Manga 06"
"07/08/2026";"05:47:04";2026;81;"Eleições Gerais 2026";"PI";"PI";"PIAUÍ";"PI089392026";"2026-01-22 22:33:53";"N";"11186543000161";"ROGERIO M. P. MOURA - ME";"DATA MAX";"Governador, Senador";"2026-01-13 00:00:00";"2026-01-18 00:00:00";"2026-01-28 00:00:00";1000;"10172";"DAVID LEAL DE CARVALHO";"70000,00";" Metodologia empregada: Amostragem aleatória por cotas de sexo, faixa etária, grau de instrução, renda familiar. Entrevistas domiciliares e individuais. Coleta dos dados realizada por meio de entrevistas domiciliares.";"Plano amostral e ponderação quanto a sexo, faixa etária, grau de instrução e nível econômico do entrevistado; nível de confiança e margem de erro; Amostragem por cotas. O conjunto do eleitorado do estado do Piauí. As variáveis: sexo, faixa etária e grau de instrução são ponderadas de acordo com as Estatísticas do Eleitorado do Piauí segundo ao Tribunal Superior Eleitoral de 2022. A variável classe de renda domiciliar é ponderada de acordo com a estatística do Censo Demográfico IBGE 2010. O nível de confiança é de 95% com margem de erro de 3,09% para mais ou para menos, nas estatísticas apresentadas para o total da amostra levantada considerando variância máxima, p=0,50; p =0,50. Cotas de sexo: Masculino 482(42,22%), Feminino 518(51,78%), Cotas de faixa etária: 16 a 24anos 139(13,92%), 25 a 34anos 196(19,62%), 35a 44 anos 204(20,43%), 45 a 59 anos 244(24,40%), 60 e + anos 217(21,63%), Cotas de grau de instrução: Analfabeto 79(7,89%), lê e escreve 130(13,06%), Ensino fundamental incompleto/completo 280(28,02%), Ensino médio incompleto/completo 390(38,99%), superior incompleto/completo 121(12,04%), Cotas de classe de renda: Até 1 SM 799(79,90%), de 1 a 2 SM 117(11,70%), de 2 a 5 SM 56(5,60%), de 5 a 10 SM 18(1,80%), acima de 10 SM 10(1,0%).";"Supervisão interna em 100% dos questionários aplicados e crítica dos dados digitados feita pelo computador. Checagem direta com retorno e/ou acompanhamento e/ou por telefone feita pelos supervisores de campo em no mínimo 20% dos questionários aplicados, de acordo com a exigência da ABEP. Associação Brasileira de Empresas de Pesquisa. Relatórios de campo, pesquisadores e supervisores.";"Em anexo"
"07/08/2026";"05:47:04";2026;81;"Eleições Gerais 2026";"PI";"PI";"PIAUÍ";"PI011402026";"2026-05-12 11:50:46";"N";"09471067000189";"CENSUS INSTITUTO DE PESQUISAS EIRELI";"CENSUS";"Governador, Senador, Deputado Federal, Deputado Estadual";"2026-04-29 00:00:00";"2026-05-03 00:00:00";"2026-05-18 00:00:00";301;"9356";"Laércio de Sousa Araújo";"5000,00";"Eleitores com 15 anos ou mais de idade com domicílio eleitoral na cidade de BAIXA GRANDE DO RIBEIRO PI e que no momento da pesquisa se encontrava na zona urbana ou rural. Trata-se de uma pesquisa do tipo face a face, domiciliar, espontânea e individual através de uma amostra estratificada em 2 estágios com abordagem aleatória simples através das variáveis gênero, faixa etária, nível de instrução e faixa de renda, de acordo com a resolução do TSE 23.600/19 e alterações pela resolução 23.727/2024, para as pesquisas eleitorais, utilizando dados da estatística do eleitorado do munícipio com fonte no TSE (sig.tse.jus.br) ou TRE-PI no período pesquisado, consultando os dados do IBGE censo 2022 (censo2022.ibge.gov.br/panorama; sidra.ibge.gov.br e cidades.ibge.gov.br) com referência na renda e estimativas populacionais. Conforme treinamentos internos os pesquisadores de campo selecionarão suas amostras em cada setor definido no plano amostral, obedecendo um espaçamento de uma amostra para outra, seguindo critérios de amostras aleatórias simples e em caso de complementação de informação será inserido no sistema até o 7º dia, após o registro no site Pesqele, de acordo com o art2º, §6º e §7º - da res. 23600/19. Para o dimensionamento das variáveis e interpretação dos dados será considerada a base 100%, utilizando regras de arredondamento quando necessário e os resultados serão mensurados em tabelas gráficas e analíticas utilizando 2 casas decimais. Os Questionários serão numerados e estruturados com perguntas espontâneas e estimuladas, sendo as perguntas estimuladas com apresentação por ordem alfabética ou realizadas com uso de técnicas de alternativas randomizadas ou aleatorizadas, dispensando o uso de discos.";"SEXO: MASCULINO (52%), FEMININO (48%); FAIXA ETÁRIA até 24 anos (20,3%), de 25 a 34 anos (24,62%), de 35 a 44 anos (22,08%), de 45 a 59 anos (19,2%), 60 anos ou mais (13,8%); ESCOLARIDADE: Analfabeto (5,9%), Lê e escreve (13%), 1º Grau inc/comp (32,2%), 2º Grau inc/comp (40,9%), 3º Grau inc/comp (8%); RENDA Sem Rendimento (0,68%), até 1 salário (47,71%), Mais de 1 a 3 Salários (42,67%), Mais 3 a 5 salários (5,53%),mais de 5 salários (3,41%).

O objetivo de indicar a margem de erro é a influência que tem o tamanho da amostra usada na precisão dos resultados, quando a amostra for probabilística. Para fins de comparação com a amostra sugerida, a margem de erro seria de 5,66% (para mais ou menos), com nível de confiança de 95%, nível de significância de 5%, com P = 0,5.";"Equipe formada por pesquisadores, supervisor, estatístico, analista de sistemas, contador e advogado, totalizando em equipes divididas em trabalhos externos e trabalhos internos, sendo fornecido tais identificações caso seja necessária, conforme preconiza o artigo 13 da Resolução 23600/20219. Checagem da supervisão in loco em pelo menos 30% da aplicação dos questionários nas zonas urbanas e rural e 100% na tabulação. Questionários digital elaborado de acordo com os objetivos da pesquisa, aplicados através de equipamentos eletrônicos com sistema de coleta próprio (sistemas eletrônicos em acordo o que diz o art.2º §8º - da res. 23600/19) e com transmissão de dados em tempo real e monitoramento de 100% do percurso por fluxo de GPS. Coordenação interna e treinamento dos pesquisadores em sede local, com cadastro completo disponíveis de todos os dados referentes a equipe técnica e de campo da pesquisa.";"ZONA URBANA Alberon Borges ¿ 26, Bairro Sta Luzia ¿ 26, Bairro de Fátima ¿ 27, Centro ¿ 78, Fortaleza ¿ 26, Bairro Vermelho ¿ 7, Sonrisal ¿ 17. ZONA RURAL: Estribo ¿ 2, Bacabal ¿ 2, Pov. Formosa ¿ 7, Pau Dólio ¿ 2, Barra das Colheres ¿ 2, Cabeceiras das Colheres ¿ 2, Cabeceira do Riachão ¿ 2, Agrovila ¿ 5, Brejo das Meninas ¿ 2, Pindaíba ¿ 2. Chiqueiro ¿ 2, Cabeça d´Água ¿ 2, Piaçaba ¿ 2, Brejo Feio ¿ 2, Angical ¿ 2, Boa Vista ¿ 2, Riacho da Areia ¿ 2, Retiro I ¿ 4, Retiro II ¿ 1, Lagoa ¿ 2, Vão do Taboca ¿ 2, Veredão ¿ 3, Pau-Louro ¿ 2, Mato Cajá ¿ 3, Cacimba ¿ 2, Mato Frio ¿ 3, Rudiador ¿ 10, Taboca ¿ 3, Travessia ¿ 2, Buritirana ¿ 3, Alto Bonito ¿ 2, Almecegas ¿ 10.
"
"07/08/2026";"05:47:04";2026;81;"Eleições Gerais 2026";"PI";"PI";"PIAUÍ";"PI022442026";"2026-05-04 21:43:40";"N";"10320257000184";"INSTITUTO PIAUIENSE DE OPINIAO PUBLICA LTDA - EPP";"AMOSTRAGEM OPINIAO E MERCADO";"Governador";"2026-04-30 00:00:00";"2026-05-04 00:00:00";"2026-05-10 00:00:00";400;"CONRE  - 5ª REGIÃO Nº 6695";"JOÃO BATISTA MENDES TELES";"11500,00";"Metodologia empregada: Amostragem não aleatória por cotas de gênero, faixa etária, grau de instrução, renda familiar, zona (urbana e rural), bairros e povoados. Entrevistas domiciliares e individuais. Coleta dos dados realizada por meio de SMARTPHONE/ TABLET, utilizando a plataforma iPesquisa.net.";"Amostragem por cotas. O conjunto do eleitorado do município é distribuído proporcionalmente por gênero, faixa etária, grau de instrução, classe de renda domiciliar. As variáveis: gênero, faixa etária e grau de instrução são ponderadas de acordo com as Estatísticas do Eleitorado do Piauí, TSE,   MARÇO   de   2026   referente ao município JOSÉ DE FREITAS-PI. A variável classe de  renda  domiciliar  é  ponderada  de  acordo com as estatística do Censo Demográfico IBGE. O número de entrevistas dos bairros e povoados são ponderados de acordo com o número de domicílios por setor censitário, do Censo Demográfico IBGE 2022.  O  nível  de  confiança  é  de   95%  com   margem   de   erro   de    4,8%  para  mais  ou  para menos, nas estatísticas apresentadas para o total da amostra levantada considerando variância máxima, p=0,50; 1 - p = 0,50.


Cotas de gênero: Masculino (196), Feminino (204), 

Cotas de faixa etária:   16 a 24 anos (57), 25 a 34 anos (79), 35 a 44 anos (89), 45 a 59 anos (94), 60 e + anos (81), 

Cotas de grau de instrução: Analfabeto (32), lê e escreve (33), Ensino fundamental incompleto/completo (128), Ensino médio incompleto/completo (172), superior incompleto (14), superior completo (21), 

Cotas de classe de renda domiciliar:    Até R$ 1.621,00 (126),   de R$ 1.621,01 à R$ 3.242,00 (138),  de R$ 3.242,01 à R$ 8.105,00 (114), mais de R$ 8.105,01 (22).";"Supervisão interna em 100% dos questionários aplicados e crítica dos dados digitados feita pelo computador.  A checagem direta com retorno e/ou acompanhamento é feita pelo supervisor de campo, enquanto que a checagem por telefone é realizada a partir do banco de dados gerado pela plataforma iPesquisa.net, em no mínimo 20% dos questionários aplicados, de acordo com a exigência da ABEP - Associação Brasileira de Empresas de Pesquisa. Relatórios de campo - pesquisadores e supervisores.";"BAIRROS E POVOADOS PESQUISADOS:

BAIRROS:								
Centro, Conjunto Dirceu Arcoverde, Suco de Uva, São Pedro, Santo Antônio, Matadouro, Fátima, Santa Rosa, Conjunto Edgar Gayoso, Ipiranga, Deus Me Deu, Capão de Forno (Cidade Nova), Marmelada, Mutirão, Santa Luzia, Matinha, Barragem.								

POVOADOS:
São Mateus, Caiçara, Olinda, Felicidade, Mocambo, Santo Antônio, São Luís, Carvalho, Graciosa, Lagoa do Piripiri, Ema."
"07/08/2026";"05:47:04";2026;81;"Eleições Gerais 2026";"PI";"PI";"PIAUÍ";"PI080812026";"2026-07-09 21:11:18";"N";"19190101000109";"OPINAR PESQUISAS LTDA.";"OPINAR PESQUISAS";"Senador";"2026-07-06 00:00:00";"2026-07-08 00:00:00";"2026-07-15 00:00:00";1200;"8749";"KLEISON DE PAIVA FREITAS";"67105,00";"A metodologia empregada nesta pesquisa utilizará uma amostragem aleatória estratificada proporcional por sexo, idade, escolaridade e renda distribuídas na zona urbana e rural através de entrevistas domiciliares e individuais no estado do PIAUÍ, sendo a coleta dos dados realizada por meio de SMARTPHONE/ TABLET. A Pesquisa foi realizada no período de 06 a 08 de julho de 2026 nos municípios descriminadas no plano amostral com um total de 1200 entrevistas. A empresa possui registro no conselho federal de estatística nº 8648.";"O método de amostragem que será utilizada nesta pesquisa quantitativa eleitoral será através de uma amostra probabilística aleatória estratificada proporcional (tabela abaixo), visto que a população de origem é considerada heterogênea, pois ela está dividida em estratos referentes de acordo a divisão geopolítica dos municípios amostrados. 
Para isso, foi elaborado inicialmente um questionário de pesquisa (em anexo), como ferramenta de coleta de dados em que as variáveis que serão coletadas do público-alvo analisado em cada zona rural e/ou urbana de cada município citado são: renda (em salários-mínimos), escolaridade, idade e sexo. Sendo que, as variáveis sexo, idade e escolaridade, terão as escalas distribuídas de acordo com as estatísticas do Tribunal Superior Eleitoral (TSE) de junho de 2026. Enquanto a variável renda do chefe do domicílio, segundo o que estabelece o Instituto Brasileiro de Geografia e Estatística (IBGE) na Pesquisa Nacional por Amostra de Domicílios (PNAD contínua 2025). As escolhas de base de ambos os institutos foram selecionadas, pois não se diverge da classificação eleitoral proposta pelo TSE. Ainda, para a realização do estudo levantou-se o tamanho populacional de eleitores pertencente aos municípios amostrados, e com uma margem de erro de 2,83% para mais ou para menos e uma confiança de 95%, chegou-se em uma amostra significativa e aleatória de 1200 eleitores a pesquisar, assim distribuídos:
Sexo	Entrevistas
FEMININO	621
MASCULINO	579
Idade	Entrevistas
16 e 17 anos 	29
18 a 24 anos	150
25 a 34 anos	231
35 a 44 anos	240
45 a 59 anos	290
60 e + 60 anos	260
Grau de Instrução	Entrevistas
Analfabeto	92
Lê e escreve	152
Fundamental	331
Médio	481
Superior	144
Renda 	Entrevistas
até 1621,00	687
de 1621,01 a 3242,00	313
mais de 3242,01 	200

";"Com o objetivo de garantir que o estudo não é passível de viés que beneficie determinados públicos-alvo ou algum segmento partidário, a equipe aplicadora dos questionários de pesquisas será formada por 25 entrevistadores e 6 supervisores de campo. Assim, todos os questionários serão supervisionados no trabalho de campo pelo supervisor (diretamente ou acompanhamento) e 20% dos questionários serão checados posteriormente (diretamente no local ou por telefone) pelo supervisor, para evitar erros que corroborem com alguma tendência dos dados. Haverá ainda uma supervisão interna de todos os questionários (1200) aplicados e uma análise crítica dos dados digitados no software de análise estatística.";"Entrevistas domiciliares e individuais nos seguintes municípios e respectivas macros dos territórios de desenvolvimento: CERRAD0S(AVELINO LOPES, BAIXA GRANDE DO RIBEIRO, BOM JESUS, CANTO DO BURITI, CORRENTE, CRISTINO CASTRO, CURIMATÁ, CURRAIS, FLORIANO, GILBUÉS, ITAUEIRA, JERUMENHA, MARCOS PARENTE, MONTE ALEGRE DO PIAUÍ, REDENÇÃO DO GURGUÉIA, RIBEIRO GONÇALVES, URUÇUÍ), LITORAL(BURITI DOS LOPES, COCAL, LUIS CORREIA, PARNAÍBA), MEIO NORTE(ALTOS, ANGICAL DO PIAUÍ, BARRAS, BARRO DURO, BATALHA, CAMPO MAIOR, CAPITÃO DE CAMPOS, CASTELO DO PIAUÍ, COCAL DE TELHA, DEMERVAL LOBÃO, ESPERANTINA, JOAQUIM PIRES, JOSÉ DE FREITAS, LUZILÂNDIA, NAZÁRIA, NOSSA SENHORA DOS REMÉDIOS, PIRACURUCA, PIRIPIRI, PORTO, SÃO MIGUEL DO TAPUIO, TERESINA, UNIÃO, ÁGUA BRANCA)E SEMI ÁRIDO(ACAUÃ, ANÍSIO DE ABREU, BONFIM DO PIAUÍ, CARACOL, CARIDADE DO PIAUÍ, COLÔNIA DO PIAUÍ, CORONEL JOSÉ DIAS, DOM EXPEDITO LOPES, ELESBÃO VELOSO, FRANCISCO SANTOS, INHUMA, IPIRANGA DO PIAUÍ, JACOBINA DO PIAUÍ, JAICÓS, OEIRAS, PAULISTANA, PICOS, PIO IX, SANTO ANTÔNIO DE LISBOA, SIMPLÍCIO MENDES, SIMÕES, SUSSUAPARA, SÃO JOÃO DO PIAUÍ, SÃO RAIMUNDO NONATO, TANQUE DO PIAUÍ, VALENÇA DO PIAUÍ)

"
"07/08/2026";"05:47:04";2026;81;"Eleições Gerais 2026";"PI";"PI";"PIAUÍ";"PI019572026";"2026-05-14 23:32:49";"N";"55498337000162";"A J TECH LTDA";"VETOR TECNOLOGIA E PESQUISAS";"Governador, Senador, Deputado Federal, Deputado Estadual";"2026-05-12 00:00:00";"2026-05-16 00:00:00";"2026-05-20 00:00:00";1600;"9356";"Laércio de Sousa Araújo";"37000,00";"Eleitores com 15 anos ou mais de idade com domicílio eleitoral na cidade selecionada do Estado do PIAUÍ e que no momento da pesquisa se encontrava na zona urbana (centro e adjacências) ou rural (comunidades da cidade). Trata-se de uma pesquisa do tipo face a face, domiciliar, espontânea e individual através de uma amostra estratificada com 3 estágios e abordagem aleatória simples através das variáveis gênero, faixa etária, nível de instrução e faixa de renda, de acordo com a resolução do TSE 23.600/19 e alterações pela resolução 23.727/2024, para as pesquisas eleitorais, utilizando dados da estatística do eleitorado do munícipio com fonte no TSE (sig.tse.jus.br) ou TRE-PI no período pesquisado, consultando os dados do IBGE censo 2022 (censo2022.ibge.gov.br/panorama; sidra.ibge.gov.br e cidades.ibge.gov.br) com referência na renda e estimativas populacionais. Conforme treinamentos internos os pesquisadores de campo selecionarão suas amostras em cada setor definido no plano amostral, obedecendo um espaçamento de uma amostra para outra, seguindo critérios de amostras aleatórias simples e em caso de complementação de informação será inserido no sistema até o 7º dia, após o registro no site Pesqele, de acordo com o art2º, §6º e §7º - da res. 23600/19. Para o dimensionamento das variáveis e interpretação dos dados será considerada a base 100%, utilizando regras de arredondamento quando necessário e os resultados serão mensurados em tabelas gráficas e analíticas utilizando 2 casas decimais. Os Questionários serão numerados e estruturados com perguntas espontâneas e estimuladas, sendo as perguntas estimuladas com apresentação por ordem alfabética ou realizadas com uso de técnicas de alternativas randomizadas ou aleatorizadas, dispensando o uso de discos.";"Plano Amostral Estadual Definido Por: SEXO: MASCULINO (48%), FEMININO (52%); FAIXA ETÁRIA até 24 anos (14,5%), de 25 a 34 anos (19,41%), de 35 a 44 anos (20,14%), de 45 a 59 anos (24,25%), 60 anos ou mais (21,7%); ESCOLARIDADE: Analfabeto (7,78%), Lê e escreve (12,8%), 1º Grau inc/comp (27,72%), 2º Grau inc/comp (39,68%), Superior completo (7,52%); Superior incompleto (4,5%); RENDA Sem Rendimento (1,89%), até 1 salário (60,02%), Mais de 1 a 3 Salários (28,04%), Mais 3 a 5 salários (5,86%),mais de 5 salários (4,19%).

O objetivo de indicar a margem de erro é a influência que tem o tamanho da amostra usada na precisão dos resultados, quando a amostra for probabilística. Para fins de comparação com a amostra sugerida, a margem de erro seria de 2,45% (para mais ou menos), com nível de confiança de 95%, nível de significância de 5%, com P = 0,5.";"Equipe multiprofissional formada por pesquisadores, supervisores, estatístico, analista de sistemas, contador e advogado, divididos em trabalhos externos e internos, sendo fornecido tais identificações caso seja necessária, conforme preconiza o artigo 13 da Resolução 23600/2019. Checagem da supervisão in loco em pelo menos 30% da aplicação dos questionários nas zonas urbanas e rural e 100% na tabulação. Questionários digital elaborado de acordo com os objetivos da pesquisa, aplicados através de equipamentos eletrônicos com sistema de coleta próprio (sistemas eletrônicos em acordo o que diz o art.2º §8º - da res. 23600/19) e com transmissão de dados em tempo real e monitoramento de 100% do percurso por fluxo de GPS. Coordenação interna e treinamento dos pesquisadores em sede local, com cadastro completo disponíveis de todos os dados referentes a equipe técnica e de campo da pesquisa.";"JOSÉ DE FREITAS 36, UNIÃO 39, MIGUEL ALVES	28, BARRAS 39, BATALHA 23, ESPERANTINA 33, PARNAÍBA 118, LUÍS CORREIA 28, COCAL 23, PIRACURUCA	26, PIRIPIRI 54, PEDRO II 36, CAMPO MAIOR 36, ALTOS	37, CAPITÃO DE CAMPOS 11, SÃO MIGUEL DO TAPUIO 16, ÁGUA BRANCA 16, REGENERAÇÃO 15, AMARANTE 16, FLORIANO 45, CANTO DO BURITI 16, SÃO RAIMUNDO NONATO 28, SÃO JOÃO DO PIAUÍ 15, PAULISTANA 17, SIMÕES 13, MARCOLÂNDIA	9, PIO IX 15, FRONTEIRAS 10, JAICÓS 14, PICOS 55, VALENÇA DO PIAUÍ 18, ELESBÃO VELOSO 14, DEMERVAL LOBÃO 14, GUADALUPE 9, ISAÍAS COELHO 6, BAIXA GRANDE DO RIBEIRO 12, NAZARÉ DO PIAUÍ 7, SÃO FRANCISCO DO PIAUÍ 6, PIMENTEIRAS 9, ITAINÓPOLIS 10, CASTELO DO PIAUÍ 17, INHUMA 13, OEIRAS 31, COLÔNIA DO PIAUÍ	6, SIMPLÍCIO MENDES 10, BOM JESUS 20, MONTE ALEGRE DO PIAUÍ 10, GILBUÉS 9, CORRENTE 21, URUÇUÍ 19, ANÍSIO DE ABREU 7, CARACOL 9, DOM INOCÊNCIO	8, MONSENHOR HIPÓLITO 8, FRANCISCO SANTOS	7, ITAUEIRA 9, RIO GRANDE DO PIAUÍ 5, CURIMATÁ 9, AVELINO LOPES 10, TERESINA 400."
"07/08/2026";"05:47:04";2026;81;"Eleições Gerais 2026";"PI";"PI";"PIAUÍ";"PI016682026";"2026-04-17 19:00:03";"N";"15563771000164";"INSTITUTO CREDIBILIDADE LTDA";"INSTITUTO CREDIBILIDADE";"Governador, Senador, Deputado Federal, Deputado Estadual";"2026-04-13 00:00:00";"2026-04-14 00:00:00";"2026-04-23 00:00:00";400;"9177";"DIOGENES VITOR DA SILVEIRA";"5000,00";"A metodologia empregada nesta pesquisa utilizou uma amostragem aleatória estratificada proporcional por sexo, idade, escolaridade e renda distribuídas na zona urbana e rural através de entrevistas domiciliares e individuais no município de JAICÓS (PI). Sendo a coleta dos dados realizada por meio de tablets/smartphones. A Pesquisa foi realizada no período de 13 e 14 de abril de 2026 nos bairros e povoados descriminadas no plano amostral com um total de 400 entrevistas.";"O método de amostragem utilizada nesta pesquisa quantitativa eleitoral foi através de uma amostra probabilística aleatória estratificada proporcional (tabela abaixo), visto que a população de origem é considerada heterogênea, pois a mesma estará dividida em estratos referentes de acordo a divisão geopolítica do município JAICÓS - PI. Para isso, foi elaborado inicialmente um questionário de pesquisa(em anexo), como ferramenta de coleta de dados em que as variáveis que serão coletadas do público-alvo analisado em cada zona rural e/ou urbana de cada bairro/povoado citado são: renda (em salários mínimos), escolaridade, idade e sexo. Sendo que, as variáveis sexo, idade e escolaridade, terão as escalas distribuídas de acordo com as estatísticas do Tribunal Superior Eleitoral (TSE) de março de 2026. Enquanto que a variável renda do chefe do domicílio, segundo o que estabelece o Instituto Brasileiro de Geografia e Estatística (IBGE). Para a realização do estudo levantou-se o tamanho populacional de eleitores pertencente ao município de JAICÓS - PI, e com uma margem de erro de 4.83pp para mais ou para menos e uma margem de confiança de 95%, chegou-se em uma amostra significativa e aleatória de 400 eleitores pesquisados, assim distribuídos: SEXO: MASCULINO (192), FEMININO (208); FAIXA ETÁRIA De 16 e 17 anos (16) De 18 a 24 anos (55), de 25 a 34 anos(78), de 35 a 44 anos (78), de 45 a 59 anos (96),60 anos ou mais (78); ESCOLARIDADE: Analfabeto (77) Lê e escreve (64), Ensino Fundamental incompleto/completo(112), Ensino Médio: completo e incompleto (110), Ensino Superior: Completo e Incompleto (37); RENDA: Até 1 salário (192) entre 1,1 e 2 salários (144), Mais de 2 salários Mínimos(64).";"Checagem pelo supervisor em pelo menos 20% dos questionários aplicados em campo/telefone e 100% supervisão interna dos questionários aplicados e crítica dos dados. Questionários aplicados eletronicamente, por meio de tablets/smartphones, com sistema próprio de pesquisa, formulação e tabulação.";"ZONA URBANA	QUANT
 Serranopolis	55
 Centro	30
 Pedrinhas	30
 Nossa Senhora das Mercês	25
 Cohab	25
 Mataouro	25
 Alto do Adão	20
 João Melé	13
Total	223
	
ZONA RURAL	QUANT
 Esquisito	19
 Crozal	18
 Santana	18
 V. Queimada	18
 Lagoa do Sambito	13
 Lagoa Achada	13
 Baliza	12
 Gameleira	12
 Santo Antônio	12
 Jacú	12
 Poço do Pato	12
 Capim	12
 Saco da Serra	6
Total	177

"
"07/08/2026";"05:47:04";2026;81;"Eleições Gerais 2026";"PI";"PI";"PIAUÍ";"PI031902026";"2026-07-25 18:14:25";"N";"24520398000155";"INTENCAO INSTITUTO DE PESQUISA LTDA";"INTENCAO INSTITUTO DE PEQUISA";"Governador, Senador, Deputado Federal, Deputado Estadual";"2026-07-22 00:00:00";"2026-07-24 00:00:00";"2026-07-31 00:00:00";300;"9356";"LAERCIO DE SOUSA ARAUJO";"4000,00";"Eleitores com 16 anos ou mais de idade com domicílio eleitoral na cidade de VILA NOVA DO PIAUÍ PI e que no momento da pesquisa se encontrava na zona urbana ou rural. Trata-se de uma pesquisa preferencialmente, domiciliar e individual através de uma amostra estratificada  em 2 estágios com abordagem aleatória simples através das variáveis gênero, faixa etária, nível de instrução e faixa de renda, de acordo com a resolução do TSE 23.600/19 e alterações pela resolução 23.727/2024, para as pesquisas eleitorais, utilizando dados da estatística do eleitorado do munícipio com fonte no TSE (sig.tse.jus.br) ou TRE-PI no período pesquisado, consultando os dados do IBGE censo 2022 (censo2022.ibge.gov.br/panorama; sidra.ibge.gov.br e cidades.ibge.gov.br) com referência na renda e estimativas populacionais. Conforme treinamentos internos os pesquisadores de campo selecionarão suas amostras em cada setor definido no plano amostral, obedecendo um espaçamento de uma amostra para outra, seguindo critérios de amostras aleatórias simples e em caso de complementação de informação será inserido no sistema até o 7º dia, após o registro no site Pesqele, de acordo com o art2º, §6º e §7º - da res. 23600/19. Para o dimensionamento das variáveis e interpretação dos dados será considerada a base 100%, utilizando regras de arredondamento quando necessário e os resultados serão mensurados em tabelas gráficas e analíticas utilizando 2 casas decimais. Os Questionários serão numerados e estruturados com perguntas espontâneas e estimuladas, sendo as perguntas estimuladas com apresentação por ordem alfabética ou realizadas com uso de técnicas de alternativas randomizadas ou aleatorizadas, dispensando o uso de discos. ";"SEXO: MASCULINO (50%), FEMININO (50%); FAIXA ETÁRIA até 24 anos (13,21%), de 25 a 34 anos (19%), de 35 a 44 anos (18,49%), de 45 a 59 anos (26,37%), 60 anos ou mais (22,93%); ESCOLARIDADE: Analfabeto (10,2%), Lê e escreve (19,43%), 1º Grau inc/comp (25,7%), 2º Grau inc/comp (32,35%), 3º Grau inc/comp (12,32%); RENDA Sem Rendimento (5,6%), até 1 salário (68,9%), Mais de 1 a 3 Salários (20,24%), Mais 3 a 5 salários (2,46%),mais de 5 salários (2,8%).

O objetivo de indicar a margem de erro é a influência que tem o tamanho da amostra usada na precisão dos resultados, quando a amostra for probabilística. Para fins de comparação com a amostra sugerida, a margem de erro seria de 5,66% (para mais ou menos), com nível de confiança de 95%, nível de significância de 5%, com P = 0,5.";"Equipe formada por pesquisadores, supervisor, estatístico, analista de sistemas, contador e advogado, totalizando em equipes divididas em trabalhos externos e trabalhos internos, sendo fornecido tais identificações caso seja necessária, conforme preconiza o artigo 13 da Resolução 23600/20219. Checagem da supervisão in loco em pelo menos 30% da aplicação dos questionários nas zonas urbanas e rural e 100% na tabulação. Questionários digital elaborado de acordo com os objetivos da pesquisa, aplicados através de equipamentos eletrônicos com sistema de coleta próprio (sistemas eletrônicos em acordo o que diz o art.2º §8º - da res. 23600/19) e com transmissão de dados em tempo real e monitoramento de 100% do percurso por fluxo de GPS. Coordenação interna e treinamento dos pesquisadores em sede local, com cadastro completo disponíveis de todos os dados referentes a equipe técnica e de campo da pesquisa.";"ZONA URBANA Bairro Ulisses Guimarães 51, Centro 51, Wall Ferraz 26. ZONA RURAL Cacimbas 12, São João Batista 45, São Carlos 7, Retiro I 11, Provisório I 8, Provisorio II 5, Provisorio III 11, Alto Alegre 5, Abaixado 5, Bom Jardim 5, Km 63-70 2, Km70 2, Chapadinha da Alguinha 7, Algodões 5, Lagoa 7, São José 12, Caninhas 11, Mocós 5, Baixa Verde 7."
"07/08/2026";"05:47:04";2026;81;"Eleições Gerais 2026";"PI";"PI";"PIAUÍ";"PI021852026";"2026-04-20 18:03:04";"N";"10320257000184";"INSTITUTO PIAUIENSE DE OPINIAO PUBLICA LTDA - EPP";"AMOSTRAGEM OPINIAO E MERCADO";"Governador, Senador, Deputado Federal, Deputado Estadual";"2026-04-15 00:00:00";"2026-04-18 00:00:00";"2026-04-26 00:00:00";400;"CONRE  - 5ª REGIÃO Nº 6695";"JOÃO BATISTA MENDES TELES";"12000,00";"Metodologia empregada: Amostragem não aleatória por cotas de gênero, faixa etária, grau de instrução, renda familiar, zona (urbana e rural), bairros e povoados. Entrevistas domiciliares e individuais. Coleta dos dados realizada por meio de SMARTPHONE/ TABLET, utilizando a plataforma iPesquisa.net.";"Amostragem por cotas. O conjunto do eleitorado do município é distribuído proporcionalmente por gênero, faixa etária, grau de instrução, classe de renda domiciliar. As variáveis: gênero, faixa etária e grau de instrução são ponderadas de acordo com as Estatísticas do Eleitorado do Piauí, TSE,   MARÇO   de   2026   referente ao município PIRIPIRI-PI. A variável classe de  renda  domiciliar  é  ponderada  de  acordo com as estatística do Censo Demográfico IBGE. O número de entrevistas dos bairros e povoados são ponderados de acordo com o número de domicílios por setor censitário, do Censo Demográfico IBGE 2022.  O  nível  de  confiança  é  de   95%  com   margem   de   erro   de    4,8%  para  mais  ou  para menos, nas estatísticas apresentadas para o total da amostra levantada considerando variância máxima, p=0,50; 1 - p = 0,50.


Cotas de gênero: Masculino (189), Feminino (211), 

Cotas de faixa etária:   16 a 24 anos (53), 25 a 34 anos (78), 35 a 44 anos (78), 45 a 59 anos (96), 60 e + anos (95), 

Cotas de grau de instrução: Analfabeto (55), lê e escreve (48), Ensino fundamental incompleto/completo (100), Ensino médio incompleto/completo (161), superior incompleto (15), superior completo (21), 

Cotas de classe de renda domiciliar:    Até R$ 1.621,00 (116),   de R$ 1.621,01 à R$ 3.242,00 (127),  de R$ 3.242,01 à R$ 8.105,00 (121), mais de R$ 8.105,01 (36).";"Supervisão interna em 100% dos questionários aplicados e crítica dos dados digitados feita pelo computador.  A checagem direta com retorno e/ou acompanhamento é feita pelo supervisor de campo, enquanto que a checagem por telefone é realizada a partir do banco de dados gerado pela plataforma iPesquisa.net, em no mínimo 20% dos questionários aplicados, de acordo com a exigência da ABEP - Associação Brasileira de Empresas de Pesquisa. Relatórios de campo - pesquisadores e supervisores.";"BAIRROS E POVOADOS PESQUISADOS:

Bairros: Anajás,  Barcelona, Caixa D´Água, Campo das Palmas, Centro, Conceição, Crioli, Estação, Flor dos Campos, Floresta, Fonte dos Matos, Garibaldi, Germano / Conjunto Joquinha Cruz / Conjunto IAPEP Germano, Jenipapeiro, Matadouro, Morro da Ana, Morro da Saudade, Paciência, Pedreiras, Petecas / Residencial Petecas I, Residencial Petecas II, Residencial Petecas III,  Residencial Petecas IV, Prado, Recreio / Residencial Parque Recreio, Residencial Abdias Monteiro, Russinha / Residencial Russinha IAPEP, Santa Maria, São Francisco, São João / Residencial José Amâncio / Residencial Nova Alegria, Vila Madrid, Vista Alegre, Ytacoatiara, Conjunto Expedito Rezende.

Povoados: 
Vereda dos Zezinhos, Pé do Morro,  Angical do DNOCS, Pequi, Comunidade Quilombola Marinheiro, Lagoa da Cruz, Formosa, São José, Sertão de Dentro, Olho D´Água Grande, Vertentes, Banda, Caldeirão, São Luís, Furnas."
"07/08/2026";"05:47:04";2026;81;"Eleições Gerais 2026";"PI";"PI";"PIAUÍ";"PI065702026";"2026-05-07 16:58:41";"N";"55105999000125";"INSTITUTO DATA AZ DE PESQUISA LTDA";"INSTITUTO DE PESQUISA DATA AZ";"Senador, Deputado Federal, Deputado Estadual";"2026-05-01 00:00:00";"2026-05-04 00:00:00";"2026-05-13 00:00:00";500;"9356";"Laércio de Sousa Araújo";"4500,00";"Eleitores com 15 anos ou mais de idade com domicílio eleitoral na cidade de PARNAÍBA PI e que no momento da pesquisa se encontrava na zona urbana ou rural. Trata-se de uma pesquisa preferencialmente, domiciliar e individual através de uma amostra estratificada  em 2 estágios com abordagem aleatória simples através das variáveis gênero, faixa etária, nível de instrução e faixa de renda, de acordo com a resolução do TSE 23.600/19 e alterações pela resolução 23.727/2024, para as pesquisas eleitorais, utilizando dados da estatística do eleitorado do munícipio com fonte no TSE (sig.tse.jus.br) ou TRE-PI no período pesquisado, consultando os dados do IBGE censo 2022 (censo2022.ibge.gov.br/panorama; sidra.ibge.gov.br e cidades.ibge.gov.br) com referência na renda e estimativas populacionais. Conforme treinamentos internos os pesquisadores de campo selecionarão suas amostras em cada setor definido no plano amostral, obedecendo um espaçamento de uma amostra para outra, seguindo critérios de amostras aleatórias simples e em caso de complementação de informação será inserido no sistema até o 7º dia, após o registro no site Pesqele, de acordo com o art2º, §6º e §7º - da res. 23600/19. Para o dimensionamento das variáveis e interpretação dos dados será considerada a base 100%, utilizando regras de arredondamento quando necessário e os resultados serão mensurados em tabelas gráficas e analíticas utilizando 2 casas decimais. Os Questionários serão numerados e estruturados com perguntas espontâneas e estimuladas, sendo as perguntas estimuladas com apresentação por ordem alfabética ou realizadas com uso de técnicas de alternativas randomizadas ou aleatorizadas, dispensando o uso de discos.";"SEXO: MASCULINO (47%), FEMININO (53%); FAIXA ETÁRIA até 24 anos (13%), de 25 a 34 anos (20%), de 35 a 44 anos (21%), de 45 a 59 anos (25%), 60 anos ou mais (21%); ESCOLARIDADE: Analfabeto (4,4%), Lê e escreve (8,4%), 1º Grau inc/comp (27%), 2º Grau inc/comp (45%), 3º Grau inc/comp (15,2%); RENDA Sem Rendimento (1,06%), até 1 salário (60,04%), Mais de 1 a 3 Salários (29,21%), Mais 3 a 5 salários (5,54%),mais de 5 salários (4,15%).

O objetivo de indicar a margem de erro é a influência que tem o tamanho da amostra usada na precisão dos resultados, quando a amostra for probabilística. Para fins de comparação com a amostra sugerida, a margem de erro seria de 4,38% (para mais ou menos), com nível de confiança de 95%, nível de significância de 5%, com P = 0,5.";"Equipe formada por pesquisadores, supervisor, estatístico, analista de sistemas, contador e advogado, totalizando em equipes divididas em trabalhos externos e trabalhos internos, sendo fornecido tais identificações caso seja necessária, conforme preconiza o artigo 13 da Resolução 23600/20219. Checagem da supervisão in loco em pelo menos 30% da aplicação dos questionários nas zonas urbanas e rural e 100% na tabulação. Questionários digital elaborado de acordo com os objetivos da pesquisa, aplicados através de equipamentos eletrônicos com sistema de coleta próprio (sistemas eletrônicos em acordo o que diz o art.2º §8º - da res. 23600/19) e com transmissão de dados em tempo real e monitoramento de 100% do percurso por fluxo de GPS. Coordenação interna e treinamento dos pesquisadores, com cadastro completo disponíveis de todos os dados referentes a equipe técnica e de campo da pesquisa.";"ZONA URBANA Cantagalo 2, Pindoroma 14, Reis Velloso 8, São Benedito 10, São Judas Tadeu	6, Catanduvas 2, Almira Silva 2, Ceará 16, Cristo Rei 8, Dom Rufino 14, Broder Ville 10, Primavera 8, Rodoviária 8, Sabiazal 6, Santa Luzia 8, Alto Santa Maria 22, Santa Teresinha 8, São Pedro 2, Alberto Silva 16, Carpina 2, Dirceu Arcoverde 28, São José 12, São Vicente de Paulo 10, Tabuleiro 4, Floriópolis 5, Frei Higino 40, João XXIII 12, Conj. Colinas do Alvorada I e II 10, Nossa Senhora de Monserrat 12, Piauí 32, Betânia 8, Portinho 2, Raul Bacellar I, II e III 16, Simplício Dias 8, Vicente Correia 8, Bebedouro 8, Boa Esperança I, II e III 10, Campos 8, Centro 4, Fazendinha 4, Santa Isabel 	8, Igaraçu 4, Joaz Sousa 12, Medonça Clark	5, Nossa Senhora de Fátima 6, Nossa Senhora do Carmo 5, Nova Parnaíba 14, São Francisco 10. ZONA RURAL: Lambido de Baixo 2, Lambido de Cima	2, Rancharia 4, São José 2, Pedra do Sal 10, Bom Jesus 3."
"07/08/2026";"05:47:04";2026;81;"Eleições Gerais 2026";"PI";"PI";"PIAUÍ";"PI000402026";"2026-04-14 21:18:58";"N";"09471067000189";"CENSUS INSTITUTO DE PESQUISAS EIRELI";"CENSUS";"Governador, Senador, Deputado Federal, Deputado Estadual";"2026-04-10 00:00:00";"2026-04-11 00:00:00";"2026-04-20 00:00:00";300;"9356";"Laércio de Sousa Araújo";"5000,00";"Eleitores com 15 anos ou mais de idade com domicílio eleitoral na cidade de LUZILÂNDIA PI e que no momento da pesquisa se encontrava na zona urbana ou rural. Trata-se de uma pesquisa preferencialmente, domiciliar e individual através de uma amostra estratificada  em 2 estágios com abordagem aleatória simples através das variáveis gênero, faixa etária, nível de instrução e faixa de renda, de acordo com a resolução do TSE 23.600/19 e alterações pela resolução 23.727/2024, para as pesquisas eleitorais, utilizando dados da estatística do eleitorado do munícipio com fonte no TSE (sig.tse.jus.br) ou TRE-PI no período pesquisado, consultando os dados do IBGE censo 2010-2022 com referência na renda e estimativas populacionais (cidades.ibge.gov.br). Conforme treinamentos internos os pesquisadores de campo selecionarão suas amostras em cada setor definido no plano amostral, obedecendo um espaçamento de uma amostra para outra, seguindo critérios de amostras aleatórias simples e em caso de complementação de informação será inserido no sistema até o 7º dia, após o registro no site Pesqele, de acordo com o art2º, §6º e §7º - da res. 23600/19. Questionários numerados e estruturados com perguntas espontâneas e estimuladas, sendo as perguntas estimuladas com classificação por ordem alfabética ou com uso de técnicas de alternativas randomizadas ou aleatorizadas, dispensando o uso de discos.";"SEXO: MASCULINO (49%), FEMININO (51%); FAIXA ETÁRIA até 24 anos (15,33%), de 25 a 34 anos (18,36%), de 35 a 44 anos (21,98%), de 45 a 59 anos (22,37%), 60 anos ou mais (21,96%); ESCOLARIDADE: Analfabeto (13,52%), Lê e escreve (18,42%), 1º Grau inc/comp (29,27%), 2º Grau inc/comp (30,35%), 3º Grau inc/comp (8,44%); RENDA Sem Rendimento (39,6%), até 1 salário (46,7%), Mais de 1 a 3 Salários (11,8%), Mais 3 a 5 salários (1,2%),mais de 5 salários (0,7%).

O objetivo de indicar a margem de erro é a influência que tem o tamanho da amostra usada na precisão dos resultados, quando a amostra for probabilística. Para fins de comparação com a amostra sugerida, a margem de erro seria de 5,66% (para mais ou menos), com nível de confiança de 95%, nível de significância de 5%, com P = 0,5.";"Equipe formada por pesquisadores, supervisor, estatístico, analista de sistemas, contador e advogado, totalizando em equipes divididas em trabalhos externos e trabalhos internos, sendo fornecido tais identificações caso seja necessária, conforme preconiza o artigo 13 da Resolução 23600/20219. Checagem da supervisão in loco em pelo menos 30% da aplicação dos questionários nas zonas urbanas e rural e 100% na tabulação. Questionários digital elaborado de acordo com os objetivos da pesquisa, aplicados através de equipamentos eletrônicos com sistema de coleta próprio (sistemas eletrônicos em acordo o que diz o art.2º §8º - da res. 23600/19) e com transmissão de dados em tempo real e monitoramento de 100% do percurso por fluxo de GPS. Coordenação interna e treinamento dos pesquisadores em sede local, com cadastro completo disponíveis de todos os dados referentes a equipe técnica e de campo da pesquisa.";"ZONA URBANA Bairro São Domingos ¿ 4, Bola de Ouro ¿ 10, Itararé ¿ 5, Alto Bonito ¿ 2, Guabiraba ¿ 8, Centro ¿ 28, Coroa ¿ 8, Igarapé ¿ 8, Caixa d'Água ¿ 8, Cajueirão ¿ 8, Matadouro ¿ 8, Trindade ¿ 7, Res. São Domingos ¿ 6, Conjuntos ¿ 12, Novo Tempo ¿ 6, Morro Macaco ¿ 4, Palmares ¿ 6, Dilma ¿ 6, Novo Oriente ¿ 16, Bela Vista ¿ 7. ZONA RURAL Cardoso ¿ 13, Barrocão ¿ 26, Pov. São Raimundo (Portão) ¿ 13, Pov. DNOCS ¿ 13, Capim Grosso ¿ 26, Bom Lugar ¿ 14, Extremas ¿ 28."
"07/08/2026";"05:47:04";2026;81;"Eleições Gerais 2026";"PI";"PI";"PIAUÍ";"PI095652026";"2026-03-10 21:30:15";"N";"11186543000161";"ROGERIO M. P. MOURA - ME";"DATA MAX";"Governador, Senador, Deputado Federal, Deputado Estadual";"2026-03-04 00:00:00";"2026-03-07 00:00:00";"2026-03-16 00:00:00";400;"10172";"DAVID LEAL DE CARVALHO";"8000,00";"Metodologia empregada: Amostragem aleatória por cotas de sexo, faixa etária, grau de instrução, renda familiar. Entrevistas domiciliares e individuais. Coleta dos dados realizada por meio de entrevistas domiciliares.";"Plano amostral e ponderação quanto a sexo, faixa etária, grau de instrução e nível econômico do entrevistado; nível de confiança e margem de erro; Amostragem por cotas. O conjunto do eleitorado do Município de Parnaíba ¿ PI. As variáveis: sexo, faixa etária e grau de instrução são ponderadas de acordo com as Estatísticas do Eleitorado de Parnaíba ¿ PI, segundo ao Tribunal Superior Eleitoral(TSE) e/ou TRE-PI, no período pesquisado.  A variável classe de renda domiciliar é ponderada de acordo com a estatística do Censo Demográfico IBGE 2022. O nível de confiança é de 95% com margem de erro de 4,89% para mais ou para menos, nas estatísticas apresentadas para o total da amostra levantada considerando variância máxima, p=0,50; p =0,50. Cotas de sexo: Masculino 186(46,50%), Feminino 214(53,50%), Cotas de faixa etária: 16 a 24anos 52(13,01%), 25 a 34anos 80(19,97%), 35 a 44 anos 83(20,85%), 45 a 59 anos 101(25,19%), 60 e + anos 84(20,98%), Cotas de grau de instrução: Analfabeto 18(4,57%), lê e escreve 34(8,60%), Ensino fundamental incompleto/completo 107(26,75%), Ensino médio incompleto/completo 180(44,77%), superior incompleto/completo 61(15,31%), Cotas de classe de renda: Até 1 SM 307(76,67%), de 1 a 2 SM 50(12,39%), de 2 a 5 SM 29(7,27%), de 5 a 10 SM 10(2,59%), acima de 10 SM 04(1,08%).";"Supervisão interna em 100% dos questionários aplicados e crítica dos dados digitados feita pelo computador. Checagem direta com retorno e/ou acompanhamento e/ou por telefone feita pelos supervisores de campo em no mínimo 20% dos questionários aplicados, de acordo com a exigência da ABEP. Associação Brasileira de Empresas de Pesquisa. Relatórios de campo, pesquisadores e supervisores.";"Zonas: Urbana, nos Bairros: Alto Santa Maria, Bebedouro, Beira Rio, Betânia I e II, Boa Esperança, Broderville, Caminho do Alvorada, Campos, Catanduvas, Ceará, Centro, Chafariz, Colinas do Alvorada I e II, Conjunto Dom Rufino I, II, III e IV, Dirceu Arcoverde, Do Carmo, Fátima, Floriópolis, Frei Higino, Igaraçú, João XXIII, Joaz Sousa, Nova Parnaíba, Planalto Mão Santa, Planalto Mont Serrat, Pindorama, Residencial Candido Ataíde, Residencial João Paulo II, Residencial Raul Barcelar, Rodoviária, Sabiasal, Santa Isabel, Santa Luzia, São Benedito, São Francisco da Guarita, São José, São Judas Tadeu, São Vicente de Paula e Tabueleiro, e Rural, nas Localidades: Baixa da Carnaúba, Olho D¿água e Portinho."
"07/08/2026";"05:47:04";2026;81;"Eleições Gerais 2026";"PI";"PI";"PIAUÍ";"PI017972026";"2026-03-07 10:15:44";"N";"11186543000161";"ROGERIO M. P. MOURA - ME";"DATA MAX";"Governador, Senador, Deputado Federal, Deputado Estadual";"2026-02-26 00:00:00";"2026-03-01 00:00:00";"2026-03-13 00:00:00";500;"10172";"DAVID LEAL DE CARVALHO";"8000,00";"Metodologia empregada: Amostragem aleatória por cotas de sexo, faixa etária, grau de instrução, renda familiar. Entrevistas domiciliares e individuais. Coleta dos dados realizada por meio de entrevistas domiciliares.";"Plano amostral e ponderação quanto a sexo, faixa etária, grau de instrução e nível econômico do entrevistado; nível de confiança e margem de erro; Amostragem por cotas. O conjunto do eleitorado do estado do Piauí. As variáveis: sexo, faixa etária e grau de instrução são ponderadas de acordo com as Estatísticas do Eleitorado do Piauí segundo ao Tribunal Superior Eleitoral de 2025. A variável classe de renda domiciliar é ponderada de acordo com a estatística do Censo Demográfico IBGE 2022. O nível de confiança é de 95% com margem de erro de 4,29% para mais ou para menos, nas estatísticas apresentadas para o total da amostra levantada considerando variância máxima, p=0,50; p =0,50. Cotas de sexo: Masculino 225(45,04%), Feminino 275(54,96%), Cotas de faixa etária: 16 a 24anos 58(11,51%), 25 a 34anos 97(19,38%), 35 a 44 anos 109(21,81%), 45 a 59 anos 130(25,99%), 60 e + anos 106(21,31%), Cotas de grau de instrução: Analfabeto 10(2,09%), lê e escreve 23(4,59%), Ensino fundamental incompleto/completo 106(21,11%), Ensino médio incompleto/completo 252(50,47%), superior incompleto/completo 109(21,74%), Cotas de classe de renda: Até 1 SM 334(66,84%), de 1 a 2 SM 83(16,59%), de 2 a 5 SM 50(9,98%), de 5 a 10 SM 20(3,93%), acima de 10 SM 13(2,66%).";"Supervisão interna em 100% dos questionários aplicados e crítica dos dados digitados feita pelo computador. Checagem direta com retorno e/ou acompanhamento e/ou por telefone feita pelos supervisores de campo em no mínimo 20% dos questionários aplicados, de acordo com a exigência da ABEP. Associação Brasileira de Empresas de Pesquisa. Relatórios de campo, pesquisadores e supervisores.";"Em anexo"
"07/08/2026";"05:47:04";2026;81;"Eleições Gerais 2026";"PI";"PI";"PIAUÍ";"PI027302026";"2026-06-09 22:33:57";"N";"55105999000125";"INSTITUTO DATA AZ DE PESQUISA LTDA";"INSTITUTO DE PESQUISA DATA AZ";"Governador, Senador, Deputado Federal, Deputado Estadual";"2026-05-28 00:00:00";"2026-06-06 00:00:00";"2026-06-15 00:00:00";1200;"9356";"Laércio de Sousa Araújo";"15000,00";"Eleitores com 16 anos ou mais de idade com domicílio eleitoral na cidade selecionada do Estado do PIAUÍ e que no momento da pesquisa se encontrava na zona urbana ou rural. Trata-se de uma pesquisa do tipo face a face, domiciliar, espontânea e individual através de uma amostra estratificada com 3 estágios e abordagem aleatória simples através das variáveis gênero, faixa etária, nível de instrução e faixa de renda, de acordo com a resolução do TSE 23.600/19 e alterações pela resolução 23.727/2024, para as pesquisas eleitorais, utilizando dados da estatística do eleitorado do munícipio com fonte no TSE (sig.tse.jus.br) ou TRE-PI no período pesquisado, consultando os dados do IBGE censo 2022 (censo2022.ibge.gov.br/panorama; sidra.ibge.gov.br e cidades.ibge.gov.br) com referência na renda e estimativas populacionais. Conforme treinamentos internos os pesquisadores de campo selecionarão suas amostras em cada setor definido no plano amostral, obedecendo um espaçamento de uma amostra para outra, seguindo critérios de amostras aleatórias simples e em caso de complementação de informação será inserido no sistema até o 7º dia, após o registro no site Pesqele, de acordo com o art2º, §6º e §7º - da res. 23600/19. Para o dimensionamento das variáveis e interpretação dos dados será considerada a base 100%, utilizando regras de arredondamento quando necessário e os resultados serão mensurados em tabelas gráficas e analíticas utilizando 2 casas decimais. Os Questionários serão numerados e estruturados com perguntas espontâneas e estimuladas, sendo as perguntas estimuladas com apresentação por ordem alfabética ou realizadas com uso de técnicas de alternativas randomizadas ou aleatorizadas, dispensando o uso de discos.";"SEXO: MASCULINO (48%), FEMININO (52%); FAIXA ETÁRIA até 24 anos (14,5%), de 25 a 34 anos (19,41%), de 35 a 44 anos (20,14%), de 45 a 59 anos (24,25%), 60 anos ou mais (21,7%); ESCOLARIDADE: Analfabeto (7,8%), Lê e escreve (12,8%), 1º Grau inc/comp (27,7%), 2º Grau inc/comp (39,7%), 3º Grau inc/comp (12%); RENDA Sem Rendimento (1,9%), até 1 salário (60%), Mais de 1 a 3 Salários (28,04%), Mais 3 a 5 salários (5,86%),mais de 5 salários (4,2%).

O objetivo de indicar a margem de erro é a influência que tem o tamanho da amostra usada na precisão dos resultados, quando a amostra for probabilística. Para fins de comparação com a amostra sugerida, a margem de erro seria de 2,48% (para mais ou menos), com nível de confiança de 95%, nível de significância de 5%, com P = 0,5.";"Equipe formada por pesquisadores, supervisor, estatístico, analista de sistemas, contador e advogado, totalizando em equipes divididas em trabalhos externos e trabalhos internos, sendo fornecido tais identificações caso seja necessária, conforme preconiza o artigo 13 da Resolução 23600/20219. Checagem da supervisão in loco em pelo menos 30% da aplicação dos questionários nas zonas urbanas e rural e 100% na tabulação. Questionários digital elaborado de acordo com os objetivos da pesquisa, aplicados através de equipamentos eletrônicos com sistema de coleta próprio (sistemas eletrônicos em acordo o que diz o art.2º §8º - da res. 23600/19) e com transmissão de dados em tempo real e monitoramento de 100% do percurso por fluxo de GPS. Coordenação interna e treinamento dos pesquisadores em sede local, com cadastro completo disponíveis de todos os dados referentes a equipe técnica e de campo da pesquisa.";"Macrorregião 1 - Chapada Vale do Rio Itaim: (Paulistana, Simões, Jaicós, Marcolândia, Queimada Nova, Massapê do Piauí); Macrorregião 2 - Entre Rios: (Teresina, União, Altos, José de Freitas, Miguel Alves, Amarante, Água Branca, Regeneração, Demerval Lobão, Palmeirais, Alto Longá, Nazária); Macrorregião 3 - Vale do Rio Guaribas: (Picos, Pio IX, Itainópolis, Fronteiras, Monsenhor Hipólito, Francisco Santos, Sussuapara, Dom Expedito Lopes); Macrorregião 4 - Chapada das Mangabeiras: (Corrente, Bom Jesus, Avelino Lopes, Monte Alegre do Piauí, Curimatá, Gilbués, Cristino Castro, Parnaguá, Redenção do Gurgueia); Macrorregião 5 - Serra da Capivara: (São Raimundo Nonato, São João do Piauí, Caracol, Dom Inocêncio, Anísio de Abreu, Dirceu Arcoverde) Macrorregião 6 - Vale do Sambito: (Valença do Piauí, Elesbão Veloso, Inhuma, Pimenteiras, Ipiranga do Piauí); Macrorregião 7 - Vale dos Rios Piauí e Itaueiras: (Floriano, Itaueira, Nazaré do Piauí, Rio Grande do Piauí, Francisco Ayres, Paes Landim);Macrorregião 8 - Carnaubais: (Campo Maior, Castelo do Piauí, São Miguel do Tapuio, Capitão de Campos, Cabeceiras do Piauí, Sigefredo Pacheco, Jatobá do Piauí, Juazeiro do Piauí); Macrorregião 9 - Tabuleiros do Alto Parnaíba: (Uruçuí, Baixa Grande do Ribeiro, Guadalupe, Ribeiro Gonçalves); Macrorregião 10 - Cocais: (Piripiri, Barras, Pedro II, Esperantina, Piracuruca, Batalha, Luzilândia, Joaquim Pires); Macrorregião 11 - Planície Litorânea: (Parnaíba, Luís Correia, Cocal, Buriti dos Lopes); Macrorregião 12 - Vale do Canindé: (Oeiras, Simplício Mendes, Isaías Coelho, São Francisco do Piauí, Colônia do Piauí, Santa Cruz do Piauí).Distribuição das amostras: Capital 262 (21,83%) e interior 938  (78,17%) Teresina: URBANA: Zona Leste: São Cristovão, Vale do Gavião, Planalto Uruguai, Vila Bandeirante I e II, Satelite, Vale Quem Tem, Piçarreira, Morada do Sol, Pedra Mole, São João, Noivos, Fátima, Jóquei. Zona Norte: Santa Maria do Codipi, Acarape, Mocabinho I, II e III, Buenos Aires, Água Mineral, Real Copagre, Aeroporto. Parque Alvorada, Mafrese, Matinha, Primavera, Vila Operária, Mafuá, Marquês, Jacinta Andrade. Zona Sul: Lourival Parente, Morada Nova, Piçarra, Bela Vista I, II e III, Promorar, Parque Piauí, Vamos ver o Sol, Porto Alegre, Saci, Angelim, São Pedro, Vermelha, Monte Castelo. Zona Sudeste: Dirceu I e II, Renascença I, II eIII, Todos os Santos, Itarare, Alto da Ressureição, Gurupi. RURAL: Cerâmica Cil I e II e Santa Tereza.
"
"07/08/2026";"05:47:04";2026;81;"Eleições Gerais 2026";"PI";"PI";"PIAUÍ";"PI044262026";"2026-03-11 18:42:07";"N";"09471067000189";"CENSUS INSTITUTO DE PESQUISAS EIRELI";"CENSUS";"Governador, Senador, Deputado Federal, Deputado Estadual";"2026-03-09 00:00:00";"2026-03-10 00:00:00";"2026-03-17 00:00:00";400;"9356";"Laércio de Sousa Araújo";"8000,00";"Eleitores com 15 anos ou mais de idade com domicílio eleitoral na cidade de PAULISTANA PI e que no momento da pesquisa se encontrava na zona urbana ou rural. Trata se de uma pesquisa preferencialmente, domiciliar e individual através de uma amostra estratificada  em 2 estágios com abordagem aleatória simples através das variáveis gênero, faixa etária, nível de instrução e faixa de renda, de acordo com a resolução do TSE 23.600/19 e alterações pela resolução 23.727/2024, para as pesquisas eleitorais, utilizando dados da estatística do eleitorado do munícipio com fonte no TSE (sig.tse.jus.br) ou TRE PI no período pesquisado, consultando os dados do IBGE censo 2010 2022 com referência na renda e estimativas populacionais (cidades.ibge.gov.br). Conforme treinamentos internos os pesquisadores de campo selecionarão suas amostras em cada setor definido no plano amostral, obedecendo um espaçamento de uma amostra para outra, seguindo critérios de amostras aleatórias simples e em caso de complementação de informação será inserido no sistema até o 7º dia, após o registro no site Pesqele, de acordo com o art2º, §6º e §7º  da res. 23600/19. Questionários numerados e estruturados com perguntas espontâneas e estimuladas, sendo as perguntas estimuladas com classificação por ordem alfabética ou com uso de técnicas de alternativas randomizadas ou aleatorizadas, dispensando o uso de discos.";"SEXO: MASCULINO (48%), FEMININO (52%); FAIXA ETÁRIA até 24 anos (16%), de 25 a 34 anos (20%), de 35 a 44 anos (20%), de 45 a 59 anos (24%), 60 anos ou mais (20%); ESCOLARIDADE: Analfabeto (7,43%), Lê e escreve (19,51%), 1º Grau inc/comp (31,8%), 2º Grau inc/comp (32,52%), 3º Grau inc/comp (8,74%); RENDA Sem Rendimento (38%), até 1 salário (45%), Mais de 1 a 3 Salários (14%), Mais 3 a 5 salários (2%),mais de 5 salários (1%).

O objetivo de indicar a margem de erro é a influência que tem o tamanho da amostra usada na precisão dos resultados, quando a amostra for probabilística. Para fins de comparação com a amostra sugerida, a margem de erro seria de 4,9% (para mais ou menos), com nível de confiança de 95%, nível de significância de 5%, com P = 0,5.";"Equipe formada por pesquisadores, supervisor, estatístico, analista de sistemas, contador e advogado, totalizando em equipes divididas em trabalhos externos e trabalhos internos, sendo fornecido tais identificações caso seja necessária, conforme preconiza o artigo 13 da Resolução 23600/20219. Checagem da supervisão in loco em pelo menos 30% da aplicação dos questionários nas zonas urbanas e rural e 100% na tabulação. Questionários digital elaborado de acordo com os objetivos da pesquisa, aplicados através de equipamentos eletrônicos com sistema de coleta próprio (sistemas eletrônicos em acordo o que diz o art.2º §8º  da res. 23600/19) e com transmissão de dados em tempo real e monitoramento de 100% do percurso por fluxo de GPS. Coordenação interna e treinamento dos pesquisadores em sede local, com cadastro completo disponíveis de todos os dados referentes a equipe técnica e de campo da pesquisa.";"ZONA URBANA SÃO FRANCISCO ¿ 14, CENTRO ¿ 17, TRIÂNGULO ¿ 18, CORRENTEZA ¿ 16, ESTAÇÃO ¿ 13, INDUSTRIAL ¿ 11, GUARITA ¿ 14, PAULISTA GRANDE ¿ 19, ARAPIRACA ¿ 13, MANINHO ¿ 10, CHORÓ ¿ 18, ALTO VISTOSO ¿ 4, BOA VISTA ¿ 7, SERTANEJO ¿ 13, COHAB ¿ 18, LAGOA ¿ 14, SANTO ANTÔNIO ¿ 21. ZONA RURAL FORTALEZA ¿ 3, SERRA VERMELHA ¿ 5, HUMAITÁ ¿ 6, AROEIRA ¿ 4, ALEGRIA ¿ 4, SERRA BRANCA ¿ 4, LAGOA DE FORA ¿ 4, SÃO MARTINS ¿ 3, CARIÇÓ ¿ 3, BATEMARÉ ¿ 5, BAIXO DA SERRA ¿ 6, POÇO DA AREIA ¿ 4, MONTE BELO ¿ 3, ANGICAL DO BAIXO ¿ 4, TAPERINHA ¿ 5, EXTREMA ¿ 4, MUCAMBO ¿ 3, CHUPEIRO ¿ 3, TIGRE ¿ 8, RIACHO DO MEIO ¿ 5, INTAIZINHO ¿ 5, ASS. TROVÃO ¿ 5, VEREDA DO RANCHO ¿ 6, CALDEIRÃOZINHO ¿ 6, INGÁ ¿ 6, GENTIL ¿ 6, BARRO VERMELHO ¿ 4,ÁGUA BRANCA ¿ 6, OLHO D¿ÁGUA ¿ 4, LAGOA VELHA ¿ 3, TAMANDUÁ ¿ 5, SITIOZINHO ¿ 4, RIACHO FUNDO ¿ 5, BAIXA DO CAFÉ ¿ 4, CONTENTE ¿ 5."
"07/08/2026";"05:47:04";2026;81;"Eleições Gerais 2026";"PI";"PI";"PIAUÍ";"PI081982026";"2026-04-01 19:41:36";"N";"52483917000198";"INSTITUTO GAMA PESQUISA E CONSULTORIA LTDA";"GAMA PESQUISA E CONSULTORIA";"Governador";"2026-03-30 00:00:00";"2026-03-31 00:00:00";"2026-04-07 00:00:00";400;"Nº 11.160 - CONRE-5";"Manoel Francisco da Silva";"6000,00";"A pesquisa foi realizada por meio de amostragem por cotas proporcionais, com seleção aleatória dos entrevistados dentro de cada cota, considerando as variáveis gênero, faixa etária, grau de instrução e nível econômico, de modo a refletir a composição sociodemográfica do eleitorado do município de PIRACURUCA ? PI. A coleta de dados foi realizada por meio de entrevistas individuais presenciais, utilizando dispositivos eletrônicos do tipo tablet, com aplicação mista, em pontos de grande fluxo de pessoas e por meio de entrevistas domiciliares na zona urbana do município. Os pontos de fluxo foram selecionados por se configurarem como locais de circulação e convergência de moradores de diferentes bairros da cidade, conforme estabelecido no plano amostral. O trabalho de campo foi realizado no período de 30 a 31 de março de 2026, totalizando 400 entrevistas válidas.";"O plano amostral e a ponderação dos dados foram elaborados com base na proporcionalidade das variáveis de gênero, faixa etária, grau de instrução e nível econômico dos entrevistados, de modo a refletir a composição sociodemográfica do eleitorado. As variáveis de gênero, idade e escolaridade seguiram os dados oficiais do eleitorado disponibilizados pelo Tribunal Superior Eleitoral (TSE), com referência a janeiro de 2026. A variável renda familiar foi ponderada conforme os registros do Instituto Brasileiro de Geografia e Estatística (IBGE), com base no Censo Demográfico de 2010. Embora não se trate de amostragem probabilística clássica, os resultados permitem estimativas da opinião do eleitorado, sendo apresentado nível de confiança de 95% e margem de erro aproximada de 4,9 pontos percentuais, para mais ou para menos, nas estatísticas referentes ao total da amostra, considerando a hipótese de variância máxima (p = 0,50), com base em uma amostra de 400 entrevistas válidas. Distribuição da amostra: Gênero: Masculino: 194 entrevistas (48%); Feminino: 206 entrevistas (52%). Faixa etária: 16 a 20 anos: 28 entrevistas (7%); 21 a 34 anos: 113 entrevistas (28%); 35 a 59 anos: 173 entrevistas (43%); 60 anos ou mais: 86 entrevistas (21%). Grau de instrução: Analfabeto / Lê e escreve: 109 entrevistas (27%); Ensino fundamental completo e incompleto: 115 entrevistas (29%); Ensino médio completo e incompleto: 146 entrevistas (36%); Ensino superior completo e incompleto: 30 entrevistas (8%). Renda familiar mensal: Até 1 salário mínimo (até R$ 1.621,00): 301 entrevistas (75%); De 1 a 2 salários mínimos (R$ 1.621,01 a R$ 3.242,00): 67 entrevistas (17%); De 2 a 5 salários mínimos (R$ 3.242,01 a R$ 8.105,00): 22 entrevistas (6%); Acima de 5 salários mínimos (acima de R$ 8.105,00): 9 entrevistas (2%).";"A pesquisa contou com supervisão interna em 100% dos questionários aplicados, bem como crítica automática dos dados digitados, realizada por meio de sistema informatizado, com o objetivo de identificar inconsistências, erros de preenchimento e desvios de padrão. Adicionalmente, foi realizada checagem direta de, no mínimo, 20% dos questionários aplicados, por meio de retorno aos locais de entrevista e acompanhamento em campo, utilizando-se também a verificação das coordenadas geográficas registradas automaticamente pelos dispositivos eletrônicos empregados na coleta, assegurando a confirmação de realização das entrevistas. O processo de controle e validação foi, portanto, devidamente registrado precisamente pelos registros eletrônicos gerados durante a coleta, assegurando a rastreabilidade, a confiabilidade e a integridade das informações coletadas.";"#NULO#"
"07/08/2026";"05:47:04";2026;81;"Eleições Gerais 2026";"PI";"PI";"PIAUÍ";"PI035552026";"2026-03-10 17:01:00";"N";"09471067000189";"CENSUS INSTITUTO DE PESQUISAS EIRELI";"CENSUS";"Governador, Senador";"2026-03-05 00:00:00";"2026-03-07 00:00:00";"2026-03-16 00:00:00";400;"9356";"Laércio de Sousa Araújo";"8000,00";"Eleitores com 15 anos ou mais de idade com domicílio eleitoral na cidade de PICOS PI e que no momento da pesquisa se encontrava na zona urbana ou rural. Trata-se de uma pesquisa preferencialmente, domiciliar e individual através de uma amostra estratificada  em 2 estágios com abordagem aleatória simples através das variáveis gênero, faixa etária, nível de instrução e faixa de renda, de acordo com a resolução do TSE 23.600/19 e alterações pela resolução 23.727/2024, para as pesquisas eleitorais, utilizando dados da estatística do eleitorado do munícipio com fonte no TSE (sig.tse.jus.br) ou TRE-PI no período pesquisado, consultando os dados do IBGE censo 2010-2022 com referência na renda e estimativas populacionais (cidades.ibge.gov.br). Conforme treinamentos internos os pesquisadores de campo selecionarão suas amostras em cada setor definido no plano amostral, obedecendo um espaçamento de uma amostra para outra, seguindo critérios de amostras aleatórias simples e em caso de complementação de informação será inserido no sistema até o 7º dia, após o registro no site Pesqele, de acordo com o art2º, §6º e §7º - da res. 23600/19. Questionários numerados e estruturados com perguntas espontâneas e estimuladas, sendo as perguntas estimuladas com classificação por ordem alfabética ou com uso de técnicas de alternativas randomizadas ou aleatorizadas, dispensando o uso de discos.";"SEXO: MASCULINO (47%), FEMININO (53%); FAIXA ETÁRIA até 24 anos (13%), de 25 a 34 anos (19,3%), de 35 a 44 anos (19,7%), de 45 a 59 anos (26%), 60 anos ou mais (22%); ESCOLARIDADE: Analfabeto (5,66%), Lê e escreve (12,67%), 1º Grau inc/comp (27,1%), 2º Grau inc/comp (39,72%), 3º Grau inc/comp (14,85%); RENDA Sem Rendimento (32,31%), até 1 salário (41,24%), Mais de 1 a 3 Salários (18,8%), Mais 3 a 5 salários (3,51%),mais de 5 salários (4,14%).

O objetivo de indicar a margem de erro é a influência que tem o tamanho da amostra usada na precisão dos resultados, quando a amostra for probabilística. Para fins de comparação com a amostra sugerida, a margem de erro seria de 4,9% (para mais ou menos), com nível de confiança de 95%, nível de significância de 5%, com P = 0,5.";"Equipe formada por pesquisadores, supervisor, estatístico, analista de sistemas, contador e advogado, totalizando em equipes divididas em trabalhos externos e trabalhos internos, sendo fornecido tais identificações caso seja necessária, conforme preconiza o artigo 13 da Resolução 23600/20219. Checagem da supervisão in loco em pelo menos 30% da aplicação dos questionários nas zonas urbanas e rural e 100% na tabulação. Questionários digital elaborado de acordo com os objetivos da pesquisa, aplicados através de equipamentos eletrônicos com sistema de coleta próprio (sistemas eletrônicos em acordo o que diz o art.2º §8º - da res. 23600/19) e com transmissão de dados em tempo real e monitoramento de 100% do percurso por fluxo de GPS. Coordenação interna e treinamento dos pesquisadores em sede local, com cadastro completo disponíveis de todos os dados referentes a equipe técnica e de campo da pesquisa.";"ZONA URBANA CALDEIRÕES ¿ 1, DNER ¿ 6, CENTRO ¿ 10, TRIZIDELA ¿ 8, CONDURU ¿ 10, JARDIM NATAL ¿ 10, PARAIBINHA ¿ 15, CRISTOVINHO ¿ 3, CIDADE DE DEUS ¿ 10, PANTANAL ¿ 12, BELO NORTE ¿ 7, GAMELEIRA ¿ 3, PEDRINHAS ¿ 10, EMAÚS ¿ 7, COHAB ¿ 4, MALVINAS ¿ 10, LAGOA COMPRIDA ¿ 3, VAL PARAÍSO ¿ 4, TORRÕES ¿ 1, UMARI ¿ 8, SAMAMBAIA ¿ 1, MORRINHOS ¿ 4, MORRO DA MACAMBIRA ¿ 5, CANTO DA VÁRZEA ¿ 12, BOA VISTA ¿ 10, IPUEIRAS ¿ 16, BOMBA ¿ 10, MORADA DO SOL ¿ 10, AROEIRAS DO MATADOURO ¿ 7, JUNCO ¿ 10, PASSAGEM DAS PEDRAS ¿ 15, AEROLÂNDIA ¿ 9, PAROQUIAL ¿ 11, MORADA NOVA ¿ 9, PARQUE DE EXPOSIÇÃO ¿ 11, CATAVENTO ¿ 7, SÃO VICENTE ¿ 6, MORRO DA AABB ¿ 6, MALVA ¿ 7, SÃO JOSÉ ¿ 8, FÁTIMA DO PIAUÍ ¿ 4. ZONA RURAL CIPAÚBA ¿ 3, ALTO DOS CANUTOS ¿ 3, TABATINGA ¿ 3, SAQUINHO ¿ 18, TABOLEIRO DE PIOS ¿ 5, GAMELEIRA DOS RODRIGUES ¿ 4, BUGIU ¿ 3, MALHADA GRANDE ¿ 3, LAGOA GRANDE ¿ 3, MORRO DO SIMÃO ¿ 3, BOCOLOR ¿ 5, CHAPADO DO MUCAMBO ¿ 4, MIROLÂNDIA ¿ 3, LAGOA DOS FÉLIX ¿ 3, TAPERA ¿ 3, COROATÁ ¿ 4, CAPITÃO DE CAMPOST ¿ 4, TRÊS POTES ¿ 3, LAGOA DO BARRO ¿ 3.
"
"07/08/2026";"05:47:04";2026;81;"Eleições Gerais 2026";"PI";"PI";"PIAUÍ";"PI052142026";"2026-05-14 21:30:44";"N";"11186543000161";"ROGERIO M. P. MOURA - ME";"DATA MAX";"Governador, Senador, Deputado Federal, Deputado Estadual";"2026-05-11 00:00:00";"2026-05-12 00:00:00";"2026-05-20 00:00:00";500;"10172";"DAVID LEAL DE CARVALHO";"5000,00";"Metodologia empregada: Amostragem aleatória por cotas de sexo, faixa etária, grau de instrução, renda familiar. Entrevistas domiciliares e individuais. Coleta dos dados realizada por meio de entrevistas domiciliares.";"Plano amostral e ponderação quanto a sexo, faixa etária, grau de instrução e nível econômico do entrevistado; nível de confiança e margem de erro; Amostragem por cotas. O conjunto do eleitorado do Município de Valença do Piauí¿ PI. As variáveis: sexo, faixa etária e grau de instrução são ponderadas de acordo com as Estatísticas do Eleitorado de Valença do Piauí ¿ PI, segundo ao Tribunal Superior Eleitoral(TSE) ou TRE-PI, no período pesquisado.  A variável classe de renda domiciliar é ponderada de acordo com a estatística do Censo Demográfico IBGE 2022. O nível de confiança é de 95% com margem de erro de 4,32% para mais ou para menos, nas estatísticas apresentadas para o total da amostra levantada considerando variância máxima, p=0,50; p =0,50. Cotas de sexo: Masculino 231(46,08%), Feminino 269(53,92%), Cotas de faixa etária: 16 a 24anos 70(13,91%), 25 a 34anos 84(16,69%), 35 a 44 anos 94(18,79%), 45 a 59 anos 127(25,32%), 60 e + anos 125(25,29%), Cotas de grau de instrução: Analfabeto 27(5,38%), lê e escreve 68(13,68%), Ensino fundamental incompleto/completo 138(27,65%), Ensino médio incompleto/completo 195(38,95%), superior incompleto/completo 72(14,34%), Cotas de classe de renda: Até 1 SM 406(81,28%), de 1 a 2 SM 55(11,08%), de 2 a 5 SM 28(5,55%), de 5 a 10 SM 08(1,50%), acima de 10 SM 03(0,59%).";"Supervisão interna em 100% dos questionários aplicados e crítica dos dados digitados feita pelo computador. Checagem direta com retorno e/ou acompanhamento e/ou por telefone feita pelos supervisores de campo em no mínimo 20% dos questionários aplicados, de acordo com a exigência da ABEP. Associação Brasileira de Empresas de Pesquisa. Relatórios de campo, pesquisadores e supervisores.";"Nos Bairros: 50 Novo Horizonte, 04 Conjunto Raul Bacelar, 18 Poliesportivo, 07 Maranhão, 13 Pista Nova, 10 COHAB, 07 Iêda, 05 Conjunto Solimar Dantas, 16 Valentim, 25 Campestre, 16 Barrinha, 22 Armando Lima, 24 São Francisco, 11 Piçarreira, 39 Centro, 29 Morada Nova, 32 Lavanderia, 21 Valencinha, 20 Vale Verde, 14 Bela Flor e 07 Conjunto Jaime Lima Verde, e Rural, nas Localidades: 13 Fumal, 10 Palmeirinha, 12 Tabuleta, 11 Mesa de Pedra, 14 João Pires, 08 Tranqueira, 06 Aparecida, 10 Oiticica, 01 Aracati, 05 Pau D¿arco, 02 Assentamento São José, 05 Cana Brava e 13 Izidória."
"07/08/2026";"05:47:04";2026;81;"Eleições Gerais 2026";"PI";"PI";"PIAUÍ";"PI077512026";"2026-06-01 15:07:05";"N";"19190101000109";"OPINAR PESQUISAS LTDA.";"OPINAR PESQUISAS";"Senador";"2026-05-27 00:00:00";"2026-05-29 00:00:00";"2026-06-07 00:00:00";1200;"8749";"KLEISON DE PAIVA FREITAS";"67105,00";"A metodologia empregada nesta pesquisa utilizará uma amostragem aleatória estratificada proporcional por sexo, idade, escolaridade e renda distribuídas na zona urbana e rural através de entrevistas domiciliares e individuais no estado do PIAUÍ, sendo a coleta dos dados realizada por meio de SMARTPHONE/ TABLET. A Pesquisa foi realizada no período de 27 a 29 de maio de 2026 nos municípios descriminadas no plano amostral com um total de 1200 entrevistas. A empresa possui registro no conselho federal de estatística nº 8648.";"O método de amostragem que será utilizada nesta pesquisa quantitativa eleitoral será através de uma amostra probabilística aleatória estratificada proporcional (tabela abaixo), visto que a população de origem é considerada heterogênea, pois ela está dividida em estratos referentes de acordo a divisão geopolítica dos municípios amostrados. 
Para isso, foi elaborado inicialmente um questionário de pesquisa (em anexo), como ferramenta de coleta de dados em que as variáveis que serão coletadas do público-alvo analisado em cada zona rural e/ou urbana de cada município citado são: renda (em salários-mínimos), escolaridade, idade e sexo. Sendo que, as variáveis sexo, idade e escolaridade, terão as escalas distribuídas de acordo com as estatísticas do Tribunal Superior Eleitoral (TSE) de abril de 2026. Enquanto a variável renda do chefe do domicílio, segundo o que estabelece o Instituto Brasileiro de Geografia e Estatística (IBGE) na Pesquisa Nacional por Amostra de Domicílios (PNAD contínua 2025). As escolhas de base de ambos os institutos foram selecionadas, pois não se diverge da classificação eleitoral proposta pelo TSE. Ainda, para a realização do estudo levantou-se o tamanho populacional de eleitores pertencente aos municípios amostrados, e com uma margem de erro de 2,83% para mais ou para menos e uma confiança de 95%, chegou-se em uma amostra significativa e aleatória de 1200 eleitores a pesquisar, assim distribuídos:
Sexo	Entrevistas
FEMININO	621
MASCULINO	579
Idade	Entrevistas
16 e 17 anos 	31
18 a 24 anos	151
25 a 34 anos	231
35 a 44 anos	239
45 a 59 anos	289
60 e + 60 anos	259
Grau de Instrução	Entrevistas
Analfabeto	93
Lê e escreve	152
Fundamental	331
Médio	481
Superior	143
Renda 	Entrevistas
até 1621,00	687
de 1621,01 a 3242,00	313
mais de 3242,01 	200
";"Com o objetivo de garantir que o estudo não é passível de viés que beneficie determinados públicos-alvo ou algum segmento partidário, a equipe aplicadora dos questionários de pesquisas será formada por 26 entrevistadores e 6 supervisores de campo. Assim, todos os questionários serão supervisionados no trabalho de campo pelo supervisor (diretamente ou acompanhamento) e 20% dos questionários serão checados posteriormente (diretamente no local ou por telefone) pelo supervisor, para evitar erros que corroborem com alguma tendência dos dados. Haverá ainda uma supervisão interna de todos os questionários (1200) aplicados e uma análise crítica dos dados digitados no software de análise estatística.";"Entrevistas domiciliares e individuais nos seguintes municípios e respectivas macros dos territórios de desenvolvimento: CERRAD0S(AVELINO LOPES, BAIXA GRANDE DO RIBEIRO, BOM JESUS, CANTO DO BURITI, CORRENTE, CRISTINO CASTRO, CURIMATÁ, CURRAIS, FLORIANO, GILBUÉS, ITAUEIRA, JERUMENHA, MARCOS PARENTE, MONTE ALEGRE DO PIAUÍ, REDENÇÃO DO GURGUÉIA, RIBEIRO GONÇALVES, URUÇUÍ), LITORAL(BURITI DOS LOPES, COCAL, LUIS CORREIA, PARNAÍBA), MEIO NORTE(ALTOS, ANGICAL DO PIAUÍ, BARRAS, BARRO DURO, BATALHA, CAMPO MAIOR, CAPITÃO DE CAMPOS, CASTELO DO PIAUÍ, COCAL DE TELHA, DEMERVAL LOBÃO, ESPERANTINA, JOAQUIM PIRES, JOSÉ DE FREITAS, LUZILÂNDIA, NAZÁRIA, NOSSA SENHORA DOS REMÉDIOS, PIRACURUCA, PIRIPIRI, PORTO, SÃO MIGUEL DO TAPUIO, TERESINA, UNIÃO, ÁGUA BRANCA)E SEMI ÁRIDO(ACAUÃ, ANÍSIO DE ABREU, BONFIM DO PIAUÍ, CARACOL, CARIDADE DO PIAUÍ, COLÔNIA DO PIAUÍ, CORONEL JOSÉ DIAS, DOM EXPEDITO LOPES, ELESBÃO VELOSO, FRANCISCO SANTOS, INHUMA, IPIRANGA DO PIAUÍ, JACOBINA DO PIAUÍ, JAICÓS, OEIRAS, PAULISTANA, PICOS, PIO IX, SANTO ANTÔNIO DE LISBOA, SIMPLÍCIO MENDES, SIMÕES, SUSSUAPARA, SÃO JOÃO DO PIAUÍ, SÃO RAIMUNDO NONATO, TANQUE DO PIAUÍ, VALENÇA DO PIAUÍ)"
"07/08/2026";"05:47:04";2026;81;"Eleições Gerais 2026";"PI";"PI";"PIAUÍ";"PI024772026";"2026-04-14 21:09:59";"N";"15563771000164";"INSTITUTO CREDIBILIDADE LTDA";"INSTITUTO CREDIBILIDADE";"Governador, Senador, Deputado Federal, Deputado Estadual";"2026-04-10 00:00:00";"2026-04-11 00:00:00";"2026-04-20 00:00:00";400;"9177";"DIOGENES VITOR DA SILVEIRA";"5000,00";"A metodologia empregada nesta pesquisa utilizou uma amostragem aleatória estratificada proporcional por sexo, idade, escolaridade e renda distribuídas na zona urbana e rural através de entrevistas domiciliares e individuais no município de UNIÃO (PI), sendo a coleta dos dados realizada por meio de tablets/smartphones. A Pesquisa foi realizada no período de 10 a 11 de abril de 2026 nos bairros e povoados descriminadas no plano amostral com um total de 400 entrevistas.";"O método de amostragem utilizada nesta pesquisa quantitativa eleitoral será através de uma amostra probabilística aleatória estratificada proporcional (tabela abaixo), visto que a população de origem é considerada heterogênea, pois a mesma estará dividida em estratos referentes de acordo a divisão geopolítica do município de UNIÃO(PI). Para isso, foi elaborado inicialmente um questionário de pesquisa (em anexo), como ferramenta de coleta de dados em que as variáveis que serão coletadas do público-alvo analisado em cada zona rural e/ou urbana de cada bairro/povoado citado são: renda (em salários mínimos), escolaridade, idade e sexo. Sendo que, as variáveis sexo, idade e escolaridade, terão as escalas distribuídas de acordo com as estatísticas do Tribunal Superior Eleitoral (TSE) de fevereiro de 2026. Enquanto que a variável renda do chefe do domicílio, segundo o que estabelece o Instituto Brasileiro de Geografia E estatística (IBGE). As escolhas de base de ambos os institutos foram selecionadas, pois não se diverge da classificação eleitoral proposta pelo TSE. Ainda, para a realização do estudo levantou-se o tamanho populacional de eleitores pertencente ao município de UNIÃO (PI), e com uma margem de erro de 4.87% para mais ou para menos e uma margem de confiança de 95%, chegou-se em uma amostra significativa e aleatória de 400 eleitores pesquisado, assim distribuídos: Sexo: Entrevistas: Masculino (196) Feminino (204) Idade: Entrevistas 16 e 17 anos (6) 18 a 24 anos (53) 25 a 34 anos (84) de 35 a 44 anos(85) de 45 a 59 anos (93) e + 60 anos (79) Grau de Instrução Entrevistas Analfabeto(59) Lê e escreve(32) Fundamental Completo e Incompleto (116) Ensino Médio Completo e Incompleto (161) Superior Completo e Incompleto (32) Renda Familiar: Entrevistas até 1621,00 (188) de 1621,01 a 3,242,00 (144) de 3.242,01 ou mais (68).";"Com o objetivo de garantir que o estudo não é passível de víeis que beneficie determinados públicos-alvo ou algum segmento partidário, a equipe aplicadora dos questionários de pesquisas formada por 4 entrevistadores e 1 supervisor de campo. Assim, todos os questionários serão supervisionados no trabalho de campo pelo supervisor (diretamente ou acompanhamento) e 20% dos questionários checados posteriormente (diretamente no local ou por telefone) pelo supervisor, para evitar erros que corroborem com alguma tendência dos dados. Haverá ainda uma supervisão interna de todos os questionários (400) aplicados e uma análise crítica dos dados digitados no software de análise estatística.";"ZONA URBANA	 
 Vila Nova Conquista	34
 Cruzeiro	25
 Centro	24
 São Pedro	20
 São Judas Tadeu	18
 Beira Rio	17
 São Sebastião	17
 Conj. Francisco Narciso	16
 Conj. Rego Filho	14
 São Francisco	14
 São João	12
Total	211
	
ZONA RURAL	 
 Novo Nilo	35
 David Caldas	22
 Divinópolis	12
 Gameleira	10
 Bom Princípio	9
 Vai Quem Quer	8
 Soares/Concórdia	7
 Zundão dos Binhas	7
 Zundão dos Camilos	7
 Solidão	6
 Bom Jesus	6
 Assentamento Santa Maria	6
 Torrões	6
 Assentamento Marajá	5
 Baixa Grande	5
 Buriti Alegre	5
 Cajueiro	5
 Côcos/Vermelha	5
 Lagoa dos Macacos	5
 Liberdade	5
 Vereda Comprida	5
 Bandeira	4
 Santiago	4
Total	189

"
"07/08/2026";"05:47:04";2026;81;"Eleições Gerais 2026";"PI";"PI";"PIAUÍ";"PI021532026";"2026-05-01 17:53:17";"N";"09471067000189";"CENSUS INSTITUTO DE PESQUISAS EIRELI";"CENSUS";"Governador, Senador, Deputado Federal, Deputado Estadual";"2026-04-28 00:00:00";"2026-04-29 00:00:00";"2026-05-07 00:00:00";300;"9356";"Laércio de Sousa Araújo";"5000,00";"Eleitores com 15 anos ou mais de idade com domicílio eleitoral na cidade de RIBEIRO GONÇALVES PI e que no momento da pesquisa se encontrava na zona urbana ou rural. Trata-se de uma pesquisa preferencialmente, domiciliar e individual através de uma amostra estratificada  em 2 estágios com abordagem aleatória simples através das variáveis gênero, faixa etária, nível de instrução e faixa de renda, de acordo com a resolução do TSE 23.600/19 e alterações pela resolução 23.727/2024, para as pesquisas eleitorais, utilizando dados da estatística do eleitorado do munícipio com fonte no TSE (sig.tse.jus.br) ou TRE-PI no período pesquisado, consultando os dados do IBGE censo 2022 (censo2022.ibge.gov.br/panorama; sidra.ibge.gov.br e cidades.ibge.gov.br) com referência na renda e estimativas populacionais. Conforme treinamentos internos os pesquisadores de campo selecionarão suas amostras em cada setor definido no plano amostral, obedecendo um espaçamento de uma amostra para outra, seguindo critérios de amostras aleatórias simples e em caso de complementação de informação será inserido no sistema até o 7º dia, após o registro no site Pesqele, de acordo com o art2º, §6º e §7º - da res. 23600/19. Para o dimensionamento das variáveis e interpretação dos dados será considerada a base 100%, utilizando regras de arredondamento quando necessário e os resultados serão mensurados em tabelas gráficas e analíticas utilizando 2 casas decimais. Os Questionários serão numerados e estruturados com perguntas espontâneas e estimuladas, sendo as perguntas estimuladas com apresentação por ordem alfabética ou realizadas com uso de técnicas de alternativas randomizadas ou aleatorizadas, dispensando o uso de discos.";"SEXO: MASCULINO (51%), FEMININO (49%); FAIXA ETÁRIA até 24 anos (17,1%), de 25 a 34 anos (20,4%), de 35 a 44 anos (20,2%), de 45 a 59 anos (21%), 60 anos ou mais (21,3%); ESCOLARIDADE: Analfabeto (5,7%), Lê e escreve (20,1%), 1º Grau inc/comp (25,87%), 2º Grau inc/comp (39%), 3º Grau inc/comp (9,33%); RENDA Sem Rendimento (0,3%), até 1 salário (54,1%), Mais de 1 a 3 Salários (37,1%), Mais 3 a 5 salários (6,2%),mais de 5 salários (2,3%).

O objetivo de indicar a margem de erro é a influência que tem o tamanho da amostra usada na precisão dos resultados, quando a amostra for probabilística. Para fins de comparação com a amostra sugerida, a margem de erro seria de 5,66% (para mais ou menos), com nível de confiança de 95%, nível de significância de 5%, com P = 0,5.";"Equipe formada por pesquisadores, supervisor, estatístico, analista de sistemas, contador e advogado, totalizando em equipes divididas em trabalhos externos e trabalhos internos, sendo fornecido tais identificações caso seja necessária, conforme preconiza o artigo 13 da Resolução 23600/20219. Checagem da supervisão in loco em pelo menos 30% da aplicação dos questionários nas zonas urbanas e rural e 100% na tabulação. Questionários digital elaborado de acordo com os objetivos da pesquisa, aplicados através de equipamentos eletrônicos com sistema de coleta próprio (sistemas eletrônicos em acordo o que diz o art.2º §8º - da res. 23600/19) e com transmissão de dados em tempo real e monitoramento de 100% do percurso por fluxo de GPS. Coordenação interna e treinamento dos pesquisadores em sede local, com cadastro completo disponíveis de todos os dados referentes a equipe técnica e de campo da pesquisa.";"ZONA URBANA Serrinha ¿ 40, Bela Vista ¿ 42, Barreiras ¿ 32, Vila Nova ¿ 46, Centro ¿ 56. ZONA RURAL: Vão do Negro ¿ 16, Sapê ¿ 5, Santo Estevão ¿ 13, Vaca Morta ¿ 12, Serra Branca ¿ 5, Pinas ¿ 17, Galeota ¿ 16."
"07/08/2026";"05:47:04";2026;81;"Eleições Gerais 2026";"PI";"PI";"PIAUÍ";"PI008062026";"2026-06-16 18:26:25";"N";"19259002000128";"ATLASINTEL TECNOLOGIA DE DADOS LTDA";"ATLASINTEL";"Governador, Senador";"2026-06-16 00:00:00";"2026-06-21 00:00:00";"2026-06-22 00:00:00";1200;"11220";"Andrei Camilo dos Santos";"80000,00";"Pesquisa quantitativa com coleta aleatória via questionário estruturado web e pós-estratificação da amostra de acordo com as características do eleitorado de Piauí.";"Amostra aleatória pós-estratificada via algoritmo iterativo com quotas proporcionais, representando características do eleitorado de Piauí: SEXO: Masculino: 48.3%; Feminino: 51.7%. FAIXA ETÁRIA: Entre 16 a 24 anos: 15.0%; Entre 25 a 34 anos: 19.3%; Entre 35 a 44 anos: 20.0%; Entre 45 a 59 anos: 24.2%; 60 ou mais: 21.6%. ESCOLARIDADE: Ensino Fundamental completo ou incompleto e eleitores sem educação formal: 23.8%; Ensino Médio completo ou incompleto: 41.3%; Ensino Superior completo ou incompleto: 34.9%. NÍVEL ECONÔMICO: Renda familiar mensal até R$2000: 19.0%; Mais de R$2.000 a R$3.000: 16.3%; Mais de R$3.000 a R$5.000: 20.2%; Mais de R$5.000 a R$10.000: 26.7%; Mais de R$10.000: 17.8%. OBS.: devido ao arredondamento, a soma dos percentuais pode variar de 99% a 101%. Na agregação final, para cada variável de ponderação, serão admissíveis desvios de até 3.0 pontos percentuais em relação às quotas estipuladas. Confiança estimada: 95%, margem de erro: +/- 3.0 pontos percentuais. FONTE DOS DADOS: PNADC 2024 para escolaridade e nível econômico | TSE 2026 para sexo e faixa etária.";"Coleta feita com a utilização de questionário eletrônico com procedimentos específicos para o armazenamento seguro dos dados. São checados manualmente no mínimo 15% dos questionários para detectar possíveis anomalias. Pesquisadores especializados realizam internamente uma verificação exaustiva da consistência dos dados antes da divulgação dos resultados finais.";"#NULO#"
"07/08/2026";"05:47:04";2026;81;"Eleições Gerais 2026";"PI";"PI";"PIAUÍ";"PI040522026";"2026-05-08 18:01:23";"N";"55105999000125";"INSTITUTO DATA AZ DE PESQUISA LTDA";"INSTITUTO DE PESQUISA DATA AZ";"Governador, Senador, Deputado Federal, Deputado Estadual";"2026-05-07 00:00:00";"2026-05-08 00:00:00";"2026-05-14 00:00:00";400;"9356";"Laércio de Sousa Araújo";"4500,00";"Eleitores com 15 anos ou mais de idade com domicílio eleitoral na cidade de FLORIANO PI e que no momento da pesquisa se encontrava na zona urbana ou rural. Trata-se de uma pesquisa preferencialmente, domiciliar e individual através de uma amostra estratificada  em 2 estágios com abordagem aleatória simples através das variáveis gênero, faixa etária, nível de instrução e faixa de renda, de acordo com a resolução do TSE 23.600/19 e alterações pela resolução 23.727/2024, para as pesquisas eleitorais, utilizando dados da estatística do eleitorado do munícipio com fonte no TSE (sig.tse.jus.br) ou TRE-PI no período pesquisado, consultando os dados do IBGE censo 2022 (censo2022.ibge.gov.br/panorama; sidra.ibge.gov.br e cidades.ibge.gov.br) com referência na renda e estimativas populacionais. Conforme treinamentos internos os pesquisadores de campo selecionarão suas amostras em cada setor definido no plano amostral, obedecendo um espaçamento de uma amostra para outra, seguindo critérios de amostras aleatórias simples e em caso de complementação de informação será inserido no sistema até o 7º dia, após o registro no site Pesqele, de acordo com o art2º, §6º e §7º - da res. 23600/19. Para o dimensionamento das variáveis e interpretação dos dados será considerada a base 100%, utilizando regras de arredondamento quando necessário e os resultados serão mensurados em tabelas gráficas e analíticas utilizando 2 casas decimais. Os Questionários serão numerados e estruturados com perguntas espontâneas e estimuladas, sendo as perguntas estimuladas com apresentação por ordem alfabética ou realizadas com uso de técnicas de alternativas randomizadas ou aleatorizadas, dispensando o uso de discos.";"SEXO: MASCULINO (46%), FEMININO (54%); FAIXA ETÁRIA até 24 anos (13,36%), de 25 a 34 anos (18,7%), de 35 a 44 anos (20,31%), de 45 a 59 anos (24,4%), 60 anos ou mais (23,23%); ESCOLARIDADE: Analfabeto (4,51%), Lê e escreve (9,04%), 1º Grau inc/comp (23,7%), 2º Grau inc/comp (46,38%), 3º Grau inc/comp (16,37%); RENDA Sem Rendimento (0,77%), até 1 salário (55,45%), Mais de 1 a 3 Salários (32,01%), Mais 3 a 5 salários (7,31%),mais de 5 salários (4,46%).

O objetivo de indicar a margem de erro é a influência que tem o tamanho da amostra usada na precisão dos resultados, quando a amostra for probabilística. Para fins de comparação com a amostra sugerida, a margem de erro seria de 4,9% (para mais ou menos), com nível de confiança de 95%, nível de significância de 5%, com P = 0,5.";"Equipe formada por pesquisadores, supervisor, estatístico, analista de sistemas, contador e advogado, totalizando em equipes divididas em trabalhos externos e trabalhos internos, sendo fornecido tais identificações caso seja necessária, conforme preconiza o artigo 13 da Resolução 23600/20219. Checagem da supervisão in loco em pelo menos 30% da aplicação dos questionários nas zonas urbanas e rural e 100% na tabulação. Questionários digital elaborado de acordo com os objetivos da pesquisa, aplicados através de equipamentos eletrônicos com sistema de coleta próprio (sistemas eletrônicos em acordo o que diz o art.2º §8º - da res. 23600/19) e com transmissão de dados em tempo real e monitoramento de 100% do percurso por fluxo de GPS. Coordenação interna e treinamento dos pesquisadores, com cadastro completo disponíveis de todos os dados referentes a equipe técnica e de campo da pesquisa.";"ZONA URBANA Riacho Fundo 8, Juá 8, Matadouro 10, Alto da Cruz 8, Planalto Sambaíba 8, Vila Leão 5, Centro 28, Ibiapaba 10, Sambaíba velha 8, Via Azul 10, Tamboril 9, Morro do Tiro 9, Pedro Simplício 9, São Borja 8, Bom Lugar	11, Tiberão 16, Cancela	10, Caixa D´água 10, Catumbi 9, Curador 11, Alto da Guia 9, Cajueiro II 13, Sambaíba nova 6, Pau Ferrado 10, Conj. Aparecida Procópio (Brogodó) 15, Campo Velho (conj. Hermes Pacheco) 18, Conj. Hab. Filadelfo Freire de Castro 14, Conjunto Habitacional Zé Pereira 11, Taboca 8, Nossa Senhora Daguia 8,  Irapuá I e II 8, São Cristovão 11, Manguinho 12. ZONA RURAL: Vereda Grande 14, Boqueirão 12, Tabuleiro do Mato 15, L3 11."
"07/08/2026";"05:47:04";2026;81;"Eleições Gerais 2026";"PI";"PI";"PIAUÍ";"PI032452026";"2026-05-03 20:34:57";"N";"11186543000161";"ROGERIO M. P. MOURA - ME";"DATA MAX";"Governador, Senador, Deputado Federal, Deputado Estadual";"2026-04-28 00:00:00";"2026-04-30 00:00:00";"2026-05-09 00:00:00";400;"10172";"DAVID LEAL DE CARVALHO";"5000,00";"Metodologia empregada: Amostragem aleatória por cotas de sexo, faixa etária, grau de instrução, renda familiar. Entrevistas domiciliares e individuais. Coleta dos dados realizada por meio de entrevistas domiciliares.";"Plano amostral e ponderação quanto a sexo, faixa etária, grau de instrução e nível econômico do entrevistado; nível de confiança e margem de erro; Amostragem por cotas. O conjunto do eleitorado do Município de Pedro II ¿ PI. As variáveis: sexo, faixa etária e grau de instrução são ponderadas de acordo com as Estatísticas do Eleitorado de Pedro II ¿ PI, segundo ao Tribunal Superior Eleitoral(TSE) ou TRE-PI, no período pesquisado.  A variável classe de renda domiciliar é ponderada de acordo com a estatística do Censo Demográfico IBGE 2022. O nível de confiança é de 95% com margem de erro de 4,87% para mais ou para menos, nas estatísticas apresentadas para o total da amostra levantada considerando variância máxima, p=0,50; p =0,50. Cotas de sexo: Masculino 195(48,68%), Feminino 205(51,32%), Cotas de faixa etária: 16 a 24anos 59(14,69%), 25 a 34anos 78(19,32%), 35 a 44 anos 73(18,19%), 45 a 59 anos 88(22,03%), 60 e + anos 102(25,77%), Cotas de grau de instrução: Analfabeto 56(14,13%), lê e escreve 65(16,30%), Ensino fundamental incompleto/completo 126(31,19%), Ensino médio incompleto/completo 123(30,83%), superior incompleto/completo 30(7,55%), Cotas de classe de renda: Até 1 SM 344(86,23%), de 1 a 2 SM 35(8,69%), de 2 a 5 SM 16(3,96%), de 5 a 10 SM 04(0,93%), acima de 10 SM 01(0,19%).";"Supervisão interna em 100% dos questionários aplicados e crítica dos dados digitados feita pelo computador. Checagem direta com retorno e/ou acompanhamento e/ou por telefone feita pelos supervisores de campo em no mínimo 20% dos questionários aplicados, de acordo com a exigência da ABEP. Associação Brasileira de Empresas de Pesquisa. Relatórios de campo, pesquisadores e supervisores.";"Nos Bairros: Conjunto Santa Maria Alves, Vila Kolping, Boa Esperança, Cruzeiro, Vila Operária, Santa Fé, Capelinha, Centro, Cristo Rei, Engenho Novo, Caixa D¿água, Barragem, Santo Antônio, Pirapora, São Francisco, Conjunto Itamaraty, Mutirão, Flor de Liz, Saborá, Campestre, Chapadinha, Areia Branca, Conjunto João Braga/Projetada II, e Rural, nas Localidades: Tucum dos Pedros, Palmeira dos Soares, Lagoa do Sucuruju, Serra dos Matões, Aroeira, Aroeira de Cima, Tucum dos Donatos, São João, Carnaubinha, Pequis e Goiabeira."
"07/08/2026";"05:47:04";2026;81;"Eleições Gerais 2026";"PI";"PI";"PIAUÍ";"PI030042026";"2026-05-12 17:25:22";"N";"11186543000161";"ROGERIO M. P. MOURA - ME";"DATA MAX";"Governador, Senador, Deputado Federal, Deputado Estadual";"2026-05-03 00:00:00";"2026-05-05 00:00:00";"2026-05-18 00:00:00";400;"10172";"DAVID LEAL DE CARVALHO";"5000,00";"Metodologia empregada: Amostragem aleatória por cotas de sexo, faixa etária, grau de instrução, renda familiar. Entrevistas domiciliares e individuais. Coleta dos dados realizada por meio de entrevistas domiciliares.";"Plano amostral e ponderação quanto a sexo, faixa etária, grau de instrução e nível econômico do entrevistado; nível de confiança e margem de erro; Amostragem por cotas. O conjunto do eleitorado do Município de Guadalupe ¿ PI. As variáveis: sexo, faixa etária e grau de instrução são ponderadas de acordo com as Estatísticas do Eleitorado de Guadalupe¿ PI, segundo ao Tribunal Superior Eleitoral(TSE) ou TRE-PI, no período pesquisado.  A variável classe de renda domiciliar é ponderada de acordo com a estatística do Censo Demográfico IBGE 2022. O nível de confiança é de 95% com margem de erro de 4,79% para mais ou para menos, nas estatísticas apresentadas para o total da amostra levantada considerando variância máxima, p=0,50; p =0,50. Cotas de sexo: Masculino 195(48,60%), Feminino 205(51,40%), Cotas de faixa etária: 16 a 24anos 54(13,51%), 25 a 34anos 76(19,02%), 35 a 44 anos 82(20,60%), 45 a 59 anos 96(23,81%), 60 e + anos 92(23,06%), Cotas de grau de instrução: Analfabeto 16(4,10%), lê e escreve 45(11,23%), Ensino fundamental incompleto/completo 134(33,43%), Ensino médio incompleto/completo 160(39,95%), superior incompleto/completo 45(11,29%), Cotas de classe de renda: Até 1 SM 302(75,50%), de 1 a 2 SM 55(13,65%), de 2 a 5 SM 31(7,78%), de 5 a 10 SM 10(2,44%), acima de 10 SM 02(0,63%).";"Supervisão interna em 100% dos questionários aplicados e crítica dos dados digitados feita pelo computador. Checagem direta com retorno e/ou acompanhamento e/ou por telefone feita pelos supervisores de campo em no mínimo 20% dos questionários aplicados, de acordo com a exigência da ABEP. Associação Brasileira de Empresas de Pesquisa. Relatórios de campo, pesquisadores e supervisores.";"Nos Bairros: Centro, Vila Nova, São Félix, COHAB, Cruzeta, Bela Vista, Coqueiro, Vila Parnaíba, 140(Beira Rio) e Vila Boa Esperança, e Rural, na Localidade: Atoleiro, Cardoso, Fazenda Bom Lugar, Fazenda Modelo, Limoeiro, Floresta, Cana Brava e Lagoa do Peixe."
"07/08/2026";"05:47:04";2026;81;"Eleições Gerais 2026";"PI";"PI";"PIAUÍ";"PI086562026";"2026-05-04 19:57:50";"N";"11186543000161";"ROGERIO M. P. MOURA - ME";"DATA MAX";"Governador, Senador, Deputado Federal, Deputado Estadual";"2026-05-01 00:00:00";"2026-05-03 00:00:00";"2026-05-10 00:00:00";400;"10172";"DAVID LEAL DE CARVALHO";"5000,00";"Metodologia empregada: Amostragem aleatória por cotas de sexo, faixa etária, grau de instrução, renda familiar. Entrevistas domiciliares e individuais. Coleta dos dados realizada por meio de entrevistas domiciliares.";"Plano amostral e ponderação quanto a sexo, faixa etária, grau de instrução e nível econômico do entrevistado; nível de confiança e margem de erro; Amostragem por cotas. O conjunto do eleitorado do Município de Inhuma ¿ PI. As variáveis: sexo, faixa etária e grau de instrução são ponderadas de acordo com as Estatísticas do Eleitorado de Inhuma ¿ PI, segundo ao Tribunal Superior Eleitoral(TSE) ou TRE-PI, no período pesquisado.  A variável classe de renda domiciliar é ponderada de acordo com a estatística do Censo Demográfico IBGE 2022. O nível de confiança é de 95% com margem de erro de 4,82% para mais ou para menos, nas estatísticas apresentadas para o total da amostra levantada considerando variância máxima, p=0,50; p =0,50. Cotas de sexo: Masculino 194(48,48%), Feminino 206(51,52%), Cotas de faixa etária: 16 a 24anos 56(13,97%), 25 a 34anos 72(17,93%), 35 a 44 anos 70(17,57%), 45 a 59 anos 103(25,65%), 60 e + anos 99(24,88%), Cotas de grau de instrução: Analfabeto 35(8,97%), lê e escreve 75(19,07%), Ensino fundamental incompleto/completo 94(23,42%), Ensino médio incompleto/completo 150(36,50%), superior incompleto/completo 46(12,04%), Cotas de classe de renda: Até 1 SM 344(85,98%), de 1 a 2 SM 39(9,82%), de 2 a 5 SM 14(3,53%), de 5 a 10 SM 02(0,45%), acima de 10 SM 01(0,22%).";"Supervisão interna em 100% dos questionários aplicados e crítica dos dados digitados feita pelo computador. Checagem direta com retorno e/ou acompanhamento e/ou por telefone feita pelos supervisores de campo em no mínimo 20% dos questionários aplicados, de acordo com a exigência da ABEP. Associação Brasileira de Empresas de Pesquisa. Relatórios de campo, pesquisadores e supervisores.";"Nos Bairros: Centro, Sossego, Araxás, COHAB, Liberdade, João Paulo II, Vila Salu, Meireles, Morro, Benoit, Palestina, Senhora e Raimundo Borges, e Rural, nas Localidades: Vereda do Forte, Forte, Roque, Cabeceira do Roque, Assentamento Maracaí, Baixão dos Adão, Marianos, Baixa dos Porfírios, Belo Horizonte, Muquém, Baixa do Maranhão, Angical, Mangabas, Morro Vermelho, Magro, Potes, Malhada, Curral Velho, Alegrete, Cortado, Barra do Roque, Buriti Comprido II, Buriti Comprido I, Caatingueiro, Almesqueira, Cabeceira do Forte e Boa Esperança."
"07/08/2026";"05:47:04";2026;81;"Eleições Gerais 2026";"PI";"PI";"PIAUÍ";"PI040722026";"2026-05-18 22:48:12";"N";"35575890000144";"ESTIMATIVA EDITORA COMUNICACAO E GRAFICA EIRELI";"INSTITUTO ESTIMATIVA";"Governador, Senador, Deputado Federal, Deputado Estadual";"2026-05-16 00:00:00";"2026-05-17 00:00:00";"2026-05-24 00:00:00";301;"9356";"Laércio de Sousa Araújo";"2500,00";"Eleitores com 15 anos ou mais de idade com domicílio eleitoral na cidade de JAICÓS PI e que no momento da pesquisa se encontrava na zona urbana ou rural. Trata-se de uma pesquisa do tipo face a face, domiciliar, espontânea e individual através de uma amostra estratificada em 2 estágios com abordagem aleatória simples através das variáveis gênero, faixa etária, nível de instrução e faixa de renda, de acordo com a resolução do TSE 23.600/19 e alterações pela resolução 23.727/2024, para as pesquisas eleitorais, utilizando dados da estatística do eleitorado do munícipio com fonte no TSE (sig.tse.jus.br) ou TRE-PI no período pesquisado, consultando os dados do IBGE censo 2022 (censo2022.ibge.gov.br/panorama; sidra.ibge.gov.br e cidades.ibge.gov.br) com referência na renda e estimativas populacionais. Conforme treinamentos internos os pesquisadores de campo selecionarão suas amostras em cada setor definido no plano amostral, obedecendo um espaçamento de uma amostra para outra, seguindo critérios de amostras aleatórias simples e em caso de complementação de informação será inserido no sistema até o 7º dia, após o registro no site Pesqele, de acordo com o art2º, §6º e §7º - da res. 23600/19. Para o dimensionamento das variáveis e interpretação dos dados será considerada a base 100%, utilizando regras de arredondamento quando necessário e os resultados serão mensurados em tabelas gráficas e analíticas utilizando 2 casas decimais. Os Questionários serão numerados e estruturados com perguntas espontâneas e estimuladas, sendo as perguntas estimuladas com apresentação por ordem alfabética ou realizadas com uso de técnicas de alternativas randomizadas ou aleatorizadas, dispensando o uso de discos.";"SEXO: MASCULINO (48%), FEMININO (52%); FAIXA ETÁRIA até 24 anos (16,2%), de 25 a 34 anos (19,3%), de 35 a 44 anos (19,4%), de 45 a 59 anos (23,9%), 60 anos ou mais (21,2%); ESCOLARIDADE: Analfabeto (19%), Lê e escreve (15,8%), 1º Grau inc/comp (27,9%), 2º Grau inc/comp (28%), 3º Grau inc/comp (9,3%); RENDA Sem Rendimento (3,55%), até 1 salário (72,81%), Mais de 1 a 3 Salários (16,93%), Mais 3 a 5 salários (5,23%),mais de 5 salários (1,48%).

O objetivo de indicar a margem de erro é a influência que tem o tamanho da amostra usada na precisão dos resultados, quando a amostra for probabilística. Para fins de comparação com a amostra sugerida, a margem de erro seria de 5,66% (para mais ou menos), com nível de confiança de 95%, nível de significância de 5%, com P = 0,5.";"Equipe formada por pesquisadores, supervisor, estatístico, analista de sistemas, contador e advogado, totalizando em equipes divididas em trabalhos externos e trabalhos internos, sendo fornecido tais identificações caso seja necessária, conforme preconiza o artigo 13 da Resolução 23600/20219. Checagem da supervisão in loco em pelo menos 30% da aplicação dos questionários nas zonas urbanas e rural e 100% na tabulação. Questionários digital elaborado de acordo com os objetivos da pesquisa, aplicados através de equipamentos eletrônicos com sistema de coleta próprio (sistemas eletrônicos em acordo o que diz o art.2º §8º - da res. 23600/19) e com transmissão de dados em tempo real e monitoramento de 100% do percurso por fluxo de GPS. Coordenação interna e treinamento dos pesquisadores em sede local, com cadastro completo disponíveis de todos os dados referentes a equipe técnica e de campo da pesquisa.";"ZONA URBANA :JOSÉ ARMINIO	32, COHAB 10, NOVA OLINDA 20, ALTO DO ADÃO 10, MATADOURO 8, CENTRO 30, SERRANÓPOLES 45. ZONA RURAL: BOA VISTA 8, CROZAL 18, TANQUINHO 8, MARIA PRETA 5, PAU DE ENXU 10, BALIZA 14, TANQUE DOS BATISTAS 10, ESQUISITO 25, SACO DA SERRA 5, LAGOA DO SABINO 10, BARREIRO 5, VARZEA QUEIMADA 28."
"07/08/2026";"05:47:04";2026;81;"Eleições Gerais 2026";"PI";"PI";"PIAUÍ";"PI030112026";"2026-05-10 20:04:55";"N";"15563771000164";"INSTITUTO CREDIBILIDADE LTDA";"INSTITUTO CREDIBILIDADE";"Governador, Senador, Deputado Federal, Deputado Estadual";"2026-05-07 00:00:00";"2026-05-08 00:00:00";"2026-05-16 00:00:00";401;"9177";"DIOGENES VITOR DA SILVEIRA";"5000,00";"A metodologia empregada nesta pesquisa utilizou uma amostragem aleatória estratificada proporcional por sexo, idade, escolaridade e renda distribuídas na zona urbana e rural através de entrevistas domiciliares e individuais no município de SIMPLÍCIO MENDES (PI). Sendo a coleta dos dados realizada por meio de tablets/smartphones. A Pesquisa foi realizada no período 07 e 08 de maio de 2026 nos bairros e povoados descriminadas no plano amostral com um total de 401 entrevistas.";"O método de amostragem utilizada nesta pesquisa quantitativa eleitoral foi através de uma amostra probabilística aleatória estratificada proporcional (tabela abaixo), visto que a população de origem é considerada heterogênea, pois a mesma estará dividida em estratos referentes de acordo a divisão geopolítica do município SIMPLÍCIO MENDES - PI. Para isso, foi elaborado inicialmente um questionário de pesquisa (em anexo), como ferramenta de coleta de dados em que as variáveis que serão coletadas do público-alvo analisado em cada zona rural e/ou urbana de cada bairro/povoado citado são: renda (em salários mínimos), escolaridade, idade e sexo. Sendo que, as variáveis sexo, idade e escolaridade, terão as escalas distribuídas de acordo com as estatísticas do Tribunal Superior Eleitoral (TSE) de abril de 2026. Enquanto que a variável renda do chefe do domicílio, segundo o que estabelece o Instituto Brasileiro de Geografia e Estatística (IBGE). Para a realização do estudo levantou-se o tamanho populacional de eleitores pertencente ao município de SIMPLÍCIO MENDES - PI, e com uma margem de erro de 4.80pp para mais ou para menos e uma margem de confiança de 95%, chegou-se em uma amostra significativa e aleatória de 401 eleitores pesquisados, assim distribuídos: SEXO: MASCULINO (200), FEMININO (201); FAIXA ETÁRIA De 16 e 17 anos (10) De 18 a 24 anos (49), de 25 a 34 anos(75), de 35 a 44 anos (73), de 45 a 59 anos (98),60 anos ou mais (96); ESCOLARIDADE: Analfabeto (22) Lê e escreve (73), Ensino Fundamental incompleto/completo(107), Ensino Médio: completo e incompleto (147), Ensino Superior: Completo e Incompleto (52); RENDA: Até 1 salário (169) entre 1,1 e 2 salários (156), Mais de 2 salários Mínimos(76).";"Checagem pelo supervisor em pelo menos 20% dos questionários aplicados em campo/telefone e 100% supervisão interna dos questionários aplicados e crítica dos dados. Questionários aplicados eletronicamente, por meio de tablets/smartphones, com sistema próprio de pesquisa, formulação e tabulação.";"ZONA URBANA
 Nova Cidade	50	
São Francisco	50	
Vila Henrique Costa	50	
Cohab	35	
Alto da Matriz	35	
Centro	30	
Total	250	

ZONA RURAL
 Morro dos Cavalos	30	
Lagoa da Caridade	25	
Alagadiço Grande	22	
Piador	18	
Alagadiço Pequeno	12	
Assentamento Ipueira	10	
Assentamento Barro Vermelho	10	
Formosa	9	
Betânia	8	
Moreira	7	
Total	151	

"
"07/08/2026";"05:47:04";2026;81;"Eleições Gerais 2026";"PI";"PI";"PIAUÍ";"PI067852026";"2026-03-23 23:43:21";"S";"00654576000172";"INSTITUTO VERITA LTDA";"VERITA";"Governador, Senador, Deputado Federal, Deputado Estadual";"2026-03-24 00:00:00";"2026-03-30 00:00:00";"2026-03-29 00:00:00";1220;"10699";"GUILHERME ALVARENGA LAIA";"93940,00";"Pesquisa quantitativa, que consiste na realização de entrevistas, com a aplicação de questionário estruturado junto a uma amostra representativa do eleitorado desta Unidade da Federação.";"ESTUDO REPRESENTATIVO DO ELEITORADO DO ESTADO DO PIAUÍ - MÉTODO PPT (Probabilidade Proporcional ao Tamanho) - PLANO AMOSTRAL E PONDERAÇÃO QUANTO A SEXO, IDADE, GRAU DE INSTRUÇÃO E NÍVEL ECONÔMICO DO ENTREVISTADO; INTERVALO DE CONFIANÇA E MARGEM DE ERRO: Representativo do eleitorado da área em estudo, elaborada, em vários estágios, da seguinte forma: - 1. Divisão da UF em estratos proporcionais de municípios. 2. Ordenação dos municípios de cada estrato segundo o porte. 3. Sorteio dos municípios de cada estrato. 4. Os respondentes são selecionados através de quotas amostrais proporcionais em função de variáveis significativas, a saber: GÊNERO / FAIXA ETÁRIA - FEMININO E MASCULINO 16 A 34 ANOS 16,9% E 16,6%, 35 A 54 ANOS 19,4% E 18,3%, 55 ANOS OU MAIS 15,5% E 13,4%. GRAU DE INSTRUÇÃO - FEMININO Sem instrução até Ensino Médio completo 70,4%, Ensino superior incompleto e completo % NÍVEL ECONÔMICO - FEMININO população não economicamente ativa 46,5% população economicamente ativa 53,5% MASCULINO população não economicamente ativa 27,2% população economicamente ativa 72,8%. RENDA FAMILIAR DO DOMICÍLIO renda familiar de até 2 salários-mínimos 30,7%; de 2 a 5 salários-mínimos 44,2%, acima de 5 salários-mínimos 25,1%. Está prevista eventual ponderação para correção das variáveis, com base nos percentuais anteriormente mencionados, caso ocorram diferenças superiores a margem de erro da pesquisa previsto entre a amostra e a coleta de dados realizada. O fator previsto para ponderação é 1 (resultados obtidos na coleta de dados). O intervalo de confiança estimado é de 95% e a margem de erro máxima estimada considerando um modelo de amostragem aleatório simples, é de aproximadamente 3 pontos percentuais para mais ou para menos sobre os resultados encontrados no total da amostra. FONTE DOS DADOS: IBGE/Censo 2022 para fins de densidade demográfica, setores censitários e alocação da amostra. IBGE/PNAD/PNADC/MEC/INEP para fins de Nível Econômico e Escolaridade. TSE FEVEREIRO/2026 para fins de Sexo, Faixa Etária e eleitorado por município ou regiões previamente definidas (importante ressaltar para o público leigo que os dados do TSE são os únicos corretos para gênero, idade dos eleitores e quantitativo de eleitores por municípios já que a base de dados se atualiza automaticamente, PORÉM, dados de escolaridade e nível econômico NÃO são corretos e confiáveis devido a desatualização que ocorre naturalmente com o passar dos anos). Definição de margem de erro e intervalo de confiança: Margem de erro e intervalo de confiança não são grandezas diretamente proporcionais. A SOMA NÃO TEM QUE RESULTAR 100%. ";"Após os trabalhos de coleta de dados, os questionários são submetidos a uma fiscalização, conferência e checagem de cerca de 20% (vinte por cento) dos questionários aplicados.";"A relação dos municípios sorteados ou selecionados para esta pesquisa será apresentada em arquivo anexo até 1 (um) dia após a divulgação desta pesquisa conforme §7º. do art. 2º. da Resolução-TSE nº. 23.600/2019. A área de abrangência desta pesquisa é o Estado DO PIAUÍ."
"07/08/2026";"05:47:04";2026;81;"Eleições Gerais 2026";"PI";"PI";"PIAUÍ";"PI030842026";"2026-07-16 00:44:42";"N";"31367504000178";"I. M. MENDONCA";"INSTITUTO IDEALIZE";"Governador, Senador, Deputado Federal, Deputado Estadual";"2026-07-03 00:00:00";"2026-07-04 00:00:00";"2026-07-22 00:00:00";403;"9356";"LAERCIO DE SOUSA ARAUJO";"4000,00";"Eleitores com 16 anos ou mais de idade com domicílio eleitoral na cidade de PAES LANDIM PI e que no momento da pesquisa se encontrava na zona urbana ou rural. Trata-se de uma pesquisa preferencialmente, domiciliar e individual através de uma amostra estratificada  em 2 estágios com abordagem aleatória simples através das variáveis gênero, faixa etária, nível de instrução e faixa de renda, de acordo com a resolução do TSE 23.600/19 e alterações pela resolução 23.727/2024, para as pesquisas eleitorais, utilizando dados da estatística do eleitorado do munícipio com fonte no TSE (sig.tse.jus.br) ou TRE-PI no período pesquisado, consultando os dados do IBGE censo 2022 (censo2022.ibge.gov.br/panorama; sidra.ibge.gov.br e cidades.ibge.gov.br) com referência na renda e estimativas populacionais. Conforme treinamentos internos os pesquisadores de campo selecionarão suas amostras em cada setor definido no plano amostral, obedecendo um espaçamento de uma amostra para outra, seguindo critérios de amostras aleatórias simples e em caso de complementação de informação será inserido no sistema até o 7º dia, após o registro no site Pesqele, de acordo com o art2º, §6º e §7º - da res. 23600/19. Para o dimensionamento das variáveis e interpretação dos dados será considerada a base 100%, utilizando regras de arredondamento quando necessário e os resultados serão mensurados em tabelas gráficas e analíticas utilizando 2 casas decimais. Os Questionários serão numerados e estruturados com perguntas espontâneas e estimuladas, sendo as perguntas estimuladas com apresentação por ordem alfabética ou realizadas com uso de técnicas de alternativas randomizadas ou aleatorizadas, dispensando o uso de discos.";"SEXO: MASCULINO (51%), FEMININO (49%); FAIXA ETÁRIA até 24 anos (16,06%), de 25 a 34 anos (20,11%), de 35 a 44 anos (21,02%), de 45 a 59 anos (22,64%), 60 anos ou mais (20,17%); ESCOLARIDADE: Analfabeto (5,5%), Lê e escreve (13,86%), 1º Grau inc/comp (30,28%), 2º Grau inc/comp (37,68%), 3º Grau inc/comp (12,68%); RENDA Sem Rendimento (0,56%), até 1 salário (68%), Mais de 1 a 3 Salários (23%), Mais 3 a 5 salários (6,84%),mais de 5 salários (1,6%).

O objetivo de indicar a margem de erro é a influência que tem o tamanho da amostra usada na precisão dos resultados, quando a amostra for probabilística. Para fins de comparação com a amostra sugerida, a margem de erro seria de 4,88% (para mais ou menos), com nível de confiança de 95%, nível de significância de 5%, com P = 0,5.";"Equipe formada por pesquisadores, supervisor, estatístico, analista de sistemas, contador e advogado, totalizando em equipes divididas em trabalhos externos e trabalhos internos, sendo fornecido tais identificações caso seja necessária, conforme preconiza o artigo 13 da Resolução 23600/20219. Checagem da supervisão in loco em pelo menos 30% da aplicação dos questionários nas zonas urbanas e rural e 100% na tabulação. Questionários digital elaborado de acordo com os objetivos da pesquisa, aplicados através de equipamentos eletrônicos com sistema de coleta próprio (sistemas eletrônicos em acordo o que diz o art.2º §8º - da res. 23600/19) e com transmissão de dados em tempo real e monitoramento de 100% do percurso por fluxo de GPS. Coordenação interna e treinamento dos pesquisadores em sede local, com cadastro completo disponíveis de todos os dados referentes a equipe técnica e de campo da pesquisa.";"ZONA URBANA: CENTRO ¿ 219. ZONA RURAL: DESCANSO 13, SANTO ANTÔNIO 10, LAGOA DO BOI 11, BAIXÃO 10, TANQUE NOVO 13, MOSQUITO	9, JABOTI 13, ABELHA BRANCA 5, CAIÇARA	22, JORDÃO 6, ARRODEIO DE PEDRA 10, RECREIO 1, ANGICAL 2, ENGAZIRA 4, BREJINHO 1, MUNDO NOVO 8, BAIXA FUNDA 2, LAGOA DO MUQUEM 1, ALTO ALEGRE 2, JARDIM 6, BARREIRO 10, ONÇA 3, MILAGRE 4, BANANEIRA 12, BOJÃO 6."
"07/08/2026";"05:47:04";2026;81;"Eleições Gerais 2026";"PI";"PI";"PIAUÍ";"PI069082026";"2026-03-10 20:09:44";"S";"19259002000128";"ATLASINTEL TECNOLOGIA DE DADOS LTDA";"ATLASINTEL";"Governador";"2026-03-10 00:00:00";"2026-03-15 00:00:00";"2026-03-16 00:00:00";1200;"11220";"ANDREI CAMILO DOS SANTOS";"75000,00";"Pesquisa quantitativa com coleta aleatória via questionário estruturado web e pós-estratificação da amostra de acordo com as características do eleitorado de Piauí.

";"Amostra aleatória pós-estratificada via algoritmo iterativo com quotas proporcionais, representando características do eleitorado de Piauí: SEXO: Masculino: 48.2%; Feminino: 51.8%. FAIXA ETÁRIA: Entre 16 a 24 anos: 13.9%; Entre 25 a 34 anos: 19.6%; Entre 35 a 44 anos: 20.4%; Entre 45 a 59 anos: 24.4%; 60 ou mais: 21.7%. ESCOLARIDADE: Ensino Fundamental completo ou incompleto e eleitores sem educação formal: 43.8%; Ensino Médio completo ou incompleto: 36.5%; Ensino Superior completo ou incompleto: 19.8%. NÍVEL ECONÔMICO: Renda familiar mensal até R$2000: 31.8%; Mais de R$2.000 a R$3.000: 22.3%; Mais de R$3.000 a R$5.000: 21.7%; Mais de R$5.000 a R$10.000: 16.7%; Mais de R$10.000: 7.6%. OBS.: devido ao arredondamento, a soma dos percentuais pode variar de 99% a 101%. Na agregação final, para cada variável de ponderação, serão admissíveis desvios de até 3.0 pontos percentuais em relação às quotas estipuladas. Confiança estimada: 95%, margem de erro: +/- 3.0 pontos percentuais. FONTE DOS DADOS: PNADC 2024 para escolaridade e nível econômico | TSE 2026 para sexo e faixa etária.";"Coleta feita com a utilização de questionário eletrônico com procedimentos específicos para o armazenamento seguro dos dados. São checados manualmente no mínimo 15% dos questionários para detectar possíveis anomalias. Pesquisadores especializados realizam internamente uma verificação exaustiva da consistência dos dados antes da divulgação dos resultados finais.";"#NULO#"
"07/08/2026";"05:47:04";2026;81;"Eleições Gerais 2026";"PI";"PI";"PIAUÍ";"PI032432026";"2026-03-05 15:26:43";"N";"09471067000189";"CENSUS INSTITUTO DE PESQUISAS EIRELI";"CENSUS";"Governador, Senador, Deputado Federal, Deputado Estadual";"2026-03-01 00:00:00";"2026-03-03 00:00:00";"2026-03-11 00:00:00";400;"9356";"Laércio de Sousa Araújo";"8000,00";"Eleitores com 15 anos ou mais de idade com domicílio eleitoral na cidade de SÃO RAIMUNDO NONATO PI e que no momento da pesquisa se encontrava na zona urbana ou rural. Trata-se de uma pesquisa preferencialmente, domiciliar e individual através de uma amostra estratificada  em 2 estágios com abordagem aleatória simples através das variáveis gênero, faixa etária, nível de instrução e faixa de renda, de acordo com a resolução do TSE 23.600/19 e alterações pela resolução 23.727/2024, para as pesquisas eleitorais, utilizando dados da estatística do eleitorado do munícipio com fonte no TSE (sig.tse.jus.br) ou TRE-PI no período pesquisado, consultando os dados do IBGE censo 2010-2022 com referência na renda e estimativas populacionais (cidades.ibge.gov.br). Conforme treinamentos internos os pesquisadores de campo selecionarão suas amostras em cada setor definido no plano amostral, obedecendo um espaçamento de uma amostra para outra, seguindo critérios de amostras aleatórias simples e em caso de complementação de informação será inserido no sistema até o 7º dia, após o registro no site Pesqele, de acordo com o art2º, §6º e §7º - da res. 23600/19. Questionários numerados e estruturados com perguntas espontâneas e estimuladas, sendo as perguntas estimuladas com classificação por ordem alfabética ou com uso de técnicas de alternativas randomizadas ou aleatorizadas, dispensando o uso de discos.";"SEXO: MASCULINO (48%), FEMININO (52%); FAIXA ETÁRIA até 24 anos (15,08%), de 25 a 34 anos (19,98%), de 35 a 44 anos (19,94%), de 45 a 59 anos (24,84%), 60 anos ou mais (20,16%); ESCOLARIDADE: Analfabeto (4,34%), Lê e escreve (12,16%), 1º Grau inc/comp (32,28%), 2º Grau inc/comp (39,7%), 3º Grau inc/comp (11,52%); RENDA Sem Rendimento (32,55%), até 1 salário (46,31%), Mais de 1 a 3 Salários (16,89%), Mais 3 a 5 salários (1,96%),mais de 5 salários (2,29%).

O objetivo de indicar a margem de erro é a influência que tem o tamanho da amostra usada na precisão dos resultados, quando a amostra for probabilística. Para fins de comparação com a amostra sugerida, a margem de erro seria de 4,9% (para mais ou menos), com nível de confiança de 95%, nível de significância de 5%, com P = 0,5.";"Equipe formada por pesquisadores, supervisor, estatístico, analista de sistemas, contador e advogado, totalizando em equipes divididas em trabalhos externos e trabalhos internos, sendo fornecido tais identificações caso seja necessária, conforme preconiza o artigo 13 da Resolução 23600/20219. Checagem da supervisão in loco em pelo menos 30% da aplicação dos questionários nas zonas urbanas e rural e 100% na tabulação. Questionários digital elaborado de acordo com os objetivos da pesquisa, aplicados através de equipamentos eletrônicos com sistema de coleta próprio (sistemas eletrônicos em acordo o que diz o art.2º §8º - da res. 23600/19) e com transmissão de dados em tempo real e monitoramento de 100% do percurso por fluxo de GPS. Coordenação interna e treinamento dos pesquisadores em sede local, com cadastro completo disponíveis de todos os dados referentes a equipe técnica e de campo da pesquisa.";"ZONA URBANA SANTO ANTÔNIO ¿ 8, CRUZEIRO ¿ 10, COHAB JUNCO ¿ 8, PARAÍSO DAS AVES ¿ 11, PORTELINHA ¿ 12, GROTA DAS PEDREIRAS ¿ 6, DUVIRGENS ¿ 9, VERMELHO ¿ 9, COHAB SANTA LUZIA ¿ 10, ASSENTAMENTO NOVO ZABELÊ ¿ 12, SANTA LUZIA ¿ 14, ALDEIA ¿ 19, CENTRO ¿ 15, SANTA FÉ ¿ 11, GAVIÃO ¿ 15, PRIMAVERA ¿ 9, BAIXÃO DO GUIOMAR ¿ 15, ALTAMIRA ¿ 9, SÃO JOSÉ ¿ 7, CARUARU ¿ 7, GALO BRANCO ¿ 9, UMBELINA I ¿ 9, MILONGA ¿ 12, CIPÓ ¿ 8, UMBELINA 2 ¿ 9, SÃO FÉLIX ¿ 13. ZONA RURAL LAGOA DO MEIO ¿ 4, LAGOA DE FORA ¿ 5, BAIXÃO DO SÍTIO ¿ 8, GARRINCHO ¿ 6, CACHOEIRINHA ¿ 9, CURRAIS ¿ 7, LAGOA DANTAS ¿ 4, BONITA ¿ 6, NOVO HORIZONTE ¿ 4, LAGOA DAS EMAS ¿ 4, GAMELEIRA ¿ 6, MACACOS ¿ 3, LAGOA DO LUIS ¿ 5, LAGOA DA FIRMEZA ¿ 6, PÉ DO MORRO ¿ 7, FECHADÃO ¿ 5, MOISÉS ¿ 6, SÃO VITOR ¿ 9, NAZÁRIO ¿ 3, LAGOA DO NÉ ¿ 5, LAGOA DO PELADO ¿ 7, QUIXÓ ¿ 5.
"
"07/08/2026";"05:47:04";2026;81;"Eleições Gerais 2026";"PI";"PI";"PIAUÍ";"PI004702026";"2026-03-10 21:15:46";"N";"11186543000161";"ROGERIO M. P. MOURA - ME";"DATA MAX";"Governador, Senador, Deputado Federal, Deputado Estadual";"2026-03-06 00:00:00";"2026-03-07 00:00:00";"2026-03-16 00:00:00";400;"10172";"DAVID LEAL DE CARVALHO";"8000,00";"Metodologia empregada: Amostragem aleatória por cotas de sexo, faixa etária, grau de instrução, renda familiar. Entrevistas domiciliares e individuais. Coleta dos dados realizada por meio de entrevistas domiciliares.";"Plano amostral e ponderação quanto a sexo, faixa etária, grau de instrução e nível econômico do entrevistado; nível de confiança e margem de erro; Amostragem por cotas. O conjunto do eleitorado do Município de Luís Correia ¿ PI. As variáveis: sexo, faixa etária e grau de instrução são ponderadas de acordo com as Estatísticas do Eleitorado de Luís Correia ¿ PI, segundo ao Tribunal Superior Eleitoral(TSE) e/ou TRE-PI, no período pesquisado.  A variável classe de renda domiciliar é ponderada de acordo com a estatística do Censo Demográfico IBGE 2022. O nível de confiança é de 95% com margem de erro de 4,83% para mais ou para menos, nas estatísticas apresentadas para o total da amostra levantada considerando variância máxima, p=0,50; p =0,50. Cotas de sexo: Masculino 200(49,90%), Feminino 200(50,10%), Cotas de faixa etária: 16 a 24anos 54(13,31%), 25 a 34anos 84(20,96%), 35 a 44 anos 85(21,24%), 45 a 59 anos 99(24,90%), 60 e + anos 78(19,59%), Cotas de grau de instrução: Analfabeto 72(17,95%), lê e escreve 42(10,40%), Ensino fundamental incompleto/completo 126(31,47%), Ensino médio incompleto/completo 135(33,72%), superior incompleto/completo 25(6,46%), Cotas de classe de renda: Até 1 SM 356(88,87%), de 1 a 2 SM 32(8,23%), de 2 a 5 SM 8(2,07%), de 5 a 10 SM 02(0,49%), acima de 10 SM 02(0,34%).";"Supervisão interna em 100% dos questionários aplicados e crítica dos dados digitados feita pelo computador. Checagem direta com retorno e/ou acompanhamento e/ou por telefone feita pelos supervisores de campo em no mínimo 20% dos questionários aplicados, de acordo com a exigência da ABEP. Associação Brasileira de Empresas de Pesquisa. Relatórios de campo, pesquisadores e supervisores.";"Zonas: Urbana, nos Bairros: Beira Mar, Triângulo, Centro, Alto Bonito, Cearazinho, Nossa Senhora da Conceição, Rancho Alegre, Campos, Santa Luzia, Atalaia, Residencial Brisa Mar e Coqueiro, e Rural, nas Localidades: Pé da Serra, Brejinho de Fátima, Brejinho de São Francisco, Lagoa do Barro, Carapebas, Poço Dantas, Lagoa das Pedras, Brandão, Campestre, Lagoa do Riacho, Camurupim, Carnaubal, Sobradinho, Baixa do Carpina, Baixa da Pedra, Bezerro Morto, Curral Velho, Boa Esperança, Jabuti, Rufo, Carneiro do Piauí, Timbaúba e São José."
"07/08/2026";"05:47:04";2026;81;"Eleições Gerais 2026";"PI";"PI";"PIAUÍ";"PI023592026";"2026-04-08 22:12:18";"N";"55498337000162";"A J TECH LTDA";"VETOR TECNOLOGIA E PESQUISAS";"Governador, Senador, Deputado Federal, Deputado Estadual";"2026-03-28 00:00:00";"2026-04-01 00:00:00";"2026-04-14 00:00:00";1775;"9356";"Laércio de Sousa Araújo";"40000,00";"Eleitores com 15 anos ou mais de idade com domicílio eleitoral na cidade selecionada e que no momento da pesquisa se encontrava na zona urbana (centro e adjacências) ou rural (comunidades próximas a cidade). Trata-se de uma pesquisa preferencialmente, domiciliar e individual através de uma amostra estratificada  em 2 estágios com abordagem aleatória simples através das variáveis gênero, faixa etária, nível de instrução e faixa de renda, de acordo com a resolução do TSE 23.600/19 com alterações da resolução 23.747/2026, para as pesquisas eleitorais, utilizando dados da estatística do eleitorado do munícipio com fonte no TSE (sig.tse.jus.br) ou TRE-PI no período pesquisado, consultando os dados do IBGE censo 2010-2022 (censo2022.ibge.gov.br/panorama) com referência na renda e estimativas populacionais (cidades.ibge.gov.br). Conforme treinamentos internos os pesquisadores de campo selecionarão suas amostras em cada setor definido no plano amostral, obedecendo um espaçamento de uma amostra para outra, seguindo critérios de amostras aleatórias simples e em caso de complementação de informação será inserido no sistema até o 7º dia, após o registro no site Pesqele, de acordo com o art2º, §6º e §7º - da res. 23600/19. Questionários numerados e estruturados com perguntas espontâneas e estimuladas, sendo as perguntas estimuladas com classificação por ordem alfabética ou com uso de técnicas de alternativas randomizadas ou aleatorizadas, dispensando o uso de discos.";"SEXO: MASCULINO (48%), FEMININO (52%); FAIXA ETÁRIA até 24 anos (13,76%), de 25 a 34 anos (16,84%), de 35 a 44 anos (20,5%), de 45 a 59 anos (26,8%), 60 anos ou mais (22,1%); ESCOLARIDADE: Analfabeto (6,3%), Lê e escreve (9,92%), 1º Grau inc/comp (33,52%), 2º Grau inc/comp (37,24%), Superior completo (8,85%); Superior incompleto (4,17%); RENDA até 1 salário (31%), Mais de 1 a 2 Salários (32%), Mais de 2 a 5 Salários (30%), Mais de 5 a 10 Salários (4%), Mais de 10 salários (3%).

O objetivo de indicar a margem de erro é a influência que tem o tamanho da amostra usada na precisão dos resultados, quando a amostra for probabilística. Para fins de comparação com a amostra sugerida, a margem de erro seria de 2,32% (para mais ou menos), com nível de confiança de 95%, nível de significância de 5%, com P = 0,5.";"Equipe multiprofissional formada por pesquisadores, supervisores, estatístico, analista de sistemas, contador e advogado, divididos em trabalhos externos e internos, sendo fornecido tais identificações caso seja necessária, conforme preconiza o artigo 13 da Resolução 23600/2019. Checagem da supervisão in loco em pelo menos 30% da aplicação dos questionários nas zonas urbanas e rural e 100% na tabulação. Questionários digital elaborado de acordo com os objetivos da pesquisa, aplicados através de equipamentos eletrônicos com sistema de coleta próprio (sistemas eletrônicos em acordo o que diz o art.2º §8º - da res. 23600/19) e com transmissão de dados em tempo real e monitoramento de 100% do percurso por fluxo de GPS. Coordenação interna e treinamento dos pesquisadores em sede local, com cadastro completo disponíveis de todos os dados referentes a equipe técnica e de campo da pesquisa.";"JOSÉ DE FREITAS	26; PEDRO II 39; UNIÃO	36; COCAL DE TELHA 12; MIGUEL ALVES 28; CAMPO MAIOR 50; BARRAS 39; ALTOS	35; BATALHA	24; ESPERANTINA 34; LUZILÂNDIA	26; BURITI DOS LOPES	15; PARNAÍBA 125; LUÍS CORREIA	25; COCAL 24; PIRACURUCA 27; PIRIPIRI 58; ÁGUA BRANCA 12; 	SANTO ANTÔNIO DE LISBOA	6; ANGICAL DO PIAUÍ	5; JAICÓS 19; REGENERAÇÃO	15; PICOS 52; AMARANTE 14; VALENÇA DO PIAUÍ 	19; FLORIANO	40; ELESBÃO VELOSO 16; CANTO DO BURITI 15; BOCAÍNA 12; SÃO RAIMUNDO NONATO	28; CORONEL JOSÉ DIAS 8; SÃO JOÃO DO PIAUÍ	16; PAULISTANA 21; SIMÕES 21;  MARCOLÂNDIA	8; PIO IX 14; JUAZEIRO DO PIAUÍ 12; MANOEL EMÍDIO 4; CASTELO DO PIAUÍ 23; URUÇUÍ 23; INHUMA 15; JERUMENHA 10; OEIRAS 45; SEBASTIÃO LEAL 10; COLÔNIA DO PIAUÍ 10; SIMPLÍCIO MENDES 19; NOVA SANTA RITA	5; CRISTINO CASTRO	8; BOM JESUS	18; REDENÇÃO DO GURGUEIA	8; MONTE ALEGRE DO PIAUÍ	11; GILBUÉS	7;  CORRENTE	25; TERESINA 558"
"07/08/2026";"05:47:04";2026;81;"Eleições Gerais 2026";"PI";"PI";"PIAUÍ";"PI040642026";"2026-01-15 19:47:12";"N";"15563771000164";"INSTITUTO CREDIBILIDADE LTDA";"INSTITUTO CREDIBILIDADE";"Senador, Deputado Federal, Deputado Estadual";"2026-01-09 00:00:00";"2026-01-10 00:00:00";"2026-01-21 00:00:00";400;"9177";"DIOGENES VITOR DA SILVEIRA";"7000,00";"A metodologia empregada nesta pesquisa utilizou uma amostragem aleatória estratificada proporcional por sexo, idade, escolaridade e renda distribuídas na zona urbana e rural através de entrevistas domiciliares e individuais no município de CAMPO MAIOR(PI), sendo a coleta dos dados realizada por meio de tablets/smartphones. A Pesquisa foi realizada no período de 09 e 10 de janeiro de 2025 nos bairros e povoados descriminadas no plano amostral com um total de 400 entrevistas.";"O método de amostragem utilizada nesta pesquisa quantitativa eleitoral através de uma amostra probabilística aleatória estratificada proporcional (tabela abaixo), visto que a população de origem é considerada heterogênea, pois a mesma estará dividida em estratos referentes de acordo a divisão geopolítica do município de CAMPO MAIOR(PI). Para isso, foi elaborado inicialmente um questionário de pesquisa (em anexo), como ferramenta de coleta de dados em que as variáveis que serão coletadas do público-alvo analisado em cada zona rural e/ou urbana de cada bairro/povoado citado são: renda (em salários mínimos), escolaridade, idade e sexo. Sendo que, as variáveis sexo, idade e escolaridade, terão as escalas distribuídas de acordo com as estatísticas do Tribunal Superior Eleitoral (TSE) de dezembro de 2025. Enquanto que a variável renda do chefe do domicílio, segundo o que estabelece o Instituto Brasileiro de Geografia E estatística (IBGE). As escolhas de base de ambos os institutos foram selecionadas, pois não se diverge da classificação eleitoral proposta pelo TSE. Ainda, para a realização do estudo levantou-se o tamanho populacional de eleitores pertencente ao município de CAMPO MAIOR (PI), e com uma margem de erro de 4,87% para mais ou para menos e uma margem de confiança de 95%, chegou-se em uma amostra significativa e aleatória de 400 eleitores pesquisado, assim distribuídos: Sexo: Entrevistas: Masculino (188) Feminino (212) Idade: Entrevistas 16 a 24 anos (47) 25 a 34 anos (71) de 35 a 44 anos(80) de 45 a 59 anos (104) e + 60 anos (98) Grau de Instrução Entrevistas Analfabeto e Lê e escreve(68) Fundamental Completo e Incompleto (111) Ensino Médio Completo e Incompleto (158) Superior Completo e Incompleto (63) Renda Familiar: Entrevistas até 1518,00 (146) de 1518,01 a 3.016,00 (167) de 3.036,01 ou mais (87).";"Com o objetivo de garantir que o estudo não é passível de víeis que beneficie determinados públicos-alvo ou algum segmento partidário, a equipe aplicadora dos questionários de pesquisas formada por 4 entrevistadores e 1 supervisor de campo. Assim, todos os questionários foram supervisionados no trabalho de campo pelo supervisor (diretamente ou acompanhamento) e 20% dos questionários checados posteriormente (diretamente no local ou por telefone) pelo supervisor, para evitar erros que corroborem com alguma tendência dos dados. Feito também uma supervisão interna de todos os questionários (400) aplicados e uma análise crítica dos dados digitados no software de análise estatística.";"ZONA URBANA
Bairro de Fátima	40
Nossa Senhora de Lurdes	26
Centro	25
São Luiz	25
Cariri	25
Flores	20
Estação	20
Paulo VI	20
Conj. José de Almeida	19
Califórnia	15
Fripisa	15
Cidade Nova	15
Santa Cruz	15
Santa Rita	10
São João	10
Total	300

ZONA RURAL
Alto do Meio	22
Água Fria	10
São Joaquim	8
Povoado Água Branca	6
Bom Lugar	5
Mariana Alves	5
Buritizinho	4
Sambaíba	4
Passagem do Meio	4
Santo Antônio	4
Salinas	4
Avenida	4
Boqueirãozinho	4
Brejinho	4
Tangará	3
Tapera	3
Angelim II	3
Porção II	3
Total	100
"
"07/08/2026";"05:47:04";2026;81;"Eleições Gerais 2026";"PI";"PI";"PIAUÍ";"PI024852026";"2026-04-09 20:01:03";"N";"09471067000189";"CENSUS INSTITUTO DE PESQUISAS EIRELI";"CENSUS";"Governador, Senador, Deputado Federal, Deputado Estadual";"2026-04-07 00:00:00";"2026-04-08 00:00:00";"2026-04-15 00:00:00";300;"9356";"Laércio de Sousa Araújo";"8000,00";"Eleitores com 15 anos ou mais de idade com domicílio eleitoral na cidade de CASTELO DO PIAUÍ PI e que no momento da pesquisa se encontrava na zona urbana ou rural. Trata-se de uma pesquisa preferencialmente, domiciliar e individual através de uma amostra estratificada  em 2 estágios com abordagem aleatória simples através das variáveis gênero, faixa etária, nível de instrução e faixa de renda, de acordo com a resolução do TSE 23.600/19 e alterações pela resolução 23.727/2024, para as pesquisas eleitorais, utilizando dados da estatística do eleitorado do munícipio com fonte no TSE (sig.tse.jus.br) ou TRE-PI no período pesquisado, consultando os dados do IBGE com referência nas estimativas populacionais censo 2022 (cidades.ibge.gov.br). Conforme treinamentos internos os pesquisadores de campo selecionarão suas amostras em cada setor definido no plano amostral, obedecendo um espaçamento de uma amostra para outra, seguindo critérios de amostras aleatórias simples e em caso de complementação de informação será inserido no sistema até o 7º dia, após o registro no site Pesqele, de acordo com o art2º, §6º e §7º - da res. 23600/19. Questionários numerados e estruturados com perguntas espontâneas e estimuladas, sendo as perguntas estimuladas com classificação por ordem alfabética ou com uso de técnicas de alternativas randomizadas ou aleatorizadas, dispensando o uso de discos.";"SEXO: MASCULINO (48%), FEMININO (52%); FAIXA ETÁRIA até 24 anos (14,93%), de 25 a 34 anos (18,75%), de 35 a 44 anos (18,4%), de 45 a 59 anos (23,5%), 60 anos ou mais (24,42%); ESCOLARIDADE: Analfabeto (11,8%), Lê e escreve (18,2%), 1º Grau inc/comp (29%), 2º Grau inc/comp (33%), 3º Grau inc/comp (8%); RENDA Sem Rendimento (37,5%), até 1 salário (47,31%), Mais de 1 a 3 Salários (13%), Mais 3 a 5 salários (1,45%),mais de 5 salários (0,74%).

O objetivo de indicar a margem de erro é a influência que tem o tamanho da amostra usada na precisão dos resultados, quando a amostra for probabilística. Para fins de comparação com a amostra sugerida, a margem de erro seria de 5,66% (para mais ou menos), com nível de confiança de 95%, nível de significância de 5%, com P = 0,5.";"Equipe formada por pesquisadores, supervisor, estatístico, analista de sistemas, contador e advogado, totalizando em equipes divididas em trabalhos externos e trabalhos internos, sendo fornecido tais identificações caso seja necessária, conforme preconiza o artigo 13 da Resolução 23600/20219. Checagem da supervisão in loco em pelo menos 30% da aplicação dos questionários nas zonas urbanas e rural e 100% na tabulação. Questionários digital elaborado de acordo com os objetivos da pesquisa, aplicados através de equipamentos eletrônicos com sistema de coleta próprio (sistemas eletrônicos em acordo o que diz o art.2º §8º - da res. 23600/19) e com transmissão de dados em tempo real e monitoramento de 100% do percurso por fluxo de GPS. Coordenação interna e treinamento dos pesquisadores em sede local, com cadastro completo disponíveis de todos os dados referentes a equipe técnica e de campo da pesquisa.";"ZONA URBANA TRINDADE ¿ 14, VILA NOVA ¿ 10, PIÇARRA ¿ 22, CENTRO ¿ 17, REFESA ¿ 13, N. SRA. DAS GRAÇAS ¿ 13, COHAB ¿ 22, BELA VISTA ¿ 17, MUTIRÃO ¿ 49. ZONA RURAL: PALMEIRINHA ¿ 7, LAGOA DO FRIO ¿ 4, ITAÚNA ¿ 5, ANGICO BRANCO ¿ 4, FORNOS ¿ 3, ESPINHO ¿ 5, SANTA HELENA ¿ 4, LIVRAMENTO ¿ 5, ASS. BOA VISTA ¿ 5, PICOS ¿ 5, PEDREIRA ¿ 2, BOM JARDIM ¿ 5, LAGOA DO BARRO ¿ 5, MORRO ALEGRE ¿ 4, SÃO JOSÉ DE DENTRO ¿ 4, SÃO MATEUS ¿ 8, CUMBE ¿ 3, BURITI SOBRADO ¿ 10, BARREIRAS ¿ 5, ALEGRE ¿ 5, AÇUDE MÃO CORTADA ¿ 8, INGANZEIRA ¿ 6, VEREDA ¿ 7, TINGUÍS ¿ 4.
"
"07/08/2026";"05:47:04";2026;81;"Eleições Gerais 2026";"PI";"PI";"PIAUÍ";"PI016302026";"2026-04-08 23:31:48";"N";"21703109000165";"INSTITUTO DIVULGA LTDA";"INSTITUTO DIVULGA";"Governador, Senador, Deputado Federal, Deputado Estadual, Deputado Distrital";"2026-04-02 00:00:00";"2026-04-03 00:00:00";"2026-04-14 00:00:00";302;"11188";"RANIERE ALVES BRASIL";"8000,00";"Pesquisa do tipo quantitativa, que consiste na realização de entrevistas pessoais, domiciliares e presenciais, conduzidas por profissionais treinados, com a aplicação de questionários estruturados a uma amostra representativa do eleitorado a partir dos 16 anos, sendo a coleta dos dados realizada por meio de SMARTPHONE/TABLET. A Pesquisa foi realizada no período de 2 a 3 de abril 2026, na zona urbana e zona rural da cidade de FARTURA DO PIAUÍ, no plano amostral com um total de 302 (trezentas e duas) entrevistas. A empresa responsável pela realização da pesquisa, INSTITUTO DIVULGA LTDA, possui registro no Conselho Federal de Estatística sob o nº 8739.";"Fora utilizada uma amostra aleatória, significativa de eleitores do município, baseada na estimativa da média populacional. A amostra selecionada utilizou a técnica de amostragem por conglomerados em múltiplos estágios. Primeiro Estágio: Seleção de Setores/Bairros; I - Divisão do Município: O município foi dividido em bairros/setores censitários (conglomerados); II - Listagem dos Conglomerados: Todos os setores/bairros foram listados; III - Sorteio Probabilístico: Utilizando o método de probabilidade proporcional ao tamanho (PPT), foram sorteados os setores/bairros a serem pesquisados, tendo como base a população de cada setor censitário. Segundo Estágio: Seleção das Ruas: I - Disponibilidade de Mapas: Foram utilizados mapas da região; II - Seleção das Ruas: As ruas dentro dos setores/bairros selecionados foram sorteadas. Terceiro Estágio: Seleção das Casas; I - Amostragem Sistemática: Utilizando amostragem sistemática, foram sorteadas as casas dentro das ruas selecionadas. Quarto Estágio: Seleção do Entrevistado; I - Critério de Seleção: Dentro de cada residência sorteada, a seleção do entrevistado será feita de forma a preencher as cotas preestabelecidas de sexo, idade, grau de instrução e nível econômico; II - Requisitos do Entrevistado: O entrevistado deve ser obrigatoriamente um(a) morador(a) da residência e eleitor(a) da cidade pesquisada; III - Número de Entrevistados por Residência: Apenas um(a) morador(a) por residência será entrevistado(a).

Para a realização do estudo levantou-se o tamanho populacional de eleitores pertencente ao referido município. Os dados utilizados para definição e seleção da amostra são baseados nos dados fornecidos pelo Tribunal Superior Eleitoral janeiro de 2026 - https://www.tre-pi.jus.br, bem como IBGE (PNAD e Censo mais recentes). Margem de erro de ±5,5 pontos percentuais para mais ou para menos, intervalo de confiança de 95%, nível de significância de 5%, chegou-se em uma amostra significativa e aleatória de 302 eleitores a pesquisar, assim distribuídos: Sexo Feminino 137; Masculino 165; Idade 16 a 24 anos: 22; de 25 a 34 anos: 53; de 35 a 44 anos: 72; de 45 a 59 anos: 82; de 60 anos ou mais: 73; Total: 302. Grau de Instrução: Analfabeto e Lê e escreve: 98; Ensino fundamental incompleto e completo: 104; Ensino Médio completo e incompleto: 90; Ensino Superior incompleto e completo: 10; Total: 302. Renda do Entrevistado até 1 salário mínimo 79; de 1 a 2 salários mínimos 115; de 2 a 5 salários mínimos 75; acima de 5 salários mínimos 19; NS/NR 14. Total: 302.
";"Os entrevistadores envolvidos na realização desta pesquisa foram treinados pelo INSTITUTO DIVULGA e receberam instruções de abordagem, sendo 5 entrevistadores e 1 supervisora de campo. A coleta será realizada com a utilização de smartphones/tablets e questionários eletrônicos que funcionarão no modo online e off-line, atingindo assim as zonas rurais que não dispõem de sinal de internet. Para garantir a integridade e a estrita auditabilidade da coleta, o sistema conta com registro de geolocalização e gravação de áudio durante a aplicação das entrevistas nos dispositivos eletrônicos portáteis, procedimento autorizado e respaldado pelo § 10º do Artigo 2º da Resolução TSE nº 23.600/2019. Serão checados, no mínimo, 20% dos questionários de cada pesquisador, seja in loco por supervisor de campo. Internamente, todo o material é verificado e codificado. Antes do processamento final e emissão dos resultados, realiza-se processo de consistência dos dados. Os dados coletados e tratados nesta pesquisa atendem às exigências da Lei Geral de Proteção de Dados - LGPD, garantindo ao respondente o sigilo de sua identidade e o correto tratamento de suas respostas, tudo em conformidade com a Resolução TSE nº 23.600/2019 e suas respectivas alterações para o pleito vigente, em especial a Resolução nº 23.747, de 26 de fevereiro de 2026.";"ZONA URBANA: Bela Vista 24; Centro 26; São José 28; São Miguel 20. Total 98

ZONA RURAL: Água Branca 2; Algodões 4; Altos 1; Amaro 2; Baixa dos Morros 14; Barra da Mira 4; Barrinha 2; Bem Bom 2; Bom Retiro 2; Cabaceira 3; Caldeirão de Areia 2; Calista 2; Caraíbas 1; Espinheiro 17; Fazenda do Meio 17; Flechas 3; Genipapo 1; Jatobazeiro 2; Lagoa Comprida 14; Lagoa da Caraíba 9; Lagoa das Flores 2; Lagoa do Amaro 1; Lagoa do Caldeirão 2; Lagoa do Germano 3; Lagoa do Morro 6; Lagoa do Quari 5; Lagoa do Raimundo 4; Lagoa dos Porcos 4; Lagoa dos Tobões 3; Pé do Morro 2; Poço Alegre 2; Salina 6; Santa Maria 3; Santo Antônio 1; Seção 3; Sítio Alta Mira 1; Sítio Claro 4; Sossego 24; Terra Dura 6; Umburuçu 3; Valério I 5; Valério II 5; Veremos 5. Total: 204
"
"07/08/2026";"05:47:04";2026;81;"Eleições Gerais 2026";"PI";"PI";"PIAUÍ";"PI044882026";"2026-07-25 21:36:50";"N";"09471067000189";"CENSUS INSTITUTO DE PESQUISAS EIRELI";"CENSUS";"Governador, Senador, Deputado Federal, Deputado Estadual";"2026-07-23 00:00:00";"2026-07-24 00:00:00";"2026-07-31 00:00:00";303;"9356";"LAERCIO DE SOUSA ARAUJO";"6500,00";"Eleitores com 16 anos ou mais de idade com domicílio eleitoral na cidade de JAICÓS PI e que no momento da pesquisa se encontrava na zona urbana ou rural. Trata-se de uma pesquisa preferencialmente, domiciliar e individual através de uma amostra estratificada  em 3 estágios com abordagem aleatória simples através das variáveis gênero, faixa etária, nível de instrução e faixa de renda, de acordo com a resolução do TSE 23.600/19 e alterações pela resolução 23.727/2024, para as pesquisas eleitorais, utilizando dados da estatística do eleitorado do munícipio com fonte no TSE (sig.tse.jus.br) ou TRE-PI no período pesquisado, consultando os dados do IBGE censo 2022 (censo2022.ibge.gov.br/panorama; sidra.ibge.gov.br e cidades.ibge.gov.br) com referência na renda e estimativas populacionais. Conforme treinamentos internos os pesquisadores de campo selecionarão suas amostras em cada setor definido no plano amostral, obedecendo um espaçamento de uma amostra para outra, seguindo critérios de amostras aleatórias simples e em caso de complementação de informação será inserido no sistema até o 7º dia, após o registro no site Pesqele, de acordo com o art2º, §6º e §7º - da res. 23600/19. Para o dimensionamento das variáveis e interpretação dos dados será considerada a base 100%, utilizando regras de arredondamento quando necessário e os resultados serão mensurados em tabelas gráficas e analíticas utilizando 2 casas decimais. Os Questionários serão numerados e estruturados com perguntas espontâneas e estimuladas, sendo as perguntas estimuladas com apresentação por ordem alfabética ou realizadas com uso de técnicas de alternativas randomizadas ou aleatorizadas, dispensando o uso de discos.";"SEXO: MASCULINO (48%), FEMININO (52%); FAIXA ETÁRIA até 24 anos (16,5%), de 25 a 34 anos (19,37%), de 35 a 44 anos (19,3%), de 45 a 59 anos (23,63%), 60 anos ou mais (21,2%); ESCOLARIDADE: Analfabeto (18,8%), Lê e escreve (15,7%), 1º Grau inc/comp (27,8%), 2º Grau inc/comp (28,4%), 3º Grau inc/comp (9,3%); RENDA Sem Rendimento (2,09%), até 1 salário (84,7%), Mais de 1 a 3 Salários (12,08%), Mais 3 a 5 salários (0,97%),mais de 5 salários (0,16%).

O objetivo de indicar a margem de erro é a influência que tem o tamanho da amostra usada na precisão dos resultados, quando a amostra for probabilística. Para fins de comparação com a amostra sugerida, a margem de erro seria de 5,63% (para mais ou menos), com nível de confiança de 95%, nível de significância de 5%, com P = 0,5.";"Equipe formada por pesquisadores, supervisor, estatístico, analista de sistemas, contador e advogado, totalizando em equipes divididas em trabalhos externos e trabalhos internos, sendo fornecido tais identificações caso seja necessária, conforme preconiza o artigo 13 da Resolução 23600/20219. Checagem da supervisão in loco em pelo menos 30% da aplicação dos questionários nas zonas urbanas e rural e 100% na tabulação. Questionários digital elaborado de acordo com os objetivos da pesquisa, aplicados através de equipamentos eletrônicos com sistema de coleta próprio (sistemas eletrônicos em acordo o que diz o art.2º §8º - da res. 23600/19) e com transmissão de dados em tempo real e monitoramento de 100% do percurso por fluxo de GPS. Coordenação interna e treinamento dos pesquisadores em sede local, com cadastro completo disponíveis de todos os dados referentes a equipe técnica e de campo da pesquisa.";"ZONA URBANA: N. Sra. das Mercês - 12, Nova Olinda - 16, Centro - 10, Boa Vista - 9, Matadouro - 11, Pedrinhas - 9, Serranópoles - 62, Alto do Adão - 8, João Melé - 12, Bom Sucesso - 10. ZONA RURAL: Vazante - 5, Emburana - 5, Santana 1 2 3 - 8, Sítio - 6, Lagoa do Sabino - 7, Tanque do Batista - 5, Pau do Enxu - 5, Poço do Pato - 6, Saco da Serra - 5, Baliza - 5, Croazal - 15, Baixão - 4, Esquisito - 14, Tanquinho - 5, Mulungú - 4, Várzea Queimada - 19, Ponte Mª Preta - 5, Capim - 6, Santo Antônio - 10, Angical - 5.
"
"07/08/2026";"05:47:04";2026;81;"Eleições Gerais 2026";"PI";"PI";"PIAUÍ";"PI090602026";"2026-04-13 21:23:04";"N";"15563771000164";"INSTITUTO CREDIBILIDADE LTDA";"INSTITUTO CREDIBILIDADE";"Governador, Senador, Deputado Federal, Deputado Estadual";"2026-04-11 00:00:00";"2026-04-12 00:00:00";"2026-04-19 00:00:00";489;"9177";"DIOGENES VITOR DA SILVEIRA";"6000,00";"A metodologia empregada nesta pesquisa utilizou uma amostragem aleatória estratificada proporcional por sexo, idade, escolaridade e renda distribuídas na zona urbana e rural através de entrevistas domiciliares e individuais no município de PICOS (PI). Sendo a coleta dos dados realizada por meio de tablets/smartphones. A Pesquisa foi realizada no período de 11 a 12 de abril de 2026 nos bairros e povoados descriminadas no plano amostral com um total de 489 entrevistas.";"O método de amostragem utilizada nesta pesquisa quantitativa eleitoral foi através de uma amostra probabilística aleatória estratificada proporcional (tabela abaixo), visto que a população de origem é considerada heterogênea, pois a mesma estará dividida em estratos referentes de acordo a divisão geopolítica do município de PICOS (PI). Para isso, foi elaborado inicialmente um questionário de pesquisa (em anexo), como ferramenta de coleta de dados em que as variáveis que serão coletadas do público-alvo analisado em cada zona rural e/ou urbana de cada bairro/povoado citado são: renda (em salários mínimos), escolaridade, idade e sexo. Sendo que, as variáveis sexo, idade e escolaridade, tem as escalas distribuídas de acordo com as estatísticas do Tribunal Superior Eleitoral (TSE) de fevereiro de 2026. Enquanto que a variável renda do chefe do domicílio, segundo o que estabelece o Instituto Brasileiro de Geografia e Estatística (IBGE). As escolhas de base de ambos os institutos foram selecionadas, pois não se diverge da classificação eleitoral proposta pelo TSE. Ainda, para a realização do estudo levantou-se o tamanho populacional de eleitores pertencente ao município de PICOS(PI), e com uma margem de erro de 4,36% para mais ou para menos e uma margem de confiança de 95%, chegou-se em uma amostra significativa e aleatória de 489 eleitores pesquisados, assim distribuídos: Sexo: Entrevistas: Masculino (230) Feminino (259) Idade: Entrevistas 16 e 17 anos (7) 18 a 24 anos (58) 25 a 34 anos (94) de 35 a 44 anos (96) de 45 a 59 anos (125) e + 60 anos (109) Grau de Instrução Entrevistas Analfabeto (27) Lê e escreve (62) Fundamental Completo e Incompleto (132) Ensino Médio Completo e Incompleto (191) Superior Completo e Incompleto (77) Renda Familiar: Entrevistas até 1621,00 (191) de 1621,01 a 3.242,00 (186) de 3,242,01ou mais (112).";"Com o objetivo de garantir que o estudo não é passível de víeis que beneficie determinados públicos-alvo ou algum segmento partidário, a equipe aplicadora dos questionários de pesquisas formada por 4 entrevistadores e 1 supervisor de campo. Assim, todos os questionários serão supervisionados no trabalho de campo pelo supervisor (diretamente ou acompanhamento) e 20% dos questionários checados
posteriormente (diretamente no local ou por telefone) pelo supervisor, para evitar erros que corroborem com alguma tendência dos dados. Haverá ainda uma supervisão interna de todos os questionários (489) aplicados e uma análise crítica dos dados digitados no software de análise estatística
";"ZONA URBANA	
Centro	31
 Junco	20
 Bomba	19
 Canto da Várzea	19
 Cohab	19
 São José	18
 Parque d3e Exposição	18
 Paraibinha	18
 Paroquial	18
 DNER	15
 Aerolândia	15
 Boa Vista	15
 Samambaia	15
 Passagem das Pedras	15
 Pedrinhas	15
 Ipoeiras	15
 Morada do sol	13
 Catavento	13
 Condurú	13
 Pantanal	13
 Papelão	12
 Belo Norte	11
 Matadouro	4
Total	364
	
ZONA RURAL	
 Lagoa Comprida	9
 Mirolândia	9
 Torrões	8
 Bocolor	7
 Carnaíbas	7
 Taboleiro dos Pios	6
 Gameleira dos Galdinos	6
 Junco dos Monteiros	6
 Lagoa dos Félix	6
 Tabatinga	6
 Tanque	6
 Capitão de Campos	6
 Cajazeiras	6
 Chapada do Mocambo	6
 Coroatá	6
 Curralinho 1	5
 Fátima do Piauí	5
 Cristovinho	5
 Umari	5
 Saquinho	5
Total	125

"
"07/08/2026";"05:47:04";2026;81;"Eleições Gerais 2026";"PI";"PI";"PIAUÍ";"PI050962026";"2026-05-03 21:00:20";"N";"11186543000161";"ROGERIO M. P. MOURA - ME";"DATA MAX";"Senador";"2026-04-18 00:00:00";"2026-04-23 00:00:00";"2026-05-09 00:00:00";1000;"10172";"DAVID LEAL DE CARVALHO";"38000,00";" Metodologia empregada: Amostragem aleatória por cotas de sexo, faixa etária, grau de instrução, renda familiar. Entrevistas domiciliares e individuais. Coleta dos dados realizada por meio de entrevistas domiciliares.";"Plano amostral e ponderação quanto a sexo, faixa etária, grau de instrução e nível econômico do entrevistado; nível de confiança e margem de erro; Amostragem por cotas. O conjunto do eleitorado do estado do Piauí. As variáveis: sexo, faixa etária e grau de instrução são ponderadas de acordo com as Estatísticas do Eleitorado do Piauí segundo ao Tribunal Superior Eleitoral de 2022. A variável classe de renda domiciliar é ponderada de acordo com a estatística do Censo Demográfico IBGE 2010. O nível de confiança é de 95% com margem de erro de 3,1% para mais ou para menos, nas estatísticas apresentadas para o total da amostra levantada considerando variância máxima, p=0,50; p =0,50. Cotas de sexo: Masculino 482(48,25%), Feminino 518(51,75%), Cotas de faixa etária: 16 a 24anos 144(14,34%), 25 a 34anos 194(19,41%), 35a 44 anos 202(20,14%), 45 a 59 anos 243(24,25%), 60 e + anos 217(21,86%), Cotas de grau de instrução: Analfabeto 78(7,78%), lê e escreve 128(12,80%), Ensino fundamental incompleto/completo 277(27,72%), Ensino médio incompleto/completo 397(39,68%), superior incompleto/completo 120(12,02%), Cotas de classe de renda: Até 1 SM 799(79,90%), de 1 a 2 SM 117(11,70%), de 2 a 5 SM 56(5,60%), de 5 a 10 SM 18(1,80%), acima de 10 SM 10(1,0%).";"Supervisão interna em 100% dos questionários aplicados e crítica dos dados digitados feita pelo computador. Checagem direta com retorno e/ou acompanhamento e/ou por telefone feita pelos supervisores de campo em no mínimo 20% dos questionários aplicados, de acordo com a exigência da ABEP. Associação Brasileira de Empresas de Pesquisa. Relatórios de campo, pesquisadores e supervisores.";"Em anexo"
"07/08/2026";"05:47:04";2026;81;"Eleições Gerais 2026";"PI";"PI";"PIAUÍ";"PI075512026";"2026-04-14 22:41:02";"N";"11186543000161";"ROGERIO M. P. MOURA - ME";"DATA MAX";"Senador, Deputado Estadual";"2026-04-10 00:00:00";"2026-04-11 00:00:00";"2026-04-20 00:00:00";400;"10172";"DAVID LEAL DE CARVALHO";"8000,00";"Metodologia empregada: Amostragem aleatória por cotas de sexo, faixa etária, grau de instrução, renda familiar. Entrevistas domiciliares e individuais. Coleta dos dados realizada por meio de entrevistas domiciliares.";"Plano amostral e ponderação quanto a sexo, faixa etária, grau de instrução e nível econômico do entrevistado; nível de confiança e margem de erro; Amostragem por cotas. O conjunto do eleitorado do Município de Cocal ¿ PI. As variáveis: sexo, faixa etária e grau de instrução são ponderadas de acordo com as Estatísticas do Eleitorado de Cocal ¿ PI, segundo ao Tribunal Superior Eleitoral(TSE) ou TRE-PI, no período pesquisado.  A variável classe de renda domiciliar é ponderada de acordo com a estatística do Censo Demográfico IBGE 2022. O nível de confiança é de 95% com margem de erro de 4,85% para mais ou para menos, nas estatísticas apresentadas para o total da amostra levantada considerando variância máxima, p=0,50; p =0,50. Cotas de sexo: Masculino 198(49,46%), Feminino 202(50,54%), Cotas de faixa etária: 16 a 24anos 67(16,75%), 25 a 34anos 86(21,20%), 35 a 44 anos 81(20,17%), 45 a 59 anos 91(22,78%), 60 e + anos 75(19,10%), Cotas de grau de instrução: Analfabeto 50(12,53%), lê e escreve 77(19,33%), Ensino fundamental incompleto/completo 136(33,95%), Ensino médio incompleto/completo 112(27,84%), superior incompleto/completo 25(6,35%), Cotas de classe de renda: Até 1 SM 359(89,69%), de 1 a 2 SM 27(6,88%), de 2 a 5 SM 11(2,82%), de 5 a 10 SM 02(0,52%), acima de 10 SM 01(0,09%).";"Supervisão interna em 100% dos questionários aplicados e crítica dos dados digitados feita pelo computador. Checagem direta com retorno e/ou acompanhamento e/ou por telefone feita pelos supervisores de campo em no mínimo 20% dos questionários aplicados, de acordo com a exigência da ABEP. Associação Brasileira de Empresas de Pesquisa. Relatórios de campo, pesquisadores e supervisores.";"Nos Bairros: São Francisco, São Pedro, Santa Teresinha, Centro, Vila Planalto, Santa Luzia, Mutirão, Ulisses, Noventa e Alfa I, e Rural, nas Localidades: Campestre, Agrovila Jacaré, Segundo Campo, Lajeirão, Jacarandá, Santo Hilário, Vidéu, Pedra Pintada, Biribinha, Boa Vista, Itapecurú e Baixão."
"07/08/2026";"05:47:04";2026;81;"Eleições Gerais 2026";"PI";"PI";"PIAUÍ";"PI003332026";"2026-04-16 19:28:12";"N";"10320257000184";"INSTITUTO PIAUIENSE DE OPINIAO PUBLICA LTDA - EPP";"AMOSTRAGEM OPINIAO E MERCADO";"Governador, Senador, Deputado Federal, Deputado Estadual";"2026-04-10 00:00:00";"2026-04-14 00:00:00";"2026-04-22 00:00:00";600;"CONRE  - 5ª REGIÃO Nº 6695";"JOÃO BATISTA MENDES TELES";"12000,00";"Metodologia empregada: Amostragem não aleatória por cotas de gênero, faixa etária, grau de instrução, renda familiar, zona (urbana e rural), bairros e povoados. Entrevistas domiciliares e individuais. Coleta dos dados realizada por meio de SMARTPHONE/ TABLET, utilizando a plataforma iPesquisa.net.";"Amostragem por cotas. O conjunto do eleitorado do município é distribuído proporcionalmente por gênero, faixa etária, grau de instrução, classe de renda domiciliar. As variáveis: gênero, faixa etária e grau de instrução são ponderadas de acordo com as Estatísticas do Eleitorado do Piauí, TSE,   MARÇO   de   2026   referente ao município PARNAÍBA-PI. A variável classe de  renda  domiciliar  é  ponderada  de  acordo com as estatística do Censo Demográfico IBGE. O número de entrevistas dos bairros e povoados são ponderados de acordo com o número de domicílios por setor censitário, do Censo Demográfico IBGE 2022.  O  nível  de  confiança  é  de   95%  com   margem   de   erro   de    3,92%  para  mais  ou  para menos, nas estatísticas apresentadas para o total da amostra levantada considerando variância máxima, p=0,50; 1 - p = 0,50.


Cotas de gênero: Masculino (279), Feminino (321), 

Cotas de faixa etária:   16 a 24 anos (79), 25 a 34 anos (120), 35 a 44 anos (125), 45 a 59 anos (149), 60 e + anos (127), 

Cotas de grau de instrução: Analfabeto (30), lê e escreve (51), Ensino fundamental incompleto/completo (161), Ensino médio incompleto/completo (266), superior incompleto (37), superior completo (55), 

Cotas de classe de renda domiciliar:    Até R$ 1.621,00 (138),   de R$ 1.621,01 à R$ 3.242,00 (176),  de R$ 3.242,01 à R$ 8.105,00 (187), mais de R$ 8.105,01 (99).";"Supervisão interna em 100% dos questionários aplicados e crítica dos dados digitados feita pelo computador.  A checagem direta com retorno e/ou acompanhamento é feita pelo supervisor de campo, enquanto que a checagem por telefone é realizada a partir do banco de dados gerado pela plataforma iPesquisa.net, em no mínimo 20% dos questionários aplicados, de acordo com a exigência da ABEP - Associação Brasileira de Empresas de Pesquisa. Relatórios de campo - pesquisadores e supervisores.";"BAIRROS E POVOADOS PESQUISADOS POR REGIÕES:

1-REGIÃO NORTE: Cantagalo, Chafariz, Pindorama, Reis Veloso, Jardim das Acácias, São Benedito, São Judas Tadeu, Catanduvas, Conviver.

2-REGIÃO SUL: Almira Silva, Ceará, Cristo Rei, Dom Rufino, Broder Ville, Primavera, Rodoviária, Sabiazal, Santa Luzia, Alto Santa Maria, Santa Teresinha, São Pedro.

3-REGIÃO LESTE: Alberto Silva, Carpina, Dirceu Arcoverde, Floriópolis, Frei Higino, João XXIII, Conjunto Colinas do Alvorada I, II, Nossa Senhora de Montserrat, Piauí, Betânia, Portinho, Raul Bacelar I, II, III, Simplício Dias, Vicente Correia.

4-REGIÃO OESTE: Bebedouro, Boa Esperança I, II, III, Campos, Centro, Fazendinha, Santa Isabel, Igaraçu, Joaz Souza, Mendonça Clark, Nossa Senhora de Fátima, Nossa Senhora do Carmo, Nova Parnaíba, São Francisco, São José, São Vicente de Paulo, Tabuleiro.

5-POVOADOS: Lambido de Baixo, Lambido de Cima, Rancharia, São José, Pedra do Sal, Bom Jesus."
"07/08/2026";"05:47:04";2026;81;"Eleições Gerais 2026";"PI";"PI";"PIAUÍ";"PI042432026";"2026-04-22 18:29:00";"N";"55105999000125";"INSTITUTO DATA AZ DE PESQUISA LTDA";"INSTITUTO DE PESQUISA DATA AZ";"Governador, Senador, Deputado Federal, Deputado Estadual";"2026-04-20 00:00:00";"2026-04-25 00:00:00";"2026-04-28 00:00:00";800;"9356";"Laércio de Sousa Araújo";"6000,00";"Eleitores com 15 anos ou mais de idade com domicílio eleitoral na cidade de TERESINA PI e que no momento da pesquisa se encontrava na sua residência. Trata-se de uma pesquisa face a face, domiciliar e individual através de uma amostra estratificada  em 2 estágios com abordagem aleatória simples através das variáveis gênero, faixa etária, nível de instrução e faixa de renda, de acordo com a resolução do TSE 23.600/19 com alterações da resolução 23.747/2026, para as pesquisas eleitorais, utilizando dados da estatística do eleitorado do munícipio com fonte no TSE (sig.tse.jus.br) ou TRE-PI no período pesquisado, consultando os dados do IBGE censo 2010-2022 (censo2022.ibge.gov.br/panorama) com referência na renda e estimativas populacionais (cidades.ibge.gov.br). Conforme treinamentos internos os pesquisadores de campo selecionarão suas amostras em cada setor definido no plano amostral, obedecendo um espaçamento de uma amostra para outra, seguindo critérios de amostras aleatórias simples e em caso de complementação de informação será inserido no sistema até o 7º dia, após o registro no site Pesqele, de acordo com o art2º, §6º e §7º - da res. 23600/19. Para o dimensionamento das variáveis e interpretação dos dados será considerada a base 100%, utilizando regras de arredondamento quando necessário e os resultados serão mensurados em tabelas gráficas e analíticas utilizando 2 casas decimais. Os Questionários serão numerados e estruturados com perguntas espontâneas e estimuladas, sendo as perguntas estimuladas com apresentação por ordem alfabética ou realizadas com uso de técnicas de alternativas randomizadas ou aleatorizadas, dispensando o uso de discos.";"SEXO: MASCULINO (45%), FEMININO (55%); FAIXA ETÁRIA até 24 anos (11,62%), de 25 a 34 anos (19,33%), de 35 a 44 anos (21,75%), de 45 a 59 anos (26%), 60 anos ou mais (21,3%); ESCOLARIDADE: Analfabeto (2,1%), Lê e escreve (4,58%), 1º Grau inc/comp (21,05%), 2º Grau inc/comp (50,55%), 3º Grau inc/comp (21,72%); RENDA Sem Rendimento (33%), até 1 salário (33,66%), Mais de 1 a 3 Salários (22%), Mais 3 a 5 salários (4,74%),mais de 5 salários (6,6%).

O objetivo de indicar a margem de erro é a influência que tem o tamanho da amostra usada na precisão dos resultados, quando a amostra for probabilística. Para fins de comparação com a amostra sugerida, a margem de erro seria de 3,46% (para mais ou menos), com nível de confiança de 95%, nível de significância de 5%, com P = 0,5.";"Equipe formada por pesquisadores, supervisor, estatístico, analista de sistemas, contador e advogado, totalizando em equipes divididas em trabalhos externos e trabalhos internos, sendo fornecido tais identificações caso seja necessária, conforme preconiza o artigo 13 da Resolução 23600/20219. Checagem da supervisão in loco em pelo menos 30% da aplicação dos questionários nas zonas urbanas e rural e 100% na tabulação. Questionários digital elaborado de acordo com os objetivos da pesquisa, aplicados através de equipamentos eletrônicos com sistema de coleta próprio (sistemas eletrônicos em acordo o que diz o art.2º §8º - da res. 23600/19) e com transmissão de dados em tempo real e monitoramento de 100% do percurso por fluxo de GPS. Coordenação interna e treinamento dos pesquisadores em sede local, com cadastro completo disponíveis de todos os dados referentes a equipe técnica e de campo da pesquisa.";"ZONA URBANA Campestre 5, Vale do Gavião 13, Planalto Uruguai 20, Parque Mão Santa 6, Vila Bandeirante I e II 16, Satelite 8, Vila Maria 6, Vale Quem Tem 7, Piçarreira 10, Morada do Sol 6, Santa Isabel 4, São Cristovão 4, Pedra Mole 8, Cidade Jardim 7, São João 6, Noivos 6, Fátima 7, Ininga 6, Jóquei 6, Centro (sul/norte) 8, Conjunto Taquari 5, Recanto das Palmeiras 4, Aroeiras	4, Socopo 5, Santa Maria do Codipi 20, ,Poti Velho 8, Itaperu 6, Memorade 5, Mocabinho I, II e III 33, Alto Alegre 6, Santa Sofia 6, Buenos Aires 8, Água Mineral 7,Real Copagre 8, Aeroporto 12, Parque Alvorada 7, Mafrese 6, Acarape 6, Matinha 7, Primavera 7, Pirajá 8, Vila Operária 10, Mafuá 6, Marquês 9, Santa Rosa 7, Jacinta Andrade 16, Porenquanto 7, São Joaquim 5, Parque Brasil 5, Cabral 9, Matadouro 5, Vila São Francisco 5, Conj Emílio Falcão 6, Cristo Rei 6, Lourival Parente 15, Ilhotas 4, Tabuleta 7, Morada Nova	 6, Piçarra 8, Bela Vista I, II e III / Planalto Bela Vista 10, Promorar 17, Parque Piauí 12, Vamos ver o Sol 8, Porto Alegre 9, Esplanada	6, Vila Irmã Dulce 10, Saci , Angelim 10, São Pedro	9, Vermelha 8, Monte Castelo	9, Três Andares  6, Parque São João 6, Conjunto Mário Covas 8, Santa Cruz 6, Santa Luzia 5, Pio XII 4, Redenção 5, Dirceu I e II 40, Renascença I, II e III 20, Todos os Santos	3, Novo Horizonte 5, Boa Esperança 3, Parque Ideal 5, Itarare	5, Tancredo Neves 5, Colorado 2, Alto da Ressureição 4, Gurupi 4, Comprida	3, Livramento 3, Parque Jurema 3, Redonda 3, Extrema 2, São Sebastião 3, Parque Poti 3. ZONA RURAL: Cerâmica Cil I e II 	30, Santa Tereza 19."
"07/08/2026";"05:47:04";2026;81;"Eleições Gerais 2026";"PI";"PI";"PIAUÍ";"PI071522026";"2026-05-04 21:04:07";"N";"10320257000184";"INSTITUTO PIAUIENSE DE OPINIAO PUBLICA LTDA - EPP";"AMOSTRAGEM OPINIAO E MERCADO";"Governador, Senador, Deputado Federal";"2026-04-30 00:00:00";"2026-05-03 00:00:00";"2026-05-10 00:00:00";400;"CONRE  - 5ª REGIÃO Nº 6695";"JOÃO BATISTA MENDES TELES";"11500,00";"Metodologia empregada: Amostragem não aleatória por cotas de gênero, faixa etária, grau de instrução, renda familiar, zona (urbana e rural), bairros e povoados. Entrevistas domiciliares e individuais. Coleta dos dados realizada por meio de SMARTPHONE/ TABLET, utilizando a plataforma iPesquisa.net.";"Amostragem por cotas. O conjunto do eleitorado do município é distribuído proporcionalmente por gênero, faixa etária, grau de instrução, classe de renda domiciliar. As variáveis: gênero, faixa etária e grau de instrução são ponderadas de acordo com as Estatísticas do Eleitorado do Piauí, TSE,   MARÇO   de   2026   referente ao município BARRAS-PI. A variável classe de  renda  domiciliar  é  ponderada  de  acordo com as estatística do Censo Demográfico IBGE. O número de entrevistas dos bairros e povoados são ponderados de acordo com o número de domicílios por setor censitário, do Censo Demográfico IBGE 2022.  O  nível  de  confiança  é  de   95%  com   margem   de   erro   de    4,8%  para  mais  ou  para menos, nas estatísticas apresentadas para o total da amostra levantada considerando variância máxima, p=0,50; 1 - p = 0,50.


Cotas de gênero: Masculino (196), Feminino (204), 

Cotas de faixa etária:   16 a 24 anos (63), 25 a 34 anos (80), 35 a 44 anos (86), 45 a 59 anos (91), 60 e + anos (80), 

Cotas de grau de instrução: Analfabeto (41), lê e escreve (60), Ensino fundamental incompleto/completo (114), Ensino médio incompleto/completo (147), superior incompleto (16), superior completo (22), 

Cotas de classe de renda domiciliar:    Até R$ 1.621,00 (134),   de R$ 1.621,01 à R$ 3.242,00 (140),  de R$ 3.242,01 à R$ 8.105,00 (97), mais de R$ 8.105,01 (29).";"Supervisão interna em 100% dos questionários aplicados e crítica dos dados digitados feita pelo computador.  A checagem direta com retorno e/ou acompanhamento é feita pelo supervisor de campo, enquanto que a checagem por telefone é realizada a partir do banco de dados gerado pela plataforma iPesquisa.net, em no mínimo 20% dos questionários aplicados, de acordo com a exigência da ABEP - Associação Brasileira de Empresas de Pesquisa. Relatórios de campo - pesquisadores e supervisores.";"BAIRROS E POVOADOS PESQUISADOS:

BAIRROS:
Centro, Xique-Xique, Curujal, Fátima, Conjunto Petrônio Portela, Pequizeiro, Riachinho, Boa Vista, Santinho / Vila Mão Santa, Matadouro / Vila Esperança, Galdinal, São Cristóvão / Vila São João, Pedrinhas I, II, Vila França, Residencial São Francisco / Morada de Barras, Floresta.	
								
POVOADOS:
Marimbondo, São Luís, Formosa II, Angical, Barreiro, Assentamento Mimoso, Vila Bella, Pé do Morro, Morada Nova, Mucambo, Marreca, São Francisco, Surrão, Fazenda Lourdes, Formosa, Anajá, Três Caminhos, Barreiro do Alcides, Palmeiras, Palmeiras II."
"07/08/2026";"05:47:04";2026;81;"Eleições Gerais 2026";"PI";"PI";"PIAUÍ";"PI082302026";"2026-06-10 17:20:32";"N";"10320257000184";"INSTITUTO PIAUIENSE DE OPINIAO PUBLICA LTDA - EPP";"AMOSTRAGEM OPINIAO E MERCADO";"Governador, Senador, Deputado Federal, Deputado Estadual";"2026-06-04 00:00:00";"2026-06-07 00:00:00";"2026-06-16 00:00:00";300;"CONRE  - 5ª REGIÃO Nº 6695";"JOÃO BATISTA MENDES TELES";"9000,00";"Metodologia empregada: Amostragem não aleatória por cotas de gênero, faixa etária, grau de instrução, renda familiar, zona (urbana e rural), bairros e povoados. Entrevistas domiciliares e individuais. Coleta dos dados realizada por meio de SMARTPHONE/ TABLET, utilizando a plataforma iPesquisa.net.";"Amostragem por cotas. O conjunto do eleitorado do município é distribuído proporcionalmente por gênero, faixa etária, grau de instrução, classe de renda domiciliar. As variáveis: gênero, faixa etária e grau de instrução são ponderadas de acordo com as Estatísticas do Eleitorado do Piauí, TSE,   MAIO   de   2026   referente ao município PARNAÍBA-PI. A variável classe de  renda  domiciliar  é  ponderada  de  acordo com as estatística do Censo Demográfico IBGE. O número de entrevistas dos bairros e povoados são ponderados de acordo com o número de domicílios por setor censitário, do Censo Demográfico IBGE 2022. O  nível  de  confiança  é  de   95%  com   margem   de   erro   de    5,54%  para  mais  ou  para menos, nas estatísticas apresentadas para o total da amostra levantada considerando variância máxima, p=0,50; 1 - p = 0,50.

Cotas de gênero: Masculino (139), Feminino (161), 

Cotas de faixa etária:   16 a 24 anos (43), 25 a 34 anos (59), 35 a 44 anos (62), 45 a 59 anos (75), 60 e + anos (61), 

Cotas de grau de instrução: Analfabeto (13), lê e escreve (25), Ensino fundamental incompleto/completo (81), Ensino médio incompleto/completo (135), superior incompleto (18), superior completo (28), 

Cotas de classe de renda domiciliar:    Até R$ 1.621,00 (68),   de R$ 1.621,01 à R$ 3.242,00 (89),  de R$ 3.242,01 à R$ 8.105,00 (93), mais de R$ 8.105,01 (50).";"Supervisão interna em 100% dos questionários aplicados e crítica dos dados digitados feita pelo computador.  A checagem direta com retorno e/ou acompanhamento é feita pelo supervisor de campo, enquanto que a checagem por telefone é realizada a partir do banco de dados gerado pela plataforma iPesquisa.net, em no mínimo 20% dos questionários aplicados, de acordo com a exigência da ABEP - Associação Brasileira de Empresas de Pesquisa. Relatórios de campo - pesquisadores e supervisores.";"BAIRROS E POVOADOS PESQUISADOS POR REGIÃO:

REGIÃO NORTE: São Benedito, Cantagalo, São Judas Tadeu, Catanduvas, Conviver, Chafariz, Reis Veloso, Jardim das Acácias, Pindorama.

REGIÃO SUL: Cristo Rei, Ceará, Rodoviária, Alto Santa Maria, São Pedro, Sabiazal, Almira Silva, Primavera, Santa Luzia, Santa Teresinha, Dom Rufino, Broder Ville, Lagoa da Prata.

REGIÃO LESTE: Piauí, Betânia, Dirceu Arcoverde, Nossa Senhora do Montserrat, Raul Bacelar I, II, III, Alberto Silva, Simplício Dias, São João, Pilocarpina, Vicente Correia, Frei Higino, João XXIII, Conjunto Colinas do Alvorada I, II, Floriópolis, Portinho.

REGIÃO OESTE: Centro, Nossa Senhora do Carmo, Mendonça Clark, São José, Nova Parnaíba, São Francisco, Bebedouro, Campos, Nossa Senhora de Fátima, Boa Esperança I, II, III, São Vicente de Paulo, Joaz Souza, Igaraçu, Tabuleiro, Santa Isabel, Fazendinha.

POVOADOS: Baixa da Carnaúba  / KM 16, São José, Céu, Barro Vermelho, Olho D´Agua."
"07/08/2026";"05:47:04";2026;81;"Eleições Gerais 2026";"PI";"PI";"PIAUÍ";"PI041542026";"2026-05-04 20:02:12";"N";"15563771000164";"INSTITUTO CREDIBILIDADE LTDA";"INSTITUTO CREDIBILIDADE";"Governador, Senador, Deputado Federal, Deputado Estadual";"2026-05-02 00:00:00";"2026-05-03 00:00:00";"2026-05-10 00:00:00";402;"9177";"DIOGENES VITOR DA SILVEIRA";"5000,00";"A metodologia empregada nesta pesquisa utilizou uma amostragem aleatória estratificada proporcional por sexo, idade, escolaridade e renda distribuídas na zona urbana e rural através de entrevistas domiciliares e individuais no município de AMARANTE(PI), sendo a coleta dos dados realizada por meio de tablets/smartphones. A Pesquisa foi realizada no período de 02 e 03 de maio de 2026 nos bairros e povoados descriminadas no plano amostral com um total de 402 entrevistas.";"O método de amostragem utilizada nesta pesquisa quantitativa eleitoral através de uma amostra probabilística aleatória estratificada proporcional (tabela abaixo), visto que a população de origem é considerada heterogênea, pois a mesma estará dividida em estratos referentes de acordo a divisão geopolítica do município de AMARANTE(PI). Para isso, foi elaborado inicialmente um questionário de pesquisa (em anexo), como ferramenta de coleta de dados em que as variáveis que serão coletadas do público-alvo analisado em cada zona rural e/ou urbana de cada bairro/povoado citado são: renda (em salários mínimos), escolaridade, idade e sexo. Sendo que, as variáveis sexo, idade e escolaridade, terão as escalas distribuídas de acordo com as estatísticas do Tribunal Superior Eleitoral (TSE) de março de 2026. Enquanto que a variável renda do chefe do domicílio, segundo o que estabelece o Instituto Brasileiro de Geografia E estatística (IBGE). As escolhas de base de ambos os institutos foram selecionadas, pois não se diverge da classificação eleitoral proposta pelo TSE. Ainda, para a realização do estudo levantou-se o tamanho populacional de eleitores pertencente ao município de AMARANTE (PI), e com uma margem de erro de 4,83% para mais ou para menos e uma margem de confiança de 95%, chegou-se em uma amostra significativa e aleatória de 402 eleitores pesquisado, assim distribuídos: Sexo: Entrevistas: Masculino (193) Feminino (209) Idade: Entrevistas 16 e 17 anos (9) 18 a 24 anos (50) 25 a 34 anos (73) de 35 a 44 anos(77) de 45 a 59 anos (92) e + 60 anos (101) Grau de Instrução Entrevistas Analfabeto (33) e Lê e escreve (66) Fundamental Completo e Incompleto (112) Ensino Médio Completo e Incompleto (149) Superior Completo e Incompleto (42) Renda Familiar: Entrevistas até 1.621,00 (173) de 1621,01 a 3.242,00 (137) acima de  3.242,01 ou mais (92).";"Com o objetivo de garantir que o estudo não é passível de víeis que beneficie determinados públicos-alvo ou algum segmento partidário, a equipe aplicadora dos questionários de pesquisas formada por 4 entrevistadores e 1 supervisor de campo. Assim, todos os questionários foram supervisionados no trabalho de campo pelo supervisor (diretamente ou acompanhamento) e 20% dos questionários checados posteriormente (diretamente no local ou por telefone) pelo supervisor, para evitar erros que corroborem com alguma tendência dos dados. Feito também uma supervisão interna de todos os questionários (402) aplicados e uma análise crítica dos dados digitados no software de análise estatística.";"ZONA URBANA
 Escalvado	40	
Areias	30	
Cajueiro	30	
Centro	30	
Alto Alegre	25	
Vila Nova	25	
Novo Amarante	20	
Total	200	

ZONA RURAL
 Lagoa/Arara	20	
Conceição	20	
Emparedada/Novo Estado	20	
Mimbó/Assentamento 	19	
Saco Cachoeira	18	
Saco dos Meios/Vereda	18	
Periperi/Barra da Muquila	13	
Pintadas/Rodrigo Mendes	12	
Malhada Nova/Conceição	12	
Salobro I e II	12	
Malhadinha/Remanso	10	
Bonito/Poço Dantas	10	
Nova Olinda/Unha de Gato	10	
Recanto/Butirama	8	
Total	202	

"
"07/08/2026";"05:47:04";2026;81;"Eleições Gerais 2026";"PI";"PI";"PIAUÍ";"PI091032026";"2026-03-30 00:09:44";"N";"52483917000198";"INSTITUTO GAMA PESQUISA E CONSULTORIA LTDA";"GAMA PESQUISA E CONSULTORIA";"Governador";"2026-03-26 00:00:00";"2026-03-27 00:00:00";"2026-04-05 00:00:00";800;"Nº 11.160 - CONRE-5";"MANOEL FRANCISCO DA SILVA";"8000,00";"A pesquisa foi realizada por meio de amostragem por cotas proporcionais aleatórias, considerando as variáveis gênero, faixa etária, grau de instrução e nível econômico dos entrevistados, de modo a refletir a composição sociodemográfica do eleitorado do município de Teresina - PI. A coleta dos dados ocorreu por meio de entrevistas individuais presenciais, utilizando dispositivos eletrônicos do tipo tablet, aplicadas de forma mista, em pontos de grande fluxo de pessoas e através de entrevistas domiciliares localizadas na zona urbana do município. Esses pontos foram selecionados por se configurarem como destinos comuns a moradores de diferentes bairros da cidade, conforme definido no plano amostral. O levantamento de campo foi realizado no período de 26 a 27 de março de 2026, totalizando 800 entrevistas válidas.";"O plano amostral e a ponderação dos dados foram elaborados com base na proporcionalidade das variáveis de gênero, faixa etária, grau de instrução e nível econômico dos entrevistados, de modo a refletir a composição sociodemográfica do eleitorado. As variáveis de gênero, idade e escolaridade seguiram os dados oficiais do eleitorado disponibilizados pelo Tribunal Superior Eleitoral (TSE), com referência a janeiro de 2026. A variável renda familiar foi ponderada conforme os registros do Instituto Brasileiro de Geografia e Estatística (IBGE), com base no Censo Demográfico de 2010. Embora não se trate de amostragem probabilística clássica, os resultados permitem estimativas da opinião do eleitorado, sendo apresentado nível de confiança de 95% e margem de erro aproximada de 3,5 pontos percentuais, para mais ou para menos, nas estatísticas referentes ao total da amostra, considerando a hipótese de variância máxima (p = 0,50), com base em uma amostra de 800 entrevistas válidas. Distribuição da amostra: Gênero: Masculino: 360 entrevistas (45%); Feminino: 440 entrevistas (55%). Faixa etária: 16 a 20 anos: 37 entrevistas (5%); 21 a 34 anos: 210 entrevistas (26%); 35 a 59 anos: 383 entrevistas (48%); 60 anos ou mais: 170 entrevistas (21%). Grau de instrução: Analfabeto / Lê e escreve: 54 entrevistas (7%); Ensino fundamental completo e incompleto: 169 entrevistas (21%); Ensino médio completo e incompleto: 403 entrevistas (50%); Ensino superior completo e incompleto: 174 entrevistas (22%). Renda familiar mensal: Até 1 salário mínimo (até R$ 1.621,00): 403 entrevistas (50%); De 1 a 2 salários mínimos (R$ 1.621,01 a R$ 3.242,00): 199 entrevistas (25%); De 2 a 5 salários mínimos (R$ 3.242,01 a R$ 8.105,00): 120 entrevistas (15%); Acima de 5 salários mínimos (acima de R$ 8.105,00): 79 entrevistas (10%).";"A pesquisa contou com supervisão interna em 100% dos questionários aplicados, bem como crítica automática dos dados digitados, realizada por meio de sistema informatizado, com o objetivo de identificar inconsistências, erros de preenchimento e desvios de padrão. Adicionalmente, foi realizada checagem direta de, no mínimo, 20% dos questionários aplicados, por meio de retorno aos locais de entrevista e acompanhamento em campo, utilizando-se também a verificação das coordenadas geográficas registradas automaticamente pelos dispositivos eletrônicos empregados na coleta, assegurando a confirmação de realização das entrevistas. O processo de controle e validação foi, portanto, devidamente registrado precisamente pelos registros eletrônicos gerados durante a coleta, assegurando a rastreabilidade, a confiabilidade e a integridade das informações coletadas.";"#NULO#"
"07/08/2026";"05:47:04";2026;81;"Eleições Gerais 2026";"PI";"PI";"PIAUÍ";"PI061332026";"2026-04-09 21:52:33";"N";"15563771000164";"INSTITUTO CREDIBILIDADE LTDA";"INSTITUTO CREDIBILIDADE";"Governador, Senador, Deputado Federal, Deputado Estadual";"2026-03-31 00:00:00";"2026-04-01 00:00:00";"2026-04-15 00:00:00";401;"9177";"DIOGENES VITOR DA SILVEIRA";"6500,00";"A metodologia empregada nesta pesquisa utilizou uma amostragem aleatória estratificada proporcional por sexo, idade, escolaridade e renda distribuídas na zona urbana e rural através de entrevistas domiciliares e individuais no município de PIRIPIRI (PI). Sendo a coleta dos dados realizada por meio de tablets/smartphones. A Pesquisa foi realizada no período de 31 de março e 01 de abril de 2026 nos bairros e povoados descriminadas no plano amostral com um total de 401 entrevistas.";"O método de amostragem utilizada nesta pesquisa quantitativa eleitoral foi através de uma amostra probabilística aleatória estratificada proporcional (tabela abaixo), visto que a população de origem é considerada heterogênea, pois a mesma estará dividida em estratos referentes de acordo a divisão geopolítica do município PIRIPIRI- PI. Para isso, foi elaborado inicialmente um questionário de pesquisa(em anexo), como ferramenta de coleta de dados em que as variáveis que serão coletadas do público-alvo analisado em cada zona rural e/ou urbana de cada bairro/povoado citado são: renda (em salários mínimos), escolaridade, idade e sexo. Sendo que, as variáveis sexo, idade e escolaridade, terão as escalas distribuídas de acordo com as estatísticas do Tribunal Superior Eleitoral (TSE) de janeiro de 2026. Enquanto que a variável renda do chefe do domicílio, segundo o que estabelece o Instituto Brasileiro de Geografia e Estatística (IBGE). Para a realização do estudo levantou-se o tamanho populacional de eleitores pertencente ao município de PIRIPIRI - PI, e com uma margem de erro de 4.88 pp para mais ou para menos e uma margem de confiança de 95%, chegou-se em uma amostra significativa e aleatória de 401 eleitores pesquisados, assim distribuídos: SEXO: MASCULINO (191), FEMININO (210); FAIXA ETÁRIA De 16 e 17 anos (6) De 18 a 24 anos (48), de 25 a 34 anos(79), de 35 a 44 anos (78), de 45 a 59 anos (95),60 anos ou mais (95); ESCOLARIDADE: Analfabeto (55) Lê e escreve (51), Ensino Fundamental incompleto/completo(100), Ensino Médio: completo e incompleto (161), Ensino Superior: Completo e Incompleto (34); RENDA: Até 1 salário (163) entre 1,1 e 2 salários (168), Mais de 2 salários Mínimos(70).";"Checagem pelo supervisor em pelo menos 20% dos questionários aplicados em campo/telefone e 100% supervisão interna dos questionários aplicados e crítica dos dados. Questionários aplicados eletronicamente, por meio de tablets/smartphones, com sistema próprio de pesquisa, formulação e tabulação.";"ZONA URBANA	
Centro	25
 Petecas	15
 Vista Alegre	15
 Paciência	14
 Prado	14
 Anajás	12
 Caixa Dágua	10
 Floresta	10
 Fonte dos Matos	10
 GErmano	10
 São João	10
 Mutirão	8
 Estação	8
 Recreio	8
 Residencial Petecas	8
 Iapep Germano	8
 Morro da Ana	8
 C. das Palmas	8
 Itacoatiara	7
 Pedreitas	7
 Parque Recreio	7
 Matadouro	6
 Reidencial Abdias Monteiro	6
 Genipapeiro	6
 Iapep Rusinha	5
 Crioli	5
 Residencial Padre Freitas	5
 Conj. Expedito Resende	5
 Flor do Campo	5
 Marechal	5
 Conj. João Amâncio	5
 Várzea I e II	1
 Sertão de Dentro	1
Total	277
	
ZONA RURAL	
Banda	8
 Caldeirão	6
 Pé do Morro	6
 Olho D´água Grande	6
 Várzea I e II	6
 Formosa	6
 Furnas	6
 Vertentes	5
 Santa Rosa	5
 Marinheiro	5
 Bela Vista	5
 Angical do DNOCS	5
 Gameleira	5
 Lajes	5
 Canto da Várzea	5
 Giral	5
 Oiticica	5
 Sussuarana	5
 Açude de Baixo	5
 São Luiz	5
 Sertão de Dentro	5
 São José do João Bárbara	5
 Vereda do Zezinho	5
Total	124

"
"07/08/2026";"05:47:04";2026;81;"Eleições Gerais 2026";"PI";"PI";"PIAUÍ";"PI064732026";"2026-07-08 20:58:37";"S";"22345021000181";"REAL TIME MIDIA LTDA";"REAL TIME BIG DATA";"Governador, Senador";"2026-07-11 00:00:00";"2026-07-13 00:00:00";"2026-07-14 00:00:00";1600;"10839";"Isabela Zara Cremoneze";"24000,00";"Pesquisa quantitativa, que consiste na realização de entrevistas com eleitores do universo a ser explorado, feitas em combinação mista por entrevistadores humanos e recursos de inteligência artificial, com a aplicação de questionário estruturado com abordagens telefônicas e digitais junto a uma amostra representativa do eleitorado em estudo. Pesquisa realizada no Estado do Piauí (PI).";"Representativo do eleitorado da área em estudo, elaborada em três estágios. 
No primeiro estágio, realiza-se um sorteio probabilístico dos municípios onde as entrevistas serão realizadas, pelo método PPT (Probabilidade Proporcional ao Tamanho), tomando a população eleitora de 16 anos ou mais residente nos municípios como base para essa seleção.
No segundo estágio, efetua-se um sorteio probabilístico das localidades dentro dos municípios selecionados, também pelo método PPT (Probabilidade Proporcional ao Tamanho), considerando a população eleitora de 16 anos ou mais residente nessas localidades como base para a seleção.
No terceiro e último estágio, dentro das localidades sorteadas, os respondentes são selecionados por meio de quotas amostrais proporcionais, em função de variáveis significativas, a saber:

GÊNERO:
Feminino: 51,72%;
Masculino: 48,28%.
(Fonte: TSE, Junho/2026 -- https://sig.tse.jus.br/ords/dwapr/r/seai/sig-eleitor-eleitorado-mensal/perfil-do-eleitorado-mensal?session=19870699363736)
FAIXA ETÁRIA:
16 anos: 0,96%;
17 anos: 1,32%;
18 a 20 anos: 5,23%;
21 a 24 anos: 7,33%;
25 a 34 anos: 19,29%;
35 a 44 anos: 19,99%;
45 a 59 anos: 24,19%;
60 a 69 anos: 11,34%;
70 a 79 anos: 6,89%;
Superior a 79 anos: 3,45%.
(Fonte: TSE, Junho/2026 -- https://sig.tse.jus.br/ords/dwapr/r/seai/sig-eleitor-eleitorado-mensal/cruzamento-eleitorado-mensal?p24_cruzamento_1=ds_faixa_etaria&p24_metricas=E&p24_back=22&clear=24&session=19870699363736)
ESCOLARIDADE:
Analfabeto: 7,70%;
Lê e Escreve: 12,66%;
Ensino Fundamental Incompleto: 22,21%;
Ensino Fundamental Completo: 5,35%;
Ensino Médio Incompleto: 18,44%;
Ensino Médio Completo: 21,67%;
Ensino Superior Incompleto: 4,49%;
Ensino Superior Completo: 7,47%.
(Fonte: TSE, Junho/2026 -- https://sig.tse.jus.br/ords/dwapr/r/seai/sig-eleitor-eleitorado-mensal/cruzamento-eleitorado-mensal?p24_cruzamento_1=ds_grau_instrucao&p24_metricas=E&p24_back=22&clear=24&session=19870699363736)
RENDA DOMICILIAR MENSAL:
Sem rendimento: 5,00%;
Até 1/2 Salário Mínimo: 14,72%;
Mais de 1/2 a 1 Salário Mínimo: 20,56%;
Mais de 1 a 2 Salários Mínimos: 27,98%;
Mais de 2 a 5 Salários Mínimos: 22,17%;
Mais de 5 a 10 Salários Mínimos: 6,11%;
Mais de 10 a 20 Salários Mínimos: 2,34%;
Mais de 20 Salários Mínimos: 1,12%.
(Fonte: IBGE (Censo/2010) -- https://cidades.ibge.gov.br/brasil/pi/pesquisa/23/24304?detalhes=true) 

Observação: De acordo com informações do Instituto Brasileiro de Geografia e Estatística (IBGE), não há previsão de data para a divulgação do perfil econômico da população brasileira do CENSO 2022. Portanto, os dados sobre o nível econômico obtidos no Censo 2022 não podem ser utilizados, pois ainda não foram publicados.
Está prevista eventual ponderação para correção das variáveis sexo e idade, com base nos percentuais anteriormente mencionados, caso ocorram diferenças superiores a 3 pontos percentuais entre o previsto na amostra e a coleta de dados realizada. Para as variáveis de grau de instrução e nível econômico do entrevistado, o fator previsto para ponderação é 1 (resultados obtidos em campo). O nível de confiança estimado é de 95% e a margem de erro máxima estimada considerando um modelo de amostragem aleatório simples, é de aproximadamente 2 (dois) pontos percentuais para mais ou para menos sobre os resultados encontrados no total da amostra.
";"O trabalho de coleta de dados é acompanhado por supervisores humanos. São selecionados aleatoriamente 15% (quinze por cento) dos questionários para uma verificação posterior e, em caso de dúvida, o formulário é descartado e o responsável pela coleta chamado para esclarecimentos. Há uma equipe especializada que confere os dados à exaustão com objetivo de averiguar e aferir os resultados coletados";"O anexo do arquivo com os bairros será realizado até o dia seguinte da divulgação conforme indicado no §7º. do art. 2º. da Resolução-TSE nº. 23.600/2019."
"07/08/2026";"05:47:04";2026;81;"Eleições Gerais 2026";"PI";"PI";"PIAUÍ";"PI027962026";"2026-04-29 22:51:12";"N";"19190101000109";"OPINAR PESQUISAS LTDA.";"OPINAR PESQUISAS";"Senador";"2026-04-25 00:00:00";"2026-04-27 00:00:00";"2026-05-05 00:00:00";1200;"8749";"KLEISON DE PAIVA FREITAS";"67105,00";"A metodologia empregada nesta pesquisa utilizará uma amostragem aleatória estratificada proporcional por sexo, idade, escolaridade e renda distribuídas na zona urbana e rural através de entrevistas domiciliares e individuais no estado do PIAUÍ, sendo a coleta dos dados realizada por meio de SMARTPHONE/ TABLET. A Pesquisa foi realizada no período de 25 a 27 de abril de 2026 nos municípios descriminadas no plano amostral com um total de 1200 entrevistas. A empresa possui registro no conselho federal de estatística nº 8648.";"O método de amostragem que será utilizada nesta pesquisa quantitativa eleitoral será através de uma amostra probabilística aleatória estratificada proporcional (tabela abaixo), visto que a população de origem é considerada heterogênea, pois ela está dividida em estratos referentes de acordo a divisão geopolítica dos municípios amostrados. 
Para isso, foi elaborado inicialmente um questionário de pesquisa (em anexo), como ferramenta de coleta de dados em que as variáveis que serão coletadas do público-alvo analisado em cada zona rural e/ou urbana de cada município citado são: renda (em salários-mínimos), escolaridade, idade e sexo. Sendo que, as variáveis sexo, idade e escolaridade, terão as escalas distribuídas de acordo com as estatísticas do Tribunal Superior Eleitoral (TSE) de março de 2026. Enquanto a variável renda do chefe do domicílio, segundo o que estabelece o Instituto Brasileiro de Geografia e Estatística (IBGE) na Pesquisa Nacional por Amostra de Domicílios (PNAD contínua 2025). As escolhas de base de ambos os institutos foram selecionadas, pois não se diverge da classificação eleitoral proposta pelo TSE. Ainda, para a realização do estudo levantou-se o tamanho populacional de eleitores pertencente aos municípios amostrados, e com uma margem de erro de 2,83% para mais ou para menos e uma confiança de 95%, chegou-se em uma amostra significativa e aleatória de 1200 eleitores a pesquisar, assim distribuídos:
Sexo	Entrevistas
FEMININO	621
MASCULINO	579
Idade	Entrevistas
16 e 17 anos 	19
18 a 24 anos	151
25 a 34 anos	234
35 a 44 anos	243
45 a 59 anos	292
60 e + 60 anos	261
Grau de Instrução	Entrevistas
Analfabeto	94
Lê e escreve	155
Fundamental	334
Médio	472
Superior	145
Renda 	Entrevistas
até 1621,00	687
de 1621,01 a 3242,00	313
mais de 3242,01 	200
";"Com o objetivo de garantir que o estudo não é passível de viés que beneficie determinados públicos-alvo ou algum segmento partidário, a equipe aplicadora dos questionários de pesquisas será formada por 24 entrevistadores e 6 supervisores de campo. Assim, todos os questionários serão supervisionados no trabalho de campo pelo supervisor (diretamente ou acompanhamento) e 20% dos questionários serão checados posteriormente (diretamente no local ou por telefone) pelo supervisor, para evitar erros que corroborem com alguma tendência dos dados. Haverá ainda uma supervisão interna de todos os questionários (1200) aplicados e uma análise crítica dos dados digitados no software de análise estatística.";"Entrevistas domiciliares e individuais nos seguintes municípios e respectivas macros dos territórios de desenvolvimento: CERRAD0S(AVELINO LOPES, BAIXA GRANDE DO RIBEIRO, BOM JESUS, CANTO DO BURITI, CORRENTE, CRISTINO CASTRO, CURIMATÁ, CURRAIS, FLORIANO, GILBUÉS, ITAUEIRA, JERUMENHA, MARCOS PARENTE, MONTE ALEGRE DO PIAUÍ, REDENÇÃO DO GURGUÉIA, RIBEIRO GONÇALVES, URUÇUÍ), LITORAL(BURITI DOS LOPES, COCAL, LUIS CORREIA, PARNAÍBA), MEIO NORTE(ALTOS, ANGICAL DO PIAUÍ, BARRAS, BARRO DURO, BATALHA, CAMPO MAIOR, CAPITÃO DE CAMPOS, CASTELO DO PIAUÍ, COCAL DE TELHA, DEMERVAL LOBÃO, ESPERANTINA, JOAQUIM PIRES, JOSÉ DE FREITAS, LUZILÂNDIA, NAZÁRIA, NOSSA SENHORA DOS REMÉDIOS, PIRACURUCA, PIRIPIRI, PORTO, SÃO MIGUEL DO TAPUIO, TERESINA, UNIÃO, ÁGUA BRANCA)E SEMI ÁRIDO(ACAUÃ, ANÍSIO DE ABREU, BONFIM DO PIAUÍ, CARACOL, CARIDADE DO PIAUÍ, COLÔNIA DO PIAUÍ, CORONEL JOSÉ DIAS, DOM EXPEDITO LOPES, ELESBÃO VELOSO, FRANCISCO SANTOS, INHUMA, IPIRANGA DO PIAUÍ, JACOBINA DO PIAUÍ, JAICÓS, OEIRAS, PAULISTANA, PICOS, PIO IX, SANTO ANTÔNIO DE LISBOA, SIMPLÍCIO MENDES, SIMÕES, SUSSUAPARA, SÃO JOÃO DO PIAUÍ, SÃO RAIMUNDO NONATO, TANQUE DO PIAUÍ, VALENÇA DO PIAUÍ)"
"07/08/2026";"05:47:04";2026;81;"Eleições Gerais 2026";"PI";"PI";"PIAUÍ";"PI064592026";"2026-04-27 20:52:46";"N";"15563771000164";"INSTITUTO CREDIBILIDADE LTDA";"INSTITUTO CREDIBILIDADE";"Governador, Senador, Deputado Federal, Deputado Estadual";"2026-04-24 00:00:00";"2026-04-26 00:00:00";"2026-05-03 00:00:00";501;"9177";"DIOGENES VITOR DA SILVEIRA";"5000,00";"A metodologia empregada nesta pesquisa utilizou uma amostragem aleatória estratificada proporcional por sexo, idade, escolaridade e renda distribuídas na zona urbana e rural através de entrevistas domiciliares e individuais no município de CAMPO MAIOR(PI), sendo a coleta dos dados realizada por meio de tablets/smartphones. A Pesquisa foi realizada no período de 24 a 26 de abril de 2026 nos bairros e povoados descriminadas no plano amostral com um total de 501 entrevistas.";"O método de amostragem utilizada nesta pesquisa quantitativa eleitoral através de uma amostra probabilística aleatória estratificada proporcional (tabela abaixo), visto que a população de origem é considerada heterogênea, pois a mesma estará dividida em estratos referentes de acordo a divisão geopolítica do município de CAMPO MAIOR(PI). Para isso, foi elaborado inicialmente um questionário de pesquisa (em anexo), como ferramenta de coleta de dados em que as variáveis que serão coletadas do público-alvo analisado em cada zona rural e/ou urbana de cada bairro/povoado citado são: renda (em salários mínimos), escolaridade, idade e sexo. Sendo que, as variáveis sexo, idade e escolaridade, terão as escalas distribuídas de acordo com as estatísticas do Tribunal Superior Eleitoral (TSE) de março de 2026. Enquanto que a variável renda do chefe do domicílio, segundo o que estabelece o Instituto Brasileiro de Geografia E estatística (IBGE). As escolhas de base de ambos os institutos foram selecionadas, pois não se diverge da classificação eleitoral proposta pelo TSE. Ainda, para a realização do estudo levantou-se o tamanho populacional de eleitores pertencente ao município de CAMPO MAIOR (PI), e com uma margem de erro de 4,35% para mais ou para menos e uma margem de confiança de 95%, chegou-se em uma amostra significativa e aleatória de 501 eleitores pesquisado, assim distribuídos: Sexo: Entrevistas: Masculino (235) Feminino (266) Idade: Entrevistas 16 e 17 anos (5) 18 a 24 anos (54) 25 a 34 anos (91) de 35 a 44 anos(98) de 45 a 59 anos (131) e + 60 anos (122) Grau de Instrução Entrevistas Analfabeto (36) e Lê e escreve(49) Fundamental Completo e Incompleto (139) Ensino Médio Completo e Incompleto (198) Superior Completo e Incompleto (79) Renda Familiar: Entrevistas até 1.621,00 (195) de 1621,01 a 3.242,00 (210) acima de  3.242,01 ou mais (96).";"Com o objetivo de garantir que o estudo não é passível de víeis que beneficie determinados públicos-alvo ou algum segmento partidário, a equipe aplicadora dos questionários de pesquisas formada por 4 entrevistadores e 1 supervisor de campo. Assim, todos os questionários foram supervisionados no trabalho de campo pelo supervisor (diretamente ou acompanhamento) e 20% dos questionários checados posteriormente (diretamente no local ou por telefone) pelo supervisor, para evitar erros que corroborem com alguma tendência dos dados. Feito também uma supervisão interna de todos os questionários (501) aplicados e uma análise crítica dos dados digitados no software de análise estatística.";"ZONA URBANA	QUANT
 Nossa Senhora de Lurdes	35
 Bairro de Fátima	33
 Centro	30
 Cariri	27
 São Luiz	27
 Fripisa	26
 Estação	25
 Flores	25
 Conj. José de Almeida	23
 Paulo VI	22
 Califórnia	21
 Santa Cruz	20
 Cidade Nova	18
 Santa Rita	15
 São João	14
Total	361
	
ZONA RURAL	QUANT
 Alto do Meio	22
 Água Fria	12
 São Joaquim	10
 Povoado Água Branca	8
 Bom Lugar	8
 Mariana Alves	8
 Sambaíba	6
 Passagem do Meio	6
 Santo Antônio	6
 Salinas	6
 Avenida	6
 Boqueirãozinho	6
 Brejinho	6
 Tangará	6
 Tapera	6
 Angelim II	6
 Porção II	6
 Buritizinho	6
Total	140

"
"07/08/2026";"05:47:04";2026;81;"Eleições Gerais 2026";"PI";"PI";"PIAUÍ";"PI091412026";"2026-06-27 12:21:26";"N";"15563771000164";"INSTITUTO CREDIBILIDADE LTDA";"INSTITUTO CREDIBILIDADE";"Governador, Senador, Deputado Federal, Deputado Estadual";"2026-06-18 00:00:00";"2026-06-20 00:00:00";"2026-07-03 00:00:00";400;"9177";"DIOGENES VITOR DA SILVEIRA";"7000,00";"A metodologia empregada nesta pesquisa utilizou uma amostragem aleatória estratificada proporcional por sexo, idade, escolaridade e renda distribuídas na zona urbana e rural através de entrevistas domiciliares e individuais no município de PICOS (PI). Sendo a coleta dos dados realizada por meio de tablets/smartphones. A Pesquisa foi realizada no período de 18 a 20 de junho de 2026 nos bairros e povoados descriminadas no plano amostral com um total de 400 entrevistas.";"O método de amostragem utilizada nesta pesquisa quantitativa eleitoral foi através de uma amostra probabilística aleatória estratificada proporcional (tabela abaixo), visto que a população de origem é considerada heterogênea, pois a mesma estará dividida em estratos referentes de acordo a divisão geopolítica do município de PICOS (PI). Para isso, foi elaborado inicialmente um questionário de pesquisa (em anexo), como ferramenta de coleta de dados em que as variáveis que serão coletadas do público-alvo analisado em cada zona rural e/ou urbana de cada bairro/povoado citado são: renda (em salários mínimos), escolaridade, idade e sexo. Sendo que, as variáveis sexo, idade e escolaridade, tem as escalas distribuídas de acordo com as estatísticas do Tribunal Superior Eleitoral (TSE) de maio de 2026. Enquanto que a variável renda do chefe do domicílio, segundo o que estabelece o Instituto Brasileiro de Geografia e Estatística (IBGE). As escolhas de base de ambos os institutos foram selecionadas, pois não se diverge da classificação eleitoral proposta pelo TSE. Ainda, para a realização do estudo levantou-se o tamanho populacional de eleitores pertencente ao município de PICOS(PI), e com uma margem de erro de 4,88% para mais ou para menos e uma margem de confiança de 95%, chegou-se em uma amostra significativa e aleatória de 400 eleitores pesquisados, assim distribuídos: Sexo: Entrevistas: Masculino (188) Feminino (212) Idade: Entrevistas 16 e 17 anos (11) 18 a 24 anos (47) 25 a 34 anos (76) de 35 a 44 anos (77) de 45 a 59 anos (100) e + 60 anos (89) Grau de Instrução Entrevistas Analfabeto (23) Lê e escreve (49) Fundamental Completo e Incompleto (106) Ensino Médio Completo e Incompleto (163) Superior Completo e Incompleto (59) Renda Familiar: Entrevistas até 1621,00 (168) de 1621,01 a 3.242,00 (156) de 3,242,01ou mais (76).";"Com o objetivo de garantir que o estudo não é passível de víeis que beneficie determinados públicos-alvo ou algum segmento partidário, a equipe aplicadora dos questionários de pesquisas formada por 4 entrevistadores e 1 supervisor de campo. Assim, todos os questionários serão supervisionados no trabalho de campo pelo supervisor (diretamente ou acompanhamento) e 20% dos questionários checados
posteriormente (diretamente no local ou por telefone) pelo supervisor, para evitar erros que corroborem com alguma tendência dos dados. Haverá ainda uma supervisão interna de todos os questionários (400) aplicados e uma análise crítica dos dados digitados no software de análise estatística
";"ZON URBANA	QUANT
Centro 	23
 Ipoeiras 	16
 Junco 	16
 Paraibinha 	16
 São José 	15
 Canto da Várzea 	15
 Bomba 	15
 Paroquial 	15
 Cohab 	15
 Parque d3e Exposição 	14
 Boa Vista 	13
 Aerolândia 	12
 Samambaia 	12
 Matadouro 	12
 DNER 	12
 Passagem das Pedras 	12
 Pedrinhas 	12
 Pantanal 	10
 Condurú 	10
 Morada do sol 	10
 Catavento 	10
 Papelão 	9
Belo Norte	6
	300
	
ZONA RURAL	QUANT
Cajazeiras	10
Torrões	10
Mirolândia	10
Capitão de Campos	6
Bocolor	6
Umari	5
Tanque	5
Chapada do Mocambo	5
Lagoa dos Félix	5
Coroatá	5
Tabatinga	5
Junco dos Monteiros	4
Gameleira dos Galdinos	4
Fátima do Piauí	4
Curralinho 1	4
Cristovinho	4
Saquinho	4
Taboleiro dos Pios	4
	100

"
"07/08/2026";"05:47:04";2026;81;"Eleições Gerais 2026";"PI";"PI";"PIAUÍ";"PI067432026";"2026-05-15 18:02:54";"N";"10320257000184";"INSTITUTO PIAUIENSE DE OPINIAO PUBLICA LTDA - EPP";"AMOSTRAGEM OPINIAO E MERCADO";"Governador, Senador, Deputado Federal, Deputado Estadual";"2026-05-05 00:00:00";"2026-05-08 00:00:00";"2026-05-21 00:00:00";400;"CONRE  - 5ª REGIÃO Nº 6695";"JOÃO BATISTA MENDES TELES";"11500,00";"Metodologia empregada: Amostragem não aleatória por cotas de gênero, faixa etária, grau de instrução, renda familiar, zona (urbana e rural), bairros e povoados. Entrevistas domiciliares e individuais. Coleta dos dados realizada por meio de SMARTPHONE/ TABLET, utilizando a plataforma iPesquisa.net.";"Amostragem por cotas. O conjunto do eleitorado do município é distribuído proporcionalmente por gênero, faixa etária, grau de instrução, classe de renda domiciliar. As variáveis: gênero, faixa etária e grau de instrução são ponderadas de acordo com as Estatísticas do Eleitorado do Piauí, TSE,   MARÇO   de   2026   referente ao município UNIÃO-PI. A variável classe de  renda  domiciliar  é  ponderada  de  acordo com as estatística do Censo Demográfico IBGE. O número de entrevistas dos bairros e povoados são ponderados de acordo com o número de domicílios por setor censitário, do Censo Demográfico IBGE 2022.  O  nível  de  confiança  é  de   95%  com   margem   de   erro   de    4,8%  para  mais  ou  para menos, nas estatísticas apresentadas para o total da amostra levantada considerando variância máxima, p=0,50; 1 - p = 0,50.

Cotas de gênero: Masculino (200), Feminino (200), 

Cotas de faixa etária:   16 a 24 anos (57), 25 a 34 anos (84), 35 a 44 anos (85), 45 a 59 anos (93), 60 e + anos (81), 

Cotas de grau de instrução: Analfabeto (55), lê e escreve (25), Ensino fundamental incompleto/completo (116), Ensino médio incompleto/completo (171), superior incompleto (12), superior completo (21), 

Cotas de classe de renda domiciliar:    Até R$ 1.621,00 (149),   de R$ 1.621,01 à R$ 3.242,00 (149),  de R$ 3.242,01 à R$ 8.105,00 (89), mais de R$ 8.105,01 (13).";"Supervisão interna em 100% dos questionários aplicados e crítica dos dados digitados feita pelo computador.  A checagem direta com retorno e/ou acompanhamento é feita pelo supervisor de campo, enquanto que a checagem por telefone é realizada a partir do banco de dados gerado pela plataforma iPesquisa.net, em no mínimo 20% dos questionários aplicados, de acordo com a exigência da ABEP - Associação Brasileira de Empresas de Pesquisa. Relatórios de campo - pesquisadores e supervisores.";"BAIRROS E POVOADOS PESQUISADOS:

BAIRROS:
Centro / Vila Maria, São João, Beira Rio, Buritizinho, São Pedro / Conjunto Rego Filho / Residencial São Pedro, Vila Nova Conquista, São Sebastião / Conjunto Francisco Narciso / Santa Helena, São Judas Tadeu, Dos Cocos, Cruzeiro, São Francisco, Nossa Senhora das Graças / Areias, São José. 

POVOADOS: 
REGIÃO DAVI CALDAS: Davi Caldas, Gameleira, Sapucaia, São Bernardo, Lagoa do Governo, Centro do Governo. Solidão, Bom Princípio, Oriundo, Vila São Francisco.  

REGIÃO NOVO NILO: Novo Nilo, Liberdade, Bebedouro. 

REGIÃO BAIXA GRANDE: Baixa Grande, Juá, Mundo Novo, Olho D´Aguinha, Alto dos Quirinos.

Divinópolis.

REGIÃO ZUNDÃO DOS BINHAS: Zundão dos Binhas, Bela Fonte.

REGIÃO DA VEREDA COMPRIDA: Vereda Comprida, Bom Jesus, Amparo, Angelim, Formosa, Mucambo. 

REGIÃO DA SANTA ROSA: Santa Rosa, Marajá, Lago do Egito, Santa Maria do Bacelar, Recreio.

REGIÃO DO GABRIEL: Gabriel, Cantinho, Buriti Alegre, Pequizeiro.

REGIÃO DO CAJUEIRO: Cajueiro, Cana Doce, São Joaquim.

REGIÃO DO ININGA: Ininga, Meios, Melancia, Descoberta.

Concórdia / Soares

REGIÃO VAI QUEM QUER: Vai Quem Quer, Alto São José, Zundão dos Camilos, Santa Rita.

Vermelha / Cocos / Santa Clara.

REGIÃO DO MUSSUM: Mussum, Lago dos Macacos, Cajazeiras, Marajá."
"07/08/2026";"05:47:04";2026;81;"Eleições Gerais 2026";"PI";"PI";"PIAUÍ";"PI022372026";"2026-04-20 12:06:01";"N";"55498337000162";"A J TECH LTDA";"VETOR TECNOLOGIA E PESQUISAS";"Governador, Senador, Deputado Federal, Deputado Estadual";"2026-04-10 00:00:00";"2026-04-15 00:00:00";"2026-04-26 00:00:00";1615;"9356";"Laércio de Sousa Araújo";"41000,00";"Eleitores com 15 anos ou mais de idade com domicílio eleitoral na cidade selecionada do Estado do PIAUÍ e que no momento da pesquisa se encontrava na zona urbana (centro e adjacências) ou rural (comunidades da cidade). Trata-se de uma pesquisa preferencialmente, domiciliar e individual através de uma amostra estratificada  em 2 estágios com abordagem aleatória simples através das variáveis gênero, faixa etária, nível de instrução e faixa de renda, de acordo com a resolução do TSE 23.600/19 com alterações da resolução 23.747/2026, para as pesquisas eleitorais, utilizando dados da estatística do eleitorado do munícipio com fonte no TSE (sig.tse.jus.br) ou TRE-PI no período pesquisado, consultando os dados do IBGE censo 2010-2022 (censo2022.ibge.gov.br/panorama) com referência na renda e estimativas populacionais (cidades.ibge.gov.br). Conforme treinamentos internos os pesquisadores de campo selecionarão suas amostras em cada setor definido no plano amostral, obedecendo um espaçamento de uma amostra para outra, seguindo critérios de amostras aleatórias simples e em caso de complementação de informação será inserido no sistema até o 7º dia, após o registro no site Pesqele, de acordo com o art2º, §6º e §7º - da res. 23600/19. Para o dimensionamento das variáveis e interpretação dos dados será considerada a base 100%, utilizando regras de arredondamento quando necessário e os resultados serão mensurados em tabelas gráficas e analíticas utilizando 2 casas decimais. Os Questionários serão numerados e estruturados com perguntas espontâneas e estimuladas, sendo as perguntas estimuladas com apresentação por ordem alfabética ou realizadas com uso de técnicas de alternativas randomizadas ou aleatorizadas, dispensando o uso de discos.";"Plano Amostral Estadual Definido Por: SEXO: MASCULINO (48%), FEMININO (52%); FAIXA ETÁRIA até 24 anos (14,1%), de 25 a 34 anos (19,5%), de 35 a 44 anos (20,27%), de 45 a 59 anos (24,35%), 60 anos ou mais (21,78%); ESCOLARIDADE: Analfabeto (7,83%), Lê e escreve (12,91%), 1º Grau inc/comp (27,86%), 2º Grau inc/comp (39,34%), Superior completo (7,54%); Superior incompleto (4,52%); RENDA Sem Rendimento (38,51%), até 1 salário (41,43%), Mais de 1 a 3 Salários (14,9%), Mais 3 a 5 salários (2,41%),mais de 5 salários (2,75%).

O objetivo de indicar a margem de erro é a influência que tem o tamanho da amostra usada na precisão dos resultados, quando a amostra for probabilística. Para fins de comparação com a amostra sugerida, a margem de erro seria de 2,44% (para mais ou menos), com nível de confiança de 95%, nível de significância de 5%, com P = 0,5.";"Equipe multiprofissional formada por pesquisadores, supervisores, estatístico, analista de sistemas, contador e advogado, divididos em trabalhos externos e internos, sendo fornecido tais identificações caso seja necessária, conforme preconiza o artigo 13 da Resolução 23600/2019. Checagem da supervisão in loco em pelo menos 30% da aplicação dos questionários nas zonas urbanas e rural e 100% na tabulação. Questionários digital elaborado de acordo com os objetivos da pesquisa, aplicados através de equipamentos eletrônicos com sistema de coleta próprio (sistemas eletrônicos em acordo o que diz o art.2º §8º - da res. 23600/19) e com transmissão de dados em tempo real e monitoramento de 100% do percurso por fluxo de GPS. Coordenação interna e treinamento dos pesquisadores em sede local, com cadastro completo disponíveis de todos os dados referentes a equipe técnica e de campo da pesquisa.";"JOSÉ DE FREITAS  33, UNIÃO 35, MIGUEL ALVES 13, BARRAS 38, BATALHA 22, ESPERANTINA 30, PARNAÍBA 100, LUÍS CORREIA 26, COCAL 21, PIRACURUCA 27, PIRIPIRI 49, PEDRO II 34, CAMPO MAIOR 36, ALTOS 36, CAPITÃO DE CAMPOS 9, SÃO MIGUEL DO TAPUIO 14, ÁGUA BRANCA 8, REGENERAÇÃO 13, AMARANTE	15, FLORIANO 33, CANTO DO BURITI 22, SÃO RAIMUNDO NONATO	28, SÃO JOÃO DO PIAUÍ	13, PAULISTANA 15, SIMÕES	11, MARCOLÂNDIA 8, PIO IX 15, FRONTEIRAS 9, JAICÓS 14, PICOS 50, VALENÇA DO PIAUÍ 19, ELESBÃO VELOSO 12, DEMERVAL LOBÃO 12, GUADALUPE  9, ISAÍAS COELHO  10, BAIXA GRANDE DO RIBEIRO 13, NAZARÉ DO PIAUÍ 5, SÃO FRANCISCO DO PIAUÍ 6, PIMENTEIRAS 8, ITAINÓPOLIS 9, CASTELO DO PIAUÍ	15, INHUMA 14, OEIRAS 28, COLÔNIA DO PIAUÍ 8, SIMPLÍCIO MENDES 9, BOM JESUS 16, MONTE ALEGRE DO PIAUÍ	9, GILBUÉS 8, CORRENTE 19, URUÇUÍ 19, ANÍSIO DE ABREU 6, CARACOL 8, DOM INOCÊNCIO 7, MONSENHOR HIPÓLITO 7, FRANCISCO SANTOS 7, ITAUEIRA 9, RIO GRANDE DO PIAUÍ 6, CURIMATÁ 9, AVELINO LOPES 8, TERESINA 523. PLANO AMOSTRAL DETALHADO EM ANEXO."
"07/08/2026";"05:47:04";2026;81;"Eleições Gerais 2026";"PI";"PI";"PIAUÍ";"PI028232026";"2026-04-07 11:25:03";"N";"26269731000120";"JS PORTAIS, COMUNICACAO E PUBLICIDADE LTDA";"INSTITUTO GP1 DE PESQUISA";"Governador, Senador, Deputado Federal, Deputado Estadual";"2026-04-07 00:00:00";"2026-04-10 00:00:00";"2026-04-13 00:00:00";1137;"10378";"THAYNARA THALESSA MONTESSERARTE ALMEIDA SALES C. DE ARAÚJO";"60000,00";"A pesquisa ocorreu por meio de amostragem por cotas de sexo, faixa etária, grau de instrução, renda familiar, zona (urbana e rural), bairros e povoados. As entrevistas foram residencial e individuais. Coleta dos dados realizada por meio de TABLET/SMARTPHONE.";"Amostragem por cotas. O eleitorado do estado é distribuído proporcionalmente por sexo, faixa etária, grau de instrução, renda familiar. As variáveis: sexo, faixa etária e grau de instrução são ponderadas de acordo com as Estatísticas do Eleitorado do Piauí, TSE -  MARÇO de 2026 referente ao Estado do Piauí, já a variável renda familiar é ponderada de acordo com as estatística do Censo Demográfico IBGE. O intervalo de confiança é de 95% com margem de erro de 2,91% para mais ou para menos, considerando variância máxima p=0,50. Cotas de sexo: Masculino (548), Feminino (589), Cotas de faixa etária: 16 a 17 anos (16), 18 a 24 anos (144), 25 a 34 anos (222), 35 a 44 anos (231), 45 a 59 anos (277), 60 e + anos (247), Cotas de grau de instrução: Analfabeto (89), lê e escreve (147), Ensino fundamental Incompleto (255), Ensino Fundamental Completo (62), Ensino Médio Incompleto (200), Ensino Médio Completo (248), Ensino Superior Incompleto (50), Ensino Superior Completo (86), Cotas de classe de renda domiciliar: Até 1 SM (397), de 1 A 2 SM (322), de 2 A 5 SM (288), Acima de 5 SM (130). Está prevista eventual ponderação para correção das variáveis gênero e faixa etária, com base nos percentuais previamente calculados de cotas, caso ocorram diferenças superiores a 3 (três) pontos percentuais entre o previsto na amostra e a coleta realizada, para as variáveis escolaridade e renda domiciliar mensal, o fator de ponderação é igual a 1 (resultados obtidos no campo).";"O sistema interno de controle contará com a supervisão interna de todos os questionários aplicados e dos dados tabulados. Pelo menos 20% dos questionários terão reanálise de checagem direta com retorno por telefone feita pelos supervisores internos, de acordo com as exigências da ABEP. Relatórios de campo, pesquisadores e supervisores.";"Agricolândia, Água Branca, Alagoinha do Piauí, Alto Longá, Altos, Amarante, Anísio de Abreu, Avelino Lopes, Baixa Grande do Ribeiro, Barras, Barreiras do Piauí, Batalha, Beneditinos, Bertolínia, Boa Hora, Bom Jesus, Boqueirão do Piauí, Brasileira, Brejo do Piauí, Buriti dos Lopes, Cabeceiras do Piauí, Cajazeiras do Piauí, Cajueiro da Praia, Campo Largo do Piauí, Campo Maior, Canto do Buriti, Capitão de Campos, Caracol, Castelo do Piauí, Caxingó, Cocal, Coronel José Dias, Corrente, Cristino Castro, Curimatá, Demerval Lobão, Dom Inocêncio, Domingos Mourão, Elesbão Veloso, Esperantina, Floriano, Francisco Santos, Fronteiras, Gilbués, Guadalupe, Ilha Grande, Inhuma, Isaías Coelho, Itainópolis, Itaueira, Jaicós, João Costa, Joaquim Pires, José de Freitas, Juazeiro do Piauí, Lagoa Alegre, Lagoa do Piauí, Lagoa do Sítio, Lagoinha do Piauí, Luis Correia, Luzilândia, Manoel Emídio, Marcolândia, Massapê do Piauí, Matias Olímpio, Miguel Alves, Monsenhor Gil, Monte Alegre do Piauí, Nazaré do Piauí, Nazária, Nova Santa Rita, Novo Oriente do Piauí, Oeiras, Paes Landim, Palmeirais, Parnaguá, Parnaíba, Patos do Piauí, Paulistana, Pedro II, Picos, Pimenteiras, Pio IX, Piracuruca, Piripiri, Queimada Nova, Regeneração, Ribeiro Gonçalves, Santa Cruz dos Milagres, Santa Rosa do Piauí, Santo Antônio de Lisboa, São Francisco de Assis do Piauí, São João do Piauí, São Julião, São Miguel do Fidalgo, São Miguel do Tapuio, São Pedro do Piauí, São Raimundo Nonato, Sigefredo Pacheco, Simões, Simplício Mendes, Teresina, União, Uruçuí, Valença do Piauí, Várzea Branca, Vera Mendes"
"07/08/2026";"05:47:04";2026;81;"Eleições Gerais 2026";"PI";"PI";"PIAUÍ";"PI097512026";"2026-03-10 20:55:38";"N";"11186543000161";"ROGERIO M. P. MOURA - ME";"DATA MAX";"Governador, Senador, Deputado Federal, Deputado Estadual";"2026-03-07 00:00:00";"2026-03-08 00:00:00";"2026-03-16 00:00:00";400;"10172";"DAVID LEAL DE CARVALHO";"8000,00";"Metodologia empregada: Amostragem aleatória por cotas de sexo, faixa etária, grau de instrução, renda familiar. Entrevistas domiciliares e individuais. Coleta dos dados realizada por meio de entrevistas domiciliares.";"Plano amostral e ponderação quanto a sexo, faixa etária, grau de instrução e nível econômico do entrevistado; nível de confiança e margem de erro; Amostragem por cotas. O conjunto do eleitorado do Município de Piripiri ¿ PI. As variáveis: sexo, faixa etária e grau de instrução são ponderadas de acordo com as Estatísticas do Eleitorado de Piripiri ¿ PI, segundo ao Tribunal Superior Eleitoral(TSE) e/ou TRE-PI, no período pesquisado.  A variável classe de renda domiciliar é ponderada de acordo com a estatística do Censo Demográfico IBGE 2022. O nível de confiança é de 95% com margem de erro de 4,87% para mais ou para menos, nas estatísticas apresentadas para o total da amostra levantada considerando variância máxima, p=0,50; p =0,50. Cotas de sexo: Masculino 190(47,63%), Feminino 210(52,37%), Cotas de faixa etária: 16 a 24anos 53(13,13%), 25 a 34anos 78(19,61%), 35 a 44 anos 78(19,51%), 45 a 59 anos 96(23,82%), 60 e + anos 95(23,93%), Cotas de grau de instrução: Analfabeto 55(13,71%), lê e escreve 49(12,27%), Ensino fundamental incompleto/completo 100(25,08%), Ensino médio incompleto/completo 160(39,96%), superior incompleto/completo 36(8,98%), Cotas de classe de renda: Até 1 SM 320(79,85%), de 1 a 2 SM 52(13,04%), de 2 a 5 SM 21(5,37%), de 5 a 10 SM 04(1,09%), acima de 10 SM 03(0,65%).";"Supervisão interna em 100% dos questionários aplicados e crítica dos dados digitados feita pelo computador. Checagem direta com retorno e/ou acompanhamento e/ou por telefone feita pelos supervisores de campo em no mínimo 20% dos questionários aplicados, de acordo com a exigência da ABEP. Associação Brasileira de Empresas de Pesquisa. Relatórios de campo, pesquisadores e supervisores.";"Zonas: Urbana, nos Bairros: Prado, Paciência, Itacoatiara, Centro, Estação, Conjunto Expedito Resende, Conjunto Rucinha, Bairro Peteca, Petecas I, Petecas II, Petecas III, Petecas IV, Matadouro, Floresta, Santa Maria, Vista Alegre, Flor do Campo, São João, Anajás, IAPEP Germano, Germano, Caixa D¿água, Recreio, Morro da Ana e Parque Recreio, e Rural, nas Localidades: Furnas, Caldeirão, Banda, Olho D¿água Grande, Vereda do Zezinho, São Luís, Vertentes e Formosa."
"07/08/2026";"05:47:04";2026;81;"Eleições Gerais 2026";"PI";"PI";"PIAUÍ";"PI043172026";"2026-03-10 15:31:21";"N";"15563771000164";"INSTITUTO CREDIBILIDADE LTDA";"INSTITUTO CREDIBILIDADE";"Governador, Senador, Deputado Federal, Deputado Estadual, Deputado Distrital";"2026-03-07 00:00:00";"2026-03-08 00:00:00";"2026-03-16 00:00:00";400;"9177";"DIOGENES VITOR DA SILVEIRA";"8000,00";"A metodologia empregada nesta pesquisa utilizou uma amostragem aleatória estratificada proporcional por sexo, idade, escolaridade e renda distribuídas na zona urbana e rural através de entrevistas domiciliares e individuais no município de OEIRAS (PI). Sendo a coleta dos dados realizada por meio de tablets/smartphones. A Pesquisa foi realizada no período de 07 e 08 de março de 2026 nos bairros e povoados descriminadas no plano amostral com um total de 400 entrevistas.";"O método de amostragem utilizada nesta pesquisa quantitativa eleitoral foi através de uma amostra probabilística aleatória estratificada proporcional (tabela abaixo), visto que a população de origem é considerada heterogênea, pois a mesma estará dividida em estratos referentes de acordo a divisão geopolítica do município OEIRAS - PI. Para isso, foi elaborado inicialmente um questionário de pesquisa(em anexo), como ferramenta de coleta de dados em que as variáveis que serão coletadas do público-alvo analisado em cada zona rural e/ou urbana de cada bairro/povoado citado são: renda (em salários mínimos), escolaridade, idade e sexo. Sendo que, as variáveis sexo, idade e escolaridade, terão as escalas distribuídas de acordo com as estatísticas do Tribunal Superior Eleitoral (TSE) de janeiro de 2026. Enquanto que a variável renda do chefe do domicílio, segundo o que estabelece o Instituto Brasileiro de Geografia e Estatística (IBGE). Para a realização do estudo levantou-se o tamanho populacional de eleitores pertencente ao município de OEIRAS - PI, e com uma margem de erro de 4.87pp para mais ou para menos e uma margem de confiança de 95%, chegou-se em uma amostra significativa e aleatória de 400 eleitores pesquisados, assim distribuídos: SEXO: MASCULINO (192), FEMININO (208); FAIXA ETÁRIA De 16 e 17 anos (5) De 18 a 24 anos (52), de 25 a 34 anos(77), de 35 a 44 anos (78), de 45 a 59 anos (98),60 anos ou mais (90); ESCOLARIDADE: Analfabeto e Lê e escreve (84), Ensino Fundamental incompleto/completo(110), Ensino Médio: completo e incompleto (156), Ensino Superior: Completo e Incompleto (50); RENDA: Até 1 salário (180) entre 1,1 e 2 salários (140), Mais de 2 salários Mínimos(80).";"Checagem pelo supervisor em pelo menos 20% dos questionários aplicados em campo/telefone e 100% supervisão interna dos questionários aplicados e crítica dos dados. Questionários aplicados eletronicamente, por meio de tablets/smartphones, com sistema próprio de pesquisa, formulação e tabulação.";"ZONA URBANA	 
Oeiras Nova	35
Jureminha/Vila Santa Teresa	35
Canela/Cajueiro/Pedreira	27
Centro	25
Rodagem de Flroiano	17
Rodagem de Picos	17
Várzea	17
Conjunto Oeiras	17
Vila São José/Jurani	15
Rosário	15
Conjunto Verde Teto	14
Uberaba I	14
Vila Aleksandra	12
Total	260
	
ZONA RURAL	 
Briona	14
Buriti do Rei	14
Contentamento	12
Boa Nova	12
Belo Monte	12
Tamboril	10
Alagoinhas	10
Malhadinha do Meio	9
Exu	8
Malhada Real	8
Morro Redondo	8
Malhada Grande	8
Canto	8
Ipueiras/Carnaubal	7
Total	140

"
"07/08/2026";"05:47:04";2026;81;"Eleições Gerais 2026";"PI";"PI";"PIAUÍ";"PI083402026";"2026-05-04 19:16:51";"N";"10320257000184";"INSTITUTO PIAUIENSE DE OPINIAO PUBLICA LTDA - EPP";"AMOSTRAGEM OPINIAO E MERCADO";"Governador, Senador, Deputado Federal, Deputado Estadual";"2026-04-30 00:00:00";"2026-05-03 00:00:00";"2026-05-10 00:00:00";400;"CONRE  - 5ª REGIÃO Nº 6695";"JOÃO BATISTA MENDES TELES";"11500,00";"Metodologia empregada: Amostragem não aleatória por cotas de gênero, faixa etária, grau de instrução, renda familiar, zona (urbana e rural), bairros e povoados. Entrevistas domiciliares e individuais. Coleta dos dados realizada por meio de SMARTPHONE/ TABLET, utilizando a plataforma iPesquisa.net.";"Amostragem por cotas. O conjunto do eleitorado do município é distribuído proporcionalmente por gênero, faixa etária, grau de instrução, classe de renda domiciliar. As variáveis: gênero, faixa etária e grau de instrução são ponderadas de acordo com as Estatísticas do Eleitorado do Piauí, TSE,   MARÇO   de   2026   referente ao município CAMPO MAIOR-PI. A variável classe de  renda  domiciliar  é  ponderada  de  acordo com as estatística do Censo Demográfico IBGE. O número de entrevistas dos bairros e povoados são ponderados de acordo com o número de domicílios por setor censitário, do Censo Demográfico IBGE 2022.  O  nível  de  confiança  é  de   95%  com   margem   de   erro   de    4,8%  para  mais  ou  para menos, nas estatísticas apresentadas para o total da amostra levantada considerando variância máxima, p=0,50; 1 - p = 0,50.


Cotas de gênero: Masculino (187), Feminino (213), 

Cotas de faixa etária:   16 a 24 anos (47), 25 a 34 anos (73), 35 a 44 anos (78), 45 a 59 anos (105), 60 e + anos (97), 

Cotas de grau de instrução: Analfabeto (28), lê e escreve (39), Ensino fundamental incompleto/completo (111), Ensino médio incompleto/completo (159), superior incompleto (22), superior completo (41), 

Cotas de classe de renda domiciliar:    Até R$ 1.621,00 (115),   de R$ 1.621,01 à R$ 3.242,00 (132),  de R$ 3.242,01 à R$ 8.105,00 (111), mais de R$ 8.105,01 (42).";"Supervisão interna em 100% dos questionários aplicados e crítica dos dados digitados feita pelo computador.  A checagem direta com retorno e/ou acompanhamento é feita pelo supervisor de campo, enquanto que a checagem por telefone é realizada a partir do banco de dados gerado pela plataforma iPesquisa.net, em no mínimo 20% dos questionários aplicados, de acordo com a exigência da ABEP - Associação Brasileira de Empresas de Pesquisa. Relatórios de campo - pesquisadores e supervisores.";"BAIRROS E POVOADOS PESQUISADOS:

BAIRROS:
Centro, Nossa Senhora de Lourdes	, São João, Recreio, Santa Rita, Flores, Evereste, Alto da Olaria, Califórnia, Cariri, Matadouro, Estação, Paulo VI, Santa Cruz, Fripisa, Parque das Estrelas, Nossa Senhora de Fátima, Mucuripe, Cidade Nova, São Luís, Água Azul, Conjunto Agenor Melo, Conjunto Lucídio Portela, Conjunto José Francisco Bona, Conjunto Santo Antônio, Vila Mariana, Conjunto José Almeida, Flor do Campo, Renascer, Conjunto Amor.			

POVOADOS:
Agrovila do PA Tatu, Água Fria, Alto do Meio, Alto do Recife, Nova Veneza, Novo Paraíso, Poção II, Retiro, Tuturuba."
"07/08/2026";"05:47:04";2026;81;"Eleições Gerais 2026";"PI";"PI";"PIAUÍ";"PI030352026";"2026-04-27 21:35:41";"N";"11186543000161";"ROGERIO M. P. MOURA - ME";"DATA MAX";"Governador, Senador, Deputado Federal, Deputado Estadual";"2026-04-26 00:00:00";"2026-04-27 00:00:00";"2026-05-03 00:00:00";400;"10172";"DAVID LEAL DE CARVALHO";"5000,00";"Metodologia empregada: Amostragem aleatória por cotas de sexo, faixa etária, grau de instrução, renda familiar. Entrevistas domiciliares e individuais. Coleta dos dados realizada por meio de entrevistas domiciliares.";"Plano amostral e ponderação quanto a sexo, faixa etária, grau de instrução e nível econômico do entrevistado; nível de confiança e margem de erro; Amostragem por cotas. O conjunto do eleitorado do Município de Campo Maior ¿ PI. As variáveis: sexo, faixa etária e grau de instrução são ponderadas de acordo com as Estatísticas do Eleitorado de Campo Maior ¿ PI, segundo ao Tribunal Superior Eleitoral(TSE) ou TRE-PI, no período pesquisado.  A variável classe de renda domiciliar é ponderada de acordo com a estatística do Censo Demográfico IBGE 2022. O nível de confiança é de 95% com margem de erro de 4,87% para mais ou para menos, nas estatísticas apresentadas para o total da amostra levantada considerando variância máxima, p=0,50; p =0,50. Cotas de sexo: Masculino 187(46,74%), Feminino 213(53,26%), Cotas de faixa etária: 16 a 24anos 47(11,70%), 25 a 34anos 73(18,28%), 35 a 44 anos 78(19,50%), 45 a 59 anos 104(26,10%), 60 e + anos 98(24,42%), Cotas de grau de instrução: Analfabeto 29(7,18%), lê e escreve 39(9,74%), Ensino fundamental incompleto/completo 111(27,66%), Ensino médio incompleto/completo 158(39,72%), superior incompleto/completo 63(15,70%), Cotas de classe de renda: Até 1 SM 325(81,34%), de 1 a 2 SM 44(10,94%), de 2 a 5 SM 22(5,50%), de 5 a 10 SM 06(1,50%), acima de 10 SM 03(0,72%).";"Supervisão interna em 100% dos questionários aplicados e crítica dos dados digitados feita pelo computador. Checagem direta com retorno e/ou acompanhamento e/ou por telefone feita pelos supervisores de campo em no mínimo 20% dos questionários aplicados, de acordo com a exigência da ABEP. Associação Brasileira de Empresas de Pesquisa. Relatórios de campo, pesquisadores e supervisores.";"Nos Bairros: Cariri, Cidade Nova, Matadouro, Estação, Centro, Flores, Santa Rita, Fripisa, Santa Cruz, Conjunto José de Almeida, Paulo VI, California, Flor do Campo, Conjunto Lucídio Portela, Conjunto Parque Recreio, Conjunto Santo Antônio, Fátima, São Luís, Conjunto ADEFAC, Conjunto Amor, Conjunto Agenor Melo, Conjunto IPASE, Parque Estrela, São João, Nossa Senhora de Lourdes, Água Azul, Pousada do Sol, Conjunto José Francisco Bona, Parque Zurique e Renascer, e Rural, nas Localidades: Água Fria, Alto do Meio, Corredores, Maçãs, Bom Lugar, Água Branca e São Joaquim."
"07/08/2026";"05:47:04";2026;81;"Eleições Gerais 2026";"PI";"PI";"PIAUÍ";"PI057212026";"2026-05-12 16:36:52";"N";"09471067000189";"CENSUS INSTITUTO DE PESQUISAS EIRELI";"CENSUS";"Governador, Senador, Deputado Federal, Deputado Estadual";"2026-05-01 00:00:00";"2026-05-05 00:00:00";"2026-05-18 00:00:00";300;"9356";"Laércio de Sousa Araújo";"5000,00";"Eleitores com 15 anos ou mais de idade com domicílio eleitoral na cidade de URUÇUÍ PI e que no momento da pesquisa se encontrava na zona urbana ou rural. Trata-se de uma pesquisa do tipo face a face, domiciliar, espontânea e individual através de uma amostra estratificada em 2 estágios com abordagem aleatória simples através das variáveis gênero, faixa etária, nível de instrução e faixa de renda, de acordo com a resolução do TSE 23.600/19 e alterações pela resolução 23.727/2024, para as pesquisas eleitorais, utilizando dados da estatística do eleitorado do munícipio com fonte no TSE (sig.tse.jus.br) ou TRE-PI no período pesquisado, consultando os dados do IBGE censo 2022 (censo2022.ibge.gov.br/panorama; sidra.ibge.gov.br e cidades.ibge.gov.br) com referência na renda e estimativas populacionais. Conforme treinamentos internos os pesquisadores de campo selecionarão suas amostras em cada setor definido no plano amostral, obedecendo um espaçamento de uma amostra para outra, seguindo critérios de amostras aleatórias simples e em caso de complementação de informação será inserido no sistema até o 7º dia, após o registro no site Pesqele, de acordo com o art2º, §6º e §7º - da res. 23600/19. Para o dimensionamento das variáveis e interpretação dos dados será considerada a base 100%, utilizando regras de arredondamento quando necessário e os resultados serão mensurados em tabelas gráficas e analíticas utilizando 2 casas decimais. Os Questionários serão numerados e estruturados com perguntas espontâneas e estimuladas, sendo as perguntas estimuladas com apresentação por ordem alfabética ou realizadas com uso de técnicas de alternativas randomizadas ou aleatorizadas, dispensando o uso de discos.";"SEXO: MASCULINO (48%), FEMININO (52%); FAIXA ETÁRIA até 24 anos (16,23%), de 25 a 34 anos (20,9%), de 35 a 44 anos (21,27%), de 45 a 59 anos (22,49%), 60 anos ou mais (19,11%); ESCOLARIDADE: Analfabeto (5,56%), Lê e escreve (13,04%), 1º Grau inc/comp (29%), 2º Grau inc/comp (39,78%), 3º Grau inc/comp (12,62%); RENDA Sem Rendimento (1,32%), até 1 salário (52,1%), Mais de 1 a 3 Salários (35,6%), Mais 3 a 5 salários (7,18%),mais de 5 salários (3,8%).

O objetivo de indicar a margem de erro é a influência que tem o tamanho da amostra usada na precisão dos resultados, quando a amostra for probabilística. Para fins de comparação com a amostra sugerida, a margem de erro seria de 5,66% (para mais ou menos), com nível de confiança de 95%, nível de significância de 5%, com P = 0,5.";"Equipe formada por pesquisadores, supervisor, estatístico, analista de sistemas, contador e advogado, totalizando em equipes divididas em trabalhos externos e trabalhos internos, sendo fornecido tais identificações caso seja necessária, conforme preconiza o artigo 13 da Resolução 23600/20219. Checagem da supervisão in loco em pelo menos 30% da aplicação dos questionários nas zonas urbanas e rural e 100% na tabulação. Questionários digital elaborado de acordo com os objetivos da pesquisa, aplicados através de equipamentos eletrônicos com sistema de coleta próprio (sistemas eletrônicos em acordo o que diz o art.2º §8º - da res. 23600/19) e com transmissão de dados em tempo real e monitoramento de 100% do percurso por fluxo de GPS. Coordenação interna e treinamento dos pesquisadores em sede local, com cadastro completo disponíveis de todos os dados referentes a equipe técnica e de campo da pesquisa.";"ZONA URBANA Bela Vista ¿ 21, Bairro de Areia ¿ 11, Novo Horizonte ¿ 9, Santa Teresinha ¿ 9, Centro ¿ 25, Vaquejada ¿ 20, Aeroporto ¿ 31, Boa Esperança ¿ 8, Areias ¿ 18, São Francisco ¿ 31, Água Branca ¿ 24, Novo Canaã ¿ 9, Malvinas ¿ 23, Alto Bonito ¿ 16. ZONA RURAL: Porto Velho ¿ 2, Baixa Funda ¿ 2, Maliça ¿ 2, Pov. Coivaras ¿ 2, Estiva ¿ 2, Cabeceira da Estiva ¿ 3, Santa Rosa ¿ 3, Pratinha ¿ 2, Assentamento Flores ¿ 9, Sangue ¿ 2, Assentamento Santa Tereza ¿ 3, Barra da Volta ¿ 2, Tucuns ¿ 8, Pov. Ponte ¿ 3."
"07/08/2026";"05:47:04";2026;81;"Eleições Gerais 2026";"PI";"PI";"PIAUÍ";"PI032332026";"2026-05-10 20:17:20";"N";"15563771000164";"INSTITUTO CREDIBILIDADE LTDA";"INSTITUTO CREDIBILIDADE";"Governador, Senador, Deputado Federal, Deputado Estadual";"2026-05-04 00:00:00";"2026-05-05 00:00:00";"2026-05-16 00:00:00";401;"9177";"DIOGENES VITOR DA SILVEIRA";"5000,00";"A metodologia empregada nesta pesquisa utilizou uma amostragem aleatória estratificada proporcional por sexo, idade, escolaridade e renda distribuídas na zona urbana e rural através de entrevistas domiciliares e individuais no município de REGENERAÇÃO (PI). Sendo a coleta dos dados realizada por meio de tablets/smartphones. A Pesquisa foi realizada no período de 04 e 05 de maio de 2026 nos bairros e povoados descriminadas no plano amostral com um total de 401 entrevistas.";"O método de amostragem utilizada nesta pesquisa quantitativa eleitoral foi através de uma amostra probabilística aleatória estratificada proporcional (tabela abaixo), visto que a população de origem é considerada heterogênea, pois a mesma estará dividida em estratos referentes de acordo a divisão geopolítica do município REGENERAÇÃO - PI. Para isso, foi elaborado inicialmente um questionário de pesquisa(em anexo), como ferramenta de coleta de dados em que as variáveis que serão coletadas do público-alvo analisado em cada zona rural e/ou urbana de cada bairro/povoado citado são: renda (em salários mínimos), escolaridade, idade e sexo. Sendo que, as variáveis sexo, idade e escolaridade, terão as escalas distribuídas de acordo com as estatísticas do Tribunal Superior Eleitoral (TSE) de abril de 2026. Enquanto que a variável renda do chefe do domicílio, segundo o que estabelece o Instituto Brasileiro de Geografia e Estatística (IBGE). Para a realização do estudo levantou-se o tamanho populacional de eleitores pertencente ao município de REGENERAÇÃO - PI, e com uma margem de erro de 4.83pp para mais ou para menos e uma margem de confiança de 95%, chegou-se em uma amostra significativa e aleatória de 401 eleitores pesquisados, assim distribuídos: SEXO: MASCULINO (188), FEMININO (213); FAIXA ETÁRIA De 16 e 17 anos (10) De 18 a 24 anos (49), de 25 a 34 anos(71), de 35 a 44 anos (79), de 45 a 59 anos (92),60 anos ou mais (100); ESCOLARIDADE: Analfabeto (41)  Lê e escreve (66), Ensino Fundamental incompleto/completo(119), Ensino Médio: completo e incompleto (138), Ensino Superior: Completo e Incompleto (37); RENDA: Até 1 salário (180) entre 1,1 e 2 salários (144), Mais de 2 salários Mínimos(77).";"Checagem pelo supervisor em pelo menos 20% dos questionários aplicados em campo/telefone e 100% supervisão interna dos questionários aplicados e crítica dos dados. Questionários aplicados eletronicamente, por meio de tablets/smartphones, com sistema próprio de pesquisa, formulação e tabulação.";"ZONA URBANA
 Centro	41
São Vicente	30
Alto Balanço	30
Bela Vista	30
Jaicós	30
Buritizinho	20
Vila São Francisco	15
Bebedouro	15
Vila União	15
São Cristóvão	12
Morro da Calumbí	12
Côcos dos Amâncios	12
Chapadinha dos Narigados	9
Total	271
ZONA RURAL

 Jacaré	18
Baixão do Tamboril	15
Brejo Grande	12
Mata dos Morrenos	12
Madeira	12
Morro Branco	12
Olho D´água/Lagoa do Berro	10
Lajes 2	10
Chapada dos Polinos	10
Chapada Teixeira	10
Alto Sério	9
Total	130

"
"07/08/2026";"05:47:04";2026;81;"Eleições Gerais 2026";"PI";"PI";"PIAUÍ";"PI005442026";"2026-04-17 19:09:29";"N";"15563771000164";"INSTITUTO CREDIBILIDADE LTDA";"INSTITUTO CREDIBILIDADE";"Governador, Senador, Deputado Federal, Deputado Estadual";"2026-04-12 00:00:00";"2026-04-14 00:00:00";"2026-04-23 00:00:00";400;"9177";"DIOGENES VITOR DA SILVEIRA";"5000,00";"A metodologia empregada nesta pesquisa utilizou uma amostragem aleatória estratificada proporcional por sexo, idade, escolaridade e renda distribuídas na zona urbana e rural através de entrevistas domiciliares e individuais no município de MIGUEL ALVES (PI). Sendo a coleta dos dados realizada por meio de tablets/smartphones. A Pesquisa foi realizada no período 12 a 14 de abril de 2026 nos bairros e povoados descriminadas no plano amostral com um total de 400 entrevistas.";"O método de amostragem utilizada nesta pesquisa quantitativa eleitoral foi através de uma amostra probabilística aleatória estratificada proporcional (tabela abaixo), visto que a população de origem é considerada heterogênea, pois a mesma estará dividida em estratos referentes de acordo a divisão geopolítica do município MIGUEL ALVES - PI. Para isso, foi elaborado inicialmente um questionário de pesquisa (em anexo), como ferramenta de coleta de dados em que as variáveis que serão coletadas do público-alvo analisado em cada zona rural e/ou urbana de cada bairro/povoado citado são: renda (em salários mínimos), escolaridade, idade e sexo. Sendo que, as variáveis sexo, idade e escolaridade, terão as escalas distribuídas de acordo com as estatísticas do Tribunal Superior Eleitoral (TSE) de janeiro de 2026. Enquanto que a variável renda do chefe do domicílio, segundo o que estabelece o Instituto Brasileiro de Geografia e Estatística (IBGE). Para a realização do estudo levantou-se o tamanho populacional de eleitores pertencente ao município de MIGUEL ALVES - PI, e com uma margem de erro de 4.86pp para mais ou para menos e uma margem de confiança de 95%, chegou-se em uma amostra significativa e aleatória de 403 eleitores pesquisados, assim distribuídos: SEXO: MASCULINO (193), FEMININO (209); FAIXA ETÁRIA De 16 e 17 anos (8) De 18 a 24 anos (79), de 25 a 34 anos(88), de 35 a 44 anos (79), de 45 a 59 anos (56),60 anos ou mais (90); ESCOLARIDADE: Analfabeto (51) Lê e escreve (70), Ensino Fundamental incompleto/completo(129), Ensino Médio: completo e incompleto (129), Ensino Superior: Completo e Incompleto (21); RENDA: Até 1 salário (168) entre 1,1 e 2 salários (156), Mais de 2 salários Mínimos(76).";"Checagem pelo supervisor em pelo menos 20% dos questionários aplicados em campo/telefone e 100% supervisão interna dos questionários aplicados e crítica dos dados. Questionários aplicados eletronicamente, por meio de tablets/smartphones, com sistema próprio de pesquisa, formulação e tabulação.";"ZONA URBANA	 
 Centro	32
 Coheb	28
 Angelim/São Miguel	28
 Matadouro	24
 Forquilha Velha	21
 Alto Bela Vista	20
 Vacaria	18
 Forquilha Nova	17
 Beiro Rio	12
Total	200
	
ZONA RURAL	Quantidade pesquisada
 Centro do Designio	16
 Calção Redondo	15
 Lembrança/Teteus	15
 Muquém/Sambaiba	15
 Vila Santa Cruz/Exú	15
 Angelim/Baixinha	13
 Cupins/Belo Moda	13
 Lustosa/Gameleira/Lagoinha	13
 Barro Branco/Tapuio	12
 São José dos Monteiros	11
 São Pedro/Condessa	11
 Tamaduá/P.Velho/Santo Antônio	11
 Poço Novo	10
 Matões/Macaco	10
 Vila Tapuio/Barro Branco	10
 Vila Matões/Angico Branco	10
Total	200

"
"07/08/2026";"05:47:04";2026;81;"Eleições Gerais 2026";"PI";"PI";"PIAUÍ";"PI005712026";"2026-04-18 18:12:29";"N";"23723322000164";"MORAIS & DIAS INSTITUTO DE OPINI O P BLICA LTDA  - ME";"#NULO#";"Governador, Senador, Deputado Federal, Deputado Estadual";"2026-04-14 00:00:00";"2026-04-16 00:00:00";"2026-04-24 00:00:00";312;"9356";"Laércio de Sousa Araújo";"4000,00";"Eleitores com 15 anos ou mais de idade com domicílio eleitoral na cidade de DOM EXPEDITO LOPES PI e que no momento da pesquisa se encontrava na zona urbana ou rural. Trata-se de uma pesquisa preferencialmente, domiciliar e individual através de uma amostra estratificada  em 2 estágios com abordagem aleatória simples através das variáveis gênero, faixa etária, nível de instrução e faixa de renda, de acordo com a resolução do TSE 23.600/19 e alterações pela resolução 23.727/2024, para as pesquisas eleitorais, utilizando dados da estatística do eleitorado do munícipio com fonte no TSE (sig.tse.jus.br) ou TRE-PI no período pesquisado, consultando os dados do IBGE com referência nas estimativas populacionais censo 2022 (cidades.ibge.gov.br). Conforme treinamentos internos os pesquisadores de campo selecionarão suas amostras em cada setor definido no plano amostral, obedecendo um espaçamento de uma amostra para outra, seguindo critérios de amostras aleatórias simples e em caso de complementação de informação será inserido no sistema até o 7º dia, após o registro no site Pesqele, de acordo com o art2º, §6º e §7º - da res. 23600/19. Questionários numerados e estruturados com perguntas espontâneas e estimuladas, sendo as perguntas estimuladas com classificação por ordem alfabética ou com uso de técnicas de alternativas randomizadas ou aleatorizadas, dispensando o uso de discos. ";"SEXO: MASCULINO (49%), FEMININO (51%); FAIXA ETÁRIA até 24 anos (13%), de 25 a 34 anos (19%), de 35 a 44 anos (19%), de 45 a 59 anos (25%), 60 anos ou mais (24%); ESCOLARIDADE: Analfabeto (6,5%), Lê e escreve (15,7%), 1º Grau inc/comp (30,7%), 2º Grau inc/comp (34%), 3º Grau inc/comp (13,1%); RENDA Sem Rendimento (38,2%), até 1 salário (47,1%), Mais de 1 a 3 Salários (12,2%), Mais 3 a 5 salários (1,5%),mais de 5 salários (1%).

O objetivo de indicar a margem de erro é a influência que tem o tamanho da amostra usada na precisão dos resultados, quando a amostra for probabilística. Para fins de comparação com a amostra sugerida, a margem de erro seria de 5,55% (para mais ou menos), com nível de confiança de 95%, nível de significância de 5%, com P = 0,5.";"Equipe formada por pesquisadores, supervisor, estatístico, analista de sistemas, contador e advogado, totalizando em equipes divididas em trabalhos externos e trabalhos internos, sendo fornecido tais identificações caso seja necessária, conforme preconiza o artigo 13 da Resolução 23600/20219. Checagem da supervisão in loco em pelo menos 30% da aplicação dos questionários nas zonas urbanas e rural e 100% na tabulação. Questionários digital elaborado de acordo com os objetivos da pesquisa, aplicados através de equipamentos eletrônicos com sistema de coleta próprio (sistemas eletrônicos em acordo o que diz o art.2º §8º - da res. 23600/19) e com transmissão de dados em tempo real e monitoramento de 100% do percurso por fluxo de GPS. Coordenação interna e treinamento dos pesquisadores em sede local, com cadastro completo disponíveis de todos os dados referentes a equipe técnica e de campo da pesquisa.";"ZONA URBANA CENTRO 89, ALTO DA PASSAGEM 11, ALTO DA BELA VISTA 13, ALTO DA BOA VISTA 12, BAIRRO CODÓ 22, NOVO CAJUEIRO 8, PIQUIS 5, ALTO ALEGRE 3, VELHO CAJUEIRO 4. ZONA RURAL: BALIZA 4, BAIXA GRANDE 15, SERRA DOS PINHEIROS 22, BAIXAS 6, VARANDADO 5, BURITI GRANDE 52, SITIOZINHO 28, GATURIANO 9, ASS GATURIANO 4."
"07/08/2026";"05:47:04";2026;81;"Eleições Gerais 2026";"PI";"PI";"PIAUÍ";"PI008172026";"2026-03-25 22:16:15";"N";"09471067000189";"CENSUS INSTITUTO DE PESQUISAS EIRELI";"CENSUS";"Governador, Senador, Deputado Federal, Deputado Estadual";"2026-03-23 00:00:00";"2026-03-24 00:00:00";"2026-03-31 00:00:00";300;"9356";"Laércio de Sousa Araújo";"8000,00";"Eleitores com 15 anos ou mais de idade com domicílio eleitoral na cidade de CAXINGÓ PI e que no momento da pesquisa se encontrava na zona urbana ou rural. Trata-se de uma pesquisa preferencialmente, domiciliar e individual através de uma amostra estratificada  em 2 estágios com abordagem aleatória simples através das variáveis gênero, faixa etária, nível de instrução e faixa de renda, de acordo com a resolução do TSE 23.600/19 e alterações pela resolução 23.727/2024, para as pesquisas eleitorais, utilizando dados da estatística do eleitorado do munícipio com fonte no TSE (sig.tse.jus.br) ou TRE-PI no período pesquisado, consultando os dados do IBGE censo 2010-2022 com referência na renda e estimativas populacionais (cidades.ibge.gov.br). Conforme treinamentos internos os pesquisadores de campo selecionarão suas amostras em cada setor definido no plano amostral, obedecendo um espaçamento de uma amostra para outra, seguindo critérios de amostras aleatórias simples e em caso de complementação de informação será inserido no sistema até o 7º dia, após o registro no site Pesqele, de acordo com o art2º, §6º e §7º - da res. 23600/19. Questionários numerados e estruturados com perguntas espontâneas e estimuladas, sendo as perguntas estimuladas com classificação por ordem alfabética ou com uso de técnicas de alternativas randomizadas ou aleatorizadas, dispensando o uso de discos.";"SEXO: MASCULINO (51%), FEMININO (49%); FAIXA ETÁRIA até 24 anos (17,7%), de 25 a 34 anos (22,6%), de 35 a 44 anos (20%), de 45 a 59 anos (22%), 60 anos ou mais (17,7%); ESCOLARIDADE: Analfabeto (21%), Lê e escreve (12,6%), 1º Grau inc/comp (32,7%), 2º Grau inc/comp (28%), 3º Grau inc/comp (5,7%); RENDA Sem Rendimento (42%), até 1 salário (49%), Mais de 1 a 3 Salários (8%), Mais 3 a 5 salários (0,6%),mais de 5 salários (0,4%).

O objetivo de indicar a margem de erro é a influência que tem o tamanho da amostra usada na precisão dos resultados, quando a amostra for probabilística. Para fins de comparação com a amostra sugerida, a margem de erro seria de 5,66% (para mais ou menos), com nível de confiança de 95%, nível de significância de 5%, com P = 0,5.";"Equipe formada por pesquisadores, supervisor, estatístico, analista de sistemas, contador e advogado, totalizando em equipes divididas em trabalhos externos e trabalhos internos, sendo fornecido tais identificações caso seja necessária, conforme preconiza o artigo 13 da Resolução 23600/20219. Checagem da supervisão in loco em pelo menos 30% da aplicação dos questionários nas zonas urbanas e rural e 100% na tabulação. Questionários digital elaborado de acordo com os objetivos da pesquisa, aplicados através de equipamentos eletrônicos com sistema de coleta próprio (sistemas eletrônicos em acordo o que diz o art.2º §8º - da res. 23600/19) e com transmissão de dados em tempo real e monitoramento de 100% do percurso por fluxo de GPS. Coordenação interna e treinamento dos pesquisadores em sede local, com cadastro completo disponíveis de todos os dados referentes a equipe técnica e de campo da pesquisa.";"ZONA URBANA CENTRO 54. ZONA RURAL POV. CARREIRAS ¿ 4, POV. ENTRE CAATINGAS ¿ 23, POV. SANTA HELENA ¿ 3, CANDEIO ¿ 6, POV. OLHO D¿AGUINHA ¿ 10, CURIMATÁ ¿ 8, POV. CURRALINHOS ¿ 15, POV. TOURADA ¿ 8, POV. EMA ¿ 10, POV. ALEGRE DA EMA ¿ 6, POV. BOM JESUS ¿ 16, CAJAZEIRAS DE BAIXO ¿ 35, JENIPAPEIRO ¿ 8, POV. JACOBINA ¿ 16, POV. NOVA MORADA ¿ 10, POV. GANGORRA ¿ 10, SERAFIM ¿ 11, SÃO CAETANO II ¿ 12, POV. PIÇARREIRA ¿ 13, SÃO CAETANO I ¿ 6, TABOQUINHA ¿ 16."
"07/08/2026";"05:47:04";2026;81;"Eleições Gerais 2026";"PI";"PI";"PIAUÍ";"PI027392026";"2026-03-30 00:21:05";"N";"52483917000198";"INSTITUTO GAMA PESQUISA E CONSULTORIA LTDA";"GAMA PESQUISA E CONSULTORIA";"Governador";"2026-03-28 00:00:00";"2026-03-29 00:00:00";"2026-04-05 00:00:00";400;"Nº 11.160 - CONRE-5";"MANOEL FRANCISCO DA SILVA";"6000,00";"A pesquisa foi realizada por meio de amostragem por cotas proporcionais aleatórias, considerando as variáveis gênero, faixa etária, grau de instrução e nível econômico dos entrevistados, de modo a refletir a composição sociodemográfica do eleitorado do município de Piripiri - PI. A coleta dos dados ocorreu por meio de entrevistas individuais presenciais, utilizando dispositivos eletrônicos do tipo tablet, aplicadas de forma mista, em pontos de grande fluxo de pessoas e através de entrevistas domiciliares localizadas na zona urbana do município. Esses pontos foram selecionados por se configurarem como destinos comuns a moradores de diferentes bairros da cidade, conforme definido no plano amostral. O levantamento de campo foi realizado no período de 28 a 29 de março de 2026, totalizando 400 entrevistas válidas.";"O plano amostral e a ponderação dos dados foram elaborados com base na proporcionalidade das variáveis de gênero, faixa etária, grau de instrução e nível econômico dos entrevistados, de modo a refletir a composição sociodemográfica do eleitorado. As variáveis de gênero, idade e escolaridade seguiram os dados oficiais do eleitorado disponibilizados pelo Tribunal Superior Eleitoral (TSE), com referência a janeiro de 2026. A variável renda familiar foi ponderada conforme os registros do Instituto Brasileiro de Geografia e Estatística (IBGE), com base no Censo Demográfico de 2010. Embora não se trate de amostragem probabilística clássica, os resultados permitem estimativas da opinião do eleitorado, sendo apresentado nível de confiança de 95% e margem de erro aproximada de 4,9 pontos percentuais, para mais ou para menos, nas estatísticas referentes ao total da amostra, considerando a hipótese de variância máxima (p = 0,50), com base em uma amostra de 400 entrevistas válidas. Distribuição da Amostra - Gênero: Masculino: 190 entrevistas (48%); Feminino: 210 entrevistas (52%). Faixa Etária: 16 a 20 anos: 28 entrevistas (6%); 21 a 34 anos: 107 entrevistas (23%); 35 a 59 anos: 173 entrevistas (43%); 60 anos ou mais: 96 entrevistas (24%). Grau de Instrução: Analfabeto / Lê e escreve: 104 entrevistas (26%); Ensino Fundamental completo e incompleto: 101 entrevistas (25%); Ensino Médio completo e incompleto: 159 entrevistas (40%); Ensino Superior completo e incompleto: 36 entrevistas (9%). Renda Familiar Mensal Até 1 salário mínimo (até R$ 1.621,00): 269 entrevistas (67%); De 1 a 2 salários mínimos (R$ 1.621,01 a R$ 3.242,00): 85 entrevistas (21%); De 2 a 5 salários mínimos (R$ 3.242,01 a R$ 8.105,00): 35 entrevistas (9%); Acima de 5 salários mínimos (acima de R$ 8.105,00): 11 entrevistas (3%).";"A pesquisa contou com supervisão interna em 100% dos questionários aplicados, bem como crítica automática dos dados digitados, realizada por meio de sistema informatizado, com o objetivo de identificar inconsistências, erros de preenchimento e desvios de padrão. Adicionalmente, foi realizada checagem direta de, no mínimo, 20% dos questionários aplicados, por meio de retorno aos locais de entrevista e acompanhamento em campo, utilizando-se também a verificação das coordenadas geográficas registradas automaticamente pelos dispositivos eletrônicos empregados na coleta, assegurando a confirmação de realização das entrevistas. O processo de controle e validação foi, portanto, devidamente registrado precisamente pelos registros eletrônicos gerados durante a coleta, assegurando a rastreabilidade, a confiabilidade e a integridade das informações coletadas.";"#NULO#"
"07/08/2026";"05:47:04";2026;81;"Eleições Gerais 2026";"PI";"PI";"PIAUÍ";"PI093772026";"2026-04-23 20:19:34";"N";"09471067000189";"CENSUS INSTITUTO DE PESQUISAS EIRELI";"CENSUS";"Governador, Senador, Deputado Federal, Deputado Estadual";"2026-04-20 00:00:00";"2026-04-21 00:00:00";"2026-04-29 00:00:00";300;"9356";"Laércio de Sousa Araújo";"5000,00";"Eleitores com 15 anos ou mais de idade com domicílio eleitoral na cidade de GILBUÉS PI e que no momento da pesquisa se encontrava na zona urbana ou rural. Trata-se de uma pesquisa preferencialmente, domiciliar e individual através de uma amostra estratificada  em 2 estágios com abordagem aleatória simples através das variáveis gênero, faixa etária, nível de instrução e faixa de renda, de acordo com a resolução do TSE 23.600/19 e alterações pela resolução 23.727/2024, para as pesquisas eleitorais, utilizando dados da estatística do eleitorado do munícipio com fonte no TSE (sig.tse.jus.br) ou TRE-PI no período pesquisado, consultando os dados do IBGE censo 2010-2022 (censo2022.ibge.gov.br/panorama) com referência na renda e estimativas populacionais (cidades.ibge.gov.br). Conforme treinamentos internos os pesquisadores de campo selecionarão suas amostras em cada setor definido no plano amostral, obedecendo um espaçamento de uma amostra para outra, seguindo critérios de amostras aleatórias simples e em caso de complementação de informação será inserido no sistema até o 7º dia, após o registro no site Pesqele, de acordo com o art2º, §6º e §7º - da res. 23600/19. Para o dimensionamento das variáveis e interpretação dos dados será considerada a base 100%, utilizando regras de arredondamento quando necessário e os resultados serão mensurados em tabelas gráficas e analíticas utilizando 2 casas decimais. Os Questionários serão numerados e estruturados com perguntas espontâneas e estimuladas, sendo as perguntas estimuladas com apresentação por ordem alfabética ou realizadas com uso de técnicas de alternativas randomizadas ou aleatorizadas, dispensando o uso de discos.  ";"SEXO: MASCULINO (51%), FEMININO (49%); FAIXA ETÁRIA até 24 anos (15,9%), de 25 a 34 anos (21,83%), de 35 a 44 anos (19,33%), de 45 a 59 anos (21,74%), 60 anos ou mais (21,2%); ESCOLARIDADE: Analfabeto (6,9%), Lê e escreve (17,7%), 1º Grau inc/comp (35,91%), 2º Grau inc/comp (29,08%), 3º Grau inc/comp (10,41%); RENDA Sem Rendimento (50%), até 1 salário (35,5%), Mais de 1 a 3 Salários (11%), Mais 3 a 5 salários (1,4%),mais de 5 salários (2,1%).

O objetivo de indicar a margem de erro é a influência que tem o tamanho da amostra usada na precisão dos resultados, quando a amostra for probabilística. Para fins de comparação com a amostra sugerida, a margem de erro seria de 5,66% (para mais ou menos), com nível de confiança de 95%, nível de significância de 5%, com P = 0,5.";"Equipe formada por pesquisadores, supervisor, estatístico, analista de sistemas, contador e advogado, totalizando em equipes divididas em trabalhos externos e trabalhos internos, sendo fornecido tais identificações caso seja necessária, conforme preconiza o artigo 13 da Resolução 23600/20219. Checagem da supervisão in loco em pelo menos 30% da aplicação dos questionários nas zonas urbanas e rural e 100% na tabulação. Questionários digital elaborado de acordo com os objetivos da pesquisa, aplicados através de equipamentos eletrônicos com sistema de coleta próprio (sistemas eletrônicos em acordo o que diz o art.2º §8º - da res. 23600/19) e com transmissão de dados em tempo real e monitoramento de 100% do percurso por fluxo de GPS. Coordenação interna e treinamento dos pesquisadores em sede local, com cadastro completo disponíveis de todos os dados referentes a equipe técnica e de campo da pesquisa.";"ZONA URBANA São Benedito ¿ 31, São José ¿ 38, Centro ¿ 53, Assentamento ¿ 15, Pé da Ladeira ¿ 19, Santo Antônio ¿ 54. ZONA RURAL: Pov. Morada do Sol ¿ 2, Vaqueta ¿ 13, Bela Vista ¿ 4, Gavião ¿ 4, Boqueirão Garimpo ¿ 9, Periquito ¿ 3, Compra Fiado ¿ 14, Marmelada ¿ 3, Pindaíba ¿ 7, Grotões ¿ 9, Lago Grande/B.V ¿ 5, Castanheiro ¿ 2, Planalto ¿ 3, Rio Cortado ¿ 2, Cala a Boca ¿ 2, Chapadinha ¿ 3, Novo Horizonte ¿ 3, Enseada ¿ 2."
"07/08/2026";"05:47:04";2026;81;"Eleições Gerais 2026";"PI";"PI";"PIAUÍ";"PI079102026";"2026-07-28 22:00:52";"N";"55105999000125";"INSTITUTO DATA AZ DE PESQUISA LTDA";"INSTITUTO DE PESQUISA DATA AZ";"Governador, Senador, Deputado Federal, Deputado Estadual";"2026-07-20 00:00:00";"2026-07-27 00:00:00";"2026-08-03 00:00:00";1200;"9356";"LAERCIO DE SOUSA ARAUJO";"15000,00";"Eleitores com 16 anos ou mais de idade com domicílio eleitoral na cidade selecionada do Estado do PIAUÍ e que no momento da pesquisa se encontrava na zona urbana ou rural. Trata-se de uma pesquisa do tipo face a face, domiciliar, espontânea e individual através de uma amostra estratificada com 3 estágios e abordagem aleatória simples através das variáveis gênero, faixa etária, nível de instrução e faixa de renda, de acordo com a resolução do TSE 23.600/19 e alterações pela resolução 23.727/2024, para as pesquisas eleitorais, utilizando dados da estatística do eleitorado do munícipio com fonte no TSE (sig.tse.jus.br) ou TRE-PI no período pesquisado, consultando os dados do IBGE censo 2022 (censo2022.ibge.gov.br/panorama; sidra.ibge.gov.br e cidades.ibge.gov.br) com referência na renda e estimativas populacionais. Conforme treinamentos internos os pesquisadores de campo selecionarão suas amostras em cada setor definido no plano amostral, obedecendo um espaçamento de uma amostra para outra, seguindo critérios de amostras aleatórias simples e em caso de complementação de informação será inserido no sistema até o 7º dia, após o registro no site Pesqele, de acordo com o art2º, §6º e §7º - da res. 23600/19. Para o dimensionamento das variáveis e interpretação dos dados será considerada a base 100%, utilizando regras de arredondamento quando necessário e os resultados serão mensurados em tabelas gráficas e analíticas utilizando 2 casas decimais. Os Questionários terão filtros de identificação e só será permitida a execução caso o eleitor se identifique como eleitor(a) do estado do Piauí e todos serão numerados e estruturados com perguntas espontâneas e estimuladas, sendo as perguntas estimuladas com apresentação por ordem alfabética ou realizadas com uso de técnicas de alternativas randomizadas ou aleatorizadas, dispensando o uso de discos.";"SEXO: MASCULINO (48%), FEMININO (52%); FAIXA ETÁRIA até 24 anos (14,99%), de 25 a 34 anos (19,26%), de 35 a 44 anos (19,96%), de 45 a 59 anos (24,14%), 60 anos ou mais (21,65%); ESCOLARIDADE: Analfabeto (7,7%), Lê e escreve (12,66%), 1º Grau inc/comp (27,56%), 2º Grau inc/comp (40,11%), 3º Grau inc/comp (11,97%); RENDA Sem Rendimento (1,6%), até 1 salário (78,9%), Mais de 1 a 3 Salários (15,8%), Mais 3 a 5 salários (2,2%),mais de 5 salários (1,5%).

O objetivo de indicar a margem de erro é a influência que tem o tamanho da amostra usada na precisão dos resultados, quando a amostra for probabilística. Para fins de comparação com a amostra sugerida, a margem de erro seria de 2,48% (para mais ou menos), com nível de confiança de 95%, nível de significância de 5%, com P = 0,5.";"Equipe formada por pesquisadores, supervisor, estatístico, analista de sistemas, contador e advogado, totalizando em equipes divididas em trabalhos externos e trabalhos internos, sendo fornecido tais identificações caso seja necessária, conforme preconiza o artigo 13 da Resolução 23600/20219. Checagem da supervisão in loco em pelo menos 30% da aplicação dos questionários nas zonas urbanas e rural e 100% na tabulação. Questionários digital elaborado de acordo com os objetivos da pesquisa, aplicados através de equipamentos eletrônicos com sistema de coleta próprio (sistemas eletrônicos em acordo o que diz o art.2º §8º - da res. 23600/19) e com transmissão de dados em tempo real e monitoramento de 100% do percurso por fluxo de GPS. Coordenação interna e treinamento dos pesquisadores em sede local, com cadastro completo disponíveis de todos os dados referentes a equipe técnica e de campo da pesquisa.";"Macrorregião 1 - Chapada Vale do Rio Itaim: (Paulistana, Simões, Jaicós, Marcolândia, Queimada Nova, Massapê do Piauí); 
Macrorregião 2 - Entre Rios: (Teresina, União, Altos, José de Freitas, Miguel Alves, Amarante, Água Branca, Regeneração, Demerval Lobão, Palmeirais, Alto Longá, Nazária);
Macrorregião 3 - Vale do Rio Guaribas: (Picos, Pio IX, Itainópolis, Fronteiras, Monsenhor Hipólito, Francisco Santos, Sussuapara, Dom Expedito Lopes);
Macrorregião 4 - Chapada das Mangabeiras: (Corrente, Bom Jesus, Avelino Lopes, Monte Alegre do Piauí, 
Curimatá, Gilbués, Cristino Castro, Parnaguá, Redenção do Gurgueia);
Macrorregião 5 - Serra da Capivara: (São Raimundo Nonato, São João do Piauí, Caracol, Dom Inocêncio, Anísio de Abreu, Dirceu Arcoverde)
Macrorregião 6 - Vale do Sambito: (Valença do Piauí, Elesbão Veloso, Inhuma, Pimenteiras, Ipiranga do Piauí);
Macrorregião 7 - Vale dos Rios Piauí e Itaueiras: (Floriano, Itaueira, Nazaré do Piauí, Rio Grande do Piauí, Francisco Ayres, Paes Landim);
Macrorregião 8 - Carnaubais: (Campo Maior, Castelo do Piauí, São Miguel do Tapuio, Capitão de Campos, Cabeceiras do Piauí, Sigefredo Pacheco, Jatobá do Piauí, Juazeiro do Piauí);
Macrorregião 9 - Tabuleiros do Alto Parnaíba: (Uruçuí, Baixa Grande do Ribeiro, Guadalupe, Ribeiro Gonçalves);
Macrorregião 10 - Cocais: (Piripiri, Barras, Pedro II, Esperantina, Piracuruca, Batalha, Luzilândia, Joaquim Pires);
Macrorregião 11 - Planície Litorânea: (Parnaíba, Luís Correia, Cocal, Buriti dos Lopes);
Macrorregião 12 - Vale do Canindé: (Oeiras, Simplício Mendes, Isaías Coelho, São Francisco do Piauí, Colônia do Piauí, Santa Cruz do Piauí).
Distribuição das amostras: Capital 262 (21,83%) e interior 938  (78,17%)
Teresina: URBANA: Zona Leste: São Cristovão, Vale do Gavião, Planalto Uruguai, Vila Bandeirante I e II, Satelite, Vale Quem Tem, Piçarreira, Morada do Sol, Pedra Mole, São João, Noivos, Fátima, Jóquei. Zona Norte: Santa Maria do Codipi, Acarape, Mocabinho I, II e III, Buenos Aires, Água Mineral, Real Copagre, Aeroporto. Parque Alvorada, Mafrese, Matinha, Primavera, Vila Operária, Mafuá, Marquês, Jacinta Andrade. Zona Sul: Lourival Parente, Morada Nova, Piçarra, Bela Vista I, II e III, Promorar, Parque Piauí, Vamos ver o Sol, Porto Alegre, Saci, Angelim, São Pedro, Vermelha, Monte Castelo. Zona Sudeste: Dirceu I e II, Renascença I, II eIII, Todos os Santos, Itarare, Alto da Ressureição, Gurupi. RURAL: Cerâmica Cil I e II e Santa Tereza.
"
"07/08/2026";"05:47:04";2026;81;"Eleições Gerais 2026";"PI";"PI";"PIAUÍ";"PI034622026";"2026-08-04 23:43:16";"N";"11186543000161";"ROGERIO M. P. MOURA - ME";"DATA MAX";"Governador, Senador, Deputado Federal, Deputado Estadual";"2026-07-27 00:00:00";"2026-08-05 00:00:00";"2026-08-10 00:00:00";2000;"10172";"DAVID LEAL DE CARVALHO";"80000,00";"Metodologia empregada: Amostragem aleatória por cotas de sexo, faixa etária, grau de instrução, renda familiar. Entrevistas domiciliares e individuais. Coleta dos dados realizada por meio de entrevistas domiciliares.";"Plano amostral e ponderação quanto a sexo, faixa etária, grau de instrução e nível econômico do entrevistado; nível de confiança e margem de erro; Amostragem por cotas. O conjunto do eleitorado do estado do Piauí. As variáveis: sexo, faixa etária e grau de instrução são ponderadas de acordo com as Estatísticas do Eleitorado do Piauí segundo ao Tribunal Superior Eleitoral de Junho de 2026. A variável classe de renda domiciliar é ponderada de acordo com a estatística do Censo Demográfico IBGE 2022. O nível de confiança é de 95% com margem de erro de 2,19% para mais ou para menos, nas estatísticas apresentadas para o total da amostra levantada considerando variância máxima, p=0,50; p =0,50. Cotas de sexo: Masculino 965(48,28%), Feminino 1.035(51,72%), Cotas de faixa etária: 16 a 24anos 297(14,81%), 25 a 34anos 386(19,26%), 35 a 44 anos 400(19,96%), 45 a 59 anos 484(24,14%), 60 e + anos 433(21,83%), Cotas de grau de instrução: Analfabeto 154(7,70%), lê e escreve 253(12,66%), Ensino fundamental incompleto/completo 552(27,56%), Ensino médio incompleto/completo 802(40,11%), superior incompleto/completo 239(11,97%), Cotas de classe de renda: Até 1 SM 1.598(79,93%), de 1 a 2 SM 234(11,71%), de 2 a 5 SM 112(5,61%), de 5 a 10 SM 36(1,76%), acima de 10 SM 20(0,99%).";"Supervisão interna em 100% dos questionários aplicados e crítica dos dados digitados feita pelo computador. Checagem direta com retorno e/ou acompanhamento e/ou por telefone feita pelos supervisores de campo em no mínimo 20% dos questionários aplicados, de acordo com a exigência da ABEP. Associação Brasileira de Empresas de Pesquisa. Relatórios de campo, pesquisadores e supervisores.";"Em anexo"
"07/08/2026";"05:47:04";2026;81;"Eleições Gerais 2026";"PI";"PI";"PIAUÍ";"PI032172026";"2026-07-23 16:22:50";"N";"15563771000164";"INSTITUTO CREDIBILIDADE LTDA";"INSTITUTO CREDIBILIDADE";"Governador, Senador, Deputado Federal, Deputado Estadual";"2026-07-18 00:00:00";"2026-07-19 00:00:00";"2026-07-29 00:00:00";359;"9177";"DIOGENES VITOR DA SILVEIRA";"5000,00";"A metodologia empregada nesta pesquisa utilizou uma amostragem aleatória estratificada proporcional por sexo, idade, escolaridade e renda domiciliar distribuídas na zona urbana e rural através de entrevistas domiciliares e individuais no município de JATOBÁ DO PIAUÍ - PI. Sendo a coleta dos dados realizada por meio de tablets/smartphones. A Pesquisa foi realizada no período de 18 e 19 de julho de 2026 nos bairros e povoados descriminadas no plano amostral com um total de 359 entrevistas.

";"Amostragem por cotas. O conjunto do eleitorado do município é distribuído proporcionalmente por gênero, faixa etária, grau de instrução, classe de renda domiciliar. As variáveis: gênero, faixa etária e grau de instrução são ponderadas de acordo com as Estatísticas do Eleitorado do Piauí, TSE, JUNHO de 2026 referente ao município JATOBÁ DO PIAUÍ - PI. A variável classe de renda domiciliar é ponderada de acordo com as estatísticas do Censo Demográfico IBGE. O número de entrevistas dos bairros e povoados são ponderados de acordo com o número de domicílios por setor censitário, do Censo Demográfico IBGE 2022. O nível de confiança é de 95% com margem de erro de 5,2% para mais ou para menos, nas estatísticas apresentadas para o total da amostra levantada. Cotas de gênero: Masculino:(187), Feminino (172), Cotas de faixa etária: 16 a 24 anos (57), 25 a 34 anos (72), 35 a 44 anos (68), 45 a 59 anos (86), 60 e + anos (76), Cotas de grau de instrução: Analfabeto e Lê e escreve(43) Ensino Fundamental completo e incompleto(147), Ensino Médio completo e incompleto(126) Ensino Superior completo e incompleto(43), Cotas de classe de renda domiciliar: Até 1 Salário mínimo (180) De 1 a 2  Salários mínimos: (118) De 2 ou mais Salários mínimos: (61).		

";"Supervisão interna em 100% dos questionários aplicados e crítica dos dados digitados feita pelo computador. A checagem direta com retorno e/ou acompanhamento é feita pelo supervisor de campo, enquanto que a checagem por telefone é realizada a partir do banco de dados gerado pela plataforma utilizada, em no mínimo 20% dos questionários aplicados, de acordo com a exigência da ABEP - Associação Brasileira de Empresas de Pesquisa. Relatórios de campo - pesquisadores e supervisores.";"CENTRO E ADJACÊNCIAS 151 
BANANEIRA 20 
TANQUES 18 
SANTA ALICE 16 
RIACHO 16 
BEM POSTA 15 
MONTANHA 15 
ABILHEIRINHA 13 
BEM BOM 13 
JATOBAZINHO 12 
BELA VISTA 12 
SAMBAIBA 10 
TUCANO 10 
ASSENTAMENTO PACHEO 10 
ASSENAMTENTO SANTA LUZ 10 
MORADA NOVA 10 
TAMARINDO 8 
TOTAL 359 
"
"07/08/2026";"05:47:04";2026;81;"Eleições Gerais 2026";"PI";"PI";"PIAUÍ";"PI010532026";"2026-04-14 23:36:33";"N";"11186543000161";"ROGERIO M. P. MOURA - ME";"DATA MAX";"Governador, Senador, Deputado Federal, Deputado Estadual";"2026-04-08 00:00:00";"2026-04-09 00:00:00";"2026-04-20 00:00:00";401;"10172";"DAVID LEAL DE CARVALHO";"8000,00";"Metodologia empregada: Amostragem aleatória por cotas de sexo, faixa etária, grau de instrução, renda familiar. Entrevistas domiciliares e individuais. Coleta dos dados realizada por meio de entrevistas domiciliares.";"Plano amostral e ponderação quanto a sexo, faixa etária, grau de instrução e nível econômico do entrevistado; nível de confiança e margem de erro; Amostragem por cotas. O conjunto do eleitorado do Município de Piracuruca ¿ PI. As variáveis: sexo, faixa etária e grau de instrução são ponderadas de acordo com as Estatísticas do Eleitorado de Piracuruca ¿ PI, segundo ao Tribunal Superior Eleitoral(TSE) ou TRE-PI, no período pesquisado.  A variável classe de renda domiciliar é ponderada de acordo com a estatística do Censo Demográfico IBGE 2022. O nível de confiança é de 95% com margem de erro de 4,86% para mais ou para menos, nas estatísticas apresentadas para o total da amostra levantada considerando variância máxima, p=0,50; p =0,50. Cotas de sexo: Masculino 194(48,47%), Feminino 207(51,53%), Cotas de faixa etária: 16 a 24anos 56(13,96%), 25 a 34anos 85(21,20%), 35 a 44 anos 80(19,95%), 45 a 59 anos 94(23,45%), 60 e + anos 86(21,44%), Cotas de grau de instrução: Analfabeto 54(13,47%), lê e escreve 55(13,71%), Ensino fundamental incompleto/completo 114(28,43%), Ensino médio incompleto/completo 147(36,66%), superior incompleto/completo 31(7,73%), Cotas de classe de renda: Até 1 SM 341(85,08%), de 1 a 2 SM 40(10,12%), de 2 a 5 SM 14(3,37%), de 5 a 10 SM 05(1,20%), acima de 10 SM 01(0,23%).";"Supervisão interna em 100% dos questionários aplicados e crítica dos dados digitados feita pelo computador. Checagem direta com retorno e/ou acompanhamento e/ou por telefone feita pelos supervisores de campo em no mínimo 20% dos questionários aplicados, de acordo com a exigência da ABEP. Associação Brasileira de Empresas de Pesquisa. Relatórios de campo, pesquisadores e supervisores.";"Nos Bairros: Aquidaban, Fátima, Esplanada, Guaraní, Centro, Colibrí, Três Lagoas, Barroca, Mutirão, Baixa da Ema, Conjunto São Raimundo e Conjunto Gonçalo Magalhães, e Rural, nas Localidades: Angical, Jabuti, Santiago, Furamão, Mororó, Capivara, Jacareí(Cerâmica), Cruz, Assentamento Lama Preta, Alto Bonito, Córrego dos Coutinhos, Catarina e Cabra Bom."
"07/08/2026";"05:47:04";2026;81;"Eleições Gerais 2026";"PI";"PI";"PIAUÍ";"PI091892026";"2026-01-30 23:48:16";"N";"52483917000198";"INSTITUTO GAMA PESQUISA E CONSULTORIA LTDA";"GAMA PESQUISA E CONSULTORIA";"Governador, Senador, Deputado Federal, Deputado Estadual";"2026-01-31 00:00:00";"2026-02-01 00:00:00";"2026-02-05 00:00:00";400;"Nº 11.160 - CONRE-5";"MANOEL FRANCISCO DA SILVA";"7000,00";"A pesquisa foi realizada por meio de amostragem por cotas proporcionais aleatórias, considerando as variáveis gênero, faixa etária, grau de instrução e nível econômico dos entrevistados, de modo a refletir a composição sociodemográfica do eleitorado do município de Parnaíba?PI. A coleta dos dados ocorreu por meio de entrevistas individuais presenciais, utilizando dispositivos eletrônicos do tipo tablet, aplicadas em pontos de grande fluxo de pessoas localizados na zona urbana do município. Esses pontos foram selecionados por se configurarem como destinos comuns a moradores de diferentes bairros da cidade, conforme definido no plano amostral. O levantamento de campo foi realizado no período de 31 de janeiro a 1º de fevereiro de 2026, totalizando 400 entrevistas válidas.";"O plano amostral e a ponderação dos dados foram elaborados com base na proporcionalidade das variáveis de gênero, faixa etária, grau de instrução e nível econômico dos entrevistados. As variáveis de gênero, idade e escolaridade seguiram os dados oficiais do eleitorado disponibilizados pelo Tribunal Superior Eleitoral (TSE), com referência a dezembro de 2025. A variável renda familiar foi ponderada conforme os registros oficiais do Instituto Brasileiro de Geografia e Estatística (IBGE). O levantamento apresenta nível de confiança de 95% e margem de erro máxima estimada de 4,9% pontos percentuais, para mais ou para menos, nas estatísticas referentes ao total da amostra, considerando a hipótese de variância máxima (p = 0,50), com base em uma amostra de 400 entrevistas válidas.
Distribuição da Amostra - Gênero: Masculino: 187 entrevistas (47%) Feminino: 213 entrevistas (53%) Faixa Etária: 16 a 20 anos: 25 entrevistas (6%) 21 a 34 anos: 113 entrevistas (28%) 35 a 59 anos: 183 entrevistas (46%) 60 anos ou mais: 79 entrevistas (20%) Grau de Instrução Analfabeto / Lê e escreve: 55 entrevistas (14%) Ensino Fundamental completo e incompleto: 111 entrevistas (28%) Ensino Médio completo e incompleto: 177 entrevistas (44%) Ensino Superior completo e incompleto: 57 entrevistas (14%) Renda Familiar Mensal Até 1 salário mínimo (até R$ 1.621,00): 248 entrevistas (62%) De 1 a 2 salários mínimos (R$ 1.621,01 a R$ 3.242,00): 80 entrevistas (20%) De 2 a 5 salários mínimos (R$ 3.242,01 a R$ 8.105,00): 48 entrevistas (12%) Acima de 5 salários mínimos (acima de R$ 8.105,00): 24 entrevistas (6%)";"A pesquisa contou com supervisão interna em 100% dos questionários aplicados, bem como crítica automática dos dados digitados, realizada por meio de sistema informatizado, com o objetivo de identificar inconsistências, erros de preenchimento e desvios de padrão. Adicionalmente, foi realizada checagem direta de, no mínimo, 20% dos questionários aplicados, por meio de retorno aos entrevistados, acompanhamento em campo e/ou contato telefônico. O processo de controle e validação foi devidamente registrado por meio de relatos em campo, levados pelos pesquisadores e supervisores, assegurando a rastreabilidade, a confiabilidade e a integridade das informações coletadas.";"A pesquisa foi realizada no município de Parnaíba ¿ PI, exclusivamente na zona urbana, por meio da técnica de coleta em pontos de grande fluxo de pessoas, totalizando 400 entrevistas presenciais.
A coleta de dados ocorreu nos seguintes locais: Mercado da Guarita, onde foram realizadas 40 entrevistas; Mercado da Caramuru, com 160 entrevistas; Praça da Graça, com 80 entrevistas; Mercado da Quarenta, com 65 entrevistas; e Praça da Santa Casa, com 55 entrevistas, distribuídas conforme o planejamento operacional. 
Os pontos selecionados caracterizam-se por apresentarem intenso e diversificado fluxo diário de pessoas, provenientes de diferentes bairros do município, o que assegura a adequada representatividade da população urbana.
Considerando que tais locais consistem em áreas de circulação e convergência populacional, e que nem todos possuem delimitação administrativa formal de bairro, a pesquisa abrangeu, além do logradouro principal, as ruas, vias de acesso, áreas comerciais e aglomerações adjacentes a cada ponto de fluxo.
Dessa forma, na ausência de delimitação específica de bairros, a área de realização da pesquisa foi identificada pela região urbana correspondente ao entorno imediato de cada ponto de coleta, em conformidade com o disposto no §7º do art. 2º da Resolução TSE nº 23.600/2019."
"07/08/2026";"05:47:04";2026;81;"Eleições Gerais 2026";"PI";"PI";"PIAUÍ";"PI053752026";"2026-05-14 22:14:16";"N";"53310763000103";"DATANORTE PORTAIS, COMUNICACAO, PUBLICIDADE E PESQUISAS DE OPINIAO LTDA";"DATANORTE INSTITUTO DE PESQUISAS";"Governador, Senador, Deputado Federal, Deputado Estadual";"2026-05-14 00:00:00";"2026-05-17 00:00:00";"2026-05-20 00:00:00";1500;"10526";"José Dos Reis Cunha Filho";"8000,00";"Pesquisa quantitativa com abordagem porta a porta, com eleitores que votam e/ou residem nos municípios que compõe a zona eleitoral 33, totalizando 05 cidades, no estado do Piauí, consistindo na realização de entrevistas pessoais e individuais, com a aplicação de questionário estruturado junto a uma amostra representativa do eleitorado em estudo. Devido a ordem probabilística da amostra, nesta pesquisa será considerada apenas os eleitores residentes dentro do município ou que no dia da entrevista estejam nele. Todas as entrevistas são espontâneas e os dados são sigilosos, guardados no banco de dados do instituto para tabulação e apresentação gráfica e analítica.";"Trata-se de uma amostra probabilística estratificada, com abordagem aleatória simples através de cotas de sexo, idade e escolaridade, ponderadas de acordo com a estatística do Eleitorado do TSE, 2026 (https://sig.tse.jus.br) e renda ponderada de acordo com registro do último senso estratificado do IBGE (https://cidades.ibge.gov.br) e em conformidade com a Resolução do TSE 23.600/2019, complementada pela Resolução 23.676/2021, com entrevistas domiciliares aos eleitores de 16 anos ou mais que exerça seu voto nos municípios de Buriti dos Lopes, Bom Princípio, Murici dos Portelas, Caxingó e Caraúbas. Totalizando uma população eleitoral de 41.501 e amostra de 1.500, a um nível de confiança = 95%; Nível de significância = 5%; Margem de erro = 2,48%, com P = 0,5.
SEXO: Masculino (50,1%), Feminino (49,9%); FAIXA ETÁRIA: até 24 anos (16,75%), de 25 a 34 anos (20,54%), de 35 a 44 anos (20,33%), de 45 a 59 anos (23,21%), 60 anos ou mais (19,18%); ESCOLARIDADE: Analfabeto (18,67%), Lê e escreve (13,63%), 1º Grau inc/comp (29,89%), 2º Grau inc/comp (31,12%), 3º Grau inc/comp (6,67%); RENDA: Até 1 salário (50,62%), entre 1 e 2 salários (28,54%), entre 2 e 5 salários (17,20%), entre 5 e 10 salários (2,60%), Mais de 10 salários (1,03%).
";"Os questionários são aplicados com uso de equipamentos eletrônicos, supervisão in loco e via GPS, passarão por conferência através de novo contato até 20% dos entrevistados, todas as regiões pesquisadas foram selecionadas proporcionalmente.";"Buriti dos Lopes (636), Bom Princípio (244), Murici dos Portelas (219), Caxingó (208) e Caraúbas (193)."
"07/08/2026";"05:47:04";2026;81;"Eleições Gerais 2026";"PI";"PI";"PIAUÍ";"PI046652026";"2026-05-21 21:42:13";"S";"00654576000172";"INSTITUTO VERITA LTDA";"VERITA";"Governador, Senador";"2026-05-22 00:00:00";"2026-05-26 00:00:00";"2026-05-27 00:00:00";1220;"10699";"GUILHERME ALVARENGA LAIA";"93940,00";"Pesquisa quantitativa, que consiste na realização de entrevistas, com a aplicação de questionário estruturado junto a uma amostra representativa do eleitorado desta Unidade da Federação.";"ESTUDO REPRESENTATIVO DO ELEITORADO DO ESTADO DO PIAUÍ - MÉTODO PPT (Probabilidade Proporcional ao Tamanho) - PLANO AMOSTRAL E PONDERAÇÃO QUANTO A SEXO, IDADE, GRAU DE INSTRUÇÃO E NÍVEL ECONÔMICO DO ENTREVISTADO; INTERVALO DE CONFIANÇA E MARGEM DE ERRO: Representativo do eleitorado da área em estudo, elaborada, em vários estágios, da seguinte forma: - 1. Divisão da UF em estratos proporcionais de municípios. 2. Ordenação dos municípios de cada estrato segundo o porte. 3. Sorteio dos municípios de cada estrato. 4. Os respondentes são selecionados através de quotas amostrais proporcionais em função de variáveis significativas, a saber: GÊNERO / FAIXA ETÁRIA - FEMININO E MASCULINO 16 A 34 ANOS 16,9% E 16,6%, 35 A 54 ANOS 19,4% E 18,3%, 55 ANOS OU MAIS 15,5% E 13,4%. GRAU DE INSTRUÇÃO ¿ FEMININO E MASCULINO Sem instrução até Ensino Médio completo 70,4%, Ensino superior incompleto e completo 29,6% NÍVEL ECONÔMICO - FEMININO população não economicamente ativa 46,5% população economicamente ativa 53,5% MASCULINO população não economicamente ativa 27,2% população economicamente ativa 72,8%. RENDA FAMILIAR DO DOMICÍLIO renda familiar de até 2 salários-mínimos 30,7%; de 2 a 5 salários-mínimos 44,2%, acima de 5 salários-mínimos 25,1%. Está prevista eventual ponderação para correção das variáveis, com base nos percentuais anteriormente mencionados, caso ocorram diferenças superiores a margem de erro da pesquisa previsto entre a amostra e a coleta de dados realizada. O fator previsto para ponderação é 1 (resultados obtidos na coleta de dados). O intervalo de confiança estimado é de 95% e a margem de erro máxima estimada considerando um modelo de amostragem aleatório simples, é de aproximadamente 3 pontos percentuais para mais ou para menos sobre os resultados encontrados no total da amostra. FONTE DOS DADOS: IBGE/Censo 2022 para fins de densidade demográfica, setores censitários e alocação da amostra. IBGE/PNAD/PNADC/MEC/INEP para fins de Nível Econômico e Escolaridade. TSE FEVEREIRO/2026 para fins de Sexo, Faixa Etária e eleitorado por município ou regiões previamente definidas (importante ressaltar para o público leigo que os dados do TSE são os únicos corretos para gênero, idade dos eleitores e quantitativo de eleitores por municípios já que a base de dados se atualiza automaticamente, PORÉM, dados de escolaridade e nível econômico NÃO são corretos e confiáveis devido a desatualização que ocorre naturalmente com o passar dos anos). Definição de margem de erro e intervalo de confiança: Margem de erro e intervalo de confiança não são grandezas diretamente proporcionais. A SOMA NÃO TEM QUE RESULTAR 100%. ";"Após os trabalhos de coleta de dados, os questionários são submetidos a uma fiscalização, conferência e checagem de cerca de 20% (vinte por cento) dos questionários aplicados.";"A relação dos municípios sorteados ou selecionados para esta pesquisa será apresentada em arquivo anexo até 1 (um) dia após a divulgação desta pesquisa conforme §7º. do art. 2º. da Resolução-TSE nº. 23.600/2019. A área de abrangência desta pesquisa é o Estado DO PIAUÍ"
"07/08/2026";"05:47:04";2026;81;"Eleições Gerais 2026";"PI";"PI";"PIAUÍ";"PI032412026";"2026-05-20 23:36:11";"N";"47425567000173";"IPPI PESQUISAS E CONSULTORIA LTDA";"IPPI - PESQUISAS E CONSULTORIAS";"Governador, Senador, Deputado Federal, Deputado Estadual";"2026-05-18 00:00:00";"2026-05-20 00:00:00";"2026-05-26 00:00:00";400;"10644";"Antonio Alberto Ibiapina Costa Filho";"6000,00";"Metodologia empregada: Amostragem não aleatória por cotas de gênero, faixa etária, grau de instrução, renda familiar, zona (urbana e rural), bairros e povoados. Entrevistas domiciliares e individuais. Coleta dos dados realizada por meio de SMARTPHONE/ TABLET, utilizando a plataforma iPesquisa.net.";"Amostragem por cotas. O conjunto do eleitorado do município é distribuído proporcionalmente por gênero, faixa etária, grau de instrução e classe de renda domiciliar. As variáveis gênero, faixa etária e grau de instrução são ponderadas de acordo com as Estatísticas do Eleitorado do Piauí, TSE, março de 2026, referentes ao município de Piripiri ¿ PI. A variável classe de renda domiciliar é ponderada de acordo com as estatísticas do Censo Demográfico IBGE. O número de entrevistas dos bairros e povoados é ponderado de acordo com o número de domicílios por setor censitário do Censo Demográfico IBGE 2022.
O nível de confiança é de 95%, com margem de erro de 3,89% para mais ou para menos nas estatísticas apresentadas para o total da amostra levantada, considerando variância máxima, p = 0,50; 1 ¿ p = 0,50. Cotas de gênero: Masculino (186), Feminino (214). Cotas de faixa etária: 16 a 24 anos (43), 25 a 34 anos (69), 35 a 44 anos (85), 45 a 59 anos (108), 60 anos ou mais (95). Cotas de grau de instrução: Analfabeto (36), Lê e escreve (33), Ensino Fundamental incompleto/completo (167), Ensino Médio incompleto/completo (141), Superior incompleto (5), Superior completo (15), Pós-graduação ¿ especialização, mestrado, doutorado (3). Cotas de classe de renda domiciliar: Até R$ 1.621,00 (183), de R$ 1.621,01 a R$ 3.242,00 (161), de R$ 3.242,01 a R$ 8.105,00 (51), mais de R$ 8.105,01 (5).";"Supervisão interna em 100% dos questionários aplicados e crítica dos dados digitados feita pelo computador. A checagem direta com retorno e/ou acompanhamento é feita pelo supervisor de campo, enquanto que a checagem por telefone é realizada a partir do banco de dados gerado pela plataforma iPesquisa.net, em no mínimo 20% dos questionários aplicados, de acordo com a exigência da ABEP - Associação Brasileira de Empresas de Pesquisa. Relatórios de campo - pesquisadores e supervisores.";"BAIRROS
Centro (22), Floresta (16), Res. Abdias Monteiro (7), Res. Genipapeiro (8), Anajás (8), Germano (10), Estação (10), Itacoatiara (9), Pedreiras (7), Res. José Amâncio (9), Conj. Expedito Rezende (8), Res. IAPEP/Russinha (7), Paciência (10), Res. IAPEP Germano (7), Vista Alegre (13), Morro da Ana (5), Recreio (7), Caixa D'Água (10), Prado (18), Crioli I e II (7), Santa Maria (10), Flor dos Campos (9), Petecas (7), Matadouro (8), São João (10), Fonte dos Matos (6), Res. Parque Recreio (12), Res. Petecas I, II, III (18), Morro da Saudade (10)
POVOADOS
ROTA 1 ¿ Formosa / Olho D'Água Grande / Sertão de Dentro (23), ROTA 2 ¿ Furnas / São José do João Bárbara / Pequi (22), ROTA 3 ¿ Vertentes / Pé do Morro / Lagoa da Cruz / Santa Rosa / Gameleira (27), ROTA 4 ¿ Vereda do Zezinho / Marinheiro / Bela Vista (9), ROTA 5 ¿ Caldeirão / Banda / Angical do DNOCS (16), ROTA 6 ¿ São Luís (9), ROTA 7 ¿ Baixão / Cupins (6)"
"07/08/2026";"05:47:04";2026;81;"Eleições Gerais 2026";"PI";"PI";"PIAUÍ";"PI058472026";"2026-05-24 22:34:18";"N";"21703109000165";"INSTITUTO DIVULGA LTDA";"INSTITUTO DIVULGA";"Governador, Senador, Deputado Federal, Deputado Estadual, Deputado Distrital";"2026-05-16 00:00:00";"2026-05-17 00:00:00";"2026-05-30 00:00:00";300;"11188";"RANIERE ALVES BRASIL";"6000,00";"Pesquisa do tipo quantitativa, realizada mediante entrevistas pessoais, domiciliares e presenciais, aplicadas por profissionais treinados, com utilização de questionários estruturados junto a amostra representativa do eleitorado com 16 anos ou mais. A coleta dos dados foi efetuada por meio de smartphone/tablet, no período de 16 a 17 de maio de 2026, abrangendo as zonas urbana e rural do município de Coronel José Dias/PI. O Instituto Divulga Ltda, responsável pela realização da pesquisa, possui inscrição de Pessoa Jurídica no Conselho Federal de Estatística, sob o nº 10565.";"O plano amostral adota amostragem por conglomerados em múltiplos estágios. Inicialmente, o município é dividido em setores censitários/bairros, dos quais são selecionados conglomerados por método probabilístico proporcional ao tamanho. Em seguida, são selecionadas ruas e domicílios, aplicando-se amostragem sistemática. Na etapa final, a escolha da pessoa entrevistada, limitada a uma por domicílio, observa cotas de controle de sexo, faixa etária, grau de instrução e nível econômico, devendo ser a pessoa moradora da residência e eleitora do município pesquisado. A ponderação da amostra considera, ainda, a área física de realização da pesquisa. O tamanho da amostra observa os parâmetros estatísticos de nível de confiança e margem de erro, com base em fontes públicas oficiais da Justiça Eleitoral e do IBGE.

O universo da pesquisa corresponde ao eleitorado do município. A amostra foi estruturada a partir de dados públicos oficiais da Justiça Eleitoral e do IBGE. Para a definição do tamanho amostral, da distribuição territorial e das cotas de controle, foram utilizados: (a) estatísticas do eleitorado do município, disponibilizadas pela Justiça Eleitoral/TRE-PI, extraídas do Cadastro Nacional de Eleitores, com referência em janeiro de 2026; e (b) dados sociodemográficos oficiais do IBGE, especialmente os provenientes do Censo Demográfico e da PNAD mais recentes. Tais bases subsidiaram a ponderação da amostra por sexo, faixa etária, escolaridade, nível econômico e área física de realização do trabalho de campo.

Margem de erro de ±5,5 pontos percentuais para mais ou para menos, intervalo de confiança de 95%, nível de significância de 5%, chegou-se em uma amostra significativa e aleatória de 300 eleitores a pesquisar, assim distribuídos: Sexo Feminino 122 Masculino 178; Idade 16 a 24 anos: 25; de 25 a 34 anos: 44; de 35 a 44 anos: 77; de 45 a 59 anos: 92; de 60 anos ou mais: 62; Total: 300. Grau de Instrução: Analfabeto/Lê e escreve: 25; Ensino fundamental completo ou incompleto: 178; Ensino Médio completo ou incompleto: 75; Ensino Superior completo ou incompleto: 22; Total: 300. Renda do(a) Entrevistado(a) até 1 salário mínimo 156; de 1 a 2 salários mínimos 104; de 2 a 5 salários mínimos 35; acima de 5 salários mínimos 4; Prefere não informar 01. Total: 300.";"A pesquisa foi executada por equipe multiprofissional composta por pesquisadoras(es), supervisoras(es), estatístico responsável técnico, analista de sistemas, contador e advogados, com atuação integrada nas etapas de campo e de controle interno. A coleta foi realizada por meio de questionários eletrônicos aplicados em smartphones/tablets, com operação on-line e off-line, transmissão de dados em tempo real quando disponível conectividade, rastreabilidade do trabalho de campo, monitoramento do percurso por fluxo de GPS e gravação de áudio das entrevistas como mecanismos internos de controle, conferência e auditabilidade. Os procedimentos adotados observaram o sistema interno de controle e fiscalização da coleta de dados e do trabalho de campo, preservada a identidade das pessoas entrevistadas. O instituto contou, ainda, com estatístico responsável técnico com vínculo exclusivo com a empresa, em conformidade com a Resolução TSE nº 23.600/2019 e suas respectivas alterações normativas aplicáveis ao pleito eleitoral vigente, Resolução nº 23.747, de 26 de fevereiro de 2026.";"ZONA URBANA: Centro (60), São Pedro (20), Bela Vista (17), Barro Vermelho (16), Santa Luiza (15) e Altitude (11).

ZONA RURAL: Sítio do Mocó (35), Lajes de Pedra (24), Salininha (17), Vereda (15), Riacho da Jurema (10), Santa Teresa (9), Caraíbas (8), Curral de Ramos (7), Lagoinha (5), Malhadinha (5), Poço do Angico (5), Angical (4), Borda (4), Cacimba de Baixo (4), Maquiné (3), Coroatá (2), Salinas (2) e Vertente (2)."
"07/08/2026";"05:47:04";2026;81;"Eleições Gerais 2026";"PI";"PI";"PIAUÍ";"PI083322026";"2026-04-16 21:32:16";"N";"09471067000189";"CENSUS INSTITUTO DE PESQUISAS EIRELI";"CENSUS";"Governador, Senador, Deputado Federal, Deputado Estadual";"2026-04-13 00:00:00";"2026-04-15 00:00:00";"2026-04-22 00:00:00";301;"9356";"Laércio de Sousa Araújo";"5000,00";"Eleitores com 15 anos ou mais de idade com domicílio eleitoral na cidade de JOSÉ DE FREITAS PI e que no momento da pesquisa se encontrava na zona urbana ou rural. Trata-se de uma pesquisa preferencialmente, domiciliar e individual através de uma amostra estratificada  em 2 estágios com abordagem aleatória simples através das variáveis gênero, faixa etária, nível de instrução e faixa de renda, de acordo com a resolução do TSE 23.600/19 e alterações pela resolução 23.727/2024, para as pesquisas eleitorais, utilizando dados da estatística do eleitorado do munícipio com fonte no TSE (sig.tse.jus.br) ou TRE-PI no período pesquisado, consultando os dados do IBGE com referência nas estimativas populacionais censo 2022 (cidades.ibge.gov.br). Conforme treinamentos internos os pesquisadores de campo selecionarão suas amostras em cada setor definido no plano amostral, obedecendo um espaçamento de uma amostra para outra, seguindo critérios de amostras aleatórias simples e em caso de complementação de informação será inserido no sistema até o 7º dia, após o registro no site Pesqele, de acordo com o art2º, §6º e §7º - da res. 23600/19. Questionários numerados e estruturados com perguntas espontâneas e estimuladas, sendo as perguntas estimuladas com classificação por ordem alfabética ou com uso de técnicas de alternativas randomizadas ou aleatorizadas, dispensando o uso de discos.";"SEXO: MASCULINO (49%), FEMININO (51%); FAIXA ETÁRIA até 24 anos (14%), de 25 a 34 anos (20%), de 35 a 44 anos (21,5%), de 45 a 59 anos (24%), 60 anos ou mais (20,5%); ESCOLARIDADE: Analfabeto (9,3%), Lê e escreve (10%), 1º Grau inc/comp (30,5%), 2º Grau inc/comp (42,6%), 3º Grau inc/comp (7,6%); RENDA Sem Rendimento (39,92%), até 1 salário (44,8%), Mais de 1 a 3 Salários (12,85%), Mais 3 a 5 salários (1,33%),mais de 5 salários (1,1%).

O objetivo de indicar a margem de erro é a influência que tem o tamanho da amostra usada na precisão dos resultados, quando a amostra for probabilística. Para fins de comparação com a amostra sugerida, a margem de erro seria de 5,66% (para mais ou menos), com nível de confiança de 95%, nível de significância de 5%, com P = 0,5.";"Equipe formada por pesquisadores, supervisor, estatístico, analista de sistemas, contador e advogado, totalizando em equipes divididas em trabalhos externos e trabalhos internos, sendo fornecido tais identificações caso seja necessária, conforme preconiza o artigo 13 da Resolução 23600/20219. Checagem da supervisão in loco em pelo menos 30% da aplicação dos questionários nas zonas urbanas e rural e 100% na tabulação. Questionários digital elaborado de acordo com os objetivos da pesquisa, aplicados através de equipamentos eletrônicos com sistema de coleta próprio (sistemas eletrônicos em acordo o que diz o art.2º §8º - da res. 23600/19) e com transmissão de dados em tempo real e monitoramento de 100% do percurso por fluxo de GPS. Coordenação interna e treinamento dos pesquisadores em sede local, com cadastro completo disponíveis de todos os dados referentes a equipe técnica e de campo da pesquisa.";"ZONA URBANA Marmelada ¿ 5, Bairro de Fátima ¿ 12, Tijuca ¿ 12, Centro ¿ 26, Deus Me Deu ¿ 16, Santa Luzia ¿ 7, Mutirão ¿ 11, Ipiranga ¿ 17, Santa Rosa ¿ 18, São Pedro ¿ 9, Suco de Uva ¿ 16, Gusmão ¿ 10, Matadouro ¿ 9, Pitombeira ¿ 3, Santo Antônio ¿ 2, Cidade Nova ¿ 20. ZONA RURAL: Boca do Mocambo ¿ 2, Tanque ¿ 2, Pedra de Amolar ¿ 2, Graciosa ¿ 3, Pov. Palmeira ¿ 2, Lagoa do Aprazível ¿ 2, Lagoa do Piripiri ¿ 3, Morada Nova ¿ 3, Palmeirinha ¿ 2, Tamburil ¿ 2, Poços d'Água ¿ 2, Lagoa Seca ¿ 2, Lembrada ¿ 2, Mocambo ¿ 3, Boqueirão ¿ 3, São Francisco ¿ 4, São Sebastião ¿ 2, Assentamento São Domingos ¿ 2, Paus de Chapada ¿ 2, Quietéria ¿ 2, Carvalho ¿ 2, São José ¿ 2, Pov. Jacaré ¿ 2, Vassouras II ¿ 2, Vassouras I ¿ 3, Douro ¿ 2, Deus da Vida ¿ 2, Pov. Passagem das Emas ¿ 2, Vassouras III ¿ 2, Mirindiba ¿ 3, Vila Leleco ¿ 2, Ema ¿ 5, Felicidade ¿ 3, São Raimundo ¿ 2, Boqueirão do Adolfo ¿ 2, João Pereira ¿ 2, Contendas ¿ 4, Pov. Vizeu ¿ 3, Assentamento Santo Elias ¿ 3, Barragem do Bezerro ¿ 3, Olinda ¿ 2, Marcos ¿ 2, Segurança ¿ 4, Caiçara II ¿ 2.
"
"07/08/2026";"05:47:04";2026;81;"Eleições Gerais 2026";"PI";"PI";"PIAUÍ";"PI060092026";"2026-06-22 16:47:37";"N";"10320257000184";"INSTITUTO PIAUIENSE DE OPINIAO PUBLICA LTDA - EPP";"AMOSTRAGEM OPINIAO E MERCADO";"Governador, Senador, Deputado Federal, Deputado Estadual";"2026-06-12 00:00:00";"2026-06-18 00:00:00";"2026-06-28 00:00:00";1137;"CONRE  - 5ª REGIÃO Nº 6695";"JOÃO BATISTA MENDES TELES";"70000,00";"Metodologia empregada: Amostragem não aleatória por cotas de gênero, faixa etária, grau de instrução, renda familiar, zona (urbana e rural), microrregiões e municípios. Entrevistas domiciliares e individuais. Coleta dos dados realizada por meio de SMARTPHONE/ TABLET, utilizando a plataforma iPesquisa.net.";"Amostragem por cotas. O conjunto do eleitorado dos municípios é distribuído proporcionalmente por gênero, faixa etária, grau de instrução, classe de renda domiciliar. As variáveis: gênero, faixa etária e grau de instrução são ponderadas de acordo com as Estatísticas do Eleitorado do Piauí, TSE, MAIO de 2026 referente aos 49 municípios pesquisados. A variável classe de renda domiciliar é ponderada de acordo com as estatísticas do Censo Demográfico IBGE. O número de entrevistas dos bairros e povoados nos municípios são ponderados de acordo com o número de domicílios por setor censitário, do Censo Demográfico IBGE 2022. O nível de confiança é de 95% com margem de erro de 2,85% para mais ou para menos, nas estatísticas apresentadas para o total da amostra levantada considerando variância máxima, p=0,50; 1 ¿ p = 0,50.

Cotas de gênero: Masculino (543), Feminino (594), 

Cotas de faixa etária:   16 a 24 anos (155), 25 a 34 anos (219), 35 a 44 anos (230), 45 a 59 anos (286), 60 e + anos (247), 

Cotas de grau de instrução: Analfabeto (74), lê e escreve (116), Ensino fundamental incompleto/completo (310), Ensino médio incompleto/completo (475), superior incompleto (66), superior completo (96), 

Cotas de classe de renda domiciliar:    Até R$ 1.621,00 (346),   de R$ 1.621,01 à R$ 3.242,00 (347),  de R$ 3.242,01 à R$ 8.105,00 (305), mais de R$ 8.105,01 (139).";"Supervisão interna em 100% dos questionários aplicados e crítica dos dados digitados feita pelo computador.  A checagem direta com retorno e/ou acompanhamento é feita pelo supervisor de campo, enquanto que a checagem por telefone é realizada a partir do banco de dados gerado pela plataforma iPesquisa.net, em no mínimo 20% dos questionários aplicados, de acordo com a exigência da ABEP - Associação Brasileira de Empresas de Pesquisa. Relatórios de campo - pesquisadores e supervisores.";"Municípios pesquisados por microrregião:

1-Baixo Parnaíba Piauiense: (Miguel Alves, Esperantina, Barras, Piripiri); 
2-Litoral Piauiense: (Cocal, Luís Correia, Parnaíba); 
3-Teresina (Beneditinos, Demerval Lobão, José de Freitas, União, Teresina); 
4-Campo Maior: (Capitão de Campos, Alto Longá, Pedro II, Campo Maior); 
5-Médio Parnaíba Piauiense: (Angical do Piauí, Regeneração, Amarante); 
6-Valença do Piauí: (Novo Oriente do Piauí, Elesbão Veloso, Valença do Piauí); 
7-Alto Parnaíba Piauiense: (Uruçuí); 
8-Bertolínia: (Bertolínia, Colônia do Gurguéia); 
9-Floriano: (Nazaré do Piauí, Itaueira, Floriano); 
10-Alto Médio Gurguéia: (Cristino Castro, Bom Jesus); 
11-São Raimundo Nonato: (Várzea Branca, Bonfim do Piauí, Canto do Buriti, São Raimundo Nonato); 
12-Chapadas do Extremo Sul Piauiense: (Cristalândia do Piauí, Corrente); 
13-Picos: (São João da Varjota, Colônia do Piauí, Oeiras, Picos); 
14-Pio IX: (São Julião, Pio IX); 
15-Alto Médio Canindé (Caldeirão Grande do Piauí, Patos do Piauí, Marcolândia, Fronteiras, Jaicós, São João do Piauí, Paulistana)."
"07/08/2026";"05:47:04";2026;81;"Eleições Gerais 2026";"PI";"PI";"PIAUÍ";"PI014812026";"2026-05-20 20:22:37";"S";"21703109000165";"INSTITUTO DIVULGA LTDA";"INSTITUTO DIVULGA";"Governador, Senador, Deputado Federal, Deputado Estadual, Deputado Distrital";"2026-05-12 00:00:00";"2026-05-13 00:00:00";"2026-05-26 00:00:00";1000;"11188";"RANIERE ALVES BRASIL";"16000,00";"Pesquisa do tipo quantitativa, realizada mediante entrevistas pessoais, domiciliares e presenciais, aplicadas por profissionais treinados, com utilização de questionários estruturados junto a amostra representativa do eleitorado com 16 anos ou mais. A coleta dos dados foi efetuada por meio de smartphone/tablet, no período de 12 a 13 de maio de 2026, abrangendo as zonas urbana e rural do município de Teresina/PI. O Instituto Divulga Ltda, responsável pela realização da pesquisa, possui registro de pessoa jurídica no Conselho Federal de Estatística, sob o nº 8739.";"O plano amostral adota amostragem por conglomerados em múltiplos estágios. Inicialmente, o município é dividido em setores censitários/bairros, dos quais são selecionados conglomerados por método probabilístico proporcional ao tamanho. Em seguida, são selecionadas ruas e domicílios, aplicando-se amostragem sistemática. Na etapa final, a escolha da pessoa entrevistada, limitada a uma por domicílio, observa cotas de controle de sexo, faixa etária, grau de instrução e nível econômico, devendo ser a pessoa moradora da residência e eleitora do município pesquisado. A ponderação da amostra considera, ainda, a área física de realização da pesquisa. O tamanho da amostra observa os parâmetros estatísticos de nível de confiança e margem de erro, com base em fontes públicas oficiais da Justiça Eleitoral e do IBGE.

O universo da pesquisa corresponde ao eleitorado do município. A amostra foi estruturada a partir de dados públicos oficiais da Justiça Eleitoral e do IBGE. Para a definição do tamanho amostral, da distribuição territorial e das cotas de controle, foram utilizados: (a) estatísticas do eleitorado do município, disponibilizadas pela Justiça Eleitoral/TRE-PI, extraídas do Cadastro Nacional de Eleitores, com referência em janeiro de 2026; e (b) dados sociodemográficos oficiais do IBGE, especialmente os provenientes do Censo Demográfico e da PNAD mais recentes. Tais bases subsidiaram a ponderação da amostra por sexo, faixa etária, escolaridade, nível econômico e área física de realização do trabalho de campo.

Margem de erro de ±3,1 pontos percentuais para mais ou para menos, intervalo de confiança de 95%, nível de significância de 5%, chegou-se em uma amostra significativa e aleatória de 1.000 eleitores a pesquisar, assim distribuídos: Sexo Feminino 394 Masculino 606; Idade 16 a 24 anos: 97; de 25 a 34
anos: 212; de 35 a 44 anos: 262; de 45 a 59 anos: 266; de 60 anos ou mais: 163; Total: 1.000. Grau de Instrução: Não alfabetizado(a) 34; Lê e escreve: 50; Ensino fundamental completo ou incompleto: 245; Ensino Médio completo ou incompleto: 571; Ensino Superior completo ou incompleto: 100; Total:
1.000. Renda do(a) Entrevistado(a) até 1 salário mínimo 381; de 1 a 2 salários mínimos 339; de 2 a 5 salários mínimos 223; acima de 5 salários mínimos 46; NS/NR 11. Total: 1.000.";"A pesquisa foi executada por equipe multiprofissional composta por pesquisadoras(es), supervisoras(es), estatístico responsável técnico, analista de sistemas, contador e advogados, com atuação integrada nas etapas de campo e de controle interno. A coleta foi realizada por meio de
questionários eletrônicos aplicados em smartphones/tablets, com operação on-line e off-line, transmissão de dados em tempo real quando disponível conectividade, rastreabilidade do trabalho de campo, monitoramento do percurso por fluxo de GPS e gravação de áudio das entrevistas como
mecanismos internos de controle, conferência e auditabilidade. Os procedimentos adotados observaram o sistema interno de controle e fiscalização da coleta de dados e do trabalho de campo, preservada a identidade das pessoas entrevistadas. O instituto contou, ainda, com estatístico responsável técnico
com vínculo exclusivo com a empresa, em conformidade com a Resolução TSE nº 23.600/2019 e suas respectivas alterações normativas aplicáveis ao pleito eleitoral vigente, Resolução nº 23.747, de 26 de fevereiro de 2026.";"EM ANEXO (ARQUIVOS)"
"07/08/2026";"05:47:04";2026;81;"Eleições Gerais 2026";"PI";"PI";"PIAUÍ";"PI020952026";"2026-04-11 15:00:00";"N";"09471067000189";"CENSUS INSTITUTO DE PESQUISAS EIRELI";"CENSUS";"Governador, Senador, Deputado Federal, Deputado Estadual";"2026-04-08 00:00:00";"2026-04-09 00:00:00";"2026-04-17 00:00:00";300;"9356";"Laércio de Sousa Araújo";"5000,00";"Eleitores com 15 anos ou mais de idade com domicílio eleitoral na cidade de BARRAS PI e que no momento da pesquisa se encontrava na zona urbana ou rural. Trata-se de uma pesquisa preferencialmente, domiciliar e individual através de uma amostra estratificada  em 2 estágios com abordagem aleatória simples através das variáveis gênero, faixa etária, nível de instrução e faixa de renda, de acordo com a resolução do TSE 23.600/19 e alterações pela resolução 23.727/2024, para as pesquisas eleitorais, utilizando dados da estatística do eleitorado do munícipio com fonte no TSE (sig.tse.jus.br) ou TRE-PI no período pesquisado, consultando os dados do IBGE com referência nas estimativas populacionais censo 2022 (cidades.ibge.gov.br). Conforme treinamentos internos os pesquisadores de campo selecionarão suas amostras em cada setor definido no plano amostral, obedecendo um espaçamento de uma amostra para outra, seguindo critérios de amostras aleatórias simples e em caso de complementação de informação será inserido no sistema até o 7º dia, após o registro no site Pesqele, de acordo com o art2º, §6º e §7º - da res. 23600/19. Questionários numerados e estruturados com perguntas espontâneas e estimuladas, sendo as perguntas estimuladas com classificação por ordem alfabética ou com uso de técnicas de alternativas randomizadas ou aleatorizadas, dispensando o uso de discos. ";"SEXO: MASCULINO (49%), FEMININO (51%); FAIXA ETÁRIA até 24 anos (15,98%), de 25 a 34 anos (19,66%), de 35 a 44 anos (21,39%), de 45 a 59 anos (23,01%), 60 anos ou mais (19,96%); ESCOLARIDADE: Analfabeto (9,96%), Lê e escreve (14,92%), 1º Grau inc/comp (28,43%), 2º Grau inc/comp (37,34%), 3º Grau inc/comp (9,35%); RENDA Sem Rendimento (38%), até 1 salário (47%), Mais de 1 a 3 Salários (13%), Mais 3 a 5 salários (1,2%),mais de 5 salários (0,8%).

O objetivo de indicar a margem de erro é a influência que tem o tamanho da amostra usada na precisão dos resultados, quando a amostra for probabilística. Para fins de comparação com a amostra sugerida, a margem de erro seria de 5,66% (para mais ou menos), com nível de confiança de 95%, nível de significância de 5%, com P = 0,5.";"Equipe formada por pesquisadores, supervisor, estatístico, analista de sistemas, contador e advogado, totalizando em equipes divididas em trabalhos externos e trabalhos internos, sendo fornecido tais identificações caso seja necessária, conforme preconiza o artigo 13 da Resolução 23600/20219. Checagem da supervisão in loco em pelo menos 30% da aplicação dos questionários nas zonas urbanas e rural e 100% na tabulação. Questionários digital elaborado de acordo com os objetivos da pesquisa, aplicados através de equipamentos eletrônicos com sistema de coleta próprio (sistemas eletrônicos em acordo o que diz o art.2º §8º - da res. 23600/19) e com transmissão de dados em tempo real e monitoramento de 100% do percurso por fluxo de GPS. Coordenação interna e treinamento dos pesquisadores em sede local, com cadastro completo disponíveis de todos os dados referentes a equipe técnica e de campo da pesquisa.";"ZONA URBANA São Cristóvão ¿ 12, Matadouro ¿ 6, Conj. Petrônio Portela ¿ 2, Pequizeiro ¿ 8, Vila Esperança ¿ 9, Gardinal ¿ 8, Pedrinhas ¿ 5, Res. São Francisco ¿ 5, Boa Vista ¿ 11, Bairro de Fátima ¿ 9, Centro ¿ 22, Xique Xique ¿ 13 Curujal ¿ 9, Santinho ¿ 34. ZONA RURAL: Palmeira ¿ 3, Santa Rosa ¿ 3,Mata Fria ¿ 5, Luiz de Sousa ¿ 3, Formoso ¿ 3, Jenipapeiro ¿ 2, Ingá ¿ 4, Côcos ¿ 3, Assentamento 7 de Setembro ¿ 4, Canto Sindô ¿ 3, Cachoeira ¿ 3, Riacho Verde ¿ 4, Isabelinha ¿ 3
Limoeiro ¿ 3, Espingarda ¿ 4, Vereda Grande ¿ 3, Passa Tudo ¿ 3, Ponta do Mato ¿ 6, Taboca ¿ 4, Tipis ¿ 5, Cara Torta ¿ 2, São Francisco ¿ 4, Santa Teresa ¿ 4, Paraíso ¿ 3, Barro Preto ¿ 6, Morada Nova ¿ 4, Paissandu ¿ 5, Formosa I ¿ 4, Tapuio ¿ 3, Currais Novos ¿ 3, Formosa II ¿ 4, Bandurra ¿ 4, Três Caminhos ¿ 3, Assentamento Angical ¿ 4, Assentamento Esperança ¿ 13, Solidão ¿ 3, Sossego ¿ 3, Mimosa ¿ 4.
"
"07/08/2026";"05:47:04";2026;81;"Eleições Gerais 2026";"PI";"PI";"PIAUÍ";"PI032692026";"2026-05-12 17:33:17";"N";"09471067000189";"CENSUS INSTITUTO DE PESQUISAS EIRELI";"CENSUS";"Governador, Senador, Deputado Federal, Deputado Estadual";"2026-05-08 00:00:00";"2026-05-09 00:00:00";"2026-05-18 00:00:00";300;"9356";"Laércio de Sousa Araújo";"5000,00";"Eleitores com 15 anos ou mais de idade com domicílio eleitoral na cidade de CORRENTE PI e que no momento da pesquisa se encontrava na zona urbana ou rural. Trata-se de uma pesquisa do tipo face a face, domiciliar, espontânea e individual através de uma amostra estratificada em 2 estágios com abordagem aleatória simples através das variáveis gênero, faixa etária, nível de instrução e faixa de renda, de acordo com a resolução do TSE 23.600/19 e alterações pela resolução 23.727/2024, para as pesquisas eleitorais, utilizando dados da estatística do eleitorado do munícipio com fonte no TSE (sig.tse.jus.br) ou TRE-PI no período pesquisado, consultando os dados do IBGE censo 2022 (censo2022.ibge.gov.br/panorama; sidra.ibge.gov.br e cidades.ibge.gov.br) com referência na renda e estimativas populacionais. Conforme treinamentos internos os pesquisadores de campo selecionarão suas amostras em cada setor definido no plano amostral, obedecendo um espaçamento de uma amostra para outra, seguindo critérios de amostras aleatórias simples e em caso de complementação de informação será inserido no sistema até o 7º dia, após o registro no site Pesqele, de acordo com o art2º, §6º e §7º - da res. 23600/19. Para o dimensionamento das variáveis e interpretação dos dados será considerada a base 100%, utilizando regras de arredondamento quando necessário e os resultados serão mensurados em tabelas gráficas e analíticas utilizando 2 casas decimais. Os Questionários serão numerados e estruturados com perguntas espontâneas e estimuladas, sendo as perguntas estimuladas com apresentação por ordem alfabética ou realizadas com uso de técnicas de alternativas randomizadas ou aleatorizadas, dispensando o uso de discos. ";"SEXO: MASCULINO (49%), FEMININO (51%); FAIXA ETÁRIA até 24 anos (16%), de 25 a 34 anos (20,56%), de 35 a 44 anos (19,73%), de 45 a 59 anos (22,95%), 60 anos ou mais (20,76%); ESCOLARIDADE: Analfabeto (6,58%), Lê e escreve (18,37%), 1º Grau inc/comp (32,66%), 2º Grau inc/comp (34,46%), 3º Grau inc/comp (7,93%); RENDA Sem Rendimento (1,86%), até 1 salário (61,42%), Mais de 1 a 3 Salários (26,6%), Mais 3 a 5 salários (6,1%),mais de 5 salários (4,02%).

O objetivo de indicar a margem de erro é a influência que tem o tamanho da amostra usada na precisão dos resultados, quando a amostra for probabilística. Para fins de comparação com a amostra sugerida, a margem de erro seria de 5,66% (para mais ou menos), com nível de confiança de 95%, nível de significância de 5%, com P = 0,5.";"Equipe formada por pesquisadores, supervisor, estatístico, analista de sistemas, contador e advogado, totalizando em equipes divididas em trabalhos externos e trabalhos internos, sendo fornecido tais identificações caso seja necessária, conforme preconiza o artigo 13 da Resolução 23600/20219. Checagem da supervisão in loco em pelo menos 30% da aplicação dos questionários nas zonas urbanas e rural e 100% na tabulação. Questionários digital elaborado de acordo com os objetivos da pesquisa, aplicados através de equipamentos eletrônicos com sistema de coleta próprio (sistemas eletrônicos em acordo o que diz o art.2º §8º - da res. 23600/19) e com transmissão de dados em tempo real e monitoramento de 100% do percurso por fluxo de GPS. Coordenação interna e treinamento dos pesquisadores em sede local, com cadastro completo disponíveis de todos os dados referentes a equipe técnica e de campo da pesquisa.";"ZONA URBANA Vila Nova ¿ 9, Projeto Piauí ¿ 16, Nova Corrente ¿ 9, Centro ¿ 52, Morro do Pequi ¿ 23, Jacolândia ¿ 9, Vermelhão ¿ 24, Aeroporto ¿ 40, Sincerino ¿ 9. ZONA RURAL: Guanabara ¿ 4, Cana Brava ¿ 4, Boqueirão ¿ 4, Porta do Araçá ¿ 4, Jatobá ¿ 6, Maliço ¿ 4, Vereda ¿ 4, Pedra Furada ¿ 5, Vereda da Porta ¿ 7, Calumbi ¿ 3, Araticum ¿ 3, Barra da Vereda ¿ 6, Barra do Rio ¿ 2, Mariana ¿ 4, Barreirão ¿ 3, Simplício ¿ 7, Buritizinho ¿ 4, Barro Vermelho ¿ 2, Pastores ¿ 4, Barra ¿ 4, Pau de Terra ¿ 3, Pindaíba ¿ 3, Morro Redondo ¿ 5, Boi Manso ¿ 3, Caxingó ¿ 3, Fazenda de Cima ¿ 8."
"07/08/2026";"05:47:04";2026;81;"Eleições Gerais 2026";"PI";"PI";"PIAUÍ";"PI095362026";"2026-06-23 21:41:27";"N";"55498337000162";"A J TECH LTDA";"VETOR TECNOLOGIA E PESQUISAS";"Governador, Senador, Deputado Federal, Deputado Estadual";"2026-06-17 00:00:00";"2026-06-24 00:00:00";"2026-06-29 00:00:00";1600;"9356";"Laércio de Sousa Araújo";"38000,00";"Eleitores com 16 anos ou mais de idade com domicílio eleitoral na cidade selecionada do Estado do PIAUÍ e que no momento da pesquisa se encontrava na zona urbana ou rural. Trata-se de uma pesquisa do tipo face a face, domiciliar, espontânea e individual através de uma amostra estratificada com 3 estágios e abordagem aleatória simples através das variáveis gênero, faixa etária, nível de instrução e faixa de renda, de acordo com a resolução do TSE 23.600/19 e alterações pela resolução 23.727/2024, para as pesquisas eleitorais, utilizando dados da estatística do eleitorado do munícipio com fonte no TSE (sig.tse.jus.br) ou TRE-PI no período pesquisado, consultando os dados do IBGE censo 2022 (censo2022.ibge.gov.br/panorama; sidra.ibge.gov.br e cidades.ibge.gov.br) com referência na renda e estimativas populacionais. Conforme treinamentos internos os pesquisadores de campo selecionarão suas amostras em cada setor definido no plano amostral, obedecendo um espaçamento de uma amostra para outra, seguindo critérios de amostras aleatórias simples e em caso de complementação de informação será inserido no sistema até o 7º dia, após o registro no site Pesqele, de acordo com o art2º, §6º e §7º - da res. 23600/19. Para o dimensionamento das variáveis e interpretação dos dados será considerada a base 100%, utilizando regras de arredondamento quando necessário e os resultados serão mensurados em tabelas gráficas e analíticas utilizando 2 casas decimais. Os Questionários serão numerados e estruturados com perguntas espontâneas e estimuladas, sendo as perguntas estimuladas com apresentação por ordem alfabética ou realizadas com uso de técnicas de alternativas randomizadas ou aleatorizadas, dispensando o uso de discos.";"Plano Amostral Estadual Definido Por: SEXO: MASCULINO (48%), FEMININO (52%); FAIXA ETÁRIA até 24 anos (15,15%), de 25 a 34 anos (19,23%), de 35 a 44 anos (19,96%), de 45 a 59 anos (24,1%), 60 anos ou mais (21,56%); ESCOLARIDADE: Analfabeto (7,7%), Lê e escreve (12,64%), 1º Grau inc/comp (27,56%), 2º Grau inc/comp (40,1%), Superior completo (7,5%); Superior incompleto (4,5%); RENDA Sem Rendimento (1,85%), até 1 salário (60,03%), Mais de 1 a 3 Salários (28%), Mais 3 a 5 salários (5,92%),mais de 5 salários (4,2%).

O objetivo de indicar a margem de erro é a influência que tem o tamanho da amostra usada na precisão dos resultados, quando a amostra for probabilística. Para fins de comparação com a amostra sugerida, a margem de erro seria de 2,45% (para mais ou menos), com nível de confiança de 95%, nível de significância de 5%, com P = 0,5.";"Equipe multiprofissional formada por pesquisadores, supervisores, estatístico, analista de sistemas, contador e advogado, divididos em trabalhos externos e internos, sendo fornecido tais identificações caso seja necessária, conforme preconiza o artigo 13 da Resolução 23600/2019. Checagem da supervisão in loco em pelo menos 30% da aplicação dos questionários nas zonas urbanas e rural e 100% na tabulação. Questionários digital elaborado de acordo com os objetivos da pesquisa, aplicados através de equipamentos eletrônicos com sistema de coleta próprio (sistemas eletrônicos em acordo o que diz o art.2º §8º - da res. 23600/19) e com transmissão de dados em tempo real e monitoramento de 100% do percurso por fluxo de GPS. Coordenação interna e treinamento dos pesquisadores em sede local, com cadastro completo disponíveis de todos os dados referentes a equipe técnica e de campo da pesquisa.";"Jaicós 17, Marcolândia 10, Paulistana 20, Patos do Piauí 7, Simões 15, Água Branca 15, Altos 36, Amarante 16, Demerval Lobão 13, José de Freitas	34, Miguel Alves 27, Monsenhor Gil 10, Regeneração 14, União 38, Fronteiras 10, Geminiano 7, Itainópolis	10, Campo Grande do Piauí 6, Picos 57, Pio IX 16, Alagoinha do Piauí 7, Avelino Lopes 12, Bom Jesus	24, Corrente 26, Redenção do Gurgueia 9, Curimatá 12, Parnaguá 9, Monte Alegre do Piauí	12, Anísio de Abreu 8, Caracol	9, Coronel José Dias 6, Dirceu Arcoverde 7, São João do Piauí 16, São Raimundo Nonato 30, Elesbão Veloso 16, Inhuma 15, Várzea Grande 5, Francinópolis 5, Valença do Piauí 20, Canto do Buriti 16, Floriano 43, Flores do Piauí 4, Itaueira 9, Arraial 4, Francisco Ayres 5, Cocal de Telha 5, Campo Maior 40, Capitão de Campos 12, Castelo do Piauí 19, São Miguel do Tapuio 18, Guadalupe 11, Bertolínia 6, Jerumenha 6, Uruçuí 23, Barras 35, Batalha 21, Esperantina 30, Brasileira 8, Pedro II 32, Piracuruca 24, Piripiri 49, Buriti dos Lopes 15, Luís Correia 23, Parnaíba	100, Colônia do Piauí 7, Isaías Coelho 7, Oeiras 34, Campinas do Piauí 6, Simplício Mendes 12, Teresina 350."
"07/08/2026";"05:47:04";2026;81;"Eleições Gerais 2026";"PI";"PI";"PIAUÍ";"PI066752026";"2026-04-16 18:17:15";"N";"10320257000184";"INSTITUTO PIAUIENSE DE OPINIAO PUBLICA LTDA - EPP";"AMOSTRAGEM OPINIAO E MERCADO";"Governador, Senador, Deputado Federal, Deputado Estadual";"2026-04-09 00:00:00";"2026-04-13 00:00:00";"2026-04-22 00:00:00";1000;"CONRE  - 5ª REGIÃO Nº 6695";"JOÃO BATISTA MENDES TELES";"16000,00";"Metodologia empregada: Amostragem não aleatória por cotas de gênero, faixa etária, grau de instrução, renda familiar, zona (urbana e rural), bairros e povoados, Superintendência de Desenvolvimento Urbano ¿ SDU e Superintendência de Desenvolvimento Rural ¿ SDR . Entrevistas domiciliares e individuais. Coleta dos dados realizada por meio de SMARTPHONE/ TABLET, utilizando a plataforma iPesquisa.net.";"Amostragem por cotas. O conjunto do eleitorado do município é distribuído proporcionalmente por gênero, faixa etária, grau de instrução, classe de renda domiciliar. As variáveis: gênero, faixa etária e grau de instrução são ponderadas de acordo com as Estatísticas do Eleitorado do Piauí, TSE,   MARÇO   de   2026   referente ao município TERESINA-PI. A variável classe de  renda  domiciliar  é  ponderada  de  acordo com as estatística do Censo Demográfico IBGE. O número de entrevistas dos bairros e povoados são ponderados de acordo com o número de domicílios por setor censitário, do Censo Demográfico IBGE 2022.  O  nível  de  confiança  é  de   95%  com   margem   de   erro   de    3,10%  para  mais  ou  para menos, nas estatísticas apresentadas para o total da amostra levantada considerando variância máxima, p=0,50; 1 - p = 0,50.

Cotas de gênero: Masculino (450), Feminino (550), 

Cotas de faixa etária:   16 a 24 anos (117), 25 a 34 anos (191), 35 a 44 anos (217), 45 a 59 anos (262), 60 e + anos (213), 

Cotas de grau de instrução: Analfabeto (20), lê e escreve (45), Ensino fundamental incompleto/completo (211), Ensino médio incompleto/completo (506), superior incompleto (86), superior completo (132), 

Cotas de classe de renda domiciliar:    Até R$ 1.621,00 (153),   de R$ 1.621,01 à R$ 3.242,00 (254),  de R$ 3.242,01 à R$ 8.105,00 (338), mais de R$ 8.105,01 (255).";"Supervisão interna em 100% dos questionários aplicados e crítica dos dados digitados feita pelo computador.  A checagem direta com retorno e/ou acompanhamento é feita pelo supervisor de campo, enquanto que a checagem por telefone é realizada a partir do banco de dados gerado pela plataforma iPesquisa.net, em no mínimo 20% dos questionários aplicados, de acordo com a exigência da ABEP - Associação Brasileira de Empresas de Pesquisa. Relatórios de campo - pesquisadores e supervisores.";"BAIRROS E POVOADOS PESQUISADOS POR SDU / SDR:

1-SDU - CENTRO:
Cabral, Centro Norte e Sul, Frei Serafim, Ilhotas / Vila Ferroviária II, Mafuá, Marquês, Matinha, Morro da Esperança, Nossa Senhora das Graças, Piçarra, Porenquanto, Vermelha, Vila Operária.

2-SDU - NORTE:
Acarape, Aeroporto, Água Mineral / Vila CERMAP / Vila Risoleta Neves, Monte Alegre, Alto Alegre, Aroeiras / Vila Aroeiras, Bom Jesus, Buenos Aires / Vila Sinhá Borges, Chapadinha, Embrapa, Itaperu, Jacinta Andrade / Francisca Trindade, Mafrense, Matadouro / Vila Bom Jesus II, Memorare, Mocambinho I, II, III / Santa Sofia / Vila Mocambinho, Monte Verde, Nova Brasília / Vila Pantanal II, Olarias, Parque Alvorada, Parque Brasil I, II, III, IV, Pirajá, Poti Velho, Primavera I, II,  Real Copagre, Santa Maria / Leonel Brizola / Parque Firmino Filho / Residencial Paulo de Tarso / Santa Maria das Vassouras, Santa Rosa, São Joaquim / Vila Apolônia / Vila Carlos Feitosa, Vila São Francisco.

3-SDU - LESTE:
Árvores Verde, Campestre / Vila Samaritana, Cidade Jardim, Fátima, Horto / Vila Miranda Dantas, Ininga / Vila Parque Ininga, Jóquei, Morada do Sol, Morros, Noivos / Vila do Céu, Novo Uruguai, Pedra Mole, Piçarreira, Planalto, Porto do Centro / Vila Bandeirante I, II / Conjunto Taquari, Recanto das Palmeiras, Samapi, Santa Isabel, Santa Lia, São Cristóvão, São João, Satélite, Socopo, Tabajaras, Uruguai, Vale do Gavião / Conjunto Sigefredo Pacheco I, II, III, Vale Quem Tem / Geovane Prado /  Vila Planalto Uruguai / Parque Governador Mão Santa/ Dom Avelar / Santa Bárbara, Verde Lar / Vila Cidade Leste, Zoobotânico. 

4-SDU - SUDESTE:
Beira Rio, Bom Princípio, Colorado / Vila Bom Sucesso / Monte Horebe, Comprida, Extrema / Parque Alexandria / Parque Jurema, Flor do Campo, Gurupi / Alto da Ressureição / Residencial Frei Damião, Dirceu Arcoverde I, II / Parque Itararé / Vila Flambloyant / Vila Eugênia Ferraz Vila CSU, Novo Horizonte / Vila Cel. Carlos Falcão / Francisco Marreiros, Parque Ideal / Vila Parque Ideal / Vila Parque Itararé, Parque Poti / Vila Poti, Redonda, Renascença I, II, III / Conjunto São Paulo, Santana, São Raimundo, São Sebastião / Residencial Padre Pedro Balzi / Deus Quer / Lenita Ferreira, Tancredo Neves, Todos os Santos, Verdecap.

5-SDU - SUL:
Angélica, Angelim / Teresa Cristina I, II / Conjunto Mário Covas / Residencial Dignidade, Areias, Bela Vista I, II, III / Planalto Bela Vista, Brasilar, Catarina / Parque Rodoviário, Cidade Nova, Cristo Rei / Conjunto Cristo Rei / Conjunto João Emílio Falcão / Vila Ferroviária I, Distrito Industrial / Vila Nossa Senhora do Rosário I,  Esplanada, Lourival Parente I, II / Vila Morada Nova, Macaúba, Monte Castelo, Morada Nova, Parque Jacinta, Parque Juliana, Parque Piauí / Vila Nova II, Parque São João, Parque Sul, Pedra Miúda, Pio XII, Portal da Alegria / Vila Irmã Dulce / Porto Alegre / Torquato Neto / Eduardo Costa, Promorar / Vila Santa Maria, Redenção, Saci, Santa Cruz / Residencial Betinho, Santa Luzia, Santo Antônio / Vamos Ver o Sol / Parque Dagmar Maza / Vila São Francisco, São Lourenço, São Pedro, Tabuleta, Três Andares / Vila da Paz, Triunfo,.

6-SDR - POVOADOS:
Humaitá, Boquinha, Morro do Papagaio, Garupa de Baixo / Garupa de Cima, São Raimundo, Fazenda Soares, Soinho, Cerâmica Cil I, Cerâmica Cil II, Taboca do Pau Ferrado."
"07/08/2026";"05:47:04";2026;81;"Eleições Gerais 2026";"PI";"PI";"PIAUÍ";"PI033172026";"2026-03-17 20:46:15";"N";"15563771000164";"INSTITUTO CREDIBILIDADE LTDA";"INSTITUTO CREDIBILIDADE";"Governador, Senador, Deputado Federal, Deputado Estadual, Deputado Distrital";"2026-03-12 00:00:00";"2026-03-13 00:00:00";"2026-03-23 00:00:00";350;"9177";"DIOGENES VITOR DA SILVEIRA";"6000,00";"A metodologia empregada nesta pesquisa utilizou uma amostragem aleatória estratificada proporcional por sexo, idade, escolaridade e renda distribuídas na zona urbana e rural através de entrevistas domiciliares e individuais no município de SUSSUAPARA (PI). Sendo a coleta dos dados realizada por meio de tablets/smartphones. A Pesquisa realizada no período de 12 e 13 de março de 2026 nos bairros e povoados descriminadas no plano amostral com um total de 350 entrevistas.";"O método de amostragem utilizada nesta pesquisa quantitativa eleitoral foi através de uma amostra probabilística aleatória estratificada proporcional (tabela abaixo), visto que a população de origem é considerada heterogênea, pois a mesma estará dividida em estratos referentes de acordo a divisão geopolítica do município de SUSSUAPARA (PI). Para isso, foi elaborado inicialmente um questionário de pesquisa (em anexo), como ferramenta de coleta de dados em que as variáveis que foram coletadas do público-alvo analisado em cada zona rural e/ou urbana de cada bairro/povoado citado são: renda (em salários mínimos), escolaridade, idade e sexo. Sendo que, as variáveis sexo, idade e escolaridade, terão as escalas distribuídas e acordo com as estatísticas do Tribunal Superior Eleitoral (TSE) de janeiro de 2026.Enquanto que a variável renda do chefe do domicílio, segundo o que estabelece o Instituto Brasileiro de Geografia e Estatística (IBGE). As escolhas de base de ambos os institutos foram selecionadas, pois não se diverge da classificação eleitoral proposta pelo TSE. Ainda, para a realização do estudo levantou-se o tamanho populacional de eleitores pertencente ao município de SUSSUAPARA(PI), e com uma margem de erro de 5.10pp para mais ou para menos e uma margem de confiança de 95%, chegou-se em uma amostra significativa e aleatória de 350 eleitores a pesquisar, assim distribuídos: Sexo: Entrevistas: Masculino (172 Feminino (178) Idade: Entrevistas 16 e 17 anos (5) 18 a 24anos (43) 25 a 34 anos (62 ) de 35 a 44 anos (64) de 45 a 59 anos (92) e + 60 anos (84) Grau de Instrução Entrevistas Analfabeto (21) Lê e escreve (63)Fundamental Completo e Incompleto (112) Ensino Médio Completo e Incompleto (122) Superior Completo e Incompleto (32) Renda Familiar: Entrevistas até 1621,00(147) de1621,01 a 3.242,00 (159) de 3.3242,01 ou mais (44).";" Com o objetivo de garantir que o estudo não é passível de víeis que beneficie determinados públicos-alvo ou algum segmento partidário, a equipe aplicadora dos questionários de pesquisas formada por 3 entrevistadores e 1 supervisor de campo. Assim, todos os questionários serão supervisionados no trabalho de campo pelo supervisor (diretamente ou acompanhamento) e 20% dos questionários checados posteriormente (diretamente no local ou por telefone) pelo supervisor, para evitar erros que corroborem com alguma tendência dos dados. Haverá ainda uma supervisão interna de todos os questionários (350) aplicados e uma análise crítica dos dados digitados no software de análise estatística.";"URBANA	
CENTRO E ADJACÊNCIA	189
 	 
ZONA RURAL	 
 NOVO PAQUETÁ	31
 TAMBORIL	14
 SALINAS	12
 ABÓBORAS	12
 VÁRZEA DO ENGANO	11
 SANTA LUZIA	10
 CARNAUBAL	10
 LAGOA DOS NEGROS	10
 VILA NOVA	10
 PEREIROS	10
 BARREIRO BRANCO	6
 BEIRA RIO	6
 PAQUETÁ DE BAIXO	6
 CERCADO	5
 LAGOA GRANDE DOS HOLANDAS	5
 ESCONDIDO	3
Total	161
TOTAL GERAL - 350
"
