"DT_GERACAO";"HH_GERACAO";"AA_ELEICAO";"CD_ELEICAO";"NM_ELEICAO";"SG_UF";"SG_UE";"NM_UE";"NR_PROTOCOLO_REGISTRO";"DT_REGISTRO";"ST_PESQUISA_PROPRIA";"NR_CNPJ_EMPRESA";"NM_EMPRESA";"NM_EMPRESA_FANTASIA";"DS_CARGO";"DT_INICIO_PESQUISA";"DT_FIM_PESQUISA";"DT_DIVULGACAO";"QT_ENTREVISTADO";"CD_CONRE";"NM_ESTATISTICO_RESP";"VR_PESQUISA";"DS_METODOLOGIA_PESQUISA";"DS_PLANO_AMOSTRAL";"DS_SISTEMA_CONTROLE";"DS_DADO_MUNICIPIO"
"21/07/2026";"05:46:28";2026;81;"Eleições Gerais 2026";"PB";"PB";"PARAÍBA";"PB093782026";"2026-05-26 21:49:44";"S";"13539940000103";"INDICE INTELIGENCIA LTDA";"INDICE INTELIGENCIA";"Governador, Senador, Deputado Federal, Deputado Estadual";"2026-05-27 00:00:00";"2026-05-29 00:00:00";"2026-06-01 00:00:00";2000;"10274";"Ianne Rafaella Santos Melo";"15000,00";"A pesquisa utiliza metodologia quantitativa, utilizando questionário estruturado e padronizado, aplicado por meio de entrevistas pessoais domiciliares junto a uma amostra representativa do eleitorado em estudo. O objetivo da pesquisa é fornecer um panorama político e administrativo do Estado da Paraíba, permitindo a avaliação do cenário político com vistas às eleições de 2026, além de gerar informações de domínio público. O público-alvo será composto por eleitores domiciliados no Estado da Paraíba, aptos ao exercício do voto conforme a legislação eleitoral vigente, residentes nas zonas urbana e rural. A coleta de dados será realizada de forma domiciliar e individual, mediante amostra estratificada por sexo, faixa etária, nível de instrução e faixa de renda, observando os parâmetros estatísticos e demográficos estabelecidos a partir das seguintes bases oficiais: Tribunal Superior Eleitoral (TSE) ¿ abril de 2026; Instituto Brasileiro de Geografia e Estatística (IBGE) ¿ Censo Demográfico 2010/2022; PNAD Contínua 2023; e PNAD Contínua Trimestral ¿ 2º trimestre de 2024.";"O plano amostral adotado nesta pesquisa será composto por amostragem aleatória simples e amostragem por conglomerados em três estágios, prevendo a aplicação de 2.000 entrevistas. Na primeira etapa, os municípios serão selecionados de forma aleatória pelo método PPT (Probabilidade Proporcional ao Tamanho), utilizando como referência o contingente populacional de cada município. Na segunda etapa, serão sorteados probabilisticamente os setores censitários também pelo método PPT, tomando como base a população residente com 16 anos ou mais. Na etapa final, após a definição dos setores censitários, ruas, domicílios e pontos amostrais, os entrevistados serão selecionados mediante controle de cotas proporcionais, considerando variáveis relevantes como sexo, faixa etária, renda e escolaridade. A composição da amostra observará os seguintes parâmetros: 47,06% do sexo masculino e 52,94% do sexo feminino; distribuição etária composta por 1,12% com 16 anos, 1,42% com 17 anos, 2,06% com 18 anos, 2,20% com 19 anos, 2,25% com 20 anos, 5,13% entre 21 e 24 anos, 6,53% entre 25 e 29 anos, 7,84% entre 30 e 34 anos, 9,23% entre 35 e 39 anos, 9,55% entre 40 e 44 anos, 9,18% entre 45 e 49 anos, 8,64% entre 50 e 54 anos, 8,52% entre 55 e 59 anos e 26,34% com 60 anos ou mais. Em relação à renda, serão considerados 58,23% com rendimento de até 1 salário mínimo, 27,55% entre mais de 1 e 3 salários mínimos e 14,22% acima de 3 salários mínimos. Quanto à escolaridade, a distribuição compreenderá 6,66% de analfabetos, 13,50% que apenas leem e escrevem, 23,74% com ensino fundamental incompleto, 4,62% com ensino fundamental completo, 14,97% com ensino médio incompleto, 22,46% com ensino médio completo, 5,34% com ensino superior incompleto e 8,72% com ensino superior completo. Os dados referentes ao nível econômico terão como referência estimativas do IBGE, adotando fator de ponderação igual a 1 com base nos resultados obtidos em campo, podendo haver ponderação posterior para ajuste das variáveis sexo, idade e escolaridade, caso sejam observadas discrepâncias entre os parâmetros definidos e os dados efetivamente coletados. A pesquisa apresentará nível de confiança de 95% e margem de erro máxima estimada de 2,2 pontos percentuais, para mais ou para menos, considerando o total da amostra.FONTE DOS DADOS: TSE-Tribunal Superior Eleitoral ¿ abril/2026; IBGE - Censo 2010/2022; IBGE - PNADc 2023; IBGE - PNADc trimestral 2-2024.";"Para a execução da pesquisa será utilizada equipe composta por entrevistadores e coordenadores de campo devidamente treinados pelo Instituto, garantindo padronização dos procedimentos e qualidade na coleta das informações. As entrevistas serão realizadas de forma presencial e domiciliar, mediante aplicação de questionário estruturado, sendo aplicado apenas um questionário por domicílio, respeitando rigorosamente as cotas amostrais previamente definidas. Durante todo o trabalho de campo, os entrevistadores serão acompanhados e supervisionados permanentemente pelos coordenadores de campo, além da realização de checagem de aproximadamente 20% da amostra, com o objetivo de confirmar a realização das entrevistas e verificar a consistência e fidedignidade dos dados coletados. Esses procedimentos de supervisão e controle de qualidade asseguram maior precisão estatística e confiabilidade dos resultados obtidos, em conformidade com os parâmetros metodológicos estabelecidos para a pesquisa.";"João Pessoa, Campina Grande, Santa Rita, Patos, Bayeux, Sousa, Cajazeiras, Cabedelo, Guarabira, Sapé, Mamanguape, Conde, Alhandra, Caaporã, Pedras de Fogo, Rio Tinto, Lucena, Cruz do Espírito Santo, Itabaiana, Pilar, Mari, Esperança, Queimadas, Lagoa Seca, Areia, Alagoa Grande, Bananeiras, Solânea, Araruna, Cuité, Picuí, Barra de Santa Rosa, Nova Floresta, Pocinhos, Ingá, Fagundes, Boqueirão, Monteiro, Sumé, Serra Branca, Taperoá, Soledade, Juazeirinho, Pombal, Catolé do Rocha, São Bento, Brejo do Cruz, Paulista, Malta, São Mamede, Teixeira, Princesa Isabel, Piancó, Coremas, Conceição, Itaporanga, Bonito de Santa Fé, Uiraúna, São João do Rio do Peixe, São José de Piranhas, Triunfo, Cajazeirinhas, Água Branca, Imaculada, Tavares, Santana dos Garrotes, Juripiranga, Jacaraú, Baía da Traição, Itapororoca, Belém, Pirpirituba, Cacimba de Dentro, Remígio, Alagoa Nova, Massaranduba, Aroeiras, Umbuzeiro e Gurinhém."
"21/07/2026";"05:46:28";2026;81;"Eleições Gerais 2026";"PB";"PB";"PARAÍBA";"PB097462026";"2026-04-04 23:59:04";"S";"10783981000144";"SETA INSTITUTO DE PESQUISA LTDA";"INSTITUTO SETA DE PESQUISA";"Governador, Senador, Deputado Federal, Deputado Estadual";"2026-04-06 00:00:00";"2026-04-07 00:00:00";"2026-04-10 00:00:00";500;"8954";"Galttieri Ferreira Tavares";"5000,00";"Pesquisa com metodologia quantitativa, com a realização de entrevistas pessoais utilizando questionário estruturado junto a uma amostra representativa do eleitorado do município de CABEDELO.
";"A amostra será representativa dos eleitores das áreas pesquisadas e será selecionada em duas etapas. Na primeira etapa realiza-se um sorteio probabilístico das localidades onde as entrevistas serão realizadas através do método PPT (Probabilidade Proporcional ao Tamanho), considerando a população com 16 anos ou mais residente nas localidades como base para essa seleção. Na segunda etapa, a seleção do entrevistado dentro da localidade será feita utilizando-se quotas amostrais proporcionais, em função das seguintes variáveis: Gênero: Masculino (46.4%); Feminino (53.6%); ; Faixa etária: De 16 a 20 anos: (5.4%); Entre 21 e 24 anos: (7.2%); Entre 25 e 34 anos: (18.9%); Entre 35 e 44 anos: (20.7%); 45 a 59 anos: (26.9%); Com 60 anos ou mais: (20.8%); ; ESCOLARIDADE: De analfabeto até ensino fundamental completo (Contêm eleitores que apenas Lê e escrevem, Analfabetos e que cursaram Ensino Fundamental Incompleto e Completo): 32,0%; Ensino médio incompleto ou completo: 45,7%; Ensino superior incompleto ou completo: 22,3% ; RENDA DOMICILIAR MENSAL: Sem rendimento: (2,27%); Até 1 Salário Minimo: (60,84%); Mais de 1 a 2 salários mínimos: (18,71%); Mais de 2 a 5 salários mínimos: (12,13%); Mais de 5 a 10 salários mínimos: (4,64%); Mais de 10 salários mínimos: (1,40%). . Está prevista eventual ponderação para correção das variáveis gênero e faixa etária, com base nos percentuais acima apresentados, caso ocorram diferenças superiores a 4,5 (quatro vírgula cinco) pontos percentuais entre o previsto na amostra e a coleta realizada, para as variáveis escolaridade e renda domiciliar mensal, o fator de ponderação é igual a 1 (resultados obtidos no campo). O nível de confiança estimado é de 95% (noventa e cinco por cento) para uma margem de erro estimada, considerando uma técnica de amostragem aleatória simples, de aproximadamente 4 pontos percentuais para mais ou para menos sobre os resultados obtidos. Fonte de Dados: TSE - Fevereiro/2026 e dados do IBGE.
";"As entrevistas serão realizadas por uma equipe de entrevistadores e supervisores devidamente qualificada pelo Instituto, com experiência e treinamento em pesquisas de opinião pública. No decorrer do trabalho de coleta de dados, os questionários aplicados, serão auditados em no mínimo 20% (vinte por cento) para verificação quanto ao cuidado na sua aplicação, bem como a adequação do entrevistado às variáveis das quotas amostrais.
";"Na ausência de delimitação do bairro, será identificada a área em que foi realizada a pesquisa (conforme §7º do art. 2º da Resolução-TSE nº 23.600/2019). A partir do dia em que a pesquisa puder ser divulgada e até o dia seguinte, o registro deverá ser complementado, sob pena de ser a pesquisa considerada não registrada; na ausência de delimitação do bairro, será identificada a área em que foi realizada.
"
"21/07/2026";"05:46:28";2026;81;"Eleições Gerais 2026";"PB";"PB";"PARAÍBA";"PB000572026";"2026-05-24 16:20:32";"N";"10956929000142";"ANOVA - INOVACAO E INTELIGENCIA EM PESQUISAS LTDA";"ANOVA INSTITUTO DE PESQUISA";"Governador, Senador";"2026-05-25 00:00:00";"2026-05-27 00:00:00";"2026-05-30 00:00:00";2000;"Conre 8179 5ª Região";"BRUNO AGRA FERREIRA";"20000,00";"Pesquisa quantitativa, através de entrevistas pessoais e domiciliares, com aplicação de questionários estruturados e padronizados junto a amostra representativa da população pesquisada. Utilizando meio eletrônico para coleta das entrevistas.";"I) Público pesquisado: eleitores do estado da Paraíba com 16 anos ou mais. II) Tipo de amostra: A amostra é representativa do eleitorado do estado da Paraíba, selecionadas em três estágios (Município/Bairro/Domicílio): No primeiro estágio fez-se um sorteio probabilísticos dos municípios pesquisados dentro de cada mesorregião, pelo método da probabilidade proporcional ao tamanho (PPT), tomando a população de cada município, como base para tal seleção. No segundo estágio, dentro dos municípios sorteados serão selecionados aleatoriamente bairros onde as entrevistas serão realizadas. No terceiro estágio, dentro dos bairros selecionados, os entrevistados serão selecionados através de cotas proporcionais de Gênero, Faixa Etária e Escolaridade de acordo com o perfil do eleitorado em estudo. Fonte de dados: TSE e TRE - PB, abril de 2026 (https://sig.tse.jus.br/ords/dwapr/r/seai/sig-eleitor-eleitorado-mensal/home?p0_uf=PB&session=207348768228254) e IBGE 2022 (https://www.ibge.gov.br/estatisticas/sociais/populacao/22827-censo-demografico-2022.html?edicao=41852&t=resultados) para os dados da população. III) Tamanho da amostra: 2000 entrevistas. IV) Ponderação: sendo 52,0% do gênero feminino e 48,0% do gênero masculino, sobre as estimativas das faixas etárias, sendo 14,0% de 16 a 24 anos, 20,0% de 25 a 34 anos, 20,0% de 35 a 44 anos, 24,0% de 45 a 59 anos e 22,0% de 60 e mais anos. Já a ponderação das variáveis: Grau de Instrução: 19,0% do somatório de analfabetos/lê e escreve, 28,0% ensino fundamental (somatório de incompleto e completo), 39,0% ensino médio (somatório de incompleto e completo), 14,0% Superior (somatório de completo e incompleto) Fonte de dados: TSE, abril de 2026 e Nível Econômico: 59,0% sem rendimentos/ até R$ 1.621,00, 30,0% de R$ 1.621,01 até R$ 4.863,00 e 11,0% acima de R$ 4.863,01 Fonte de dados IBGE 2022. Observação: Para o NÍVEL ECONÔMICO DO ENTREVISTADO (renda familiar mensal declarada pelo respondente), os dados tomados como referência são os do Censo Demográfico IBGE 2022 (módulo Trabalho e Rendimento, SIDRA Tabela 10296) (https://www.ibge.gov.br/busca.html?searchword=tabela%2010296&start=2), para essa variável será adotado o fator de ponderação igual a 1, correspondente aos resultados obtidos em campo, caso seja verificada diferença superior à margem de erro prevista no estudo entre a projeção da amostra baseada nos dados do IBGE 2022 e os dados efetivamente coletados. Para as variáveis de gênero, idade e grau de instrução, está previsto uma eventual ponderação, nos limites da margem de erro, para correção nos tamanhos das variáveis, caso ocorra uma diferença entre a previsão da amostra e a coleta dos dados realizados sobre a faixa de eleitores acima de 16 anos. V) Área física de realização da pesquisa: A amostra será feita sobre a cobertura geográfica do estado da Paraíba. VI) Intervalo de Confiança/Margem de Erro: O intervalo de confiança estimado é de 95,0% e a margem de erro máxima estimada é de 2,2 pontos percentuais para mais ou para menos sobre os resultados encontrados no total da amostra, não devendo considerar este Grau de Confiança e Margem de Erro para os resultados dentro de cada extrato e nem muito menos para os resultados gerados pelos cruzamentos de variáveis. Utilizando o cálculo amostral pela proporção [estimador = p e (1-p)]. Certificado Digital A1 SERIE: 6dc17e8d251d4913 EMISSOR: AC SAFEWEB RFB v5 Bruno Agra Ferreira CPF (02785658400).";"Para a realização da pesquisa utiliza-se uma equipe de entrevistadores e coordenadores de campo devidamente treinados para o trabalho da INSTITUTO ANOVA. As entrevistas são pessoais e domiciliares, feitas por meio de questionário estruturado, aplicando-se apenas um questionário por domicílio, respeitando as cotas pré-determinadas. Durante a realização dos trabalhos de campo, os entrevistadores são submetidos a uma fiscalização permanente por parte dos coordenadores de campo e são realizadas checagem de 20% da amostra para atestar a realização das entrevistas e a fidedignidade dos dados apurados, garantindo-se dessa forma, o grau de precisão dos estimadores, em função dos parâmetros previamente estabelecidos.

";"A amostra será feita sobre a cobertura geográfica representada por 04(quatro) mesorregiões (Mata Paraibana, Agreste Paraibano, Borborema e Sertão Paraibano), abrangendo 70 municípios (João Pessoa, Campina Grande, Santa Rita, Patos, Bayeux, Sousa, Cajazeiras, Guarabira, Cabedelo, Sapé, Mamanguape, Queimadas, Pombal, Monteiro, Esperança, São Bento, Catolé do Rocha, Alagoa Grande, Solânea, Pedras de Fogo, Areia, Lagoa Seca, Itabaiana, Rio Tinto, Itaporanga, Bananeiras, Mari, Cuité, Conde, Aroeiras, São José de Piranhas, Conceição, Picuí, Caaporã, São João do Rio do Peixe, Santa Luzia, Alhandra, Serra Branca, Teixeira, Alagoa Nova, Bonito de Santa Fé, Ingá, Remígio, Aparecida, Boqueirão, Juazeirinho, Sumé, Taperoá, Caturité, Princesa Isabel, Coremas, Uiraúna, Tavares, Brejo do Cruz, Juru, Imaculada, Jericó, Piancó, Condado, Cabaceiras, Paulista, Araruna, Ibiara, Itapororoca, Marcação, Cacimba de Dentro, Barra de Santa Rosa, Soledade, São Sebastião de Lagoa de Roça e São João do Cariri), com partilha proporcional sobre o potencial populacional de cada uma das áreas. Bairros de João Pessoa: Industrias, Funcionários, João Paulo II, Gramame, José Américo, Ernesto Geisel, Cristo Redentor, Varjão, Jardim Cidade Universitária, Bancários, Mangabeira, Valentina, Paratibe, Tambaú, Manaíra, Jardim Oceania, Bessa, Aeroclube, Alto do Céu, Mandacaru, Ipês, Roger, Torre, Castelo Branco, Miramar, Cruz das Armas, Oitizeiro, Jaguaribe, Alto do Mateus, Jardim Veneza, Costa e Silva, Ernani Sátiro, Grotão, Cuiá, Muçumago, Planalto da Boa Esperança, Tambauzinho, Expedicionários, Estados, Costa do Sol, Altiplano Cabo Branco, Cabo Branco, São José, Mumbaba, Treze de Maio, Padre Zé, Trincheiras, Tambiá, Ilha do Bispo e Água Fria. Bairros de Campina Grande: Malvinas, Catolé, José Pinheiro, Liberdade, Cruzeiro, Bodocongó, Três Irmãs, Santa Rosa, Jeremias, Santa Cruz, Nova Brasília, Acácio Figueiredo, Alto Branco, Pedregal, Monte Castelo, Centenário, Jardim Paulistano, Tambor, Monte Santo, Centro, Serrotão, São José da Mata, Sandra Cavalcante, Bela Vista, Cidades, Velame, Palmeira, Dinamérica, Galante e Quarenta."
"21/07/2026";"05:46:28";2026;81;"Eleições Gerais 2026";"PB";"PB";"PARAÍBA";"PB009442026";"2026-05-25 17:10:49";"N";"10783981000144";"SETA INSTITUTO DE PESQUISA LTDA";"INSTITUTO SETA DE PESQUISA";"Governador, Senador, Deputado Federal, Deputado Estadual";"2026-05-25 00:00:00";"2026-05-27 00:00:00";"2026-05-31 00:00:00";1500;"8954";"Galttieri Ferreira Tavares";"20000,00";"Pesquisa com metodologia quantitativa, com a realização de entrevistas pessoais utilizando questionário estruturado junto a uma amostra representativa do eleitorado do estado de PB.";"A amostra será representativa dos eleitores das áreas pesquisadas e será selecionada em duas etapas. Na primeira etapa realiza-se um sorteio probabilístico das localidades onde as entrevistas serão realizadas através do método PPT (Probabilidade Proporcional ao Tamanho), considerando a população com 16 anos ou mais residente nas localidades como base para essa seleção. Na segunda etapa, a seleção do entrevistado dentro da localidade será feita utilizando-se quotas amostrais proporcionais, em função das seguintes variáveis: Gênero: Masculino (47.08%); Feminino (52.92%); ; Faixa etária: De 16 a 20 anos: (6.49%); Entre 21 e 24 anos: (7.32%); Entre 25 e 34 anos: (19.29%); Entre 35 e 44 anos: (20.00%); 45 a 59 anos: (24.98%); Com 60 anos ou mais: (21.92%); ; ESCOLARIDADE: De analfabeto até ensino fundamental completo (Contêm eleitores que apenas Lê e escrevem, Analfabetos e que cursaram Ensino Fundamental Incompleto e Completo): 46,85%; Ensino médio incompleto ou completo: 39,35%; Ensino superior incompleto ou completo: 13,80% ; RENDA DOMICILIAR MENSAL: Sem rendimento: (2,26%); Até 1 Salário Minimo: (76,38%); Mais de 1 a 2 salários mínimos: (13,18%); Mais de 2 a 5 salários mínimos: (6,28%); Mais de 5 a 10 salários mínimos: (1,49%); Mais de 10 salários mínimos: (0,41%). Está prevista eventual pós-estratificação da amostra para correção de estimativas e das distribuições das variáveis sexo, idade, renda e escolaridade, com base nos percentuais anteriormente mencionados, caso ocorram diferenças entre os percentuais previstos na amostra e a coleta de dados realizada. O nível de confiança estimado é de 95% (noventa e cinco por cento) para uma margem de erro estimada, considerando uma técnica de amostragem aleatória simples, de aproximadamente 2,5 pontos percentuais para mais ou para menos sobre os resultados obtidos. Fonte de Dados: TSE - Abril/2026 e dados do IBGE.";"As entrevistas serão realizadas por uma equipe de entrevistadores e supervisores devidamente qualificada pelo Instituto, com experiência e treinamento em pesquisas de opinião pública. No decorrer do trabalho de coleta de dados, os questionários aplicados, serão auditados em no mínimo 20% (vinte por cento) para verificação quanto ao cuidado na sua aplicação, bem como a adequação do entrevistado às variáveis das quotas amostrais.";"Dados relativos aos municípios e bairros abrangidos pela pesquisa. Na ausência de delimitação do bairro, será identificada a área em que foi realizada a pesquisa (conforme §7º do art. 2º da Resolução-TSE nº 23.600/2019). A partir do dia em que a pesquisa puder ser divulgada e até o dia seguinte, o registro deverá ser complementado, sob pena de ser a pesquisa considerada não registrada; na ausência de delimitação do bairro, será identificada a área em que foi realizada."
"21/07/2026";"05:46:28";2026;81;"Eleições Gerais 2026";"PB";"PB";"PARAÍBA";"PB003532026";"2026-06-18 21:30:37";"S";"51751580000190";"INSTITUTO RANKING DE PESQUISA LTDA";"INSTITUTO RANKING PESQUISA";"Governador, Senador, Deputado Federal, Deputado Estadual";"2026-06-19 00:00:00";"2026-06-20 00:00:00";"2026-06-24 00:00:00";783;"9741";"Isis Milane Batista de Lima";"6000,00";"Trata-se de uma pesquisa quantitativa, utilizando questionário estruturado (impresso) e padronizado por meio de entrevistas pessoais em domicílios, junto a uma amostra representativa do eleitorado em estudo, que teve como objetivo fornecer um panorama político e administrativo na cidade de JOÃO PESSOA/PB, para avaliação do cenário político, visando as eleições de 2026 e gerar informações de domínio público. O público alvo será composto por eleitores domiciliados no município de JOÃO PESSOA/PB, aptos para votar, conforme a legislação eleitoral, residentes nas zonas Urbana e Rural. A pesquisa será feita, com coleta de dados domiciliar e individual de uma amostra estratificada por sexo, faixa etária, nível de instrução e faixa de renda, conforme dados do TSE-Tribunal Superior Eleitoral - maio/2026; IBGE - Censo 2010/2022; IBGE - PNADc 2023; IBGE - PNADc trimestral 2-2024.";"O plano de amostragem utilizado é de amostragem aleatória simples e por conglomerado, em três etapas, em que serão coletados 783 formulários. Na primeira etapa os bairros são selecionados aleatoriamente, onde as entrevistas são realizadas por meio do método PPT (Probabilidade Proporcional ao Tamanho), tomando a população como base para tal seleção. Na segunda etapa, realiza-se um sorteio aleatório probabilístico dos setores censitários, onde as entrevistas são realizadas, pelo método PPT (Probabilidade Proporcional ao Tamanho), tomando a população de 16 anos ou mais residentes nos setores com base para tal seleção. Na sequência a escolha dos setores censitários (rua, domicílio/local pré-estabelecido e ponto amostral), os respondentes são selecionados por meio de quotas amostrais proporcionais em função das variáveis significativas sexo e idade, sendo 44,68% do eleitorado do sexo masculino, e 55,32% do sexo feminino; sobre as idades, sendo 0,19% de 16 anos, 0,44% de 17 anos, 4,31% de 18 a 20 anos, 7,15% de 21 a 24 anos, 19,29% de 25 a 34 anos, 21,67% de 35 a 44 anos, 25,93% de 45 a 59 anos, 12,06% de 60 a 69 anos, 6,64% de 70 a 79 anos e 2,33% superior a 79 anos; sobre o nível econômico, sendo 61,04% até 1 salário mínimo, 24,17% de mais de 1 a 3 salários mínimos e 14,79% acima de 3 salários mínimos e, sobre a escolaridade, sendo 1,68% de analfabeto, 3,86% lê e escreve, 4,84% com ensino fundamental completo, 16,20% com ensino fundamental incompleto, 30,36% com ensino médio completo, 14,47% com ensino médio incompleto, 18,52% com ensino superior completo e 10,08% com ensino superior incompleto. Está prevista eventual ponderação para correção das variáveis sexo, idade, nível econômico e grau de escolarização com base nos percentuais anteriormente mencionados, caso ocorram diferenças entre o previsto na amostra e a coleta de dados realizada. O nível de confiança estimado é de 95% e a margem de erro máxima estimada considerando um modelo de amostragem aleatório simples, é de 3,5 (três vírgula cinco) pontos percentuais para mais ou para menos sobre os resultados encontrados no total da amostra. FONTE DOS DADOS: TSE-Tribunal Superior Eleitoral - maio/2026; IBGE - Censo 2010/2022; IBGE - PNADc 2023; IBGE - PNADc trimestral 2-2024.";"Para a realização da pesquisa utiliza-se uma equipe de entrevistadores e coordenadores de campo devidamente treinado para o trabalho do INSTITUTO RANKING DE PESQUISA. As entrevistas são pessoais e domiciliares, feitas por meio de questionário estruturado, aplicando-se apenas um questionário por domicílio, respeitando as cotas pré-determinadas. Durante a realização dos trabalhos de campo, os entrevistadores são submetidos a uma fiscalização permanente por parte dos coordenadores de campo e são realizadas checagem de 20% da amostra para atestar a realização das entrevistas e a fidedignidade dos dados apurados, garantindo-se dessa forma, o grau de precisão dos estimadores, em função dos parâmetros previamente estabelecidos.";"Aeroclube, Água Fria, Altiplano, Bancários, Bessa, Brisamar, Cabo Branco, Castelo Branco, Centro, Cidade dos Colibris, Costa e Silva, Cristo Redentor, Cruz das Armas, Cuiá, Ernesto Geisel, Expedicionários, Funcionários II, Funcionários III, Gramame, Grotão, Ilha do Bispo, Indústrias, Jardim Cidade Universitária, Jardim Oceania, Jaguaribe, José Américo, Manaíra, Mandacaru, Mangabeira, Miramar, Muçumagro, Oitizeiro, Padre Zé, Paratibe, Pedro Gondim, Portal do Sol, Rangel, Roger, Tambaú, Torre, Valentina Figueiredo, Bairro dos Estados, Jardim Luna, Tambauzinho, Treze de Maio e Varadouro."
"21/07/2026";"05:46:28";2026;81;"Eleições Gerais 2026";"PB";"PB";"PARAÍBA";"PB068682026";"2026-06-20 19:03:05";"S";"62695016000113";"INSTITUTO DE PESQUISA DE GESTAO E POLITICA PARAIBANO LTDA";"INSTITUTO DE PESQUISA PODIUM";"Governador, Senador";"2026-06-19 00:00:00";"2026-06-20 00:00:00";"2026-06-26 00:00:00";583;"8.532";"Hildete Alves da Costa";"5830,00";"Pesquisa quantitativa, que consiste na realização de entrevistas, com a aplicação de questionário estruturado junto a uma amostra representativa do eleitorado referente aos municípios da Unidade da Federação. Assim como em sua parte conceitual a pesquisa realizada no município do Estado da Paraíba de Bananeiras, tende de esclarecer a tendência com relação à opinião eleitoral acerca dos candidatos, buscando identificar o perfil dos entrevistados, assim sendo foram analisados criteriosamente os fatores estatístico amostrais: idade, sexo, grau de instrução, faixa de renda bem como a situação da cidade onde fora executada a pesquisa, a fim de ter um planejamento eficiente e condizente como os recursos disponíveis. A amostragem será realizada pelo método PPT (Probabilidade Proporcional ao Tamanho), sendo a amostra total dividida em subamostras. Em cada subamostra será aplicada a amostragem aleatória simples, garantindo que todas as unidades da população tenham a mesma probabilidade de serem selecionadas. Esse procedimento garante que os indivíduos sejam escolhidos de forma totalmente aleatória, preservando a representatividade estatística e evitando vieses na seleção: 1- Todos os indivíduos da população têm a mesma probabilidade de ser escolhido para a amostra; e 2- Cada subconjunto possível de indivíduos (amostra) tem a mesma probabilidade de ser escolhido que qualquer outro subconjunto de indivíduos. Se quisermos sermos mais rigorosos poder-se-ia dizer que uma amostra aleatória simples é uma amostra de tamanho n desenhada a partir de uma população de tamanho N de tal maneira que cada amostra possível de tamanho n tem a mesma probabilidade de ser selecionada. A amostra será representativa dos eleitores das áreas pesquisadas e será selecionada em duas etapas. Na primeira etapa realiza-se um sorteio probabilístico das localidades onde as entrevistas serão realizadas através do método PPT (Probabilidade Proporcional ao Tamanho), considerando a população com 16 anos ou mais residente nas localidades como base para essa seleção. Na segunda etapa, a seleção do entrevistado dentro da localidade será feita utilizando-se quotas amostrais proporcionais.";"Desta forma, o tamanho da amostra utilizada para o município de Bananeiras foi de 583, onde fora calculado como base na população do município, através de amostragem aleatória simples, e através de entrevistas pessoais com eleitores com 16 anos ou mais, como nos indica o plano amostral a seguir: GÊNERO: homens 47,96% e mulheres 52,04%. FAIXA ETÁRIA: de 16 a 24 anos: 15,20%, 25 a 34 anos 18,97%, de 35 a 44 anos 19,16%, de 45 a 59 anos: 24,24% e de 60 a mais 22,45%. ESCOLARIDADE: Analfabeto 9%, lê e escreve 20,13%, Ensino fundamental incompleto 25,54%, Ensino fundamental completo 4,25%, Ensino médio incompleto 17,96%, Ensino médio completo 13,64%, Ensino superior incompleto 3,54%, e Ensino superior completo 5,92%. DE RENDA NOMINAL MENSAL: Sem Rendimento 4,21%, Até 1/4 SM 14,49%, Mais de 1/4 a ½ SM 13,87%, mais de ½ a 1 SM 40,72%, Mais 01 até 02 salários mínimos 13,52%, Mais de 02 a 03 salários mínimos: 3,35% Mais de 3 SM até 5 SM 5,86%, Mais de 05 a 10 SM  2,86% Mais de 10 a 15 SM  0,75%, Mais de 15 a 20 SM 0,37% e acima de 20 SM 0,0%. Está prevista eventual ponderação para correção das variáveis de controle, gênero, faixa etária, escolaridade e renda com base nos percentuais acima apresentados, caso ocorram diferenças superiores a 4,0 (quatro vírgulas zero) pontos percentuais entre o previsto na amostra e a coleta realizada. Fonte dos dados: TSE ¿ maio de 2026 para Gênero/Faixa Etária/Escolaridade e IBGE Censo 2022 para Nível Econômico. O nível de confiança estimado é de 95% (noventa e cinco por cento) para uma margem de erro estimada nos termos da resolução nº 23.600/2019 do TSE considerando uma técnica de amostragem aleatória simples, de aproximadamente 4% (quatro pontos percentuais para mais ou para menos) sobre os resultados obtidos.";"A organização e todos os dados foram coletados de forma transparente, respeitosa e precisa, seguindo rigorosamente os critérios estatísticos que garante a confiabilidade e facilidade de acesso a informações que busca e firmar sua opinião eleitoral acerca da temática. Para a realização da pesquisa, foi utilizada uma equipe de entrevistadores, um fiscal de campo e um supervisor devidamente treinado pela Empresa Instituto de Pesquisa de Gestão e Política Paraibano - IPGPP, com experiência em pesquisas de opinião pública. O trabalho de campo é acompanhado ininterruptamente por um supervisor que checa a visita nos bairros e áreas pré-definidas visando manter o equilíbrio e a qualidade da amostra conforme as ponderações especificadas. Após o trabalho de campo, os questionários são auditados, em no mínimo 20% (vinte por cento). No escritório da empresa, antes da tabulação dos dados, todos os questionários da amostra são analisados e conferidos criteriosamente, como também as planilhas de fiscalização adotadas no trabalho de campo. Houve filtragem em todos os questionários após a realização das entrevistas. Vale enfatizar que a pesquisa foi realizada entre 19 e 20 de junho do corrente ano, foram realizadas com pessoas entre as faixas etárias de 16 a 60 anos ou mais. Utilizou-se questionários elaborados de acordo com os objetivos da pesquisa.";"O campo ""Dados relativos aos municípios e bairros"" pode ser preenchido tanto no momento do cadastro da pesquisa como a partir do dia em que a pesquisa puder ser divulgada e até o dia seguinte, de acordo com a resolução nº 23.600/2019, do Tribunal Superior Eleitoral (TSE)."
"21/07/2026";"05:46:28";2026;81;"Eleições Gerais 2026";"PB";"PB";"PARAÍBA";"PB001552026";"2026-03-20 20:03:51";"N";"10956929000142";"ANOVA - INOVACAO E INTELIGENCIA EM PESQUISAS LTDA";"ANOVA INSTITUTO DE PESQUISA";"Governador, Senador";"2026-03-19 00:00:00";"2026-03-21 00:00:00";"2026-03-26 00:00:00";2000;"Conre 8179 5ª Região";"BRUNO AGRA FERREIRA";"20000,00";"Pesquisa quantitativa, através de entrevistas pessoais e domiciliares, com aplicação de questionários estruturados e padronizados junto a amostra representativa da população pesquisada. Utilizando meio eletrônico para coleta das entrevistas.";"Público pesquisado: eleitores do estado da Paraíba com 16 anos ou mais. II) Tipo de amostra: A amostra é representativa do eleitorado do estado da Paraíba, selecionadas em três estágios (Município/Bairro/Domicílio): No primeiro estágio fez-se um sorteio probabilísticos dos municípios pesquisados dentro de cada mesorregião, pelo método da probabilidade proporcional ao tamanho (PPT), tomando a população de cada município, como base para tal seleção. No segundo estágio, dentro dos municípios sorteados serão selecionados aleatoriamente bairros onde as entrevistas serão realizadas. No terceiro estágio, dentro dos bairros selecionados, os entrevistados serão selecionados através de cotas proporcionais de Sexo, Faixa Etária e Escolaridade de acordo com o perfil do eleitorado em estudo. Fonte de dados: TSE e TRE - PB, fevereiro de 2026 (https://sig.tse.jus.br/ords/dwapr/r/seai/sig-eleitor-eleitorado-mensal/home?p0_uf=PB&session=207348768228254) e IBGE 2022 (https://www.ibge.gov.br/estatisticas/sociais/populacao/22827-censo-demografico-2022.html?edicao=41852&t=resultados) para os dados da população. III) Tamanho da amostra: 2000 entrevistas. IV) Ponderação: sendo 53,0% do sexo feminino e 47,0% do sexo masculino, sobre as estimativas das faixas etárias, sendo 13,0% de 16 a 24 anos, 20,0% de 25 a 34 anos, 20,0% de 35 a 44 anos, 25,0% de 45 a 59 anos e 22,0% de 60 e mais anos. Já a ponderação das variáveis: Grau de Instrução: 20,0% do somatório de analfabetos/lê e escreve, 28,0% ensino fundamental (somatório de incompleto e completo), 38,0% ensino médio (somatório de incompleto e completo), 14,0% Superior (somatório de completo e incompleto) Fonte de dados: TSE, fevereiro de 2026 e Nível Econômico: 78,0% sem rendimentos/ até R$ 1.621,00, 17,0% de R$ 1.621,01 até R$ 4.863,00 e 5,0% acima de R$ 4.863,01 Fonte de dados IBGE 2022. Observação: Para o NÍVEL ECONÔMICO DO ENTREVISTADO (renda familiar mensal declarada pelo respondente), os dados tomados como referência são os do Censo Demográfico IBGE 2022 (módulo Trabalho e Rendimento, SIDRA Tabela 10296) (https://www.ibge.gov.br/busca.html?searchword=tabela%2010296&start=20), para essa variável será adotado o fator de ponderação igual a 1, correspondente aos resultados obtidos em campo, caso seja verificada diferença superior à margem de erro prevista no estudo entre a projeção da amostra baseada nos dados do IBGE 2022 e os dados efetivamente coletados. Para as variáveis de sexo, idade e grau de instrução, está previsto uma eventual ponderação, nos limites da margem de erro, para correção nos tamanhos das variáveis, caso ocorra uma diferença entre a previsão da amostra e a coleta dos dados realizados sobre a faixa de eleitores acima de 16 anos. V) Área física de realização da pesquisa: A amostra será feita sobre a cobertura geográfica do estado da Paraíba. VI) Intervalo de Confiança/Margem de Erro: O intervalo de confiança estimado é de 95,0% e a margem de erro máxima estimada é de 2,2 pontos percentuais para mais ou para menos sobre os resultados encontrados no total da amostra, não devendo considerar este Grau de Confiança e Margem de Erro para os resultados dentro de cada extrato e nem muito menos para os resultados gerados pelos cruzamentos de variáveis. Utilizando o cálculo amostral pela proporção [estimador = p e (1-p)]. Certificado Digital A1 SERIE: 6dc17e8d251d4913 EMISSOR: AC SAFEWEB RFB v5 Bruno Agra Ferreira CPF (02785658400).

";"Para a realização da pesquisa utiliza-se uma equipe de entrevistadores e coordenadores de campo devidamente treinados para o trabalho da INSTITUTO ANOVA. As entrevistas são pessoais e domiciliares, feitas por meio de questionário estruturado, aplicando-se apenas um questionário por domicílio, respeitando as cotas pré-determinadas. Durante a realização dos trabalhos de campo, os entrevistadores são submetidos a uma fiscalização permanente por parte dos coordenadores de campo e são realizadas checagem de 20% da amostra para atestar a realização das entrevistas e a fidedignidade dos dados apurados, garantindo-se dessa forma, o grau de precisão dos estimadores, em função dos parâmetros previamente estabelecidos.";"A amostra será feita sobre a cobertura geográfica representada por 04(quatro) mesorregiões (Mata Paraibana, Agreste Paraibano, Borborema e Sertão Paraibano), abrangendo 70 municípios (João Pessoa, Campina Grande, Santa Rita, Patos, Bayeux, Sousa, Cajazeiras, Guarabira, Cabedelo, Sapé, Mamanguape, Queimadas, Pombal, Monteiro, Esperança, São Bento, Catolé do Rocha, Alagoa Grande, Solânea, Pedras de Fogo, Areia, Lagoa Seca, Itabaiana, Rio Tinto, Itaporanga, Bananeiras, Mari, Cuité, Conde, Aroeiras, São José de Piranhas, Conceição, Picuí, Caaporã, São João do Rio do Peixe, Santa Luzia, Alhandra, Serra Branca, Teixeira, Alagoa Nova, Bonito de Santa Fé, Ingá, Remígio, Aparecida, Boqueirão, Juazeirinho, Sumé, Taperoá, Caturité, Princesa Isabel, Coremas, Uiraúna, Tavares, Brejo do Cruz, Juru, Imaculada, Jericó, Piancó, Condado, Cabaceiras, Paulista, Araruna, Ibiara, Itapororoca, Marcação, Cacimba de Dentro, Barra de Santa Rosa, Soledade, São Sebastião de Lagoa de Roça e São João do Cariri), com partilha proporcional sobre o potencial populacional de cada uma das áreas. Bairros de João Pessoa: Industrias, Funcionários, João Paulo II, Gramame, José Américo, Ernesto Geisel, Cristo Redentor, Varjão, Jardim Cidade Universitária, Bancários, Mangabeira, Valentina, Paratibe, Tambaú, Manaíra, Jardim Oceania, Bessa, Aeroclube, Alto do Céu, Mandacaru, Ipês, Roger, Torre, Castelo Branco, Miramar, Cruz das Armas, Oitizeiro, Jaguaribe, Alto do Mateus, Jardim Veneza, Costa e Silva, Ernani Sátiro, Grotão, Cuiá, Muçumago, Planalto da Boa Esperança, Tambauzinho, Expedicionários, Estados, Costa do Sol, Altiplano Cabo Branco, Cabo Branco, São José, Mumbaba, Treze de Maio, Padre Zé, Trincheiras, Tambiá, Ilha do Bispo e Água Fria. Bairros de Campina Grande: Malvinas, Catolé, José Pinheiro, Liberdade, Cruzeiro, Bodocongó, Três Irmãs, Santa Rosa, Jeremias, Santa Cruz, Nova Brasília, Acácio Figueiredo, Alto Branco, Pedregal, Monte Castelo, Centenário, Jardim Paulistano, Tambor, Monte Santo, Centro, Serrotão, São José da Mata, Sandra Cavalcante, Bela Vista, Cidades, Velame, Palmeira, Dinamérica, Galante e Quarenta.

"
"21/07/2026";"05:46:28";2026;81;"Eleições Gerais 2026";"PB";"PB";"PARAÍBA";"PB066422026";"2026-03-09 22:12:59";"S";"62695016000113";"INSTITUTO DE PESQUISA DE GESTAO E POLITICA PARAIBANO LTDA";"INSTITUTO DE PESQUISA PODIUM";"Governador, Senador, Deputado Federal, Deputado Estadual";"2026-03-08 00:00:00";"2026-03-08 00:00:00";"2026-03-15 00:00:00";224;"8.532";"Hildete Alves da Costa";"1655,00";"Pesquisa quantitativa, que consiste na realização de entrevistas, com a aplicação de questionário estruturado junto a uma amostra representativa do eleitorado referente aos municípios da unidade da federação. Assim como em sua parte conceitual, a pesquisa foi realizada no município de Mamanguape, do estado da Paraíba, tende de esclarecer a tendência com relação à opinião eleitoral acerca dos candidatos, buscando identificar o perfil dos entrevistados, assim sendo foram analisados criteriosamente os fatores estatístico-amostrais: idade, sexo, grau de instrução, faixa de renda, bem como a situação da cidade onde fora executada a pesquisa, a fim de ter um planejamento eficiente e condizente com os recursos disponíveis. Amostragem aleatória simples, método PPT (Probabilidade Proporcional ao Tamanho), consiste em uma amostragem onde um conjunto de indivíduos podem ser selecionados totalmente ao acaso a partir de um conjunto maior (a população) por um processo que garanta: 1- Todos os indivíduos da população têm a mesma probabilidade de ser escolhido para a amostra; e 2- Cada subconjunto possível de indivíduos (amostra) tem a mesma probabilidade de ser escolhido que qualquer outro subconjunto de indivíduos. Se quisermos sermos mais rigorosos poder-se-ia dizer que uma amostra aleatória simples é uma amostra de tamanho n desenhada a partir de uma população de tamanho N de tal maneira que cada amostra possível de tamanho n tem a mesma probabilidade de ser selecionada. A amostra será representativa dos eleitores das áreas pesquisadas e será selecionada em duas etapas. Na primeira etapa realiza-se um sorteio probabilístico das localidades onde as entrevistas serão realizadas através do método PPT (Probabilidade Proporcional ao Tamanho), considerando a população com 16 anos ou mais residente nas localidades como base para essa seleção. Na segunda etapa, a seleção do entrevistado dentro da localidade será feita utilizando-se quotas amostrais proporcionais.";"Desta forma, o tamanho da amostra utilizada para o município de Mamanguape foi de 224, onde fora calculado como base na população do município, através de amostragem aleatória simples e de entrevistas pessoais com eleitores com 16 anos ou mais, como nos indica o plano amostral a seguir: GÊNERO: homens (47,11%) e mulheres (52,89%); FAIXA ETÁRIA: de 16 a 24 anos (14,13%), de 25 a 34 anos (20,74%), de 35 a 44 anos (20,43%), de 45 a 59 anos (24,77%) e de 60 anos a mais (19,93%); ESCOLARIDADE: Analfabeto (14,8%), lê e escreve (16,14%), ensino fundamental incompleto (22,22%), ensino fundamental completo (3,66%), ensino médio incompleto (17,48%), ensino médio completo (17,6%), ensino superior incompleto (3,69%) e ensino superior completo (4,41%); RENDA NOMINAL MENSAL: sem rendimento (0,70%), até ½ salário-mínimo (19,22%), mais de ½ a 1 salário-mínimo (48,71%), mais 1 até 2 salários-mínimos (20,33%), mais de 2 a 5 salários-mínimos (9,65%), mais de 5 salários-mínimos até 10 salários-mínimos (1,3%), mais de 10 a 20 salários-mínimos (0,08%) e acima de 20 salários-mínimos (0%). Está prevista eventual ponderação para correção das variáveis gênero e faixa etária, com base nos percentuais acima apresentados, caso ocorram diferenças superiores a 4,0 (quatro vírgula zero) pontos percentuais entre o previsto na amostra e a coleta realizada, para as variáveis escolaridade e renda domiciliar mensal, o fator de ponderação é igual a 1 (resultados obtidos no campo). Fonte dos dados: TSE ¿ janeiro de 2026 para faixa etária/escolaridade e IBGE Censo 2022 para nível econômico. O nível de confiança estimado é de 95% (noventa e cinco por cento) para uma margem de erro estimada, considerando uma técnica de amostragem aleatória simples, de aproximadamente 6,5% (seis vírgula cinco pontos percentuais) para mais ou para menos sobre os resultados obtidos.";"A organização e todos os dados foram coletados de forma transparente, respeitosa e precisa, seguindo rigorosamente os critérios estatísticos que garante a confiabilidade e facilidade de acesso a informações que busca e firmar sua opinião eleitoral acerca da temática. Para a realização da pesquisa, foi utilizada uma equipe de entrevistadores, um fiscal de campo e um supervisor devidamente treinado pelo Instituto de Pesquisa de Gestão e Política Paraibano (IPGPP), com experiência em pesquisas de opinião pública. O trabalho de campo é acompanhado ininterruptamente por um supervisor que checa a visita nos bairros e áreas pré-definidas visando manter o equilíbrio e a qualidade da amostra conforme as ponderações especificadas. Após o trabalho de campo, os questionários são auditados, em, no mínimo, 20% (vinte por cento). No escritório da empresa, antes da tabulação dos dados, todos os questionários da amostra são analisados e conferidos criteriosamente, como também as planilhas de fiscalização adotadas no trabalho de campo. Houve filtragem em todos os questionários após a realização das entrevistas. Vale enfatizar que a pesquisa foi realizada em 8 de março do corrente ano, foram realizadas com pessoas entre as faixas etárias de 16 a 60 anos ou mais. Utilizou-se questionários elaborados de acordo com os objetivos da pesquisa.";"Foram realizadas 224 entrevistas no município de Mamanguape, contemplando tanto a zona urbana quanto a zona rural."
"21/07/2026";"05:46:28";2026;81;"Eleições Gerais 2026";"PB";"PB";"PARAÍBA";"PB031582026";"2026-02-27 23:10:38";"S";"10783981000144";"SETA INSTITUTO DE PESQUISA LTDA";"INSTITUTO SETA DE PESQUISA";"Governador, Senador, Deputado Federal, Deputado Estadual";"2026-02-26 00:00:00";"2026-02-28 00:00:00";"2026-03-05 00:00:00";1500;"8954";"Galttieri Ferreira Tavares";"15000,00";"Pesquisa com metodologia quantitativa, com a realização de entrevistas pessoais utilizando questionário estruturado junto a uma amostra representativa do eleitorado da Paraiba.";"A amostra será representativa dos eleitores das áreas pesquisadas e será selecionada em duas etapas. Na primeira etapa realiza-se um sorteio probabilístico das localidades onde as entrevistas serão realizadas através do método PPT (Probabilidade Proporcional ao Tamanho), considerando a população com 16 anos ou mais residente nas localidades como base para essa seleção. Na segunda etapa, a seleção do entrevistado dentro da localidade será feita utilizando-se quotas amostrais proporcionais, em função das seguintes variáveis: Gênero: Masculino (47.1%); Feminino (52.9%); ; Faixa etária: De 16 a 20 anos: (5.9%); Entre 21 e 24 anos: (7.4%); Entre 25 e 34 anos: (19.5%); Entre 35 e 44 anos: (20.2%); 45 a 59 anos: (25.1%); Com 60 anos ou mais: (21.8%); ; ESCOLARIDADE: De analfabeto até ensino fundamental completo (Contêm eleitores que apenas Lê e escrevem, Analfabetos e que cursaram Ensino Fundamental Incompleto e Completo): 47,4%; Ensino médio incompleto ou completo: 38,8%; Ensino superior incompleto ou completo: 13,8% ; RENDA DOMICILIAR MENSAL: Sem rendimento: (2,26%); Até 1 Salário Minimo: (76,38%); Mais de 1 a 2 salários mínimos: (13,18%); Mais de 2 a 5 salários mínimos: (6,28%); Mais de 5 a 10 salários mínimos: (1,49%); Mais de 10 salários mínimos: (0,41%). . Está prevista eventual ponderação para correção das variáveis gênero e faixa etária, com base nos percentuais acima apresentados, caso ocorram diferenças superiores a 4,5 (quatro vírgula cinco) pontos percentuais entre o previsto na amostra e a coleta realizada, para as variáveis escolaridade e renda domiciliar mensal, o fator de ponderação é igual a 1 (resultados obtidos no campo). O nível de confiança estimado é de 95% (noventa e cinco por cento) para uma margem de erro estimada, considerando uma técnica de amostragem aleatória simples, de aproximadamente 2,5 pontos percentuais para mais ou para menos sobre os resultados obtidos. Fonte de Dados: TSE - Janeiro/2026 e dados do IBGE.
";"As entrevistas serão realizadas por uma equipe de entrevistadores e supervisores devidamente qualificada pelo Instituto, com experiência e treinamento em pesquisas de opinião pública. No decorrer do trabalho de coleta de dados, os questionários aplicados, serão auditados em no mínimo 20% (vinte por cento) para verificação quanto ao cuidado na sua aplicação, bem como a adequação do entrevistado às variáveis das quotas amostrais.
";"Na ausência de delimitação do bairro, será identificada a área em que foi realizada a pesquisa (conforme §7º do art. 2º da Resolução-TSE nº 23.600/2019). A partir do dia em que a pesquisa puder ser divulgada e até o dia seguinte, o registro deverá ser complementado, sob pena de ser a pesquisa considerada não registrada; na ausência de delimitação do bairro, será identificada a área em que foi realizada."
"21/07/2026";"05:46:28";2026;81;"Eleições Gerais 2026";"PB";"PB";"PARAÍBA";"PB023572026";"2026-07-03 17:47:04";"N";"33030852000180";"GRUPO DE PESQUISA SAO JUDAS TADEU LTDA";"TDL PESQUISA";"Governador, Senador";"2026-07-04 00:00:00";"2026-07-07 00:00:00";"2026-07-09 00:00:00";1200;"10933";"HIAGO JOSE ANDRADE DE ALBUQUERQUE MARTINS";"30000,00";"Pesquisa quantitativa, que consiste na realização de entrevistas presenciais, com a aplicação de questionário estruturado junto a uma amostra representativa do eleitorado em estudo.";"Representativo do eleitorado da área em estudo, elaborada em três estágios. No primeiro estágio as localidades foram selecionadas probabilisticamente, através do método PPT (Probabilidade Proporcional ao Tamanho) sistemático, com base na população das mesmas. No segundo estágio são selecionados os conglomerados: municípios com PPT sistemático. A medida de tamanho é a população de 16 anos ou mais residente nos municípios. Finalmente, no terceiro estágio, a seleção da amostra foi feita em duas etapas: A primeira consiste na seleção sistemática de residências. Na segunda etapa os respondentes são selecionados através de quotas amostrais proporcionais em função de variáveis significativas, a saber: SEXO: Masculino: 47,1%, Feminino: 52,9%, IDADE: 16-24 anos: 14,1%; 25-34 anos: 19,2%; 35-44 anos: 19,9%; 45-59 anos: 24,9%; 60-69 anos: 11,6% e 70 anos ou mais: 10,4%. GRAU DE INSTRUÇÃO: ANALFABETO/LÊ E ESCREVE: 18,9%; FUNDAMENTAL INCOMPLETO/COMPLETO: 27,6%; MÉDIO INCOMPLETO/COMPLETO: 39,8%; SUPERIOR INCOMPLETO/COMPLETO: 13,8%; NIVEL ECONÔMICO: Renda pessoal mensal até 1 salário-mínimo: 71,2%; de 1 a 3 salários-mínimos: 22,5%; De 3 a 5 salários-mínimos: 3,8%; de 5 a 10 salários-mínimos: 2,0%; Mais de 10 salários-mínimos: 0,5%. OBS.: devido ao arredondamento, a soma dos percentuais pode variar de 99,9% a 100,1%. O erro máximo é de 2,8 pontos percentuais para mais ou menos em cada percentual, considerando um intervalo de confiança de 95%. Está prevista eventual ponderação para correção das variáveis sexo e idade, com base nos percentuais anteriormente mencionados, caso ocorram diferenças superiores a 2,8 pontos percentuais entre o previsto na amostra e a coleta de dados realizada. Para as variáveis de grau de instrução e nível econômico do entrevistado, o fator previsto para ponderação é 1 (resultados obtidos em campo).

FONTE DOS DADOS: PNADc 2025 - Visita 1 para nível econômico | TSE Junho/2026 para sexo, faixa etária e escolaridade.";"Com o objetivo de assegurar a integridade, consistência e confiabilidade das informações coletadas, serão implementados procedimentos sistemáticos de auditoria sobre o processo de campo. Inicialmente, todos os questionários serão submetidos a filtragem integral após a finalização das entrevistas, visando identificar inconsistências, padrões atípicos e eventuais não conformidades metodológicas. Adicionalmente, será realizada verificação amostral correspondente a, no mínimo, 20% do total de entrevistas concluídas. Essa etapa terá como finalidade validar a execução dos protocolos estabelecidos, confirmando a veracidade dos registros e a aderência às diretrizes operacionais previstas.";"O anexo do arquivo com as localidades será realizado até o dia seguinte da divulgação conforme indicado no §7º. do art. 2º. da Resolução-TSE nº. 23.600/2019."
"21/07/2026";"05:46:28";2026;81;"Eleições Gerais 2026";"PB";"PB";"PARAÍBA";"PB055002026";"2026-02-19 17:28:09";"N";"51751580000190";"INSTITUTO RANKING DE PESQUISA LTDA";"INSTITUTO RANKING PESQUISA";"Governador, Senador, Deputado Federal, Deputado Estadual";"2026-02-20 00:00:00";"2026-02-22 00:00:00";"2026-02-25 00:00:00";2000;"9741";"Isis Milane Batista de Lima";"25000,00";"Trata-se de uma pesquisa quantitativa, utilizando questionário estruturado (impresso) e padronizado por meio de entrevistas pessoais em domicílios, junto a uma amostra representativa do eleitorado em estudo, que teve como objetivo fornecer um panorama político e administrativo do estado da PARAÍBA, com ênfase na grande João Pessoa, para avaliação do cenário político, visando as eleições de 2026 e gerar informações de domínio público. O público alvo será composto por eleitores domiciliados no estado da PARAÍBA, nos municípios de João Pessoa, Bayeux, Santa Rita e Cabedelo, aptos para votar, conforme a legislação eleitoral, residentes nas zonas Urbana e Rural. A pesquisa será feita, com coleta de dados domiciliar e individual de uma amostra estratificada por sexo, faixa etária, nível de instrução e faixa de renda, conforme dados do TSE-Tribunal Superior Eleitoral - janeiro/2026; IBGE - Censo 2010/2022; IBGE - PNADc 2023; IBGE - PNADc trimestral 2- 2024.";"O plano de amostragem utilizado é de amostragem aleatória simples e por conglomerado, em três etapas, em que serão coletados 2.000 formulários. Na primeira etapa as localidades são selecionadas aleatoriamente nos municípios de João Pessoa, Bayeux, Santa Rita e Cabedelo ? Grande João Pessoa , onde as entrevistas são realizadas por meio do método PPT (Probabilidade Proporcional ao Tamanho), tomando a população como base para tal seleção. Na segunda etapa, realiza-se um sorteio aleatório probabilístico dos setores censitários, onde as entrevistas são realizadas, pelo método PPT (Probabilidade Proporcional ao Tamanho), tomando a população de 16 anos ou mais residentes nos setores com base para tal seleção. Na sequência a escolha dos setores censitários (rua, domicílio/local pré-estabelecido e ponto amostral), os respondentes são selecionados por meio de quotas amostrais proporcionais em função das variáveis significativas sexo e idade, sendo 47,06% do eleitorado do sexo masculino, e 52,94% do sexo feminino; sobre as idades, sendo 1,12% de 16 anos, 1,42% de 17 anos, 2,06% de 18 anos, 2,20% de 19 anos , 2,25% de 20 anos, 5,13% de 21 a 24 anos, 6,53% de 25 a 29 anos, 7,84% de 30 a 34 anos, 9,23% de 35 a 39 anos, 9,55% de 40 a 44 anos, 9,18% de 45 a 49 anos, 8,64% de 50 a 54 anos, 8,52% de 55 a 59 anos, 26,34% com 60 anos ou mais; sobre o nível econômico, sendo 58,23% até 1 salário mínimo, 27,55% de mais de 1 a 3 salários mínimos e 14,22% acima de 3 salários mínimos e, sobre a escolaridade, sendo 6,66% de analfabeto, 13,50% lê e escreve, 4,62% com ensino fundamental completo, 23,74% com ensino fundamental incompleto, 22,46% com ensino médio completo, 14,97% com ensino médio incompleto, 8,72% com ensino superior completo e 5,34% com ensino superior incompleto. Em relação ao nível econômico do entrevistado, foram estimados por dados do IBGE, com fator previsto de ponderação 1 (resultados obtidos em campo). Está prevista eventual ponderação para correção das variáveis sexo, idade e grau de escolarização com base nos percentuais anteriormente mencionados, caso ocorram diferenças entre o previsto na amostra e a coleta de dados realizada. O nível de confiança estimado é de 95% e a margem de erro máxima estimada considerando um modelo de amostragem aleatório simples, é de 2,19 (dois vírgula dezenove) pontos percentuais para mais ou para menos sobre os resultados encontrados no total da amostra. FONTE DOS DADOS: TSE-Tribunal Superior Eleitoral - janeiro/2026; IBGE - Censo 2010/2022; IBGE - PNADc 2023; IBGE - PNADc trimestral 2-2024. ";"Para a realização da pesquisa utiliza-se uma equipe de entrevistadores e coordenadores de campo devidamente treinado para o trabalho do INSTITUTO RANKING DE PESQUISA. As entrevistas são pessoais e domiciliares, feitas por meio de questionário estruturado, aplicando-se apenas um questionário por domicílio, respeitando as cotas pré- determinadas. Durante a realização dos trabalhos de campo, os entrevistadores são submetidos a uma fiscalização permanente por parte dos coordenadores de campo e são realizadas checagem de 20% da amostra para atestar a realização das entrevistas e a fidedignidade dos dados apurados, garantindo-se dessa forma, o grau de precisão dos estimadores, em função dos parâmetros previamente estabelecidos.";"JOÃO PESSOA, BAYEUX, SANTA RITA E CABEDELO."
"21/07/2026";"05:46:28";2026;81;"Eleições Gerais 2026";"PB";"PB";"PARAÍBA";"PB039802026";"2026-03-25 18:31:37";"S";"10783981000144";"SETA INSTITUTO DE PESQUISA LTDA";"INSTITUTO SETA DE PESQUISA";"Governador, Senador, Deputado Federal, Deputado Estadual";"2026-03-26 00:00:00";"2026-03-28 00:00:00";"2026-03-31 00:00:00";1500;"8954";"Galttieri Ferreira Tavares";"15000,00";"Pesquisa com metodologia quantitativa, com a realização de entrevistas pessoais utilizando questionário estruturado junto a uma amostra representativa do eleitorado da Paraíba.
";"A amostra será representativa dos eleitores das áreas pesquisadas e será selecionada em duas etapas. Na primeira etapa realiza-se um sorteio probabilístico das localidades onde as entrevistas serão realizadas através do método PPT (Probabilidade Proporcional ao Tamanho), considerando a população com 16 anos ou mais residente nas localidades como base para essa seleção. Na segunda etapa, a seleção do entrevistado dentro da localidade será feita utilizando-se quotas amostrais proporcionais, em função das seguintes variáveis: Gênero: Masculino (47.1%); Feminino (52.9%); ; Faixa etária: De 16 a 20 anos: (5.9%); Entre 21 e 24 anos: (7.4%); Entre 25 e 34 anos: (19.5%); Entre 35 e 44 anos: (20.2%); 45 a 59 anos: (25.1%); Com 60 anos ou mais: (21.8%); ; ESCOLARIDADE: De analfabeto até ensino fundamental completo (Contêm eleitores que apenas Lê e escrevem, Analfabetos e que cursaram Ensino Fundamental Incompleto e Completo): 47,3%; Ensino médio incompleto ou completo: 38,9%; Ensino superior incompleto ou completo: 13,8% ; RENDA DOMICILIAR MENSAL: Sem rendimento: (2,26%); Até 1 Salário Minimo: (76,38%); Mais de 1 a 2 salários mínimos: (13,18%); Mais de 2 a 5 salários mínimos: (6,28%); Mais de 5 a 10 salários mínimos: (1,49%); Mais de 10 salários mínimos: (0,41%). . Está prevista eventual ponderação para correção das variáveis gênero e faixa etária, com base nos percentuais acima apresentados, caso ocorram diferenças superiores a 4,5 (quatro vírgula cinco) pontos percentuais entre o previsto na amostra e a coleta realizada, para as variáveis escolaridade e renda domiciliar mensal, o fator de ponderação é igual a 1 (resultados obtidos no campo). O nível de confiança estimado é de 95% (noventa e cinco por cento) para uma margem de erro estimada, considerando uma técnica de amostragem aleatória simples, de aproximadamente 2,5 pontos percentuais para mais ou para menos sobre os resultados obtidos. Fonte de Dados: TSE - Fevereiro/2026 e dados do IBGE.
";"As entrevistas serão realizadas por uma equipe de entrevistadores e supervisores devidamente qualificada pelo Instituto, com experiência e treinamento em pesquisas de opinião pública. No decorrer do trabalho de coleta de dados, os questionários aplicados, serão auditados em no mínimo 20% (vinte por cento) para verificação quanto ao cuidado na sua aplicação, bem como a adequação do entrevistado às variáveis das quotas amostrais.
";"Na ausência de delimitação do bairro, será identificada a área em que foi realizada a pesquisa (conforme §7º do art. 2º da Resolução-TSE nº 23.600/2019). A partir do dia em que a pesquisa puder ser divulgada e até o dia seguinte, o registro deverá ser complementado, sob pena de ser a pesquisa considerada não registrada; na ausência de delimitação do bairro, será identificada a área em que foi realizada.
"
"21/07/2026";"05:46:28";2026;81;"Eleições Gerais 2026";"PB";"PB";"PARAÍBA";"PB042842026";"2026-07-08 23:34:38";"S";"51751580000190";"INSTITUTO RANKING DE PESQUISA LTDA";"INSTITUTO RANKING PESQUISA";"Governador, Senador, Deputado Federal, Deputado Estadual";"2026-07-09 00:00:00";"2026-07-11 00:00:00";"2026-07-14 00:00:00";2000;"9741";"Isis Milane Batista de Lima";"15000,00";"A metodologia da pesquisa será quantitativa, utilizando questionário estruturado e padronizado, aplicado por meio de entrevistas pessoais domiciliares junto a uma amostra representativa do eleitorado em estudo. O objetivo da pesquisa é fornecer um panorama político e administrativo do Estado da Paraíba, permitindo a avaliação do cenário político com vistas às eleições de 2026, além de gerar informações de domínio público. O público-alvo será composto por eleitores domiciliados no Estado da Paraíba, aptos ao exercício do voto conforme a legislação eleitoral vigente, residentes nas zonas urbana e rural. A coleta de dados será realizada de forma domiciliar e individual, mediante amostra estratificada por sexo, faixa etária, nível de instrução e faixa de renda, observando os parâmetros estatísticos e demográficos estabelecidos a partir das seguintes bases oficiais: Tribunal Superior Eleitoral (TSE) ¿ junho de 2026; Instituto Brasileiro de Geografia e Estatística (IBGE) ¿ Censo Demográfico 2010/2022; PNAD Contínua 2023; e PNAD Contínua Trimestral ¿ 2º trimestre de 2024.";"O plano de amostragem utilizado é de amostragem aleatória simples e por conglomerado, em três etapas, em que serão coletados 2.000 formulários. Na primeira etapa os municípios são selecionados aleatoriamente, onde as entrevistas são realizadas por meio do método PPT (Probabilidade Proporcional ao Tamanho), tomando a população como base para tal seleção. Na segunda etapa, realiza-se um sorteio aleatório probabilístico dos setores censitários, onde as entrevistas são realizadas, pelo método PPT (Probabilidade Proporcional ao Tamanho), tomando a população de 16 anos ou mais residentes nos setores com base para tal seleção. Na sequência a escolha dos setores censitários (rua, domicílio/local pré-estabelecido e ponto amostral), os respondentes são selecionados por meio de quotas amostrais proporcionais em função das variáveis significativas sexo e idade, sendo 47,06% do eleitorado do sexo masculino, e 52,94% do sexo feminino; sobre as idades, sendo 1,12% de 16 anos, 1,42% de 17 anos, 2,06% de 18 anos, 2,20% de 19 anos , 2,25% de 20 anos, 5,13% de 21 a 24 anos, 6,53% de 25 a 29 anos, 7,84% de 30 a 34 anos, 9,23% de 35 a 39 anos, 9,55% de 40 a 44 anos, 9,18% de 45 a 49 anos, 8,64% de 50 a 54 anos, 8,52% de 55 a 59 anos, 26,34% com 60 anos ou mais; sobre o nível econômico, sendo 58,23% até 1 salário mínimo, 27,55% de mais de 1 a 3 salários mínimos e 14,22% acima de 3 salários mínimos e, sobre a escolaridade, sendo 6,66% de analfabeto, 13,50% lê e escreve, 4,62% com ensino fundamental completo, 23,74% com ensino fundamental incompleto, 22,46% com ensino médio completo, 14,97% com ensino médio incompleto, 8,72% com ensino superior completo e 5,34% com ensino superior incompleto. Em relação ao nível econômico do entrevistado, foram estimados por dados do IBGE, com fator previsto de ponderação 1 (resultados obtidos em campo). Está prevista eventual ponderação para correção das variáveis sexo, idade e grau de escolarização com base nos percentuais anteriormente mencionados, caso ocorram diferenças entre o previsto na amostra e a coleta de dados realizada. O nível de confiança estimado é de 95% e a margem de erro máxima estimada considerando um modelo de amostragem aleatório simples, é de 2,2% (dois virgula dois) pontos percentuais para mais ou para menos sobre os resultados encontrados no total da amostra. FONTE DOS DADOS: TSE-Tribunal Superior Eleitoral ¿ junho/2026; IBGE - Censo 2010/2022; IBGE - PNADc 2023; IBGE - PNADc trimestral 2-2024.";"Para a realização da pesquisa utiliza-se uma equipe de entrevistadores e coordenadores de campo devidamente treinado para o trabalho do INSTITUTO RANKING DE PESQUISA. As entrevistas são pessoais e domiciliares, feitas por meio de questionário estruturado, aplicando-se apenas um questionário por domicílio, respeitando as cotas pré- determinadas. Durante a realização dos trabalhos de campo, os entrevistadores são submetidos a uma fiscalização permanente por parte dos coordenadores de campo e são realizadas checagem de 20% da amostra para atestar a realização das entrevistas e a fidedignidade dos dados apurados, garantindo-se dessa forma, o grau de precisão dos estimadores, em função dos parâmetros previamente estabelecidos.";"João Pessoa, Campina Grande, Santa Rita, Patos, Bayeux, Cabedelo, Sousa, Cajazeiras, Guarabira, Sapé, Mamanguape, Esperança, Itaporanga, Monteiro, Pombal, Catolé do Rocha, Princesa Isabel, Conceição, Queimadas, Alagoa Grande, Alhandra, Caaporã, Conde, Pedras de Fogo, Rio Tinto, Lucena, Cruz do Espírito Santo, Mari, Juripiranga, Pilar, Ingá, Itabaiana, Areia, Bananeiras, Solânea, Arara, Cuité, Picuí, Nova Floresta, Barra de Santa Rosa, Remígio, Lagoa Seca, Fagundes, Boqueirão, Aroeiras, Serra Branca, Sumé, Taperoá, Livramento, São João do Cariri, São Bento, Brejo do Cruz, Paulista, Coremas, Piancó, Santana dos Garrotes, Teixeira, Água Branca, Imaculada, Tavares, São José de Piranhas, Uiraúna, Bonito de Santa Fé, Triunfo, São João do Rio do Peixe, Belém, Alagoinha, Araçagi, Pirpirituba, Serraria, Mulungu, Jacaraú, Mataraca, Baía da Traição, Cacimba de Dentro, Araruna, Pocinhos, Soledade, Juazeirinho, Massaranduba e Riacho dos Cavalos."
"21/07/2026";"05:46:28";2026;81;"Eleições Gerais 2026";"PB";"PB";"PARAÍBA";"PB041852026";"2026-05-16 22:11:09";"S";"62695016000113";"INSTITUTO DE PESQUISA DE GESTAO E POLITICA PARAIBANO LTDA";"INSTITUTO DE PESQUISA PODIUM";"Governador, Senador, Deputado Federal, Deputado Estadual";"2026-05-15 00:00:00";"2026-05-18 00:00:00";"2026-05-22 00:00:00";940;"8.532";"Hildete Alves da Costa";"9400,00";"Pesquisa quantitativa, que consiste na realização de entrevistas, com a aplicação de questionário estruturado junto a uma amostra representativa do eleitorado referente aos municípios da Unidade da Federação. Assim como em sua parte conceitual a pesquisa realizada no município do Estado da Paraíba de Guarabira,  tende de esclarecer a tendência com relação à opinião eleitoral a cercada dos candidatos, buscando identificar o perfil dos entrevistados, assim sendo foram analisados criteriosamente os fatores estatístico amostrais: idade, sexo, grau de instrução, faixa de renda bem como a situação da cidade onde fora executada a pesquisa, a fim de ter um planejamento eficiente e condizente como os recursos disponível. A amostragem será realizada pelo método PPT (Probabilidade Proporcional ao Tamanho), sendo a amostra total dividida em subamostras. Em cada subamostra será aplicada a amostragem aleatória simples, garantindo que todas as unidades da população tenham a mesma probabilidade de serem selecionadas. Esse procedimento garante que os indivíduos sejam escolhidos de forma totalmente aleatória, preservando a representatividade estatística e evitando vieses na seleção: 1- Todos os indivíduos da população têm a mesma probabilidade de ser escolhido para a amostra; e 2- Cada subconjunto possível de indivíduos (amostra) tem a mesma probabilidade de ser escolhido que qualquer outro subconjunto de indivíduos. Se quisermos sermos mais rigorosos poder-se-ia dizer que uma amostra aleatória simples é uma amostra de tamanho n desenhada a partir de uma população de tamanho N de tal maneira que cada amostra possível de tamanho n tem a mesma probabilidade de ser selecionada. A amostra será representativa dos eleitores das áreas pesquisadas e será selecionada em duas etapas. Na primeira etapa realiza-se um sorteio probabilístico das localidades onde as entrevistas serão realizadas através do método PPT (Probabilidade Proporcional ao Tamanho), considerando a população com 16 anos ou mais residente nas localidades como base para essa seleção. Na segunda etapa, a seleção do entrevistado dentro da localidade será feita utilizando-se quotas amostrais proporcionais.";"Desta forma, o tamanho da amostra utilizada para o município de Guarabira foi de 940, onde fora calculado como base na população do município, através de amostragem aleatória simples, e através de entrevistas pessoais com eleitores com 16 anos ou mais, como nos indica o plano amostral a seguir: GÊNERO: homens 45,80 % e mulheres 54,20%. FAIXA ETÁRIA: de 16 a 24 anos: 13,27%, de 25 a 34 anos: 18,99%, de 35 a 44 anos 19,80%, de 45 a 59 anos: 25,59% e de 60 a mais 22,34%. ESCOLARIDADE: Analfabeto, 6,16%, lê e escreve 12,99%, Ensino fundamental incompleto 20,40%, Ensino fundamental completo 3,94%, Ensino médio incompleto 16,27%, Ensino médio completo 26,13%, Ensino superior incompleto 5,74% e Ensino superior completo 8,37%. DE RENDA NOMINAL MENSAL: Sem Rendimento 1,73%, Até 1/4 SM 6,54%, Mais de 1/4 a ½ SM 10,28%, mais de ½ a 1 SM 41,20%, Mais 01 até 02 salários mínimos 21,34%, Mais de 02 a 03 salários mínimos: 8,13% Mais de 3 SM até 5 SM 7,18%, Mais de 05 a 10 SM  2,55 % Mais de 10 a 15 SM 0,52%, Mais de 15 a 20 SM 0,35% e acima de 20 SM 0,17%. Está prevista eventual ponderação para correção das variáveis gênero e faixa etária, com base nos percentuais acima apresentados, caso ocorram diferenças superiores a 4,0 (quatro vírgulas zero) pontos percentuais entre o previsto na amostra e a coleta realizada, para as variáveis escolaridade e renda domiciliar mensal, o fator de ponderação é igual a 1 (resultados obtidos no campo). Fonte dos dados: TSE ¿ março de 2026 para Faixa Etária/Escolaridade e IBGE Censo 2022 para Nível Econômico. O nível de confiança estimado é de 95% (noventa por cento) para uma margem de erro estimada, considerando uma técnica de amostragem aleatória simples, de aproximadamente 3,16% (três vírgula dezesseis pontos percentuais para mais ou para menos) sobre os resultados obtidos. ";"A organização e todos os dados foram coletados de forma transparente, respeitosa e precisa, seguindo rigorosamente os critérios estatísticos que garante a confiabilidade e facilidade de acesso a informações que busca e firmar sua opinião eleitoral acerca da temática. Para a realização da pesquisa, foi utilizada uma equipe de entrevistadores, um fiscal de campo e um supervisor devidamente treinado pela Empresa Instituto de Pesquisa de Gestão e Política Paraibano - IPGPP, com experiência em pesquisas de opinião pública. O trabalho de campo é acompanhado ininterruptamente por um supervisor que checa a visita nos bairros e áreas pré-definidas visando manter o equilíbrio e a qualidade da amostra conforme as ponderações especificadas. Após o trabalho de campo, os questionários são auditados, em no mínimo 20% (vinte por cento). No escritório da empresa, antes da tabulação dos dados, todos os questionários da amostra são analisados e conferidos criteriosamente, como também as planilhas de fiscalização adotadas no trabalho de campo. Houve filtragem em todos os questionários após a realização das entrevistas. Vale enfatizar que a pesquisa foi realizada de 15 a 18 de maio do corrente ano, foram realizadas com pessoas entre as faixas etárias de 16 a 60 anos ou mais. Utilizou-se questionários elaborados de acordo com os objetivos da pesquisa.";"O campo ""Dados relativos aos municípios e bairros"" (pode ser preenchido tanto no momento do cadastro da pesquisa como a partir do dia em que a pesquisa puder ser divulgada e até o dia seguinte, de acordo com a Resolução 23.600/2019)."
"21/07/2026";"05:46:28";2026;81;"Eleições Gerais 2026";"PB";"PB";"PARAÍBA";"PB088262026";"2026-05-27 21:59:45";"S";"62695016000113";"INSTITUTO DE PESQUISA DE GESTAO E POLITICA PARAIBANO LTDA";"INSTITUTO DE PESQUISA PODIUM";"Governador, Senador";"2026-05-24 00:00:00";"2026-05-26 00:00:00";"2026-06-02 00:00:00";1064;"8.532";"Hildete Alves da Costa";"10640,00";"Pesquisa quantitativa, que consiste na realização de entrevistas, com a aplicação de questionário estruturado junto a uma amostra representativa do eleitorado referente aos municípios da Unidade da Federação. Assim como em sua parte conceitual a pesquisa realizada no município do Estado da Paraíba de Campina Grande, tende de esclarecer a tendência com relação à opinião eleitoral a cercada dos candidatos, buscando identificar o perfil dos entrevistados, assim sendo foram analisados criteriosamente os fatores estatístico amostrais: idade, sexo, grau de instrução, faixa de renda bem como a situação da cidade onde fora executada a pesquisa, a fim de ter um planejamento eficiente e condizente como os recursos disponível. A amostragem será realizada pelo método PPT (Probabilidade Proporcional ao Tamanho), sendo a amostra total dividida em subamostras. Em cada subamostra será aplicada a amostragem aleatória simples, garantindo que todas as unidades da população tenham a mesma probabilidade de serem selecionadas. Esse procedimento garante que os indivíduos sejam escolhidos de forma totalmente aleatória, preservando a representatividade estatística e evitando vieses na seleção: 1- Todos os indivíduos da população têm a mesma probabilidade de ser escolhido para a amostra; e 2- Cada subconjunto possível de indivíduos (amostra) tem a mesma probabilidade de ser escolhido que qualquer outro subconjunto de indivíduos. Se quisermos sermos mais rigorosos poder-se-ia dizer que uma amostra aleatória simples é uma amostra de tamanho n desenhada a partir de uma população de tamanho N de tal maneira que cada amostra possível de tamanho n tem a mesma probabilidade de ser selecionada. A amostra será representativa dos eleitores das áreas pesquisadas e será selecionada em duas etapas. Na primeira etapa realiza-se um sorteio probabilístico das localidades onde as entrevistas serão realizadas através do método PPT (Probabilidade Proporcional ao Tamanho), considerando a população com 16 anos ou mais residente nas localidades como base para essa seleção. Na segunda etapa, a seleção do entrevistado dentro da localidade será feita utilizando-se quotas amostrais proporcionais.";"Desta forma, o tamanho da amostra utilizada para o município de Campina Grande foi de 1064, onde fora calculado como base na população do município, através de amostragem aleatória simples, e através de entrevistas pessoais com eleitores com 16 anos ou mais, como nos indica o plano amostral a seguir: GÊNERO: homens 45,22% e mulheres 54,78%. FAIXA ETÁRIA: de 16 a 24 anos: 12,17%, de 25 a 34 anos: 19,80%, de 35 a 44 anos 20,63%, de 45 a 59 anos: 25,14% e de 60 a mais 22,26%. ESCOLARIDADE: Analfabeto 2,57%, lê e escreve 6,76%, Ensino fundamental incompleto 18,96%, Ensino fundamental completo 5,47%, Ensino médio incompleto 16,74%, Ensino médio completo 28,49%, Ensino superior incompleto 8,80% e Ensino superior completo 12,22%. DE RENDA NOMINAL MENSAL: Sem Rendimento 0,80%, Até 1/4 SM 4,73%, Mais de 1/4 a ½ SM 6,85%, mais de ½ a 1 SM 37,94%, Mais 01 até 02 salários mínimos 28,01%, Mais de 02 a 03 salários mínimos: 8,97% Mais de 3 SM até 5 SM 8,10%, Mais de 05 a 10 SM 4,56% Mais de 10 a 15 SM 1,12%, Mais de 15 a 20 SM 0,56% e acima de 20 SM 0,37%. Está prevista eventual ponderação para correção das variáveis de controle, gênero, faixa etária, escolaridade e renda com base nos percentuais acima apresentados, caso ocorram diferenças superiores a 4,0 (quatro vírgulas zero) pontos percentuais entre o previsto na amostra e a coleta realizada. Fonte dos dados: TSE ¿ março de 2026 para Gênero/Faixa Etária/Escolaridade e IBGE Censo 2022 para Nível Econômico. O nível de confiança estimado é de 95% (noventa por cento) para uma margem de erro estimada, considerando uma técnica de amostragem aleatória simples, de aproximadamente 3% (três pontos percentuais para mais ou para menos) sobre os resultados obtidos.";"A organização e todos os dados foram coletados de forma transparente, respeitosa e precisa, seguindo rigorosamente os critérios estatísticos que garante a confiabilidade e facilidade de acesso a informações que busca e firmar sua opinião eleitoral acerca da temática. Para a realização da pesquisa, foi utilizada uma equipe de entrevistadores, um fiscal de campo e um supervisor devidamente treinado pela Empresa Instituto de Pesquisa de Gestão e Política Paraibano - IPGPP, com experiência em pesquisas de opinião pública. O trabalho de campo é acompanhado ininterruptamente por um supervisor que checa a visita nos bairros e áreas pré-definidas visando manter o equilíbrio e a qualidade da amostra conforme as ponderações especificadas. Após o trabalho de campo, os questionários são auditados, em no mínimo 20% (vinte por cento). No escritório da empresa, antes da tabulação dos dados, todos os questionários da amostra são analisados e conferidos criteriosamente, como também as planilhas de fiscalização adotadas no trabalho de campo. Houve filtragem em todos os questionários após a realização das entrevistas. Vale enfatizar que a pesquisa foi realizada de 24 a 26 de maio do corrente ano, foram realizadas com pessoas entre as faixas etárias de 16 a 60 anos ou mais. Utilizou-se questionários elaborados de acordo com os objetivos da pesquisa.";"Acácio Figueiredo, Alto Branco, Aluizio Afonso Campos, Araxá, Bela Vista, Bento Figueiredo, Bodocongó, Castelo Branco, Catirina, Catolé, Centenário, Centro de Campina Grande, Cidades, Conceição, Cruzeiro, Cuités, Dinamérica, Distrito de Catolé, Distrito de Galante, Distrito de São José da Mata, Distrito Industrial, Estação Velha, Itararé, Jardim Continental, Jardim Itararé, Jardim Paulistano, Jardim Quarenta, Jardim Tavares, Jeremias, José Pinheiro, Lagoa de Dentro, Lauritzen, Liberdade, Louzeiro, Malvinas, Mirante, Monte Castelo, Monte Santo, Nações, Nova Brasília, Novo Bodocongó, Palmeira, Palmeira Imperial, Pedregal, Prata, Presidente Médici, Quarenta, Ramadinha, Ronaldo Cunha Lima, Sandra Cavalcante, Santa Cruz, Santa Rosa, Santa Terezinha, Santo Antônio, São Januário, São José, Serrotão, Tambor, Três Irmãs, Universitário, Velame e Vila Cabral."
"21/07/2026";"05:46:28";2026;81;"Eleições Gerais 2026";"PB";"PB";"PARAÍBA";"PB075092026";"2026-03-20 14:30:15";"S";"62695016000113";"INSTITUTO DE PESQUISA DE GESTAO E POLITICA PARAIBANO LTDA";"INSTITUTO DE PESQUISA PODIUM";"Governador, Senador, Deputado Federal, Deputado Estadual";"2026-03-15 00:00:00";"2026-03-15 00:00:00";"2026-03-26 00:00:00";150;"8.532";"Hildete Alves da Costa";"1500,00";"Pesquisa quantitativa, que consiste na realização de entrevistas, com a aplicação de questionário estruturado junto a uma amostra representativa do eleitorado referente aos municípios da Unidade da Federação. Assim como em sua parte conceitual a pesquisa realizada no Estado da Paraíba no município de Areia, tende de esclarecer a tendência com relação à opinião eleitoral a cercada dos candidatos, buscando identificar o perfil dos entrevistados, assim sendo foram analisados criteriosamente os fatores estatístico amostrais: idade, sexo, grau de instrução, faixa de renda bem como a situação da cidade onde fora executada a pesquisa, a fim de ter um planejamento eficiente e condizente como os recursos disponíveis. Amostragem aleatória simples, método PPT (Probabilidade Proporcional ao Tamanho), consiste em uma amostragem onde um conjunto de indivíduos podem ser selecionados totalmente ao acaso a partir de um conjunto maior (a população) por um processo que garanta: 1- Todos os indivíduos da população têm a mesma probabilidade de ser escolhido para a amostra; e 2- Cada subconjunto possível de indivíduos (amostra) tem a mesma probabilidade de ser escolhido que qualquer outro subconjunto de indivíduos. Se quisermos sermos mais rigorosos poder-se-ia dizer que uma amostra aleatória simples é uma amostra de tamanho n desenhada a partir de uma população de tamanho N de tal maneira que cada amostra possível de tamanho n tem a mesma probabilidade de ser selecionada. A amostra será representativa dos eleitores das áreas pesquisadas e será selecionada em duas etapas. Na primeira etapa realiza-se um sorteio probabilístico das localidades onde as entrevistas serão realizadas através do método PPT (Probabilidade Proporcional ao Tamanho), considerando a população com 16 anos ou mais residente nas localidades como base para essa seleção. Na segunda etapa, a seleção do entrevistado dentro da localidade será feita utilizando-se quotas amostrais proporcionais.";"Desta forma, o tamanho da amostra utilizada para o município de Areia foi de 150, onde fora calculado como base na população do município, através de amostragem aleatória simples, e através de entrevistas pessoais com eleitores com 16 anos ou mais, como nos indica o plano amostral a seguir: GÊNERO: homens 47,49 % e mulheres 52,51%. FAIXA ETÁRIA: de 16 a 24 anos: 12,92%, de 25 a 34 anos: 19,93%, de 35 a 44 anos 20,72%, de 45 a 59 anos: 23,46 % e de 60 a mais 22,97%. ESCOLARIDADE: Analfabeto, 10,87%, lê e escreve 12,62%, Ensino fundamental incompleto 27,27%, Ensino fundamental completo 3,65%, Ensino médio incompleto 13,95%, Ensino médio completo 18,80%, Ensino superior incompleto 4,99% e Ensino superior completo 7,86%. DE RENDA NOMINAL MENSAL: Sem Rendimento 2,93%, Até 1/4 SM 11,74%, Mais de 1/4 a ½ SM 19,16%, mais de ½ a 1 SM 43,35%, Mais 01 até 02 salários mínimos 13,88%, Mais de 02 a 03 salários mínimos: 3,66% Mais de 3 SM até 5 SM 3,24%, Mais de 05 a 10 SM 1,63% Mais de 10 a 15 SM 0,11%, Mais de 15 a 20 SM 0,29% e acima de 20 SM 0,00%. Está prevista eventual ponderação para correção das variáveis gênero e faixa etária, com base nos percentuais acima apresentados, caso ocorram diferenças superiores a 4,0 (quatro vírgulas zero) pontos percentuais entre o previsto na amostra e a coleta realizada, para as variáveis escolaridade e renda domiciliar mensal, o fator de ponderação é igual a 1 (resultados obtidos no campo). Fonte dos dados: TSE ¿ janeiro de 2026 para Faixa Etária/Escolaridade e IBGE Censo 2022 para Nível Econômico. O nível de confiança estimado é de 90% (noventa por cento) para uma margem de erro estimada, considerando uma técnica de amostragem aleatória simples, de aproximadamente 6,69 (Seis virgula sessenta e nove pontos percentuais para mais ou para menos) sobre os resultados obtidos.";"A organização e todos os dados foram coletados de forma transparente, respeitosa e precisa, seguindo rigorosamente os critérios estatísticos que garante a confiabilidade e facilidade de acesso a informações que busca e firmar sua opinião eleitoral acerca da temática. Para a realização da pesquisa, foi utilizada uma equipe de entrevistadores, um fiscal de campo e um supervisor devidamente treinado pela Empresa Instituto de Pesquisa de Gestão e Política Paraibano - IPGPP, com experiência em pesquisas de opinião pública. O trabalho de campo é acompanhado ininterruptamente por um supervisor que checa a visita nos bairros e áreas pré-definidas visando manter o equilíbrio e a qualidade da amostra conforme as ponderações especificadas. Após o trabalho de campo, os questionários são auditados, em no mínimo 20% (vinte por cento). No escritório da empresa, antes da tabulação dos dados, todos os questionários da amostra são analisados e conferidos criteriosamente, como também as planilhas de fiscalização adotadas no trabalho de campo. Houve filtragem em todos os questionários após a realização das entrevistas. Vale enfatizar que a pesquisa foi realizada em 15 de março do corrente ano, foram realizadas com pessoas entre as faixas etárias de 16 a 60 anos ou mais. Utilizou-se questionários elaborados de acordo com os objetivos da pesquisa.";"Foram realizadas 150 entrevistas no município de Areia, contemplando tanto a zona urbana quanto a zona rural."
"21/07/2026";"05:46:28";2026;81;"Eleições Gerais 2026";"PB";"PB";"PARAÍBA";"PB083532026";"2026-07-15 23:59:50";"N";"10783981000144";"SETA INSTITUTO DE PESQUISA LTDA";"INSTITUTO SETA DE PESQUISA";"Governador, Senador, Deputado Federal, Deputado Estadual";"2026-07-15 00:00:00";"2026-07-16 00:00:00";"2026-07-21 00:00:00";700;"8954";"Galttieri Ferreira Tavares";"5000,00";"Pesquisa com metodologia quantitativa, com a realização de entrevistas pessoais utilizando questionário estruturado junto a uma amostra representativa do eleitorado do município de CAMPINA GRANDE.";"A amostra será representativa dos eleitores das áreas pesquisadas e será selecionada em duas etapas. Na primeira etapa realiza-se um sorteio probabilístico das localidades onde as entrevistas serão realizadas através do método PPT (Probabilidade Proporcional ao Tamanho), considerando a população com 16 anos ou mais residente nas localidades como base para essa seleção. Na segunda etapa, a seleção do entrevistado dentro da localidade será feita utilizando-se quotas amostrais proporcionais, em função das seguintes variáveis: Gênero: Masculino (45.23%); Feminino (54.77%); ; Faixa etária: De 16 a 20 anos: (5.48%); Entre 21 e 24 anos: (7.13%); Entre 25 e 34 anos: (19.69%); Entre 35 e 44 anos: (20.52%); 45 a 59 anos: (25.04%); Com 60 anos ou mais: (22.15%); ; ESCOLARIDADE: De analfabeto até ensino fundamental completo (Contêm eleitores que apenas Lê e escrevem, Analfabetos e que cursaram Ensino Fundamental Incompleto e Completo): 33,54%; Ensino médio incompleto ou completo: 45,51%; Ensino superior incompleto ou completo: 20,95% ; RENDA DOMICILIAR MENSAL: Sem rendimento: (0,80%); Até 1 Salário Minimo: (49,52%); Mais de 1 a 2 salários mínimos: (26,01%); Mais de 2 a 5 salários mínimos: (17,07%); Mais de 5 a 10 salários mínimos: (4,56%); Mais de 10 salários mínimos: (2,05%). . Está prevista eventual ponderação para correção das variáveis gênero e faixa etária, com base nos percentuais acima apresentados, caso ocorram diferenças superiores a 4,5 (quatro vírgula cinco) pontos percentuais entre o previsto na amostra e a coleta realizada, para as variáveis escolaridade e renda domiciliar mensal, o fator de ponderação é igual a 1 (resultados obtidos no campo). O nível de confiança estimado é de 95% (noventa e cinco por cento) para uma margem de erro estimada, considerando uma técnica de amostragem aleatória simples, de aproximadamente 4 pontos percentuais para mais ou para menos sobre os resultados obtidos. Fonte de Dados: TSE - Junho/2026 e dados do IBGE, Censo, 2022.";"As entrevistas serão realizadas por uma equipe de entrevistadores e supervisores devidamente qualificada pelo Instituto, com experiência e treinamento em pesquisas de opinião pública. No decorrer do trabalho de coleta de dados, os questionários aplicados, serão auditados em no mínimo 20% (vinte por cento) para verificação quanto ao cuidado na sua aplicação, bem como a adequação do entrevistado às variáveis das quotas amostrais.";"Dados relativos aos municípios e bairros abrangidos pela pesquisa. Na ausência de delimitação do bairro, será identificada a área em que foi realizada a pesquisa (conforme §7º do art. 2º da Resolução-TSE nº 23.600/2019). A partir do dia em que a pesquisa puder ser divulgada e até o dia seguinte, o registro deverá ser complementado, sob pena de ser a pesquisa considerada não registrada; na ausência de delimitação do bairro, será identificada a área em que foi realizada."
"21/07/2026";"05:46:28";2026;81;"Eleições Gerais 2026";"PB";"PB";"PARAÍBA";"PB006362026";"2026-04-16 13:19:47";"S";"13539940000103";"INDICE INTELIGENCIA LTDA";"INDICE INTELIGENCIA";"Governador, Senador, Deputado Federal, Deputado Estadual";"2026-04-17 00:00:00";"2026-04-19 00:00:00";"2026-04-22 00:00:00";2400;"10274";"Ianne Rafaella Santos Melo";"20000,00";"Trata-se de uma pesquisa quantitativa, utilizando questionário estruturado (impresso) e padronizado por meio de entrevistas pessoais em domicílios, junto a uma amostra representativa do eleitorado em estudo, que teve como objetivo fornecer um panorama político e administrativo do estado da PARAÍBA, para avaliação do cenário político, visando as eleições de 2026 e gerar informações de domínio público. O público alvo será composto por eleitores domiciliados no estado da PARAÍBA, aptos para votar, conforme a legislação eleitoral, residentes nas zonas Urbana e Rural. A pesquisa será feita, com coleta de dados domiciliar e individual de uma amostra estratificada por sexo, faixa etária, nível de instrução e faixa de renda, conforme dados do TSE-Tribunal Superior Eleitoral - março/2026; IBGE - Censo 2010/2022; IBGE - PNADc 2023; IBGE - PNADc trimestral 2- 2024.";"O plano de amostragem utilizado é de amostragem aleatória simples e por conglomerado, em três etapas, em que serão coletados 2.400 formulários. Na primeira etapa os municípios são selecionados aleatoriamente, onde as entrevistas são realizadas por meio do método PPT (Probabilidade Proporcional ao Tamanho), tomando a população como base para tal seleção. Na segunda etapa, realiza-se um sorteio aleatório probabilístico dos setores censitários, onde as entrevistas são realizadas, pelo método PPT (Probabilidade Proporcional ao Tamanho), tomando a população de 16 anos ou mais residentes nos setores com base para tal seleção. Na sequência a escolha dos setores censitários (rua, domicílio/local pré-estabelecido e ponto amostral), os respondentes são selecionados por meio de quotas amostrais proporcionais em função das variáveis significativas sexo e idade, sendo 47,06% do eleitorado do sexo masculino, e 52,94% do sexo feminino; sobre as idades, sendo 1,12% de 16 anos, 1,42% de 17 anos, 2,06% de 18 anos, 2,20% de 19 anos , 2,25% de 20 anos, 5,13% de 21 a 24 anos, 6,53% de 25 a 29 anos, 7,84% de 30 a 34 anos, 9,23% de 35 a 39 anos, 9,55% de 40 a 44 anos, 9,18% de 45 a 49 anos, 8,64% de 50 a 54 anos, 8,52% de 55 a 59 anos, 26,34% com 60 anos ou mais; sobre o nível econômico, sendo 58,23% até 1 salário mínimo, 27,55% de mais de 1 a 3 salários mínimos e 14,22% acima de 3 salários mínimos e, sobre a escolaridade, sendo 6,66% de analfabeto, 13,50% lê e escreve, 4,62% com ensino fundamental completo, 23,74% com ensino fundamental incompleto, 22,46% com ensino médio completo, 14,97% com ensino médio incompleto, 8,72% com ensino superior completo e 5,34% com ensino superior incompleto. Em relação ao nível econômico do entrevistado, foram estimados por dados do IBGE, com fator previsto de ponderação 1 (resultados obtidos em campo). Está prevista eventual ponderação para correção das variáveis sexo, idade e grau de escolarização com base nos percentuais anteriormente mencionados, caso ocorram diferenças entre o previsto na amostra e a coleta de dados realizada. O nível de confiança estimado é de 95% e a margem de erro máxima estimada considerando um modelo de amostragem aleatório simples, é de 2% (dois) pontos percentuais para mais ou para menos sobre os resultados encontrados no total da amostra. FONTE DOS DADOS: TSE-Tribunal Superior Eleitoral ¿ março/2026; IBGE - Censo 2010/2022; IBGE - PNADc 2023; IBGE - PNADc trimestral 2-2024.";"Para a realização da pesquisa utiliza-se uma equipe de entrevistadores e coordenadores de campo devidamente treinado para o trabalho do ÍNDICE INTELIGÊNCIA. As entrevistas são pessoais e domiciliares, feitas por meio de questionário estruturado, aplicando-se apenas um questionário por domicílio, respeitando as cotas pré- determinadas. Durante a realização dos trabalhos de campo, os entrevistadores são submetidos a uma fiscalização permanente por parte dos coordenadores de campo e são realizadas checagem de 20% da amostra para atestar a realização das entrevistas e a fidedignidade dos dados apurados, garantindo-se dessa forma, o grau de precisão dos estimadores, em função dos parâmetros previamente estabelecidos.";"João Pessoa, Campina Grande, Patos, Cajazeiras, Santa Rita, Bayeux, Cabedelo, Guarabira, Sousa, Sapé, Mamanguape, Itabaiana, Catolé do Rocha, Pombal, Monteiro, Sumé, Princesa Isabel, Esperança, Areia, Alagoa Grande, Alagoinha, Bananeiras, Solânea, Arara, Remígio, Queimadas, Boqueirão, Lagoa Seca, Fagundes, Aroeiras, Umbuzeiro, Coremas, Piancó, Conceição, Itaporanga, São Bento, Brejo do Cruz, Belém do Brejo do Cruz, Paulista, Bonito de Santa Fé, São João do Rio do Peixe, Uiraúna, Triunfo, Poço de José de Moura, São José de Piranhas, Conde, Alhandra, Pitimbu, Cruz do Espírito Santo, Gurinhém, Caldas Brandão, Ingá, Riachão do Bacamarte, Massaranduba, Serra Redonda, Barra de Santana, Gado Bravo, São Sebastião de Lagoa de Roça, Matinhas, Pilões, Serraria, Dona Inês, Cacimba de Dentro, Araruna, Cuité, Nova Floresta, Picuí, Baraúna, Olivedos, Frei Martinho, Barra de Santa Rosa, Sossego, Pedra Lavrada, Juazeirinho, Tenório, Lucena, Rio Tinto, Jacaraú, Alagoa Nova, São João do Cariri, Taperoá e Serra Branca"
"21/07/2026";"05:46:28";2026;81;"Eleições Gerais 2026";"PB";"PB";"PARAÍBA";"PB037482026";"2026-05-21 22:05:50";"S";"22345021000181";"REAL TIME MIDIA LTDA";"REAL TIME BIG DATA";"Governador, Senador";"2026-05-25 00:00:00";"2026-05-26 00:00:00";"2026-05-27 00:00:00";1600;"10839";"Isabela Zara Cremoneze";"64000,00";"Pesquisa quantitativa, que consiste na realização de entrevistas pessoais, com a aplicação de questionário estruturado junto a uma amostra representativa do eleitorado em estudo. Pesquisa realizada no Estado da Paraíba (PB).";"Representativo do eleitorado da área em estudo, elaborada em três estágios. 
No primeiro estágio, realiza-se um sorteio probabilístico dos municípios onde as entrevistas serão realizadas, pelo método PPT (Probabilidade Proporcional ao Tamanho), tomando a população eleitora de 16 anos ou mais residente nos municípios como base para essa seleção.
No segundo estágio, efetua-se um sorteio probabilístico das localidades dentro dos municípios selecionados, também pelo método PPT (Probabilidade Proporcional ao Tamanho), considerando a população eleitora de 16 anos ou mais residente nessas localidades como base para a seleção.
No terceiro e último estágio, dentro das localidades sorteadas, os respondentes são selecionados por meio de quotas amostrais proporcionais, em função de variáveis significativas, a saber:

GÊNERO:
Feminino: 52,9%;
Masculino: 47,1%.
(Fonte: TSE (Abril/2026) - https://sig.tse.jus.br/ords/dwapr/r/seai/sig-eleitor-eleitorado-mensal/cruzamento-eleitorado-mensal?p24_metricas=E&p24_back=22&p24_cruzamento_1=ds_sexo&clear=24&session=112491828676750)
FAIXA ETÁRIA:
16 anos: 0,5%;
17 anos: 1,0%;
18 a 20 anos: 4,9%;
21 a 24 anos: 7,3%;
25 a 34 anos: 19,3%;
35 a 44 anos: 20,0%;
45 a 59 anos: 25,0%;
60 a 69 anos: 11,6%;
70 a 79 anos: 7,0%;
Superior a 79 anos: 3,3%.
(Fonte: TSE Abril/2026) - https://sig.tse.jus.br/ords/dwapr/r/seai/sig-eleitor-eleitorado-mensal/cruzamento-eleitorado-mensal?p24_cruzamento_1=ds_faixa_etaria&p24_metricas=E&p24_back=22&clear=24&session=112491828676750)
ESCOLARIDADE:
Analfabeto: 6,4%;
Lê e Escreve: 12,7%;
Ensino Fundamental Incompleto: 23,2%;
Ensino Fundamental Completo: 4,6%;
Ensino Médio Incompleto: 16,7%;
Ensino Médio Completo: 22,7%;
Ensino Superior Incompleto: 5,3%;
Ensino Superior Completo: 8,5%.
(Fonte: TSE (Abril/2026) - https://sig.tse.jus.br/ords/dwapr/r/seai/sig-eleitor-eleitorado-mensal/cruzamento-eleitorado-mensal?p24_cruzamento_1=ds_grau_instrucao&p24_metricas=E&p24_back=22&clear=24&session=112491828676750)
RENDA DOMICILIAR MENSAL:
Sem rendimento: 4,4%;
Até 1/2 Salário Mínimo: 10,8%;
Mais de 1/2 a 1 Salário Mínimo: 22,9%;
Mais de 1 a 2 Salários Mínimos: 28,9%;
Mais de 2 a 5 Salários Mínimos: 22,7%;
Mais de 5 a 10 Salários Mínimos: 6,4%;
Mais de 10 a 20 Salários Mínimos: 2,7%;
Mais de 20 Salários Mínimos: 1,3%.
(Fonte: IBGE (Censo 2010) -
https://cidades.ibge.gov.br/brasil/pb/pesquisa/23/24304?detalhes=true)
Observação: De acordo com informações do Instituto Brasileiro de Geografia e Estatística (IBGE), não há previsão de data para a divulgação do perfil econômico da população brasileira do CENSO 2022. Portanto, os dados sobre o nível econômico obtidos no Censo 2022 não podem ser utilizados, pois ainda não foram publicados.
Está prevista eventual ponderação para correção das variáveis sexo e idade, com base nos percentuais anteriormente mencionados, caso ocorram diferenças superiores a 3 pontos percentuais entre o previsto na amostra e a coleta de dados realizada. Para as variáveis de grau de instrução e nível econômico do entrevistado, o fator previsto para ponderação é 1 (resultados obtidos em campo). O nível de confiança estimado é de 95% e a margem de erro máxima estimada considerando um modelo de amostragem aleatório simples, é de aproximadamente 2 (dois) pontos percentuais para mais ou para menos sobre os resultados encontrados no total da amostra.
";"O trabalho de coleta de dados é acompanhado presencialmente por supervisores. São selecionados aleatoriamente 15% (quinze por cento) dos questionários para uma verificação posterior com ligações telefônicas para os números indicados nos formulários, em caso de dúvida, o formulário é descartado e o entrevistador chamado para esclarecimentos.";"O anexo do arquivo com os bairros será realizado até o dia seguinte da divulgação conforme indicado no §7º. do art. 2º. da Resolução-TSE nº. 23.600/2019.

"
"21/07/2026";"05:46:28";2026;81;"Eleições Gerais 2026";"PB";"PB";"PARAÍBA";"PB038622026";"2026-05-21 22:08:19";"N";"51751580000190";"INSTITUTO RANKING DE PESQUISA LTDA";"INSTITUTO RANKING PESQUISA";"Governador, Senador, Deputado Federal, Deputado Estadual";"2026-05-22 00:00:00";"2026-05-25 00:00:00";"2026-05-27 00:00:00";2000;"9741";"Isis Milane Batista de Lima";"15000,00";"A metodologia da pesquisa é quantitativa, utilizando questionário estruturado e padronizado, aplicado por meio de entrevistas pessoais domiciliares junto a uma amostra representativa do eleitorado em estudo. O objetivo da pesquisa é fornecer um panorama político e administrativo do Estado da Paraíba, permitindo a avaliação do cenário político com vistas às eleições de 2026, além de gerar informações de domínio público. O público-alvo será composto por eleitores domiciliados no Estado da Paraíba, aptos ao exercício do voto conforme a legislação eleitoral vigente, residentes nas zonas urbana e rural. A coleta de dados será realizada de forma domiciliar e individual, mediante amostra estratificada por sexo, faixa etária, nível de instrução e faixa de renda, observando os parâmetros estatísticos e demográficos estabelecidos a partir das seguintes bases oficiais: Tribunal Superior Eleitoral (TSE) ? abril de 2026; Instituto Brasileiro de Geografia e Estatística (IBGE) ? Censo Demográfico 2010/2022; PNAD Contínua 2023; e PNAD Contínua Trimestral ? 2º trimestre de 2024.";"O plano de amostragem utilizado é de amostragem aleatória simples e por conglomerado, em três etapas, em que serão coletados 2.000 formulários. Na primeira etapa os municípios são selecionados aleatoriamente, onde as entrevistas são realizadas por meio do método PPT (Probabilidade Proporcional ao Tamanho), tomando a população como base para tal seleção. Na segunda etapa, realiza-se um sorteio aleatório probabilístico dos setores censitários, onde as entrevistas são realizadas, pelo método PPT (Probabilidade Proporcional ao Tamanho), tomando a população de 16 anos ou mais residentes nos setores com base para tal seleção. Na sequência a escolha dos setores censitários (rua, domicílio/local pré-estabelecido e ponto amostral), os respondentes são selecionados por meio de quotas amostrais proporcionais em função das variáveis significativas sexo e idade, sendo 47,06% do eleitorado do sexo masculino, e 52,94% do sexo feminino; sobre as idades, sendo 1,12% de 16 anos, 1,42% de 17 anos, 2,06% de 18 anos, 2,20% de 19 anos , 2,25% de 20 anos, 5,13% de 21 a 24 anos, 6,53% de 25 a 29 anos, 7,84% de 30 a 34 anos, 9,23% de 35 a 39 anos, 9,55% de 40 a 44 anos, 9,18% de 45 a 49 anos, 8,64% de 50 a 54 anos, 8,52% de 55 a 59 anos, 26,34% com 60 anos ou mais; sobre o nível econômico, sendo 58,23% até 1 salário mínimo, 27,55% de mais de 1 a 3 salários mínimos e 14,22% acima de 3 salários mínimos e, sobre a escolaridade, sendo 6,66% de analfabeto, 13,50% lê e escreve, 4,62% com ensino fundamental completo, 23,74% com ensino fundamental incompleto, 22,46% com ensino médio completo, 14,97% com ensino médio incompleto, 8,72% com ensino superior completo e 5,34% com ensino superior incompleto. Em relação ao nível econômico do entrevistado, foram estimados por dados do IBGE, com fator previsto de ponderação 1 (resultados obtidos em campo). Está prevista eventual ponderação para correção das variáveis sexo, idade e grau de escolarização com base nos percentuais anteriormente mencionados, caso ocorram diferenças entre o previsto na amostra e a coleta de dados realizada. O nível de confiança estimado é de 95% e a margem de erro máxima estimada considerando um modelo de amostragem aleatório simples, é de 2,2% (dois vÍrgula dois) pontos percentuais para mais ou para menos sobre os resultados encontrados no total da amostra. FONTE DOS DADOS: TSE-Tribunal Superior Eleitoral ? abril/2026; IBGE - Censo 2010/2022; IBGE - PNADc 2023; IBGE - PNADc trimestral 2-2024.";"Para a realização da pesquisa utiliza-se uma equipe de entrevistadores e coordenadores de campo devidamente treinado para o trabalho do INSTITUTO RANKING DE PESQUISA. As entrevistas são pessoais e domiciliares, feitas por meio de questionário estruturado, aplicando-se apenas um questionário por domicílio, respeitando as cotas pré- determinadas. Durante a realização dos trabalhos de campo, os entrevistadores são submetidos a uma fiscalização permanente por parte dos coordenadores de campo e são realizadas checagem de 20% da amostra para atestar a realização das entrevistas e a fidedignidade dos dados apurados, garantindo-se dessa forma, o grau de precisão dos estimadores, em função dos parâmetros previamente estabelecidos.";"João Pessoa, Campina Grande, Santa Rita, Patos, Bayeux, Sousa, Cajazeiras, Cabedelo, Guarabira, Sapé, Mamanguape, Esperança, Monteiro, Pombal, Queimadas, Itabaiana, Alagoa Grande, Catolé do Rocha, Princesa Isabel, São Bento, Conde, Alhandra, Caaporã, Cruz do Espírito Santo, Lucena, Rio Tinto, Pedras de Fogo, Pilar, Mari, Bananeiras, Solânea, Araruna, Cuité, Picuí, Juazeirinho, Soledade, Taperoá, Sumé, Serra Branca, Boqueirão, Ingá, Fagundes, Lagoa Seca, Areia, Remígio, Alagoa Nova, Pocinhos, Massaranduba, Aroeiras, Umbuzeiro, Santa Luzia, Teixeira, Coremas, Piancó, Conceição, Itaporanga, Bonito de Santa Fé, Uiraúna, São João do Rio do Peixe, Brejo do Cruz, Paulista, Malta, São Mamede, Belém, Pirpirituba, Cacimba de Dentro, Jacaraú, Baía da Traição, Juripiranga, Itapororoca, Barra de Santa Rosa, Cubati, Nova Floresta, São José de Piranhas, Triunfo, Tavares, Água Branca, Imaculada, Santana dos Garrotes, Gurinhém, Riachão do Bacamarte e Mulungu."
"21/07/2026";"05:46:28";2026;81;"Eleições Gerais 2026";"PB";"PB";"PARAÍBA";"PB085792026";"2026-03-09 21:04:42";"S";"62695016000113";"INSTITUTO DE PESQUISA DE GESTAO E POLITICA PARAIBANO LTDA";"INSTITUTO DE PESQUISA PODIUM";"Governador, Senador, Deputado Federal, Deputado Estadual";"2026-03-08 00:00:00";"2026-03-08 00:00:00";"2026-03-15 00:00:00";134;"8.532";"Hildete Alves da Costa";"1655,00";"Pesquisa quantitativa, que consiste na realização de entrevistas, com a aplicação de questionário estruturado junto a uma amostra representativa do eleitorado referente aos municípios da unidade da federação. Assim como em sua parte conceitual, a pesquisa foi realizada no município de Rio Tinto, do estado da Paraíba, tende de esclarecer a tendência com relação à opinião eleitoral acerca dos candidatos, buscando identificar o perfil dos entrevistados, assim sendo foram analisados criteriosamente os fatores estatístico-amostrais: idade, sexo, grau de instrução, faixa de renda, bem como a situação da cidade onde fora executada a pesquisa, a fim de ter um planejamento eficiente e condizente com os recursos disponíveis. Amostragem aleatória simples, método PPT (Probabilidade Proporcional ao Tamanho), consiste em uma amostragem onde um conjunto de indivíduos podem ser selecionados totalmente ao acaso a partir de um conjunto maior (a população) por um processo que garanta: 1- Todos os indivíduos da população têm a mesma probabilidade de ser escolhido para a amostra; e 2- Cada subconjunto possível de indivíduos (amostra) tem a mesma probabilidade de ser escolhido que qualquer outro subconjunto de indivíduos. Se quisermos sermos mais rigorosos poder-se-ia dizer que uma amostra aleatória simples é uma amostra de tamanho n desenhada a partir de uma população de tamanho N de tal maneira que cada amostra possível de tamanho n tem a mesma probabilidade de ser selecionada. A amostra será representativa dos eleitores das áreas pesquisadas e será selecionada em duas etapas. Na primeira etapa realiza-se um sorteio probabilístico das localidades onde as entrevistas serão realizadas através do método PPT (Probabilidade Proporcional ao Tamanho), considerando a população com 16 anos ou mais residente nas localidades como base para essa seleção. Na segunda etapa, a seleção do entrevistado dentro da localidade será feita utilizando-se quotas amostrais proporcionais.";"Desta forma, o tamanho da amostra utilizada para o município de Rio Tinto foi de 134, onde fora calculado como base na população do município, através de amostragem aleatória simples e de entrevistas pessoais com eleitores com 16 anos ou mais, como nos indica o plano amostral a seguir: GÊNERO: homens (48,35%) e mulheres (51,65%); FAIXA ETÁRIA: de 16 a 24 anos (13,45%), de 25 a 34 anos (19,86%), de 35 a 44 anos (19,99%), de 45 a 59 anos (25,46%) e de 60 anos a mais (21,23%); ESCOLARIDADE: Analfabeto (6,07%), lê e escreve (18,17%), ensino fundamental incompleto (22,33%), ensino fundamental completo (4,82%), ensino médio incompleto (14,19%), ensino médio completo (23,99%), ensino superior incompleto (4,45%) e ensino superior completo (5,97%); RENDA NOMINAL MENSAL: sem rendimento (1,68%), até ½ salário-mínimo (22,31%), mais de ½ a 1 salário-mínimo (37,05%), mais 1 até 2 salários-mínimos (26,06%), mais de 2 a 5 salários-mínimos (10,45%), mais de 5 salários-mínimos até 10 salários-mínimos (1,91%), mais de 10 a 20 salários-mínimos (0,56%) e acima de 20 salários-mínimos (0%). Está prevista eventual ponderação para correção das variáveis gênero e faixa etária, com base nos percentuais acima apresentados, caso ocorram diferenças superiores a 4,0 (quatro vírgula zero) pontos percentuais entre o previsto na amostra e a coleta realizada, para as variáveis escolaridade e renda domiciliar mensal, o fator de ponderação é igual a 1 (resultados obtidos no campo). Fonte dos dados: TSE ¿ janeiro de 2026 para faixa etária/escolaridade e IBGE Censo 2022 para nível econômico. O nível de confiança estimado é de 95% (noventa e cinco por cento) para uma margem de erro estimada, considerando uma técnica de amostragem aleatória simples, de aproximadamente 8,44% (oito vírgula quarenta e quatro pontos percentuais) para mais ou para menos sobre os resultados obtidos.";"A organização e todos os dados foram coletados de forma transparente, respeitosa e precisa, seguindo rigorosamente os critérios estatísticos que garante a confiabilidade e facilidade de acesso a informações que busca e firmar sua opinião eleitoral acerca da temática. Para a realização da pesquisa, foi utilizada uma equipe de entrevistadores, um fiscal de campo e um supervisor devidamente treinado pelo Instituto de Pesquisa de Gestão e Política Paraibano (IPGPP), com experiência em pesquisas de opinião pública. O trabalho de campo é acompanhado ininterruptamente por um supervisor que checa a visita nos bairros e áreas pré-definidas visando manter o equilíbrio e a qualidade da amostra conforme as ponderações especificadas. Após o trabalho de campo, os questionários são auditados, em, no mínimo, 20% (vinte por cento). No escritório da empresa, antes da tabulação dos dados, todos os questionários da amostra são analisados e conferidos criteriosamente, como também as planilhas de fiscalização adotadas no trabalho de campo. Houve filtragem em todos os questionários após a realização das entrevistas. Vale enfatizar que a pesquisa foi realizada em 8 de março do corrente ano, foram realizadas com pessoas entre as faixas etárias de 16 a 60 anos ou mais. Utilizou-se questionários elaborados de acordo com os objetivos da pesquisa.";"Foram realizadas 134 entrevistas no município de Rio Tinto, contemplando tanto a zona urbana quanto a zona rural."
"21/07/2026";"05:46:28";2026;81;"Eleições Gerais 2026";"PB";"PB";"PARAÍBA";"PB031122026";"2026-06-17 18:55:02";"S";"62695016000113";"INSTITUTO DE PESQUISA DE GESTAO E POLITICA PARAIBANO LTDA";"INSTITUTO DE PESQUISA PODIUM";"Governador, Senador";"2026-06-15 00:00:00";"2026-06-17 00:00:00";"2026-06-23 00:00:00";582;"8.532";"Hildete Alves da Costa";"5820,00";"Pesquisa quantitativa, que consiste na realização de entrevistas, com a aplicação de questionário estruturado junto a uma amostra representativa do eleitorado referente aos municípios da Unidade da Federação. Assim como em sua parte conceitual a pesquisa realizada no município do Estado da Paraíba de Mari, tende de esclarecer a tendência com relação à opinião eleitoral acerca dos candidatos, buscando identificar o perfil dos entrevistados, assim sendo foram analisados criteriosamente os fatores estatístico amostrais: idade, sexo, grau de instrução, faixa de renda bem como a situação da cidade onde fora executada a pesquisa, a fim de ter um planejamento eficiente e condizente como os recursos disponíveis. A amostragem será realizada pelo método PPT (Probabilidade Proporcional ao Tamanho), sendo a amostra total dividida em subamostras. Em cada subamostra será aplicada a amostragem aleatória simples, garantindo que todas as unidades da população tenham a mesma probabilidade de serem selecionadas. Esse procedimento garante que os indivíduos sejam escolhidos de forma totalmente aleatória, preservando a representatividade estatística e evitando vieses na seleção: 1- Todos os indivíduos da população têm a mesma probabilidade de ser escolhido para a amostra; e 2- Cada subconjunto possível de indivíduos (amostra) tem a mesma probabilidade de ser escolhido que qualquer outro subconjunto de indivíduos. Se quisermos sermos mais rigorosos poder-se-ia dizer que uma amostra aleatória simples é uma amostra de tamanho n desenhada a partir de uma população de tamanho N de tal maneira que cada amostra possível de tamanho n tem a mesma probabilidade de ser selecionada. A amostra será representativa dos eleitores das áreas pesquisadas e será selecionada em duas etapas. Na primeira etapa realiza-se um sorteio probabilístico das localidades onde as entrevistas serão realizadas através do método PPT (Probabilidade Proporcional ao Tamanho), considerando a população com 16 anos ou mais residente nas localidades como base para essa seleção. Na segunda etapa, a seleção do entrevistado dentro da localidade será feita utilizando-se quotas amostrais proporcionais.";"Desta forma, o tamanho da amostra utilizada para o município de Mari foi de 582, onde fora calculado como base na população do município, através de amostragem aleatória simples, e através de entrevistas pessoais com eleitores com 16 anos ou mais, como nos indica o plano amostral a seguir: GÊNERO: homens 47,83% e mulheres 52,17%. FAIXA ETÁRIA: de 16 a 24 anos: 15,10%, 25 a 34 anos 19,05%, de 35 a 44 anos 19,70%, de 45 a 59 anos: 25,27% e de 60 a mais 20,88%. ESCOLARIDADE: Analfabeto 10,27%, lê e escreve 18,64%, Ensino fundamental incompleto 23,96%, Ensino fundamental completo 4,40%, Ensino médio incompleto 16,69%, Ensino médio completo 18,83%, Ensino superior incompleto 3%, e Ensino superior completo 4,21%. DE RENDA NOMINAL MENSAL: Sem Rendimento 2,87%, Até 1/4 SM 13,92%, Mais de 1/4 a ½ SM 16,58%, mais de ½ a 1 SM 35%, Mais 01 até 02 salários mínimos 23,54%, Mais de 02 a 03 salários mínimos: 4,64% Mais de 3 SM até 5 SM 2,45%, Mais de 05 a 10 SM  0,77% Mais de 10 a 15 SM  0,00%, Mais de 15 a 20 SM 0,23% e acima de 20 SM 0,0%. Está prevista eventual ponderação para correção das variáveis de controle, gênero, faixa etária, escolaridade e renda com base nos percentuais acima apresentados, caso ocorram diferenças superiores a 4,0 (quatro vírgulas zero) pontos percentuais entre o previsto na amostra e a coleta realizada. Fonte dos dados: TSE ¿ maio de 2026 para Gênero/Faixa Etária/Escolaridade e IBGE Censo 2022 para Nível Econômico. O nível de confiança estimado é de 95% (noventa e cinco por cento) para uma margem de erro estimada nos termos da resolução nº 23.600/2019 do TSE considerando uma técnica de amostragem aleatória simples, de aproximadamente 4% (quatro pontos percentuais para mais ou para menos) sobre os resultados obtidos.";"A organização e todos os dados foram coletados de forma transparente, respeitosa e precisa, seguindo rigorosamente os critérios estatísticos que garante a confiabilidade e facilidade de acesso a informações que busca e firmar sua opinião eleitoral acerca da temática. Para a realização da pesquisa, foi utilizada uma equipe de entrevistadores, um fiscal de campo e um supervisor devidamente treinado pela Empresa Instituto de Pesquisa de Gestão e Política Paraibano - IPGPP, com experiência em pesquisas de opinião pública. O trabalho de campo é acompanhado ininterruptamente por um supervisor que checa a visita nos bairros e áreas pré-definidas visando manter o equilíbrio e a qualidade da amostra conforme as ponderações especificadas. Após o trabalho de campo, os questionários são auditados, em no mínimo 20% (vinte por cento). No escritório da empresa, antes da tabulação dos dados, todos os questionários da amostra são analisados e conferidos criteriosamente, como também as planilhas de fiscalização adotadas no trabalho de campo. Houve filtragem em todos os questionários após a realização das entrevistas. Vale enfatizar que a pesquisa foi realizada entre 15 a 17 de junho do corrente ano, foram realizadas com pessoas entre as faixas etárias de 16 a 60 anos ou mais. Utilizou-se questionários elaborados de acordo com os objetivos da pesquisa.";"O campo ""Dados relativos aos municípios e bairros"" pode ser preenchido tanto no momento do cadastro da pesquisa como a partir do dia em que a pesquisa puder ser divulgada e até o dia seguinte, de acordo com a resolução nº 23.600/2019, do Tribunal Superior Eleitoral (TSE)."
"21/07/2026";"05:46:28";2026;81;"Eleições Gerais 2026";"PB";"PB";"PARAÍBA";"PB028072026";"2026-02-04 17:43:38";"S";"62695016000113";"INSTITUTO DE PESQUISA DE GESTAO E POLITICA PARAIBANO LTDA";"INSTITUTO DE PESQUISA PODIUM";"Governador";"2026-01-24 00:00:00";"2026-01-31 00:00:00";"2026-02-10 00:00:00";833;"8532";"Hildete Alves da Costa";"10839,90";"Pesquisa quantitativa, que consiste na realização de entrevistas, com a aplicação de questionário estruturado junto a uma amostra representativa do eleitorado referente aos municípios da unidade da federação do estado da Paraíba. Assim como em sua parte conceitual a pesquisa realizada nos municípios de Alagoa Grande, Alagoinha Araçagi, Bananeiras, Belém, Cuitegi, Guarabira e Solânea, tende de esclarecer a tendência com relação à opinião eleitoral a cercada dos candidatos, buscando identificar o perfil dos entrevistados, assim sendo foram analisados criteriosamente os fatores estatístico amostrais: idade, sexo, grau de instrução, faixa de renda bem como a situação da cidade onde fora executada a pesquisa, a fim de ter um planejamento eficiente e condizente como os recursos disponível. Amostragem aleatória simples, método PPT (Probabilidade Proporcional ao Tamanho), consiste em uma amostragem onde um conjunto de indivíduos podem ser selecionados totalmente ao acaso a partir de um conjunto maior (a população) por um processo que garanta: 1- Todos os indivíduos da população têm a mesma probabilidade de ser escolhido para a amostra; e 2- Cada subconjunto possível de indivíduos (amostra) tem a mesma probabilidade de ser escolhido que qualquer outro subconjunto de indivíduos. Se quisermos sermos mais rigorosos poder-se-ia dizer que uma amostra aleatória simples é uma amostra de tamanho n desenhada a partir de uma população de tamanho N de tal maneira que cada amostra possível de tamanho n tem a mesma probabilidade de ser selecionada. A amostra será representativa dos eleitores das áreas pesquisadas e será selecionada em duas etapas. Na primeira etapa realiza-se um sorteio probabilístico das localidades onde as entrevistas serão realizadas através do método PPT (Probabilidade Proporcional ao Tamanho), considerando a população com 16 anos ou mais residente nas localidades como base para essa seleção. Na segunda etapa, a seleção do entrevistado dentro da localidade será feita utilizando-se quotas amostrais proporcionais.";"Desta forma, o tamanho da amostra utilizada foi de 833 (oitocentos e trinta e três), onde fora calculado como base na população dos municípios pertencente ao estado de Paraíba na Zona da Mata Região Leste. Alagoa Grande, Alagoinha, Araçagi, Bananeiras, Belém, Cuitegi, Guarabira e Solânea, através de amostragem aleatória simples, e através de entrevistas pessoais com eleitores com 16 anos ou mais, como nos indica o plano amostral a seguir: GÊNERO: homens 47,01% e mulheres 52,99%. FAIXA ETÁRIA: de 16 a 24 anos: 13,48%, de 25 a 34 anos: 19,55%, de 35 a 44 anos 19,56%, de 45 a 59 anos: 24,89% e de 60 a mais 22,52%. ESCOLARIDADE: Analfabeto, 9,27%, lê e escreve 17,56%, Ensino fundamental incompleto 23,57%, Ensino fundamental completo 3,93%, Ensino médio incompleto 15,72%, Ensino médio completo 19,64%, Ensino superior incompleto 4,10% e Ensino superior completo 6,20% DE RENDA NOMINAL MENSAL: Sem Rendimento 1,86%, Até 1/2 SM 25,33%, Mais de 1/2 a 1SM 41,10%, Mais 1 até 2 salários mínimos 17,52%, Mais de 2 a 5 salários mínimos: 11,54%, Mais de 5 SM até 10 SM 1,98%, Mais de 10 a 20 SM 0,59% e acima de 20 SM 0,09%. Está prevista eventual ponderação para correção das variáveis gênero e faixa etária, com base nos percentuais acima apresentados, caso ocorram diferenças superiores a 4,0 (quatro vírgula zero) pontos percentuais entre o previsto na amostra e a coleta realizada, para as variáveis escolaridade e renda domiciliar mensal, o fator de ponderação é igual a 1 (resultados obtidos no campo). Fonte dos dados: TSE ? dezembro de 2025 para Faixa Etária/Escolaridade e IBGE Censo 2020 para Nível Econômico. O nível de confiança estimado é de 95% (noventa e cinco por cento) para uma margem de erro estimada, considerando uma técnica de amostragem aleatória simples, de aproximadamente 3,4 (três virgula quatro pontos percentuais para mais ou para menos) sobre os resultados obtidos. É imperioso esclarecer que não existe a possibilidade de se descartar a consulta do Censo 2022 do IBGE, pois a informação sobre a faixa de renda domiciliar não consta na base de dados atualizada do IBGE conforme pode ser facilmente verificado no site oficial deles ao clicar no item localizado no canto esquerdo da página inicial, denominado como PESQUISA onde apenas aparece o CENSO de 2022. Segundo o próprio IBGE ainda não foram compilados tais dados.";"A organização e todos os dados foram coletados de forma transparente, respeitosa e precisa, seguindo rigorosamente os critérios estatísticos que garante a confiabilidade e facilidade de acesso a informações que busca e firmar sua opinião eleitoral acerca da temática. Para a realização da pesquisa, foi utilizada uma equipe de entrevistadores, um fiscal de campo e um supervisor devidamente treinado pelo Instituto de Pesquisa de Gestão e Política Paraibana (IPGPP), com experiência em pesquisas de opinião pública. O trabalho de campo é acompanhado ininterruptamente por um supervisor que checa a visita nos bairros e áreas pré-definidas visando manter o equilíbrio e a qualidade da amostra conforme as ponderações especificadas. Após o trabalho de campo, os questionários são auditados, em, no mínimo, 20% (vinte por cento). No escritório da empresa, antes da tabulação dos dados, todos os questionários da amostra são analisados e conferidos criteriosamente, como também as planilhas de fiscalização adotadas no trabalho de campo. Houve filtragem em todos os questionários após a realização das entrevistas. Vale enfatizar que a pesquisa foi realizada de 24 a 31 de janeiro do corrente ano, foram realizadas com pessoas entre as faixas etárias de 16 a 60 anos ou mais. Utilizou-se questionários elaborados de acordo com os objetivos da pesquisa.";"Foram realizadas as seguintes quantidades de entrevistas nos respectivos municípios, contemplando tanto a zona urbana quanto a zona rural: Alagoa Grande (123 entrevistas), Alagoinha (65 entrevistas), Araçagi (77 entrevistas), Bananeiras (100 entrevistas), Belém (71 entrevistas), Cuitegi (33 entrevistas), Guarabira (230 entrevistas) e Solânea (134 entrevistas)."
"21/07/2026";"05:46:28";2026;81;"Eleições Gerais 2026";"PB";"PB";"PARAÍBA";"PB045832026";"2026-01-22 22:22:25";"N";"10956929000142";"ANOVA - INOVACAO E INTELIGENCIA EM PESQUISAS LTDA";"ANOVA INSTITUTO DE PESQUISA";"Governador, Senador";"2026-01-24 00:00:00";"2026-01-26 00:00:00";"2026-01-28 00:00:00";2000;"Conre 8179 5ª Região";"BRUNO AGRA FERREIRA";"20000,00";"Pesquisa quantitativa, através de entrevistas pessoais e domiciliares, com aplicação de questionários estruturados e padronizados junto a amostra representativa da população pesquisada. Utilizando meio eletrônico para coleta das entrevistas.";"I) Público pesquisado: eleitores do estado da Paraíba com 16 anos ou mais. II) Tipo de amostra: A amostra é representativa do eleitorado do estado da Paraíba, selecionadas em três estágios (Município/Bairro/Domicílio): No primeiro estágio fez-se um sorteio probabilísticos dos municípios pesquisados dentro de cada mesorregião, pelo método da probabilidade proporcional ao tamanho (PPT), tomando a população de cada município, como base para tal seleção. No segundo estágio, dentro dos municípios sorteados serão selecionados aleatoriamente bairros onde as entrevistas serão realizadas. No terceiro estágio, dentro dos bairros selecionados, os entrevistados serão selecionados através de cotas proporcionais de Sexo, Faixa Etária e Escolaridade de acordo com o perfil do eleitorado em estudo. Fonte de dados: TSE e TRE - PB, Dezembro de 2025 (https://sig.tse.jus.br/ords/dwapr/r/seai/sig-eleitor-eleitorado-mensal/perfil-do-eleitorado-mensal?p0_uf=PB&session=206709422890225) e IBGE 2022 (https://www.ibge.gov.br/estatisticas/sociais/populacao/22827-censo-demografico-2022.html?edicao=41852&t=resultados) para os dados da população. III) Tamanho da amostra: 2000 entrevistas. IV) Ponderação: sendo 53,0% do sexo feminino e 47,0% do sexo masculino, sobre as estimativas das faixas etárias, sendo 13,0% de 16 a 24 anos, 20,0% de 25 a 34 anos, 20,0% de 35 a 44 anos, 25,0% de 45 a 59 anos e 22,0% de 60 e mais anos. Já a ponderação das variáveis: Grau de Instrução: 20,0% do somatório de analfabetos/lê e escreve, 28,0% ensino fundamental (somatório de incompleto e completo), 38,0% ensino médio (somatório de incompleto e completo), 14,0% Superior (somatório de completo e incompleto) Fonte de dados: TSE, Dezembro de 2025 e Nível Econômico: 78,0% sem rendimentos/ até R$ 1.621,00, 16,0% de R$ 1.621,01 até R$ 4.863,00 e 6,0% acima de R$ 4.863,01 Fonte de dados IBGE 2010 (https://cidades.ibge.gov.br/brasil/pb/pesquisa/23/22787?detalhes=true ) Observação: Conforme informações disponibilizadas pelo Instituto Brasileiro de Geografia e Estatística (IBGE), não houve ¿ nem há previsão ¿ de divulgação do perfil econômico (nível econômico) da população brasileira no âmbito do Censo Demográfico de 2022 (https://censo2022.ibge.gov.br/panorama/), para essa variável será adotado o fator de ponderação igual a 1, correspondente aos resultados obtidos em campo, caso seja verificada diferença superior à margem de erro prevista no estudo entre a projeção da amostra baseada nos dados do IBGE 2010 e os dados efetivamente coletados. Para as variáveis de sexo, idade e grau de instrução, está previsto uma eventual ponderação, nos limites da margem de erro, para correção nos tamanhos das variáveis, caso ocorra uma diferença entre a previsão da amostra e a coleta dos dados realizados sobre a faixa de eleitores acima de 16 anos. V) Área física de realização da pesquisa: A amostra será feita sobre a cobertura geográfica do estado da Paraíba. VI) Intervalo de Confiança/Margem de Erro: O intervalo de confiança estimado é de 95,0% e a margem de erro máxima estimada é de 2,2 pontos percentuais para mais ou para menos sobre os resultados encontrados no total da amostra, não devendo considerar este Grau de Confiança e Margem de Erro para os resultados dentro de cada extrato e nem muito menos para os resultados gerados pelos cruzamentos de variáveis. Utilizando o cálculo amostral pela proporção [estimador = p e (1-p)]. Certificado Digital A1 SERIE: 73 4A 60 42 D2 21 F4 F1 EMISSOR: AC SAFEWEB RFB v5 Bruno Agra Ferreira CPF (02785658400).";"Para a realização da pesquisa utiliza-se uma equipe de entrevistadores e coordenadores de campo devidamente treinados para o trabalho da INSTITUTO ANOVA. As entrevistas são pessoais e domiciliares, feitas por meio de questionário estruturado, aplicando-se apenas um questionário por domicílio, respeitando as cotas pré-determinadas. Durante a realização dos trabalhos de campo, os entrevistadores são submetidos a uma fiscalização permanente por parte dos coordenadores de campo e são realizadas checagem de 20% da amostra para atestar a realização das entrevistas e a fidedignidade dos dados apurados, garantindo-se dessa forma, o grau de precisão dos estimadores, em função dos parâmetros previamente estabelecidos.";"A amostra será feita sobre a cobertura geográfica representada por 04(quatro) mesorregiões (Mata Paraibana, Agreste Paraibano, Borborema e Sertão Paraibano), abrangendo 70 municípios (João Pessoa, Campina Grande, Santa Rita, Patos, Bayeux, Sousa, Cajazeiras, Guarabira, Cabedelo, Sapé, Mamanguape, Queimadas, Pombal, Monteiro, Esperança, São Bento, Catolé do Rocha, Alagoa Grande, Solânea, Pedras de Fogo, Areia, Lagoa Seca, Itabaiana, Rio Tinto, Itaporanga, Bananeiras, Mari, Cuité, Conde, Aroeiras, São José de Piranhas, Conceição, Picuí, Caaporã, São João do Rio do Peixe, Santa Luzia, Alhandra, Serra Branca, Teixeira, Alagoa Nova, Bonito de Santa Fé, Ingá, Remígio, Aparecida, Boqueirão, Juazeirinho, Sumé, Taperoá, Caturité, Princesa Isabel, Coremas, Uiraúna, Tavares, Brejo do Cruz, Juru, Imaculada, Jericó, Piancó, Condado, Cabaceiras, Paulista, Araruna, Ibiara, Itapororoca, Marcação, Cacimba de Dentro, Barra de Santa Rosa, Soledade, São Sebastião de Lagoa de Roça e São João do Cariri), com partilha proporcional sobre o potencial populacional de cada uma das áreas. Bairros de João Pessoa: Industrias, Funcionários, João Paulo II, Gramame, José Américo, Ernesto Geisel, Cristo Redentor, Varjão, Jardim Cidade Universitária, Bancários, Mangabeira, Valentina, Paratibe, Tambaú, Manaíra, Jardim Oceania, Bessa, Aeroclube, Alto do Céu, Mandacaru, Ipês, Roger, Torre, Castelo Branco, Miramar, Cruz das Armas, Oitizeiro, Jaguaribe, Alto do Mateus, Jardim Veneza, Costa e Silva, Ernani Sátiro, Grotão, Cuiá, Muçumago, Planalto da Boa Esperança, Tambauzinho, Expedicionários, Estados, Costa do Sol, Altiplano Cabo Branco, Cabo Branco, São José, Mumbaba, Treze de Maio, Padre Zé, Trincheiras, Tambiá, Ilha do Bispo e Água Fria. Bairros de Campina Grande: Malvinas, Catolé, José Pinheiro, Liberdade, Cruzeiro, Bodocongó, Três Irmãs, Santa Rosa, Jeremias, Santa Cruz, Nova Brasília, Acácio Figueiredo, Alto Branco, Pedregal, Monte Castelo, Centenário, Jardim Paulistano, Tambor, Monte Santo, Centro, Serrotão, São José da Mata, Sandra Cavalcante, Bela Vista, Cidades, Velame, Palmeira, Dinamérica, Galante e Quarenta."
"21/07/2026";"05:46:28";2026;81;"Eleições Gerais 2026";"PB";"PB";"PARAÍBA";"PB066392026";"2026-03-09 21:36:31";"S";"62695016000113";"INSTITUTO DE PESQUISA DE GESTAO E POLITICA PARAIBANO LTDA";"INSTITUTO DE PESQUISA PODIUM";"Governador, Senador, Deputado Federal, Deputado Estadual";"2026-03-07 00:00:00";"2026-03-07 00:00:00";"2026-03-15 00:00:00";106;"8.532";"Hildete Alves da Costa";"1655,00";"Pesquisa quantitativa, que consiste na realização de entrevistas, com a aplicação de questionário estruturado junto a uma amostra representativa do eleitorado referente aos municípios da unidade da federação. Assim como em sua parte conceitual, a pesquisa foi realizada no município de Sapé, do estado da Paraíba, tende de esclarecer a tendência com relação à opinião eleitoral acerca dos candidatos, buscando identificar o perfil dos entrevistados, assim sendo foram analisados criteriosamente os fatores estatístico-amostrais: idade, sexo, grau de instrução, faixa de renda, bem como a situação da cidade onde fora executada a pesquisa, a fim de ter um planejamento eficiente e condizente com os recursos disponíveis. Amostragem aleatória simples, método PPT (Probabilidade Proporcional ao Tamanho), consiste em uma amostragem onde um conjunto de indivíduos podem ser selecionados totalmente ao acaso a partir de um conjunto maior (a população) por um processo que garanta: 1- Todos os indivíduos da população têm a mesma probabilidade de ser escolhido para a amostra; e 2- Cada subconjunto possível de indivíduos (amostra) tem a mesma probabilidade de ser escolhido que qualquer outro subconjunto de indivíduos. Se quisermos sermos mais rigorosos poder-se-ia dizer que uma amostra aleatória simples é uma amostra de tamanho n desenhada a partir de uma população de tamanho N de tal maneira que cada amostra possível de tamanho n tem a mesma probabilidade de ser selecionada. A amostra será representativa dos eleitores das áreas pesquisadas e será selecionada em duas etapas. Na primeira etapa realiza-se um sorteio probabilístico das localidades onde as entrevistas serão realizadas através do método PPT (Probabilidade Proporcional ao Tamanho), considerando a população com 16 anos ou mais residente nas localidades como base para essa seleção. Na segunda etapa, a seleção do entrevistado dentro da localidade será feita utilizando-se quotas amostrais proporcionais.";"Desta forma, o tamanho da amostra utilizada para o município de Sapé foi de 106, onde fora calculado como base na população do município, através de amostragem aleatória simples e de entrevistas pessoais com eleitores com 16 anos ou mais, como nos indica o plano amostral a seguir: GÊNERO: homens (46,92%) e mulheres (53,08%); FAIXA ETÁRIA: de 16 a 24 anos (13,47%), de 25 a 34 anos (19,94%), de 35 a 44 anos (20,58%), de 45 a 59 anos (25,37%) e de 60 anos a mais (20,63%); ESCOLARIDADE: Analfabeto (11,34%), lê e escreve (17,21%), ensino fundamental incompleto (22,9%), ensino fundamental completo (4,24%), ensino médio incompleto (14,91%), ensino médio completo (20,72%), ensino superior incompleto (3,65%) e ensino superior completo (5,02%); RENDA NOMINAL MENSAL: sem rendimento (0,73%), até ½ salário-mínimo (20,9%), mais de ½ a 1 salário-mínimo (43,94%), mais 1 até 2 salários-mínimos (24,43%), mais de 2 a 5 salários-mínimos (8,76%), mais de 5 salários-mínimos até 10 salários-mínimos (0,87%), mais de 10 a 20 salários-mínimos (0,21%) e acima de 20 salários-mínimos (0,16%). Está prevista eventual ponderação para correção das variáveis gênero e faixa etária, com base nos percentuais acima apresentados, caso ocorram diferenças superiores a 4,0 (quatro vírgula zero) pontos percentuais entre o previsto na amostra e a coleta realizada, para as variáveis escolaridade e renda domiciliar mensal, o fator de ponderação é igual a 1 (resultados obtidos no campo). Fonte dos dados: TSE ¿ janeiro de 2026 para faixa etária/escolaridade e IBGE Censo 2022 para nível econômico. O nível de confiança estimado é de 95% (noventa e cinco por cento) para uma margem de erro estimada, considerando uma técnica de amostragem aleatória simples, de aproximadamente 9,5% (nove vírgula cinco pontos percentuais) para mais ou para menos sobre os resultados obtidos.";"A organização e todos os dados foram coletados de forma transparente, respeitosa e precisa, seguindo rigorosamente os critérios estatísticos que garante a confiabilidade e facilidade de acesso a informações que busca e firmar sua opinião eleitoral acerca da temática. Para a realização da pesquisa, foi utilizada uma equipe de entrevistadores, um fiscal de campo e um supervisor devidamente treinado pelo Instituto de Pesquisa de Gestão e Política Paraibano (IPGPP), com experiência em pesquisas de opinião pública. O trabalho de campo é acompanhado ininterruptamente por um supervisor que checa a visita nos bairros e áreas pré-definidas visando manter o equilíbrio e a qualidade da amostra conforme as ponderações especificadas. Após o trabalho de campo, os questionários são auditados, em, no mínimo, 20% (vinte por cento). No escritório da empresa, antes da tabulação dos dados, todos os questionários da amostra são analisados e conferidos criteriosamente, como também as planilhas de fiscalização adotadas no trabalho de campo. Houve filtragem em todos os questionários após a realização das entrevistas. Vale enfatizar que a pesquisa foi realizada em 7 de março do corrente ano, foram realizadas com pessoas entre as faixas etárias de 16 a 60 anos ou mais. Utilizou-se questionários elaborados de acordo com os objetivos da pesquisa.";"Foram realizadas 106 entrevistas no município de Sapé, contemplando tanto a zona urbana quanto a zona rural."
"21/07/2026";"05:46:28";2026;81;"Eleições Gerais 2026";"PB";"PB";"PARAÍBA";"PB023042026";"2026-06-14 14:22:28";"S";"62695016000113";"INSTITUTO DE PESQUISA DE GESTAO E POLITICA PARAIBANO LTDA";"INSTITUTO DE PESQUISA PODIUM";"Governador, Senador";"2026-06-13 00:00:00";"2026-06-13 00:00:00";"2026-06-20 00:00:00";586;"8.532";"Hildete Alves da Costa";"5860,00";"Pesquisa quantitativa, que consiste na realização de entrevistas, com a aplicação de questionário estruturado junto a uma amostra representativa do eleitorado referente aos municípios da Unidade da Federação. Assim como em sua parte conceitual a pesquisa realizada no município do Estado da Paraíba de Alagoa Grande, tende de esclarecer a tendência com relação à opinião eleitoral acerca dos candidatos, buscando identificar o perfil dos entrevistados, assim sendo foram analisados criteriosamente os fatores estatístico amostrais: idade, sexo, grau de instrução, faixa de renda bem como a situação da cidade onde fora executada a pesquisa, a fim de ter um planejamento eficiente e condizente com os recursos disponíveis. A amostragem será realizada pelo método PPT (Probabilidade Proporcional ao Tamanho), sendo a amostra total dividida em subamostras. Em cada subamostra será aplicada a amostragem aleatória simples, garantindo que todas as unidades da população tenham a mesma probabilidade de serem selecionadas. Esse procedimento garante que os indivíduos sejam escolhidos de forma totalmente aleatória, preservando a representatividade estatística e evitando vieses na seleção: 1- Todos os indivíduos da população têm a mesma probabilidade de ser escolhido para a amostra; e 2- Cada subconjunto possível de indivíduos (amostra) tem a mesma probabilidade de ser escolhido que qualquer outro subconjunto de indivíduos. Se quisermos sermos mais rigorosos poder-se-ia dizer que uma amostra aleatória simples é uma amostra de tamanho n desenhada a partir de uma população de tamanho N de tal maneira que cada amostra possível de tamanho n tem a mesma probabilidade de ser selecionada. A amostra será representativa dos eleitores das áreas pesquisadas e será selecionada em duas etapas. Na primeira etapa realiza-se um sorteio probabilístico das localidades onde as entrevistas serão realizadas através do método PPT (Probabilidade Proporcional ao Tamanho), considerando a população com 16 anos ou mais residente nas localidades como base para essa seleção. Na segunda etapa, a seleção do entrevistado dentro da localidade será feita utilizando-se quotas amostrais proporcionais.";"Desta forma, o tamanho da amostra utilizada para o município de Alagoa Grande foi de 586, onde fora calculado como base na população do município, através de amostragem aleatória simples, e através de entrevistas pessoais com eleitores com 16 anos ou mais, como nos indica o plano amostral a seguir: GÊNERO: homens 47,67 % e mulheres 52,33%. FAIXA ETÁRIA: de 16 a 24 anos: 14,40%, 25 a 34 anos 19,85 %, de 35 a 44 anos 18,77%, de 45 a 59 anos: 23,96% e de 60 a mais 23,02%. ESCOLARIDADE: Analfabeto 11,49%, lê e escreve 16,97, Ensino fundamental incompleto 27,15%, Ensino fundamental completo 3,03%, Ensino médio incompleto 15,20%, Ensino médio completo 17,39%, Ensino superior incompleto 3,77% e Ensino superior completo 5,01%. DE RENDA NOMINAL MENSAL: Sem Rendimento 1,84%, Até 1/4 SM 14,04%, Mais de 1/4 a ½ SM 14,78%, mais de ½ a 1 SM 42,69%, Mais 01 até 02 salários mínimos 16,54%, Mais de 02 a 03 salários mínimos: 4,97% Mais de 3 SM até 5 SM 3,45%, Mais de 05 a 10 SM 1,30% Mais de 10 a 15 SM 0,27%, Mais de 15 a 20 SM 0,12% e acima de 20 SM 0,0%. Está prevista eventual ponderação para correção das variáveis de controle, gênero, faixa etária, escolaridade e renda com base nos percentuais acima apresentados, caso ocorram diferenças superiores a 4,0 (quatro vírgulas zero) pontos percentuais entre o previsto na amostra e a coleta realizada. Fonte dos dados: TSE ¿ maio de 2026 para Gênero/Faixa Etária/Escolaridade e IBGE Censo 2022 para Nível Econômico. O nível de confiança estimado é de 95% (noventa e cinco por cento) para uma margem de erro estimada nos termos da resolução nº 23.600/2019 do TSE considerando uma técnica de amostragem aleatória simples, de aproximadamente 4% (quatro pontos percentuais para mais ou para menos) sobre os resultados obtidos.";"A organização e todos os dados foram coletados de forma transparente, respeitosa e precisa, seguindo rigorosamente os critérios estatísticos que garante a confiabilidade e facilidade de acesso a informações que busca e firmar sua opinião eleitoral acerca da temática. Para a realização da pesquisa, foi utilizada uma equipe de entrevistadores, um fiscal de campo e um supervisor devidamente treinado pela Empresa Instituto de Pesquisa de Gestão e Política Paraibano - IPGPP, com experiência em pesquisas de opinião pública. O trabalho de campo é acompanhado ininterruptamente por um supervisor que checa a visita nos bairros e áreas pré-definidas visando manter o equilíbrio e a qualidade da amostra conforme as ponderações especificadas. Após o trabalho de campo, os questionários são auditados, em no mínimo 20% (vinte por cento). No escritório da empresa, antes da tabulação dos dados, todos os questionários da amostra são analisados e conferidos criteriosamente, como também as planilhas de fiscalização adotadas no trabalho de campo. Houve filtragem em todos os questionários após a realização das entrevistas. Vale enfatizar que a pesquisa foi realizada em 13 de junho do corrente ano, foram realizadas com pessoas entre as faixas etárias de 16 a 60 anos ou mais. Utilizou-se questionários elaborados de acordo com os objetivos da pesquisa.";"O campo ""Dados relativos aos municípios e bairros"" pode ser preenchido tanto no momento do cadastro da pesquisa como a partir do dia em que a pesquisa puder ser divulgada e até o dia seguinte, de acordo com a resolução nº 23.600/2019, do Tribunal Superior Eleitoral (TSE).
"
"21/07/2026";"05:46:28";2026;81;"Eleições Gerais 2026";"PB";"PB";"PARAÍBA";"PB036862026";"2026-06-11 18:45:52";"S";"62695016000113";"INSTITUTO DE PESQUISA DE GESTAO E POLITICA PARAIBANO LTDA";"INSTITUTO DE PESQUISA PODIUM";"Governador, Senador";"2026-06-09 00:00:00";"2026-06-11 00:00:00";"2026-06-17 00:00:00";573;"8.532";"Hildete Alves da Costa";"5730,00";"Pesquisa quantitativa, que consiste na realização de entrevistas, com a aplicação de questionário estruturado junto a uma amostra representativa do eleitorado referente aos municípios da Unidade da Federação. Assim como em sua parte conceitual a pesquisa realizada no município do Estado da Paraíba de Alagoinha, tende de esclarecer a tendência com relação à opinião eleitoral acerca dos candidatos, buscando identificar o perfil dos entrevistados, assim sendo foram analisados criteriosamente os fatores estatístico amostrais: idade, sexo, grau de instrução, faixa de renda bem como a situação da cidade onde fora executada a pesquisa, a fim de ter um planejamento eficiente e condizente como os recursos disponíveis. A amostragem será realizada pelo método PPT (Probabilidade Proporcional ao Tamanho), sendo a amostra total dividida em subamostras. Em cada subamostra será aplicada a amostragem aleatória simples, garantindo que todas as unidades da população tenham a mesma probabilidade de serem selecionadas. Esse procedimento garante que os indivíduos sejam escolhidos de forma totalmente aleatória, preservando a representatividade estatística e evitando vieses na seleção: 1- Todos os indivíduos da população têm a mesma probabilidade de ser escolhido para a amostra; e 2- Cada subconjunto possível de indivíduos (amostra) tem a mesma probabilidade de ser escolhido que qualquer outro subconjunto de indivíduos. Se quisermos sermos mais rigorosos poder-se-ia dizer que uma amostra aleatória simples é uma amostra de tamanho n desenhada a partir de uma população de tamanho N de tal maneira que cada amostra possível de tamanho n tem a mesma probabilidade de ser selecionada. A amostra será representativa dos eleitores das áreas pesquisadas e será selecionada em duas etapas. Na primeira etapa realiza-se um sorteio probabilístico das localidades onde as entrevistas serão realizadas através do método PPT (Probabilidade Proporcional ao Tamanho), considerando a população com 16 anos ou mais residente nas localidades como base para essa seleção. Na segunda etapa, a seleção do entrevistado dentro da localidade será feita utilizando-se quotas amostrais proporcionais.";"Desta forma, o tamanho da amostra utilizada para o município de Alagoinha foi de 573, onde fora calculado como base na população do município, através de amostragem aleatória simples, e através de entrevistas pessoais com eleitores com 16 anos ou mais, como nos indica o plano amostral a seguir: GÊNERO: homens 48,32 % e mulheres 51.68%. FAIXA ETÁRIA: de 16 a 24 anos: 15,73%, 25 a 34 anos 20,52 %, de 35 a 44 anos 19,45%, de 45 a 59 anos: 24,67% e de 60 a mais 19,62%. ESCOLARIDADE: Analfabeto 11,39%, lê e escreve 16,88%, Ensino fundamental incompleto 23,63%, Ensino fundamental completo 3,74%, Ensino médio incompleto 17,88%, Ensino médio completo 18,62%, Ensino superior incompleto 2,89% e Ensino superior completo 4,98%. DE RENDA NOMINAL MENSAL: Sem Rendimento 1,43%, Até 1/4 SM 11,68%, Mais de 1/4 a ½ SM 11,21%, mais de ½ a 1 SM 44,59%, Mais 01 até 02 salários mínimos 21,16%, Mais de 02 a 03 salários mínimos: 4,77% Mais de 3 SM até 5 SM 3,40%, Mais de 05 a 10 SM  1,76% Mais de 10 a 15 SM  0,00%, Mais de 15 a 20 SM 0,00% e acima de 20 SM 0,0%. Está prevista eventual ponderação para correção das variáveis de controle, gênero, faixa etária, escolaridade e renda com base nos percentuais acima apresentados, caso ocorram diferenças superiores a 4,0 (quatro vírgulas zero) pontos percentuais entre o previsto na amostra e a coleta realizada. Fonte dos dados: TSE ¿ maio de 2026 para Gênero/Faixa Etária/Escolaridade e IBGE Censo 2022 para Nível Econômico. O nível de confiança estimado é de 95% (noventa e cinco por cento) para uma margem de erro estimada nos termos da resolução nº 23.600/2019 do TSE considerando uma técnica de amostragem aleatória simples, de aproximadamente 4% (quatro pontos percentuais para mais ou para menos) sobre os resultados obtidos.";"A organização e todos os dados foram coletados de forma transparente, respeitosa e precisa, seguindo rigorosamente os critérios estatísticos que garante a confiabilidade e facilidade de acesso a informações que busca e firmar sua opinião eleitoral acerca da temática. Para a realização da pesquisa, foi utilizada uma equipe de entrevistadores, um fiscal de campo e um supervisor devidamente treinado pela Empresa Instituto de Pesquisa de Gestão e Política Paraibano - IPGPP, com experiência em pesquisas de opinião pública. O trabalho de campo é acompanhado ininterruptamente por um supervisor que checa a visita nos bairros e áreas pré-definidas visando manter o equilíbrio e a qualidade da amostra conforme as ponderações especificadas. Após o trabalho de campo, os questionários são auditados, em no mínimo 20% (vinte por cento). No escritório da empresa, antes da tabulação dos dados, todos os questionários da amostra são analisados e conferidos criteriosamente, como também as planilhas de fiscalização adotadas no trabalho de campo. Houve filtragem em todos os questionários após a realização das entrevistas. Vale enfatizar que a pesquisa foi realizada de 9 a 11 de junho do corrente ano, foram realizadas com pessoas entre as faixas etárias de 16 a 60 anos ou mais. Utilizou-se questionários elaborados de acordo com os objetivos da pesquisa.";"O campo ""Dados relativos aos municípios e bairros"" pode ser preenchido tanto no momento do cadastro da pesquisa como a partir do dia em que a pesquisa puder ser divulgada e até o dia seguinte, de acordo com a resolução nº 23.600/2019, do Tribunal Superior Eleitoral (TSE)."
"21/07/2026";"05:46:28";2026;81;"Eleições Gerais 2026";"PB";"PB";"PARAÍBA";"PB033332026";"2026-07-12 20:28:51";"S";"62695016000113";"INSTITUTO DE PESQUISA DE GESTAO E POLITICA PARAIBANO LTDA";"INSTITUTO DE PESQUISA PODIUM";"Governador, Senador";"2026-07-06 00:00:00";"2026-07-11 00:00:00";"2026-07-18 00:00:00";2000;"8.532";"Hildete Alves da Costa";"20000,00";"Pesquisa quantitativa, que consiste na realização de entrevistas, com a aplicação de questionário estruturado junto a uma amostra representativa do eleitorado referente aos municípios da Unidade da Federação. Assim como em sua parte conceitual a pesquisa foi realizada em 23 municípios do Estado da Paraíba, abrangendo todas as Regiões Geográficas Imediatas e Regiões Geográficas Intermediárias do estado. Os municípios incluídos foram Alagoa Grande, Bayeux, Cabedelo, Cajazeiras, Campina Grande, Cuité, Esperança, Guarabira, Itabaiana, Itaporanga, João Pessoa, Mamanguape, Monteiro, Patos, Pedras de Fogo, Pombal, Princesa Isabel, Queimadas, Santa Rita, São Bento, Sapé, Sousa e Sumé, tende de esclarecer a tendência com relação à opinião eleitoral acerca dos candidatos, buscando identificar o perfil dos entrevistados, assim sendo foram analisados criteriosamente os fatores estatístico amostrais: idade, sexo, grau de instrução, faixa de renda bem como a situação da cidade onde fora executada a pesquisa, a fim de ter um planejamento eficiente e condizente como os recursos disponível. A amostragem será realizada pelo método PPT (Probabilidade Proporcional ao Tamanho), sendo a amostra total dividida em subamostras. Em cada subamostra será aplicada a amostragem aleatória simples, garantindo que todas as unidades da população tenham a mesma probabilidade de serem selecionadas. Esse procedimento assegura a aleatoriedade interna de cada parte da amostra e mantém a representatividade estatística do conjunto. 1- Todos os indivíduos da população têm a mesma probabilidade de ser escolhido para a amostra; e 2- Cada subconjunto possível de indivíduos (amostra) tem a mesma probabilidade de ser escolhido que qualquer outro subconjunto de indivíduos. Se quisermos sermos mais rigorosos poder-se-ia dizer que uma amostra aleatória simples é uma amostra de tamanho n desenhada a partir de uma população de tamanho N de tal maneira que cada amostra possível de tamanho n tem a mesma probabilidade de ser selecionada. A amostra será representativa dos eleitores do Estado da Paraíba e será selecionada em duas etapas. Na primeira etapa realiza-se um sorteio probabilístico das localidades onde as entrevistas serão realizadas através do método PPT (Probabilidade Proporcional ao Tamanho), considerando a população com 16 anos ou mais residente nas localidades como base para essa seleção. Na segunda etapa, a seleção do entrevistado dentro da localidade será feita utilizando-se quotas amostrais proporcionais.";"Desta forma, o tamanho da amostra utilizada foi de 2.000 (dois mil), onde fora calculado como base na população dos municípios citados, através de amostragem aleatória simples, e através de entrevistas pessoais com eleitores com 16 anos ou mais, como nos indica o plano amostral a seguir: GÊNERO: homens 47,08% e mulheres 52,92%. FAIXA ETÁRIA: de 16 a 24 anos: 13,57%, de 25 a 34 anos: 19,37%, de 35 a 44 anos 20,09%, de 45 a 59 anos: 25,03% e de 60 a mais 21,93%. ESCOLARIDADE: Analfabeto, 6,36%, lê e escreve 12,74%, Ensino fundamental incompleto 23,16%, Ensino fundamental completo 4,58%, Ensino médio incompleto 16,69%, Ensino médio completo 22,67%, Ensino superior incompleto 5,3% e Ensino superior completo 8,5%. DE RENDA NOMINAL MENSAL: Sem Rendimento 1,38%, Até 1/2 SM 19,53%, Mais de 1/2 a 1SM 38,05%, Mais 01 até 02 salários mínimos 22,16%, Mais de 02 a 05 salários mínimos: 13,92%, Mais de 5 SM até 10 SM 3,36%, Mais de 10 a 20 SM  1,25% e acima de 20 SM 0,35%. A coleta de dados seguirá quotas proporcionais fixas para a variável gênero e quotas flexíveis para idade, escolaridade e renda. Será admitida uma margem de flexibilização de 4,0 (quatro vírgula zero) pontos percentuais, para mais ou para menos, nas variáveis flexíveis. Caso sejam identificadas diferenças superiores a esse limite entre a distribuição prevista na amostra e os resultados obtidos em campo, será aplicada ponderação sobre idade, escolaridade e renda, de modo a corrigir eventuais desequilíbrios na composição da amostra. Após a etapa de coleta, na fase de processamento e tabulação dos dados, será aplicado um fator de ponderação sobre as variáveis de controle, com o objetivo de ajustar possíveis desvios ocorridos durante o trabalho de campo e garantir que a amostra final fique mais próxima do perfil real da população. Fonte dos dados: TSE ¿ abril de 2026 para Gênero, Faixa Etária e Escolaridade e IBGE Censo 2022 para Nível Econômico. O nível de confiança estimado é de 95% (noventa e cinco por cento) para uma margem de erro estimada, considerando uma técnica de amostragem aleatória simples, de aproximadamente 2,19 (dois vírgula dezenove percentuais) para mais ou para menos sobre os resultados obtidos.";"A organização e todos os dados foram coletados de forma transparente, respeitosa e precisa, seguindo rigorosamente os critérios estatísticos que garante a confiabilidade e facilidade de acesso a informações que busca e firmar sua opinião eleitoral acerca da temática. Para a realização da pesquisa, foi utilizada uma equipe de entrevistadores, um fiscal de campo e um supervisor devidamente treinado pela Empresa Instituto de Pesquisa de Gestão e Política Paraibano - IPGPP, com experiência em pesquisas de opinião pública. O trabalho de campo é acompanhado ininterruptamente por um supervisor que checa a visita nos bairros e áreas pré-definidas visando manter o equilíbrio e a qualidade da amostra conforme as ponderações especificadas. Após o trabalho de campo, os questionários são auditados, em no mínimo 20% (vinte por cento). No escritório da empresa, antes da tabulação dos dados, todos os questionários da amostra são analisados e conferidos criteriosamente, como também as planilhas de fiscalização adotadas no trabalho de campo. Houve filtragem em todos os questionários após a realização das entrevistas. Vale enfatizar que a pesquisa foi realizada de 6 a 11 de julho do corrente ano, foram realizadas com pessoas entre as faixas etárias de 16 a 60 anos ou mais. Utilizou-se questionários elaborados de acordo com os objetivos da pesquisa.";"Alagoa Grande, Bayeux (Alto da Boa Vista, Baralho, Brasília, Centro, Comercial Norte, Imaculada, Jardim Aeroporto, Jardim São Severino, Jardim São Vicente, Mário Andreazza, Rio do Meio, São Bento, Sesi e Tambay), Cabedelo, Cajazeiras, Campina Grande (Acácio Figueiredo, Alto Branco, Aluizio Afonso Campos, Araxá, Bela Vista, Bodocongó, Castelo Branco, Catirina, Catolé, Centenário, Centro de Campina Grande, Cidades, Conceição, Cruzeiro, Cuités, Dinamérica, Distrito de Catolé, Distrito de Galante, Distrito de São José da Mata, Distrito Industrial, Estação Velha, Itararé, Jardim Continental, Jardim Itararé, Jardim Paulistano, Jardim Quarenta, Jardim Tavares, Jeremias, José Pinheiro, Lauritzen, Liberdade, Louzeiro, Malvinas, Mirante, Monte Castelo, Monte Santo, Nações, Nova Brasília, Novo Bodocongó, Palmeira, Palmeira Imperial, Pedregal, Prata, Presidente Médici, Quarenta, Ramadinha, Sandra Cavalcante, Santa Cruz, Santa Rosa, Santo Antônio, São Januário, São José, Serrotão, Tambor, Três Irmãs, Universitário, Velame e Vila Cabral), Cuité, Esperança, Guarabira, Itabaiana, Itaporanga, João Pessoa (Aeroclube, Água Fria, Altiplano Cabo Branco, Alto do Céu, Alto do Mateus, Bancários, Bessa, Brisamar, Cabo Branco, Castelo Branco, Centro, Cidade dos Colibris, Costa do Sol, Costa e Silva, Cristo Redentor, Cruz das Armas, Cuiá, Distrito Industrial, Ernani Sátiro, Ernesto Geisel, Estados, Expedicionários, Funcionários, Gramame, Grotão, Ilha do Bispo, Indústrias, Ipês, Jaguaribe, Jardim Cidade Universitária, Jardim Oceania, Jardim São Paulo, Jardim Veneza, João Agripino, João Paulo II, José Américo, Manaíra, Mandacarú, Mangabeira, Miramar, Muçumagro, Mumbaba, Oitizeiro, Padre Zé, Paratibe, Pedro Gondim, Planalto da Boa Esperança, Portal do Sol, Roger, São José, Tambaú, Tambauzinho, Tambiá, Torre, Treze de Maio, Trincheiras, Valentina, Varadouro e Varjão), Mamanguape, Monteiro, Patos, Pedras de Fogo, Pombal, Princesa Isabel, Queimadas, Santa Rita (Açude, Centro, Distrito de Várzea Nova, Distrito Nossa Senhora do Livramento, Heitel Santiago, Jardim Carolina, Jardim Europa, Jardins, Marcos Moura, Naelson Panta Júnior, Popular, Portal de Tibiri, Santo Amaro, Tibiri, Vale de Santa Rita e Vidal de Negreiros), São Bento, Sapé, Sousa e Sumé.
"
"21/07/2026";"05:46:28";2026;81;"Eleições Gerais 2026";"PB";"PB";"PARAÍBA";"PB049012026";"2026-03-20 15:19:37";"S";"62695016000113";"INSTITUTO DE PESQUISA DE GESTAO E POLITICA PARAIBANO LTDA";"INSTITUTO DE PESQUISA PODIUM";"Governador, Senador, Deputado Federal, Deputado Estadual";"2026-03-14 00:00:00";"2026-03-14 00:00:00";"2026-03-26 00:00:00";155;"8.532";"Hildete Alves da Costa";"1550,00";"Pesquisa quantitativa, que consiste na realização de entrevistas, com a aplicação de questionário estruturado junto a uma amostra representativa do eleitorado referente aos municípios da Unidade da Federação. Assim como em sua parte conceitual a pesquisa realizada no município do Estado da Paraíba de Lagoa Seca, tende de esclarecer a tendência com relação à opinião eleitoral a cercada dos candidatos, buscando identificar o perfil dos entrevistados, assim sendo foram analisados criteriosamente os fatores estatístico amostrais: idade, sexo, grau de instrução, faixa de renda bem como a situação da cidade onde fora executada a pesquisa, a fim de ter um planejamento eficiente e condizente como os recursos disponíveis. A amostragem será realizada pelo método PPT (Probabilidade Proporcional ao Tamanho), sendo a amostra total dividida em subamostras. Em cada subamostra será aplicada a amostragem aleatória simples, garantindo que todas as unidades da população tenham a mesma probabilidade de serem selecionadas. Esse procedimento garante que os indivíduos sejam escolhidos de forma totalmente aleatória, preservando a representatividade estatística e evitando vieses na seleção: 1- Todos os indivíduos da população têm a mesma probabilidade de ser escolhido para a amostra; e 2- Cada subconjunto possível de indivíduos (amostra) tem a mesma probabilidade de ser escolhido que qualquer outro subconjunto de indivíduos. Se quisermos sermos mais rigorosos poder-se-ia dizer que uma amostra aleatória simples é uma amostra de tamanho n desenhada a partir de uma população de tamanho N de tal maneira que cada amostra possível de tamanho n tem a mesma probabilidade de ser selecionada. A amostra será representativa dos eleitores das áreas pesquisadas e será selecionada em duas etapas. Na primeira etapa realiza-se um sorteio probabilístico das localidades onde as entrevistas serão realizadas através do método PPT (Probabilidade Proporcional ao Tamanho), considerando a população com 16 anos ou mais residente nas localidades como base para essa seleção. Na segunda etapa, a seleção do entrevistado dentro da localidade será feita utilizando-se quotas amostrais proporcionais.";"Desta forma, o tamanho da amostra utilizada para o município de Lagoa Seca foi de 155, onde fora calculado como base na população do município. através de amostragem aleatória simples, e através de entrevistas pessoais com eleitores com 16 anos ou mais, como nos indica o plano amostral a seguir: GÊNERO: homens 47,7% e mulheres 52,3%. FAIXA ETÁRIA: de 16 a 24 anos: 14,03%, de 25 a 34 anos: 19,64%, de 35 a 44 anos 20,33%, de 45 a 59 anos: 25,6% e de 60 a mais 20,4%. ESCOLARIDADE: Analfabeto, 5,43%, lê e escreve 16,69%, Ensino fundamental incompleto 28,38%, Ensino fundamental completo 5,02%, Ensino médio incompleto 17,23%, Ensino médio completo 20,09%, Ensino superior incompleto 3,37% e Ensino superior completo 3,79%. DE RENDA NOMINAL MENSAL: Sem Rendimento 1,81%, Até 1/2 SM 25,74%, Mais de 1/2 a 1SM 44,3%, Mais 01 até 02 salários mínimos 16,11%, Mais de 02 a 05 salários mínimos: 9,36%, Mais de 5 SM até 10 SM 1,47%, Mais de 10 a 20 SM 0,64% e acima de 20 SM 0,58%. Está prevista eventual ponderação para correção das variáveis gênero e faixa etária, com base nos percentuais acima apresentados, caso ocorram diferenças superiores a 4,0 (quatro vírgulas zero) pontos percentuais entre o previsto na amostra e a coleta realizada, para as variáveis escolaridade e renda domiciliar mensal, o fator de ponderação é igual a 1 (resultados obtidos no campo). Fonte dos dados: TSE ¿ fevereiro de 2026 para Faixa Etária/Escolaridade e IBGE Censo 2022 para Nível Econômico. O nível de confiança estimado é de 90% (noventa por cento) para uma margem de erro estimada, considerando uma técnica de amostragem aleatória simples, de aproximadamente 6,58 (Seis virgula cinquenta e oito pontos percentuais para mais ou para menos) sobre os resultados obtidos.";"A organização e todos os dados foram coletados de forma transparente, respeitosa e precisa, seguindo rigorosamente os critérios estatísticos que garante a confiabilidade e facilidade de acesso a informações que busca e firmar sua opinião eleitoral acerca da temática. Para a realização da pesquisa, foi utilizada uma equipe de entrevistadores, um fiscal de campo e um supervisor devidamente treinado pela Empresa Instituto de Pesquisa de Gestão e Política Paraibano - IPGPP, com experiência em pesquisas de opinião pública. O trabalho de campo é acompanhado ininterruptamente por um supervisor que checa a visita nos bairros e áreas pré-definidas visando manter o equilíbrio e a qualidade da amostra conforme as ponderações especificadas. Após o trabalho de campo, os questionários são auditados, em no mínimo 20% (vinte por cento). No escritório da empresa, antes da tabulação dos dados, todos os questionários da amostra são analisados e conferidos criteriosamente, como também as planilhas de fiscalização adotadas no trabalho de campo. Houve filtragem em todos os questionários após a realização das entrevistas. Vale enfatizar que a pesquisa foi realizada no dia 14 de março do corrente ano, foram realizadas com pessoas entre as faixas etárias de 16 a 60 anos ou mais. Utilizou-se questionários elaborados de acordo com os objetivos da pesquisa.";"Foram realizadas 155 entrevistas no município de Lagoa Seca, contemplando tanto a zona urbana quanto a zona rural."
"21/07/2026";"05:46:28";2026;81;"Eleições Gerais 2026";"PB";"PB";"PARAÍBA";"PB068382026";"2026-03-20 15:04:51";"S";"62695016000113";"INSTITUTO DE PESQUISA DE GESTAO E POLITICA PARAIBANO LTDA";"INSTITUTO DE PESQUISA PODIUM";"Governador, Senador, Deputado Federal, Deputado Estadual";"2026-03-14 00:00:00";"2026-03-14 00:00:00";"2026-03-26 00:00:00";152;"8.532";"Hildete Alves da Costa";"1520,00";"Pesquisa quantitativa, que consiste na realização de entrevistas, com a aplicação de questionário estruturado junto a uma amostra representativa do eleitorado referente aos municípios da Unidade da Federação. Assim como em sua parte conceitual a pesquisa realizada no município do Estado da Paraíba de Itabaiana, tende de esclarecer a tendência com relação à opinião eleitoral a cercada dos candidatos, buscando identificar o perfil dos entrevistados, assim sendo foram analisados criteriosamente os fatores estatístico amostrais: idade, sexo, grau de instrução, faixa de renda bem como a situação da cidade onde fora executada a pesquisa, a fim de ter um planejamento eficiente e condizente como os recursos disponíveis. A amostragem será realizada pelo método PPT (Probabilidade Proporcional ao Tamanho), sendo a amostra total dividida em subamostras. Em cada subamostra será aplicada a amostragem aleatória simples, garantindo que todas as unidades da população tenham a mesma probabilidade de serem selecionadas. Esse procedimento garante que os indivíduos sejam escolhidos de forma totalmente aleatória, preservando a representatividade estatística e evitando vieses na seleção: 1- Todos os indivíduos da população têm a mesma probabilidade de ser escolhido para a amostra; e 2- Cada subconjunto possível de indivíduos (amostra) tem a mesma probabilidade de ser escolhido que qualquer outro subconjunto de indivíduos. Se quisermos sermos mais rigorosos poder-se-ia dizer que uma amostra aleatória simples é uma amostra de tamanho n desenhada a partir de uma população de tamanho N de tal maneira que cada amostra possível de tamanho n tem a mesma probabilidade de ser selecionada. A amostra será representativa dos eleitores das áreas pesquisadas e será selecionada em duas etapas. Na primeira etapa realiza-se um sorteio probabilístico das localidades onde as entrevistas serão realizadas através do método PPT (Probabilidade Proporcional ao Tamanho), considerando a população com 16 anos ou mais residente nas localidades como base para essa seleção. Na segunda etapa, a seleção do entrevistado dentro da localidade será feita utilizando-se quotas amostrais proporcionais.";"Desta forma, o tamanho da amostra utilizada para o município de Itabaiana foi de 152, onde fora calculado como base na população do município, através de amostragem aleatória simples, e através de entrevistas pessoais com eleitores com 16 anos ou mais, como nos indica o plano amostral a seguir: GÊNERO: homens 46,53% e mulheres 53,47%. FAIXA ETÁRIA: de 16 a 24 anos: 12,21%, de 25 a 34 anos: 18,22%, de 35 a 44 anos 19,41%, de 45 a 59 anos: 26,7% e de 60 a mais 23,46%. ESCOLARIDADE: Analfabeto, 7,82%, lê e escreve 23,37%, Ensino fundamental incompleto 18,19%, Ensino fundamental completo 3,3%, Ensino médio incompleto 14,87%, Ensino médio completo 22,04%, Ensino superior incompleto 4,21% e Ensino superior completo 6,2%. DE RENDA NOMINAL MENSAL: Sem Rendimento 1,71%, Até 1/2 SM 24,42%, Mais de 1/2 a 1SM 42,07%, Mais 01 até 02 salários mínimos 18,66%, Mais de 02 a 05 salários mínimos: 12,2%, Mais de 5 SM até 10 SM 0,69%, Mais de 10 a 20 SM 0,26% e acima de 20 SM 0%. Está prevista eventual ponderação para correção das variáveis gênero e faixa etária, com base nos percentuais acima apresentados, caso ocorram diferenças superiores a 4,0 (quatro vírgulas zero) pontos percentuais entre o previsto na amostra e a coleta realizada, para as variáveis escolaridade e renda domiciliar mensal, o fator de ponderação é igual a 1 (resultados obtidos no campo). Fonte dos dados: TSE ¿ fevereiro de 2026 para Faixa Etária/Escolaridade e IBGE Censo 2022 para Nível Econômico. O nível de confiança estimado é de 90% (noventa por cento) para uma margem de erro estimada, considerando uma técnica de amostragem aleatória simples, de aproximadamente 6,64 (Seis vírgula sessenta e quatro pontos percentuais para mais ou para menos) sobre os resultados obtidos.";"A organização e todos os dados foram coletados de forma transparente, respeitosa e precisa, seguindo rigorosamente os critérios estatísticos que garante a confiabilidade e facilidade de acesso a informações que busca e firmar sua opinião eleitoral acerca da temática. Para a realização da pesquisa, foi utilizada uma equipe de entrevistadores, um fiscal de campo e um supervisor devidamente treinado pela Empresa Instituto de Pesquisa de Gestão e Política Paraibano - IPGPP, com experiência em pesquisas de opinião pública. O trabalho de campo é acompanhado ininterruptamente por um supervisor que checa a visita nos bairros e áreas pré-definidas visando manter o equilíbrio e a qualidade da amostra conforme as ponderações especificadas. Após o trabalho de campo, os questionários são auditados, em no mínimo 20% (vinte por cento). No escritório da empresa, antes da tabulação dos dados, todos os questionários da amostra são analisados e conferidos criteriosamente, como também as planilhas de fiscalização adotada no trabalho de campo. Houve filtragem em todos os questionários após a realização das entrevistas. Vale enfatizar que a pesquisa foi realizada no dia 14 de março do corrente ano, foram realizadas com pessoas entre as faixas etárias de 16 a 60 anos ou mais. Utilizou-se questionários elaborados de acordo com os objetivos da pesquisa.";"Foram realizadas 152 entrevistas no município de Itabaiana, contemplando tanto a zona urbana quanto a zona rural."
"21/07/2026";"05:46:28";2026;81;"Eleições Gerais 2026";"PB";"PB";"PARAÍBA";"PB036122026";"2026-06-07 12:57:57";"S";"62695016000113";"INSTITUTO DE PESQUISA DE GESTAO E POLITICA PARAIBANO LTDA";"INSTITUTO DE PESQUISA PODIUM";"Governador, Senador";"2026-06-05 00:00:00";"2026-06-07 00:00:00";"2026-06-13 00:00:00";577;"8.532";"Hildete Alves da Costa";"5770,00";"Pesquisa quantitativa, que consiste na realização de entrevistas, com a aplicação de questionário estruturado junto a uma amostra representativa do eleitorado referente aos municípios da Unidade da Federação. Assim como em sua parte conceitual a pesquisa realizada no Estado da Paraíba, no município de Araçagi, tende de esclarecer a tendência com relação à opinião eleitoral acerca dos candidatos, buscando identificar o perfil dos entrevistados, assim sendo foram analisados criteriosamente os fatores estatístico amostrais: idade, sexo, grau de instrução, faixa de renda bem como a situação da cidade onde fora executada a pesquisa, a fim de ter um planejamento eficiente e condizente como os recursos disponível. Amostragem aleatória simples, método PPT (Probabilidade Proporcional ao Tamanho), consiste em uma amostragem onde um conjunto de indivíduos podem ser selecionados totalmente ao acaso a partir de um conjunto maior (a população) por um processo que garanta: 1- Todos os indivíduos da população têm a mesma probabilidade de ser escolhido para a amostra; e 2- Cada subconjunto possível de indivíduos (amostra) tem a mesma probabilidade de ser escolhido que qualquer outro subconjunto de indivíduos. Se quisermos sermos mais rigorosos poder-se-ia dizer que uma amostra aleatória simples é uma amostra de tamanho n desenhada a partir de uma população de tamanho N de tal maneira que cada amostra possível de tamanho n tem a mesma probabilidade de ser selecionada. A amostra será representativa dos eleitores das áreas pesquisadas e será selecionada em duas etapas. Na primeira etapa realiza-se um sorteio probabilístico das localidades onde as entrevistas serão realizadas através do método PPT (Probabilidade Proporcional ao Tamanho), considerando a população com 16 anos ou mais residente nas localidades como base para essa seleção. Na segunda etapa, a seleção do entrevistado dentro da localidade será feita utilizando-se quotas amostrais proporcionais.";"Desta forma, o tamanho da amostra utilizada para o município de Araçagi foi de 577, onde fora calculado como base na população do município, através de amostragem aleatória simples, e através de entrevistas pessoais com eleitores com 16 anos ou mais, como nos indica o plano amostral a seguir: GÊNERO: homens 48,33 % e mulheres 51,67%. FAIXA ETÁRIA: de 16 a 24 anos: 14,54%, de 25 a 34 anos: 21,38%, de 35 a 44 anos 20,49%, de 45 a 59 anos:23,34% e de 60 a mais 20,25%. ESCOLARIDADE: Analfabeto 11,49%, lê e escreve 15,52%, Ensino fundamental incompleto 26,19%, Ensino fundamental completo 3,90%, Ensino médio incompleto 18,96%, Ensino médio completo 16,91%, Ensino superior incompleto 2,86% e Ensino superior completo 4,17%. DE RENDA NOMINAL MENSAL: Sem Rendimento 0,17%, Até 1/4 SM 7,38%, Mais de 1/4 a ½ SM 18,75%, mais de ½ a 1 SM 44,54%, Mais 01 até 02 salários mínimos 19,55%, Mais de 02 a 03 salários mínimos: 5,32% Mais de 3 SM até 5 SM 3,89%, Mais de 05 a 10 SM  0,40 % Mais de 10 a 15 SM 0,00%, Mais de 15 a 20 SM 0,00% e acima de 20 SM 0,00%. Está prevista eventual ponderação para correção das variáveis de controle, gênero, faixa etária, escolaridade e renda com base nos percentuais acima apresentados, caso ocorram diferenças superiores a 4,0 (quatro vírgulas zero) pontos percentuais entre o previsto na amostra e a coleta realizada. Fonte dos dados: TSE ¿ maio de 2026 para Faixa Etária/Escolaridade e IBGE Censo 2022 para Nível Econômico. O nível de confiança estimado é de 95% (noventa por cento) para uma margem de erro estimada nos termos da resolução nº 23.600/2019, considerando uma técnica de amostragem aleatória simples, de aproximadamente 4% (Quatro pontos percentuais para mais ou para menos) sobre os resultados obtidos.";"A organização e todos os dados foram coletados de forma transparente, respeitosa e precisa, seguindo rigorosamente os critérios estatísticos que garante a confiabilidade e facilidade de acesso a informações que busca e firmar sua opinião eleitoral acerca da temática. Para a realização da pesquisa, foi utilizada uma equipe de entrevistadores, um fiscal de campo e um supervisor devidamente treinado pela Empresa Instituto de Pesquisa de Gestão e Política Paraibano - IPGPP, com experiência em pesquisas de opinião pública. O trabalho de campo é acompanhado ininterruptamente por um supervisor que checa a visita nos bairros e áreas pré-definidas visando manter o equilíbrio e a qualidade da amostra conforme as ponderações especificadas. Após o trabalho de campo, os questionários são auditados, em no mínimo 20% (vinte por cento). No escritório da empresa, antes da tabulação dos dados, todos os questionários da amostra são analisados e conferidos criteriosamente, como também as planilhas de fiscalização adotadas no trabalho de campo. Houve filtragem em todos os questionários após a realização das entrevistas. Vale enfatizar que a pesquisa foi realizada de 5 a 7 de junho do corrente ano, foram realizadas com pessoas entre as faixas etárias de 16 a 60 anos ou mais. Utilizou-se questionários elaborados de acordo com os objetivos da pesquisa.";"O campo ""Dados relativos aos municípios e bairros"" pode ser preenchido tanto no momento do cadastro da pesquisa como a partir do dia em que a pesquisa puder ser divulgada e até o dia seguinte, de acordo com a resolução nº 23.600/2019, do Tribunal Superior Eleitoral (TSE)."
"21/07/2026";"05:46:28";2026;81;"Eleições Gerais 2026";"PB";"PB";"PARAÍBA";"PB055722026";"2026-04-24 18:34:40";"S";"62695016000113";"INSTITUTO DE PESQUISA DE GESTAO E POLITICA PARAIBANO LTDA";"INSTITUTO DE PESQUISA PODIUM";"Governador, Senador, Deputado Federal, Deputado Estadual";"2026-04-07 00:00:00";"2026-04-22 00:00:00";"2026-04-30 00:00:00";1536;"8.532";"Hildete Alves da Costa";"15360,00";"Pesquisa quantitativa, que consiste na realização de entrevistas, com a aplicação de questionário estruturado junto a uma amostra representativa do eleitorado referente aos municípios da Unidade da Federação. Assim como em sua parte conceitual A pesquisa foi realizada em 23 municípios do Estado da Paraíba, abrangendo todas as Regiões Geográficas Imediatas e Regiões Geográficas Intermediárias do estado. Os municípios incluídos foram: Alagoa Grande, Bayeux, Cabedelo, Cajazeiras, Campina Grande, Cuité, Esperança, Guarabira, Itabaiana, Itaporanga, João Pessoa, Mamanguape, Monteiro, Patos, Pedras de Fogo, Pombal, Princesa Isabel, Queimadas, Santa Rita, São Bento, Sapé, Sousa e Sumé, tende de esclarecer a tendência com relação à opinião eleitoral acerca dos candidatos, buscando identificar o perfil dos entrevistados, assim sendo foram analisados criteriosamente os fatores estatístico amostrais: idade, sexo, grau de instrução, faixa de renda bem como a situação da cidade onde fora executada a pesquisa, a fim de ter um planejamento eficiente e condizente como os recursos disponível. A amostragem será realizada pelo método PPT (Probabilidade Proporcional ao Tamanho), sendo a amostra total dividida em subamostras. Em cada subamostra será aplicada a amostragem aleatória simples, garantindo que todas as unidades da população tenham a mesma probabilidade de serem selecionadas. Esse procedimento assegura a aleatoriedade interna de cada parte da amostra e mantém a representatividade estatística do conjunto. 1- Todos os indivíduos da população têm a mesma probabilidade de ser escolhido para a amostra; e 2- Cada subconjunto possível de indivíduos (amostra) tem a mesma probabilidade de ser escolhido que qualquer outro subconjunto de indivíduos. Se quisermos sermos mais rigorosos poder-se-ia dizer que uma amostra aleatória simples é uma amostra de tamanho n desenhada a partir de uma população de tamanho N de tal maneira que cada amostra possível de tamanho n tem a mesma probabilidade de ser selecionada. A amostra será representativa dos eleitores do Estado da Paraíba e será selecionada em duas etapas. Na primeira etapa realiza-se um sorteio probabilístico das localidades onde as entrevistas serão realizadas através do método PPT (Probabilidade Proporcional ao Tamanho), considerando a população com 16 anos ou mais residente nas localidades como base para essa seleção. Na segunda etapa, a seleção do entrevistado dentro da localidade será feita utilizando-se quotas amostrais proporcionais.";"Desta forma, o tamanho da amostra utilizada foi de 1.536 (Mil quinhentos e trinta e seis), onde fora calculado como base na população dos municípios citados. através de amostragem aleatória simples, e através de entrevistas pessoais com eleitores com 16 anos ou mais, como nos indica o plano amostral a seguir: GÊNERO: homens 47,07% e mulheres 52,93%. FAIXA ETÁRIA: de 16 a 24 anos: 13,31%, de 25 a 34 anos: 19,46%, de 35 a 44 anos 20,18%, de 45 a 59 anos: 25,11% e de 60 a mais 21,94%. ESCOLARIDADE: Analfabeto, 6,44%, lê e escreve 12,91%, Ensino fundamental incompleto 23,33%, Ensino fundamental completo 4,62%, Ensino médio incompleto 16,21%, Ensino médio completo 22,7%, Ensino superior incompleto 5,3% e Ensino superior completo 8,5%.
DE RENDA NOMINAL MENSAL: Sem Rendimento 1,38%, Até 1/2 SM 19,53%, Mais de 1/2 a 1SM 38,05%, Mais 01 até 02 salários mínimos 22,16%, Mais de 02 a 05 salários mínimos: 13,92%, Mais de 5 SM até 10 SM 3,36%, Mais de 10 a 20 SM  1,25% e acima de 20 SM 0,35%. A coleta de dados seguirá quotas proporcionais fixas para a variável gênero e quotas flexíveis para idade, escolaridade e renda. Será admitida uma margem de flexibilização de 4,0 (quatro vírgulas zero) pontos percentuais, para mais ou para menos, nas variáveis flexíveis. Caso sejam identificadas diferenças superiores a esse limite entre a distribuição prevista na amostra e os resultados obtidos em campo, será aplicada ponderação sobre idade, escolaridade e renda, de modo a corrigir eventuais desequilíbrios na composição da amostra. Após a etapa de coleta, na fase de processamento e tabulação dos dados, será aplicado um fator de ponderação sobre as variáveis de controle, com o objetivo de ajustar possíveis desvios ocorridos durante o trabalho de campo e garantir que a amostra final fique mais próxima do perfil real da população. Fonte dos dados: TSE ¿ fevereiro de 2026 para Gênero, Faixa Etária e Escolaridade e IBGE Censo 2022 para Nível Econômico. "". O nível de confiança estimado é de 95% (noventa e cinco por cento) para uma margem de erro estimada, considerando uma técnica de amostragem aleatória simples, de aproximadamente 3,1 (Três virgula um pontos percentuais) para mais ou para menos) sobre os resultados obtidos.";"A organização e todos os dados foram coletados de forma transparente, respeitosa e precisa, seguindo rigorosamente os critérios estatísticos que garante a confiabilidade e facilidade de acesso a informações que busca e firmar sua opinião eleitoral acerca da temática. Para a realização da pesquisa, foi utilizada uma equipe de entrevistadores, um fiscal de campo e um supervisor devidamente treinado pela Empresa Instituto de Pesquisa de Gestão e Política Paraibano - IPGPP, com experiência em pesquisas de opinião pública. O trabalho de campo é acompanhado ininterruptamente por um supervisor que checa a visita nos bairros e áreas pré-definidas visando manter o equilíbrio e a qualidade da amostra conforme as ponderações especificadas. Após o trabalho de campo, os questionários são auditados, em no mínimo 20% (vinte por cento). No escritório da empresa, antes da tabulação dos dados, todos os questionários da amostra são analisados e conferidos criteriosamente, como também as planilhas de fiscalização adotadas no trabalho de campo. Houve filtragem em todos os questionários após a realização das entrevistas. Vale enfatizar que a pesquisa foi realizada de 07 a 22 de abril do corrente ano, foram realizadas com pessoas entre as faixas etárias de 16 a 60 anos ou mais. Utilizou-se questionários elaborados de acordo com os objetivos da pesquisa.";"Alagoa Grande, Bayeux (Alto da Boa Vista, Baralho, Brasília, Centro, Comercial Norte, Imaculada, Jardim Aeroporto, Jardim São Severino, Jardim São Vicente, Mário Andreazza, Rio do Meio, São Bento, Sesi e Tambay), Cabedelo, Cajazeiras, Campina Grande (Acácio Figueiredo, Alto Branco, Aluizio Afonso Campos, Araxá, Bela Vista, Bodocongó, Castelo Branco, Catirina, Catolé, Centenário, Centro de Campina Grande, Cidades, Conceição, Cruzeiro, Cuités, Dinamérica, Distrito de Catolé, Distrito de Galante, Distrito de São José da Mata, Distrito Industrial, Estação Velha, Itararé, Jardim Continental, Jardim Paulistano, Jardim Quarenta, Jardim Tavares, Jeremias, José Pinheiro, Lauritzen, Liberdade, Malvinas, Mirante, Monte Castelo, Monte Santo, Nações, Nova Brasília, Novo Bodocongó, Palmeira, Palmeira Imperial, Pedregal, Prata, Presidente Médici, Quarenta, Ramadinha, Sandra Cavalcante, Santa Cruz, Santa Rosa, Santo Antônio, São Januário, São José, Serrotão, Tambor, Três Irmãs, Universitário, Velame e Vila Cabral), Cuité, Esperança, Guarabira, Itabaiana, Itaporanga, João Pessoa (Aeroclube, Água Fria, Altiplano Cabo Branco, Alto do Céu, Alto do Mateus, Bancários, Bessa, Brisamar, Cabo Branco, Castelo Branco, Centro, Cidade dos Colibris, Costa do Sol, Costa e Silva, Cristo Redentor, Cruz das Armas, Cuiá, Distrito Industrial, Ernani Sátiro, Ernesto Geisel, Estados, Expedicionários, Funcionários, Gramame, Grotão, Ilha do Bispo, Indústrias, Ipês, Jaguaribe, Jardim Cidade Universitária, Jardim Oceania, Jardim São Paulo, Jardim Veneza, João Agripino, João Paulo II, José Américo, Manaíra, Mandacarú, Mangabeira, Miramar, Muçumagro, Mumbaba, Oitizeiro, Padre Zé, Paratibe, Pedro Gondim, Planalto da Boa Esperança, Portal do Sol, Roger, São José, Tambaú, Tambauzinho, Tambiá, Torre, Treze de Maio, Trincheiras, Valentina, Varadouro e Varjão), Mamanguape, Monteiro, Patos, Pedras de Fogo, Pombal, Princesa Isabel, Queimadas, Santa Rita (Açude, Centro, Distrito de Várzea Nova, Distrito Nossa Senhora do Livramento, Heitel Santiago, Jardim Carolina, Jardim Europa, Jardins, Marcos Moura, Naelson Panta Júnior, Popular, Portal de Tibiri, Santo Amaro, Tibiri, Vale de Santa Rita e Vidal de Negreiros), São Bento, Sapé, Sousa e Sumé."
"21/07/2026";"05:46:28";2026;81;"Eleições Gerais 2026";"PB";"PB";"PARAÍBA";"PB010282026";"2026-03-20 14:46:24";"S";"62695016000113";"INSTITUTO DE PESQUISA DE GESTAO E POLITICA PARAIBANO LTDA";"INSTITUTO DE PESQUISA PODIUM";"Governador, Senador, Deputado Federal, Deputado Estadual";"2026-03-15 00:00:00";"2026-03-15 00:00:00";"2026-03-26 00:00:00";157;"8.532";"Hildete Alves da Costa";"1570,00";"Pesquisa quantitativa, que consiste na realização de entrevistas, com a aplicação de questionário estruturado junto a uma amostra representativa do eleitorado referente aos municípios da Unidade da Federação. Assim como em sua parte conceitual a pesquisa realizada no Estado da Paraíba, no município de Esperança, tende de esclarecer a tendência com relação à opinião eleitoral a cercada dos candidatos, buscando identificar o perfil dos entrevistados, assim sendo foram analisados criteriosamente os fatores estatístico amostrais: idade, sexo, grau de instrução, faixa de renda bem como a situação da cidade onde fora executada a pesquisa, a fim de ter um planejamento eficiente e condizente como os recursos disponível. Amostragem aleatória simples, método PPT (Probabilidade Proporcional ao Tamanho), consiste em uma amostragem onde um conjunto de indivíduos podem ser selecionados totalmente ao acaso a partir de um conjunto maior (a população) por um processo que garanta: 1- Todos os indivíduos da população têm a mesma probabilidade de ser escolhido para a amostra; e 2- Cada subconjunto possível de indivíduos (amostra) tem a mesma probabilidade de ser escolhido que qualquer outro subconjunto de indivíduos. Se quisermos sermos mais rigorosos poder-se-ia dizer que uma amostra aleatória simples é uma amostra de tamanho n desenhada a partir de uma população de tamanho N de tal maneira que cada amostra possível de tamanho n tem a mesma probabilidade de ser selecionada. A amostra será representativa dos eleitores das áreas pesquisadas e será selecionada em duas etapas. Na primeira etapa realiza-se um sorteio probabilístico das localidades onde as entrevistas serão realizadas através do método PPT (Probabilidade Proporcional ao Tamanho), considerando a população com 16 anos ou mais residente nas localidades como base para essa seleção. Na segunda etapa, a seleção do entrevistado dentro da localidade será feita utilizando-se quotas amostrais proporcionais.";"Desta forma, o tamanho da amostra utilizada para o município de Esperança foi de 157, onde fora calculado como base na população do município, através de amostragem aleatória simples, e através de entrevistas pessoais com eleitores com 16 anos ou mais, como nos indica o plano amostral a seguir: GÊNERO: homens 47,51 % e mulheres 52,49%. FAIXA ETÁRIA: de 16 a 24 anos: 14,39%, de 25 a 34 anos: 19,70%, de 35 a 44 anos 19,64%, de 45 a 59 anos: 24,85 % e de 60 a mais 21,42 ESCOLARIDADE: Analfabeto, 6,5%, lê e escreve 13,87%, Ensino fundamental incompleto 20.03%, Ensino fundamental completo 4,96%, Ensino médio incompleto 20,03%, Ensino médio completo 17,49%, Ensino superior incompleto 4,42% e Ensino superior completo 5,16%. DE RENDA NOMINAL MENSAL: Sem Rendimento 2%, Até 1/4 SM 11,58%, Mais de 1/4 a 1/2 15,63%, mais ½ a 1 SM 41,26% Mais 1 até 02 salários mínimos 17,59%, Mais de 02 a 03 salários mínimos: 5,79%, Mais de 3 a 5 SM % 3,63, Mais de 3 a 5 SM 3,63%, Mais de 5 até 10 SM 2,09%, Mais de 10 a 15 SM 0,19%, Mais de 15 a 20 SM 0,15%, acima de 20 SM 0,10%. Está prevista eventual ponderação para correção das variáveis gênero e faixa etária, com base nos percentuais acima apresentados, caso ocorram diferenças superiores a 4,0 (quatro vírgulas zero) pontos percentuais entre o previsto na amostra a coleta realizada, para as variáveis escolaridade e renda domiciliar mensal, o fator de ponderação é igual a 1 (resultados obtidos no campo). Fonte dos dados: TSE ¿ janeiro de 2026 para Faixa Etária/Escolaridade e IBGE Censo 2022 para Nível Econômico. O nível de confiança estimado é de 90% (noventa por cento) para uma margem de erro estimada, considerando uma técnica de amostragem aleatória simples, de aproximadamente 6,54 (Seis virgula cinquenta e quatro pontos percentuais para mais ou para menos) sobre os resultados obtidos.";"A organização e todos os dados foram coletados de forma transparente, respeitosa e precisa, seguindo rigorosamente os critérios estatísticos que garante a confiabilidade e facilidade de acesso a informações que busca e firmar sua opinião eleitoral acerca da temática. Para a realização da pesquisa, foi utilizada uma equipe de entrevistadores, um fiscal de campo e um supervisor devidamente treinado pela Empresa Instituto de Pesquisa de Gestão e Política Paraibano - IPGPP, com experiência em pesquisas de opinião pública. O trabalho de campo é acompanhado ininterruptamente por um supervisor que checa a visita nos bairros e áreas pré-definidas visando manter o equilíbrio e a qualidade da amostra conforme as ponderações especificadas. Após o trabalho de campo, os questionários são auditados, em no mínimo 20% (vinte por cento). No escritório da empresa, antes da tabulação dos dados, todos os questionários da amostra são analisados e conferidos criteriosamente, como também as planilhas de fiscalização adotadas no trabalho de campo. Houve filtragem em todos os questionários após a realização das entrevistas. Vale enfatizar que a pesquisa foi realizada em 15 de março do corrente ano, foram realizadas com pessoas entre as faixas etárias de 16 a 60 anos ou mais. Utilizou-se questionários elaborados de acordo com os objetivos da pesquisa.";"Foram realizadas 157 entrevistas no município de Esperança, contemplando tanto a zona urbana quanto a zona rural."
"21/07/2026";"05:46:28";2026;81;"Eleições Gerais 2026";"PB";"PB";"PARAÍBA";"PB095782026";"2026-06-05 20:19:22";"S";"51772470000104";"INSTITUTO DATATRENDS LTDA";"DATATRENDS";"Governador, Senador";"2026-06-07 00:00:00";"2026-06-09 00:00:00";"2026-06-11 00:00:00";1200;"10663";"Ythalo Hugo da Silva Santos";"15000,00";"Pesquisa quantitativa por amostragem, com procedimento probabilístico estratificado por regiões do estado, realizada por meio de questionário estruturado aplicado via contatos telefônicos (fixos e móveis), com abrangência estadual. A estratificação regional é definida com base na distribuição do eleitorado, conforme dados oficiais do Tribunal Superior Eleitoral (TSE) e do Instituto Brasileiro de Geografia e Estatística (IBGE), adotando-se como referência a divisão territorial mais recente do IBGE em Regiões Geográficas Imediatas, sendo os municípios agregados para fins operacionais de amostragem. A base de contatos utilizada possui cobertura estadual e é composta por registros oriundos de fontes públicas acessíveis e por base própria constituída em pesquisas anteriores realizadas pelo instituto, observadas as disposições da Lei nº 13.709/2018 (Lei Geral de Proteção de Dados). Os contatos telefônicos encontram-se previamente classificados por área geográfica associada, sendo essa classificação utilizada na definição dos estratos amostrais. Durante a entrevista, a identificação municipal será confirmada a partir da informação prestada espontaneamente pelo próprio respondente no sistema de coleta, relativa ao município de seu domicílio eleitoral, sendo posteriormente cruzada com a classificação territorial disponível na base de contatos para fins de controle, consistência e validação da composição amostral. A seleção dos entrevistados ocorre mediante sorteio aleatório dos contatos dentro de cada estrato definido, sem qualquer direcionamento por variável eleitoral ou preferência política, assegurando que todos os registros elegíveis possuam probabilidade conhecida e não nula de seleção. O universo da pesquisa é composto por eleitores com 16 anos ou mais, aptos a votar no estado da Paraíba, sendo aplicado filtro de elegibilidade para confirmação do domicílio eleitoral e da aptidão para voto. Durante a entrevista, o respondente informa espontaneamente, no sistema de coleta, seu domicílio eleitoral, inclusive quanto ao estado e ao município em que vota. Essa informação será utilizada para confirmação da elegibilidade do entrevistado e para verificação de consistência territorial, mediante cruzamento com a classificação geográfica disponível na base de contatos. A base é submetida a procedimentos de tratamento, deduplicação e aleatorização, visando garantir cobertura adequada do universo pesquisado e reduzir potenciais vieses de seleção. Nas perguntas estimuladas, a ordem de apresentação dos nomes será rotacionada automaticamente pelo sistema de coleta, com o objetivo de reduzir viés de ordem.";"Público pesquisado: eleitores do estado da Paraíba. A amostra é definida por procedimento probabilístico, com alocação proporcional segundo o método de Probabilidade Proporcional ao Tamanho (PPT), tomando como referência a distribuição do eleitorado nas regiões do estado, conforme dados oficiais do TSE e do IBGE, de modo a assegurar representatividade estadual. A seleção dos entrevistados ocorre por estratificação, com sorteio aleatório de contatos telefônicos (fixos e móveis) dentro de cada estrato, a partir de base de dados com cobertura estadual. As entrevistas são realizadas por meio de sistema telefônico automatizado (URA), com interação do respondente por meio do teclado do aparelho. A distribuição da amostra por região observa a proporcionalidade do eleitorado, conforme estrutura definida no plano amostral, permitindo a verificação da composição territorial da amostra. Os contatos são classificados preliminarmente segundo sua área de registro e têm o domicílio eleitoral confirmado no momento da entrevista, mediante aplicação de filtro de elegibilidade, sendo considerados apenas entrevistados aptos a votar no estado da Paraíba. Na apresentação final dos resultados, os dados poderão ser ponderados para ajuste aos parâmetros populacionais conhecidos, utilizando como fontes públicas o Tribunal Superior Eleitoral (TSE, maio de 2026) para sexo, faixa etária e escolaridade (Masculino: 47%; Feminino: 53%; 16 a 24 anos: 14%; 25 a 34 anos: 19%; 35 a 44 anos: 20%; 45 a 59 anos: 25%; 60 anos ou mais: 22%; Analfabeto/lê e escreve: 19%; Ensino Fundamental: 28%; Ensino Médio: 40%; Ensino Superior: 14%) e o Instituto Brasileiro de Geografia e Estatística (IBGE, Censo 2022) para classe de rendimento mensal domiciliar (sem rendimentos ou até 2 salários mínimos: 92%; de 2 a 5 salários mínimos: 6%; superior a 5 salários mínimos: 2%), sempre que identificadas discrepâncias relevantes entre a amostra coletada e os parâmetros do universo pesquisado. Ressalta-se que a variável de nível econômico (renda), embora coletada para fins de caracterização do perfil da amostra, não será utilizada no processo de ponderação dos dados, em razão das limitações inerentes à mensuração dessa variável em pesquisas telefônicas e da ausência de parâmetros específicos consolidados para o eleitorado.  O cálculo do tamanho da amostra considera a estimativa de proporções populacionais sob variância máxima (p = 0,5), resultando em margem de erro de aproximadamente 2,83 pontos percentuais para os resultados globais, para mais ou para menos, com nível de confiança de 95%. A relação dos municípios contemplados será anexada até o dia seguinte à divulgação dos resultados, nos termos da Resolução TSE nº 23.600/2019.";"A coleta de dados será realizada por meio de sistema telefônico automatizado, com aplicação de questionário estruturado e registro eletrônico das respostas informadas pelo entrevistado. O sistema interno de controle e verificação da coleta será composto por registros gerados automaticamente pela plataforma de telefonia e pelo sistema de coleta, permitindo a conferência posterior das entrevistas realizadas. Para cada tentativa de contato e entrevista concluída, serão mantidos registros operacionais, quando aplicável, contendo data e horário da chamada, número telefônico acionado, status da ligação, duração da chamada, identificação do questionário aplicado, respostas registradas, conclusão ou interrupção da entrevista e resultado dos filtros de elegibilidade. O sistema adotará mecanismos de controle para evitar duplicidades, incluindo limitação de uma entrevista válida por número telefônico, identificação de registros repetidos e exclusão de entrevistas incompletas, inconsistentes ou inelegíveis. Serão considerados elegíveis apenas os respondentes que confirmarem possuir título eleitoral e votar no estado da Paraíba. Após a coleta, o banco de dados será submetido a procedimentos de crítica, conferência e validação, com verificação da consistência das respostas, do tempo de duração das entrevistas, da distribuição territorial da amostra, do preenchimento das variáveis de perfil e da compatibilidade com os filtros aplicados no questionário. Entrevistas com inconsistências, duplicidades, ausência de confirmação de elegibilidade ou tempo incompatível com a aplicação regular do questionário poderão ser desconsideradas da base final. A fiscalização interna da coleta será realizada por meio da análise dos bancos de respostas, registros de chamadas e logs do sistema, possibilitando a rastreabilidade do processo de coleta, a conferência das entrevistas válidas e o acompanhamento da composição amostral. Os dados e registros necessários à verificação da coleta serão mantidos sob guarda da empresa responsável, observados os prazos legais e as normas aplicáveis à pesquisa eleitoral e à proteção de dados pessoais.";"Em razão da metodologia telefônica adotada, a identificação territorial da entrevista será realizada com base no município de domicílio eleitoral informado espontaneamente pelo próprio respondente no sistema de coleta. Essa informação será registrada eletronicamente e cruzada com a classificação territorial disponível na base de contatos, para fins de controle, consistência e validação da composição territorial da amostra. Não é possível identificar, de forma tecnicamente segura e universal, o setor censitário ou o bairro individual de todos os respondentes. Assim, nos termos do art. 2º, §7º-F, da Resolução TSE nº 23.600/2019, a unidade territorial efetivamente utilizada será o município de domicílio eleitoral informado pelo entrevistado, agregado à respectiva Região Geográfica Imediata do IBGE. A relação detalhada dos municípios abrangidos, bem como a distribuição da amostra, será apresentada em documento complementar, denominado plano amostral detalhado, dentro do prazo legal estabelecido pela regulamentação eleitoral."
"21/07/2026";"05:46:28";2026;81;"Eleições Gerais 2026";"PB";"PB";"PARAÍBA";"PB014022026";"2026-06-24 23:37:25";"N";"10783981000144";"SETA INSTITUTO DE PESQUISA LTDA";"INSTITUTO SETA DE PESQUISA";"Governador, Senador, Deputado Federal, Deputado Estadual";"2026-06-25 00:00:00";"2026-06-27 00:00:00";"2026-06-30 00:00:00";1500;"8954";"Galttieri Ferreira Tavares";"24000,00";"Pesquisa com metodologia quantitativa, com a realização de entrevistas pessoais utilizando questionário estruturado junto a uma amostra representativa do eleitorado do estado da Paraíba.
";"A amostra será representativa dos eleitores das áreas pesquisadas e será selecionada em duas etapas. Na primeira etapa realiza-se um sorteio probabilístico das localidades onde as entrevistas serão realizadas através do método PPT (Probabilidade Proporcional ao Tamanho), considerando a população com 16 anos ou mais residente nas localidades como base para essa seleção. Na segunda etapa, a seleção do entrevistado dentro da localidade será feita utilizando-se quotas amostrais proporcionais, em função das seguintes variáveis: Gênero: Masculino (47.10%); Feminino (52.90%); ; Faixa etária: De 16 a 20 anos: (7.09%); Entre 21 e 24 anos: (7.28%); Entre 25 e 34 anos: (19.14%); Entre 35 e 44 anos: (19.83%); 45 a 59 anos: (24.84%); Com 60 anos ou mais: (21.82%); ; ESCOLARIDADE: De analfabeto até ensino fundamental completo (Contêm eleitores que apenas Lê e escrevem, Analfabetos e que cursaram Ensino Fundamental Incompleto e Completo): 46,49%; Ensino médio incompleto ou completo: 39,74%; Ensino superior incompleto ou completo: 13,77% ; RENDA DOMICILIAR MENSAL: Sem rendimento: (2,26%); Até 1 Salário Mínimo: (76,38%); Mais de 1 a 2 salários mínimos: (13,18%); Mais de 2 a 5 salários mínimos: (6,28%); Mais de 5 a 10 salários mínimos: (1,49%); Mais de 10 salários mínimos: (0,41%). . Está prevista eventual ponderação para correção das variáveis gênero e faixa etária, com base nos percentuais acima apresentados, caso ocorram diferenças superiores a 4,5 (quatro vírgula cinco) pontos percentuais entre o previsto na amostra e a coleta realizada, para as variáveis escolaridade e renda domiciliar mensal, o fator de ponderação é igual a 1 (resultados obtidos no campo). O nível de confiança estimado é de 95% (noventa e cinco por cento) para uma margem de erro estimada, considerando uma técnica de amostragem aleatória simples, de aproximadamente 2,5 pontos percentuais para mais ou para menos sobre os resultados obtidos. Fonte de Dados: TSE - Maio/2026 e dados do IBGE, Censo, 2022.
";"As entrevistas serão realizadas por uma equipe de entrevistadores e supervisores devidamente qualificada pelo Instituto, com experiência e treinamento em pesquisas de opinião pública. No decorrer do trabalho de coleta de dados, os questionários aplicados, serão auditados em no mínimo 20% (vinte por cento) para verificação quanto ao cuidado na sua aplicação, bem como a adequação do entrevistado às variáveis das quotas amostrais.";"Dados relativos aos municípios e bairros abrangidos pela pesquisa. Na ausência de delimitação do bairro, será identificada a área em que foi realizada a pesquisa (conforme §7º do art. 2º da Resolução-TSE nº 23.600/2019). A partir do dia em que a pesquisa puder ser divulgada e até o dia seguinte, o registro deverá ser complementado, sob pena de ser a pesquisa considerada não registrada; na ausência de delimitação do bairro, será identificada a área em que foi realizada."
"21/07/2026";"05:46:28";2026;81;"Eleições Gerais 2026";"PB";"PB";"PARAÍBA";"PB079552026";"2026-06-19 18:52:10";"S";"62695016000113";"INSTITUTO DE PESQUISA DE GESTAO E POLITICA PARAIBANO LTDA";"INSTITUTO DE PESQUISA PODIUM";"Governador, Senador";"2026-06-17 00:00:00";"2026-06-18 00:00:00";"2026-06-25 00:00:00";591;"8.532";"Hildete Alves da Costa";"5910,00";"Pesquisa quantitativa, que consiste na realização de entrevistas, com a aplicação de questionário estruturado junto a uma amostra representativa do eleitorado referente aos municípios da Unidade da Federação. Assim como em sua parte conceitual a pesquisa realizada no município do Estado da Paraíba de Sapé, tende de esclarecer a tendência com relação à opinião eleitoral acerca dos candidatos, buscando identificar o perfil dos entrevistados, assim sendo foram analisados criteriosamente os fatores estatístico amostrais: idade, sexo, grau de instrução, faixa de renda bem como a situação da cidade onde fora executada a pesquisa, a fim de ter um planejamento eficiente e condizente como os recursos disponíveis. A amostragem será realizada pelo método PPT (Probabilidade Proporcional ao Tamanho), sendo a amostra total dividida em subamostras. Em cada subamostra será aplicada a amostragem aleatória simples, garantindo que todas as unidades da população tenham a mesma probabilidade de serem selecionadas. Esse procedimento garante que os indivíduos sejam escolhidos de forma totalmente aleatória, preservando a representatividade estatística e evitando vieses na seleção: 1- Todos os indivíduos da população têm a mesma probabilidade de ser escolhido para a amostra; e 2- Cada subconjunto possível de indivíduos (amostra) tem a mesma probabilidade de ser escolhido que qualquer outro subconjunto de indivíduos. Se quisermos sermos mais rigorosos poder-se-ia dizer que uma amostra aleatória simples é uma amostra de tamanho n desenhada a partir de uma população de tamanho N de tal maneira que cada amostra possível de tamanho n tem a mesma probabilidade de ser selecionada. A amostra será representativa dos eleitores das áreas pesquisadas e será selecionada em duas etapas. Na primeira etapa realiza-se um sorteio probabilístico das localidades onde as entrevistas serão realizadas através do método PPT (Probabilidade Proporcional ao Tamanho), considerando a população com 16 anos ou mais residente nas localidades como base para essa seleção. Na segunda etapa, a seleção do entrevistado dentro da localidade será feita utilizando-se quotas amostrais proporcionais.";"Desta forma, o tamanho da amostra utilizada para o município de Sapé foi de 591, onde fora calculado como base na população do município, através de amostragem aleatória simples, e através de entrevistas pessoais com eleitores com 16 anos ou mais, como nos indica o plano amostral a seguir: GÊNERO: homens 46,93% e mulheres 53,07%. FAIXA ETÁRIA: de 16 a 24 anos: 14,36%, 25 a 34 anos 19,66%, de 35 a 44 anos 20,18%, de 45 a 59 anos: 25,14% e de 60 a mais 20,65% e inválidos 0,01%. ESCOLARIDADE: Analfabeto 11,12%, lê e escreve 16,92%, Ensino fundamental incompleto 22,74%, Ensino fundamental completo 4,20%, Ensino médio incompleto 15,83%, Ensino médio completo 20,68%, Ensino superior incompleto 3,64%, e Ensino superior completo 4,87%. DE RENDA NOMINAL MENSAL: Sem Rendimento 0,73%, Até 1/4 SM 7,98%, Mais de 1/4 a ½ SM 12,92%, mais de ½ a 1 SM 43,94%, Mais 01 até 02 salários mínimos 24,43%, Mais de 02 a 03 salários mínimos: 5,15% Mais de 3 SM até 5 SM 3,61%, Mais de 05 a 10 SM 0,87% Mais de 10 a 15 SM 0,21%, Mais de 15 a 20 SM 0,00% e acima de 20 SM 0,16%. Está prevista eventual ponderação para correção das variáveis de controle, gênero, faixa etária, escolaridade e renda com base nos percentuais acima apresentados, caso ocorram diferenças superiores a 4,0 (quatro vírgulas zero) pontos percentuais entre o previsto na amostra e a coleta realizada. Fonte dos dados: TSE ¿ maio de 2026 para Gênero/Faixa Etária/Escolaridade e IBGE Censo 2022 para Nível Econômico. O nível de confiança estimado é de 95% (noventa e cinco por cento) para uma margem de erro estimada nos termos da resolução nº 23.600/2019 do TSE considerando uma técnica de amostragem aleatória simples, de aproximadamente 4% (quatro pontos percentuais para mais ou para menos) sobre os resultados obtidos.";"A organização e todos os dados foram coletados de forma transparente, respeitosa e precisa, seguindo rigorosamente os critérios estatísticos que garante a confiabilidade e facilidade de acesso a informações que busca e firmar sua opinião eleitoral acerca da temática. Para a realização da pesquisa, foi utilizada uma equipe de entrevistadores, um fiscal de campo e um supervisor devidamente treinado pela Empresa Instituto de Pesquisa de Gestão e Política Paraibano - IPGPP, com experiência em pesquisas de opinião pública. O trabalho de campo é acompanhado ininterruptamente por um supervisor que checa a visita nos bairros e áreas pré-definidas visando manter o equilíbrio e a qualidade da amostra conforme as ponderações especificadas. Após o trabalho de campo, os questionários são auditados, em no mínimo 20% (vinte por cento). No escritório da empresa, antes da tabulação dos dados, todos os questionários da amostra são analisados e conferidos criteriosamente, como também as planilhas de fiscalização adotadas no trabalho de campo. Houve filtragem em todos os questionários após a realização das entrevistas. Vale enfatizar que a pesquisa foi realizada entre 17 e 18 de junho do corrente ano, foram realizadas com pessoas entre as faixas etárias de 16 a 60 anos ou mais. Utilizou-se questionários elaborados de acordo com os objetivos da pesquisa.";"O campo ""Dados relativos aos municípios e bairros"" pode ser preenchido tanto no momento do cadastro da pesquisa como a partir do dia em que a pesquisa puder ser divulgada e até o dia seguinte, de acordo com a resolução nº 23.600/2019, do Tribunal Superior Eleitoral (TSE)."
"21/07/2026";"05:46:28";2026;81;"Eleições Gerais 2026";"PB";"PB";"PARAÍBA";"PB013732026";"2026-06-10 17:33:27";"S";"51751580000190";"INSTITUTO RANKING DE PESQUISA LTDA";"INSTITUTO RANKING PESQUISA";"Governador, Senador, Deputado Federal, Deputado Estadual";"2026-06-11 00:00:00";"2026-06-12 00:00:00";"2026-06-16 00:00:00";782;"9741";"Isis Milane Batista de Lima";"6000,00";"Trata-se de uma pesquisa quantitativa, utilizando questionário estruturado (impresso) e padronizado por meio de entrevistas pessoais em domicílios, junto a uma amostra representativa do eleitorado em estudo, que teve como objetivo fornecer um panorama político na cidade de CAMPINA GRANDE/PB, para avaliação do cenário político, visando as eleições de 2026 e gerar informações de domínio público. O público alvo será composto por eleitores domiciliados no município de CAMPINA GRANDE/PB, aptos para votar, conforme a legislação eleitoral, residentes nas zonas Urbana e Rural. A pesquisa será feita, com coleta de dados domiciliar e individual de uma amostra estratificada por sexo, faixa etária, nível de instrução e faixa de renda, conforme dados do TSE-Tribunal Superior Eleitoral - maio/2026; IBGE - Censo 2010/2022; IBGE - PNADc 2023; IBGE - PNADc trimestral 2-2024";"O plano de amostragem utilizado é de amostragem aleatória simples e por conglomerado, em três etapas, em que serão coletados 782 formulários. Na primeira etapa os bairros são selecionados aleatoriamente, onde as entrevistas são realizadas por meio do método PPT (Probabilidade Proporcional ao Tamanho), tomando a população como base para tal seleção. Na segunda etapa, realiza-se um sorteio aleatório probabilístico dos setores censitários, onde as entrevistas são realizadas, pelo método PPT (Probabilidade Proporcional ao Tamanho), tomando a população de 16 anos ou mais residentes nos setores com base para tal seleção. Na sequência a escolha dos setores censitários (rua, domicílio/local pré-estabelecido e ponto amostral), os respondentes são selecionados por meio de quotas amostrais proporcionais em função das variáveis significativas sexo e idade, sendo 45,43% do eleitorado do sexo masculino, e 54,57% do sexo feminino; sobre as idades, sendo 0,27% de 16 anos, 0,54% de 17 anos, 4,41% de 18 a 20 anos, 7,49% de 21 a 24 anos, 20,40% de 25 a 34 anos, 21,16% de 35 a 44 anos, 24,89% de 45 a 59 anos, 20,84% com 60 anos ou mais. Sobre o nível econômico, sendo 69,93% até 1 salário mínimo, 20,62% de mais de 1 a 3 salários mínimos e 9,45% acima de 3 salários mínimos e, sobre a escolaridade, sendo 2,59% de analfabeto, 7,09% lê e escreve, 5,65% com ensino fundamental completo, 19,60% com ensino fundamental incompleto, 27,83% com ensino médio completo, 16,47% com ensino médio incompleto, 12,14% com ensino superior completo e 8,63% com ensino superior incompleto. Está prevista eventual ponderação para correção das variáveis sexo, idade, nível econômico e grau de escolarização com base nos percentuais anteriormente mencionados, caso ocorram diferenças entre o previsto na amostra e a coleta de dados realizada. O nível de confiança estimado é de 95% e a margem de erro máxima estimada considerando um modelo de amostragem aleatório simples, é de 3,5 (três vírgula cinco) pontos percentuais para mais ou para menos sobre os resultados encontrados no total da amostra. FONTE DOS DADOS: TSE-Tribunal Superior Eleitoral - maio/2026; IBGE - Censo 2010/2022; IBGE - PNADc 2023; IBGE - PNADc trimestral 2-2024.";"Para a realização da pesquisa utiliza-se uma equipe de entrevistadores e coordenadores de campo devidamente treinado para o trabalho do INSTITUTO RANKING DE PESQUISA. As entrevistas são pessoais e domiciliares, feitas por meio de questionário estruturado, aplicando-se apenas um questionário por domicílio, respeitando as cotas pré-determinadas. Durante a realização dos trabalhos de campo, os entrevistadores são submetidos a uma fiscalização permanente por parte dos coordenadores de campo e são realizadas checagem de 20% da amostra para atestar a realização das entrevistas e a fidedignidade dos dados apurados, garantindo-se dessa forma, o grau de precisão dos estimadores, em função dos parâmetros previamente estabelecidos.";"Acácio Figueiredo, Alto Branco, Aluísio Campos, Araxá, Bela Vista, Bodocongó, Castelo Branco, Catolé, Centenário, Centro, Cidades, Conceição, Cruzeiro, Dinamérica, Estação Velha, Itararé, Jardim Paulistano, Jardim Tavares, Jeremias, José Pinheiro, Liberdade, Malvinas, Monte Castelo, Monte Santo, Nova Brasília, Palmeira, Pedregal, Prata, Presidente Médici, Quarenta, Ramadinha I, Ramadinha II, Sandra Cavalcante, Santa Cruz, Santa Rosa, Santo Antônio, São José, Tambor e Três Irmãs, além do Distrito de Galante."
"21/07/2026";"05:46:28";2026;81;"Eleições Gerais 2026";"PB";"PB";"PARAÍBA";"PB066172026";"2026-01-27 21:57:25";"S";"10783981000144";"SETA INSTITUTO DE PESQUISA LTDA";"INSTITUTO SETA DE PESQUISA";"Governador, Senador, Deputado Federal, Deputado Estadual";"2026-01-28 00:00:00";"2026-01-30 00:00:00";"2026-02-02 00:00:00";1500;"8954";"Galttieri Ferreira Tavares";"15000,00";"Pesquisa com metodologia quantitativa, com a realização de entrevistas pessoais utilizando questionário estruturado junto a uma amostra representativa do eleitorado do estado da Paraíba.
";"A amostra será representativa dos eleitores das áreas pesquisadas e será selecionada em duas etapas. Na primeira etapa realiza-se um sorteio probabilístico das localidades onde as entrevistas serão realizadas através do método PPT (Probabilidade Proporcional ao Tamanho), considerando a população com 16 anos ou mais residente nas localidades como base para essa seleção. Na segunda etapa, a seleção do entrevistado dentro da localidade será feita utilizando-se quotas amostrais proporcionais, em função das seguintes variáveis: Gênero: Masculino (47.1%); Feminino (52.9%); ; Faixa etária: De 16 a 20 anos: (5.8%); Entre 21 e 24 anos: (7.4%); Entre 25 e 34 anos: (19.5%); Entre 35 e 44 anos: (20.3%); 45 a 59 anos: (25.1%); Com 60 anos ou mais: (21.7%); ; ESCOLARIDADE: De analfabeto até ensino fundamental completo (Contêm eleitores que apenas Lê e escrevem, Analfabetos e que cursaram Ensino Fundamental Incompleto e Completo): 47,5%; Ensino médio incompleto ou completo: 38,7%; Ensino superior incompleto ou completo: 13,8% ; RENDA DOMICILIAR MENSAL: Sem rendimento: (2,26%); Até 1 Salário Minimo: (76,38%); Mais de 1 a 2 salários mínimos: (13,18%); Mais de 2 a 5 salários mínimos: (6,28%); Mais de 5 a 10 salários mínimos: (1,49%); Mais de 10 salários mínimos: (0,41%). . Está prevista eventual ponderação para correção das variáveis gênero e faixa etária, com base nos percentuais acima apresentados, caso ocorram diferenças superiores a 4,5 (quatro vírgula cinco) pontos percentuais entre o previsto na amostra e a coleta realizada, para as variáveis escolaridade e renda domiciliar mensal, o fator de ponderação é igual a 1 (resultados obtidos no campo). O nível de confiança estimado é de 95% (noventa e cinco por cento) para uma margem de erro estimada, considerando uma técnica de amostragem aleatória simples, de aproximadamente 2.5 pontos percentuais para mais ou para menos sobre os resultados obtidos. Fonte de Dados: TSE - dezembro/2025 e dados do IBGE.
";"As entrevistas serão realizadas por uma equipe de entrevistadores e supervisores devidamente qualificada pelo Instituto, com experiência e treinamento em pesquisas de opinião pública. No decorrer do trabalho de coleta de dados, os questionários aplicados, serão auditados em no mínimo 20% (vinte por cento) para verificação quanto ao cuidado na sua aplicação, bem como a adequação do entrevistado às variáveis das quotas amostrais.
";"Na ausência de delimitação do bairro, será identificada a área em que foi realizada a pesquisa (conforme §7º do art. 2º da Resolução-TSE nº 23.600/2019). A partir do dia em que a pesquisa puder ser divulgada e até o dia seguinte, o registro deverá ser complementado, sob pena de ser a pesquisa considerada não registrada; na ausência de delimitação do bairro, será identificada a área em que foi realizada.
"
"21/07/2026";"05:46:28";2026;81;"Eleições Gerais 2026";"PB";"PB";"PARAÍBA";"PB064352026";"2026-01-24 21:29:52";"N";"11490324000171";"EMMANUEL DA NOBREGA FALCAO";"FALCAO PESQUISAS E PUBLICIDADE";"Governador, Senador, Deputado Federal, Deputado Estadual";"2026-01-20 00:00:00";"2026-01-26 00:00:00";"2026-01-30 00:00:00";40000;"10808";"CP-Brasil AC Certisign RB G5 A1 17334115000115 JERSON BRUNO DO NASCIMENTO HONORIO.";"10000,00";"Apresentam-se os dados da pesquisa eleitoral de opinião pública a ser conduzida no Estado da Paraíba. Trata-se de uma pesquisa quantitativa realizada por meio de Recrutamento Digital Randômico (RDR), com aplicação de questionário estruturado em ambiente web, utilizando tecnologia própria de coleta e seleção aleatória de respondentes.

A coleta de dados é realizada por meio de plataformas digitais, com recrutamento randômico de participantes a partir de múltiplas fontes online, respeitando critérios estatísticos de elegibilidade, garantindo que cada eleitor do universo pesquisado tenha probabilidade conhecida e diferente de zero de participação. As respostas são registradas eletronicamente, com controles automáticos de consistência e validação.

Nota 1: Até a presente data de registro, os dados mais atualizados de renda disponíveis são provenientes do Censo Demográfico de 2010, uma vez que o IBGE ainda não divulgou a atualização dessa variável no Censo 2022. Para as demais variáveis demográficas, são utilizados dados já disponibilizados pelo Censo 2022 e pelo Tribunal Superior Eleitoral.

Nota 2: Em razão de arredondamentos computacionais, o somatório das células pode não corresponder exatamente ao total da linha. Tais diferenças são compensadas em outras categorias, sem prejuízo da representatividade estatística da amostra. Em alguns casos, pode haver número ligeiramente superior de entrevistas em determinadas células, decorrente da impossibilidade de realização de frações de entrevistas.

Nota 3: O registro da pesquisa tem finalidade exclusivamente de divulgação, sendo possível que a coleta de dados ocorra antes ou depois da data de registro, conforme previsto no Art. 10 da Resolução TSE nº 23.600/2019, que estabelece as informações obrigatórias na divulgação dos resultados de pesquisas eleitorais.

Nota 4: O sistema PesqEle permite a correção ou exclusão do registro no prazo de até 5 (cinco) dias após a data do registro, nos termos do Art. 8º da Resolução TSE nº 23.600/2019. A alteração implica a geração de novo número de registro e reinício da contagem do prazo para divulgação. Após esse período, não são permitidas modificações, sendo possível apenas o cancelamento do registro e a realização de novo cadastro.";"I) Público Pesquisado: Eleitores do Estado da Paraíba.
¿
II) Tipo de Amostra:
A amostra é aleatória e pós-estratificada, selecionada por meio de Recrutamento Digital Randômico (RDR), com aplicação de questionário estruturado em ambiente web. O recrutamento ocorre de forma randômica por meios digitais, com posterior ponderação estatística para garantir a representatividade do eleitorado paraibano.
¿
III) Tamanho da Amostra:
40.000 entrevistas, abrangendo todos os municípios do Estado da Paraíba.

¿

IV) Ponderação e Distribuição dos Perfis Amostrais

A amostra foi ajustada por meio de algoritmo iterativo de pós-estratificação, de modo a representar as características do eleitorado do Estado da Paraíba, conforme os percentuais abaixo:

SEXO
	¿	Feminino: 52,95%
	¿	Masculino: 47,05%

FAIXA ETÁRIA
	¿	16 a 24 anos: 13,21%
	¿	25 a 34 anos: 19,52%
	¿	35 a 44 anos: 20,29%
	¿	45 a 59 anos: 25,12%
	¿	60 anos ou mais: 21,86%

GRAU DE INSTRUÇÃO
	¿	Analfabeto / Lê e Escreve: 19,47%
	¿	Ensino Fundamental Incompleto/Completo: 28,05%
	¿	Ensino Médio Incompleto/Completo: 38,69%
	¿	Ensino Superior Incompleto/Completo: 13,79%

NÍVEL ECONÔMICO (RENDA DOMICILIAR MENSAL)
	¿	Até 2 salários mínimos: 66,96%
	¿	Acima de 2 até 5 salários mínimos: 22,66%
	¿	Acima de 5 salários mínimos: 10,38%

Os percentuais apresentados podem não totalizar exatamente 100% em razão de arredondamentos estatísticos. Na agregação final, para cada variável de ponderação, são admissíveis desvios residuais de até 1,0 ponto percentual em relação às quotas estipuladas.

Está prevista ponderação para correção das variáveis sexo e faixa etária, conforme os percentuais acima apresentados. Para as variáveis grau de instrução e renda, o fator de ponderação será igual a 1, conforme os resultados obtidos na coleta.

Fontes dos Dados:
Tribunal Superior Eleitoral (TSE ¿ 2026) para sexo e faixa etária;
Instituto Brasileiro de Geografia e Estatística (IBGE ¿ Censo 2010/2022) para escolaridade e renda.

¿

VI) Intervalo de Confiança e Margem de Erro

Intervalo de confiança estimado de 95,0%, com margem de erro aproximada de ±0,5 ponto percentual, considerando o total da amostra de 40.000 entrevistas. A margem de erro não se aplica a estratos específicos nem a cruzamentos de variáveis.";"Coleta feita com a utilização de questionário eletrônico com procedimentos específicos para o armazenamento seguro dos dados. São checados manualmente no mínimo 50% dos questionários para detectar possíveis anomalias. Pesquisadores especializados realizam internamente uma verificação exaustiva da consistência dos dados antes da divulgação dos resultados finais.";"Em anexo"
"21/07/2026";"05:46:28";2026;81;"Eleições Gerais 2026";"PB";"PB";"PARAÍBA";"PB056032026";"2026-06-09 20:21:53";"S";"62695016000113";"INSTITUTO DE PESQUISA DE GESTAO E POLITICA PARAIBANO LTDA";"INSTITUTO DE PESQUISA PODIUM";"Governador, Senador";"2026-06-08 00:00:00";"2026-06-09 00:00:00";"2026-06-15 00:00:00";547;"8.532";"Hildete Alves da Costa";"5470,00";"Pesquisa quantitativa, que consiste na realização de entrevistas, com a aplicação de questionário estruturado junto a uma amostra representativa do eleitorado referente aos municípios da Unidade da Federação. Assim como em sua parte conceitual a pesquisa realizada no município do Estado da Paraíba de Cuitegi, tende de esclarecer a tendência com relação à opinião eleitoral acerca dos candidatos, buscando identificar o perfil dos entrevistados, assim sendo foram analisados criteriosamente os fatores estatístico amostrais: idade, sexo, grau de instrução, faixa de renda bem como a situação da cidade onde fora executada a pesquisa, a fim de ter um planejamento eficiente e condizente como os recursos disponível. A amostragem será realizada pelo método PPT (Probabilidade Proporcional ao Tamanho), sendo a amostra total dividida em subamostras. Em cada subamostra será aplicada a amostragem aleatória simples, garantindo que todas as unidades da população tenham a mesma probabilidade de serem selecionadas. Esse procedimento garante que os indivíduos sejam escolhidos de forma totalmente aleatória, preservando a representatividade estatística e evitando vieses na seleção: 1- Todos os indivíduos da população têm a mesma probabilidade de ser escolhido para a amostra; e 2- Cada subconjunto possível de indivíduos (amostra) tem a mesma probabilidade de ser escolhido que qualquer outro subconjunto de indivíduos. Se quisermos sermos mais rigorosos poder-se-ia dizer que uma amostra aleatória simples é uma amostra de tamanho n desenhada a partir de uma população de tamanho N de tal maneira que cada amostra possível de tamanho n tem a mesma probabilidade de ser selecionada. A amostra será representativa dos eleitores das áreas pesquisadas e será selecionada em duas etapas. Na primeira etapa realiza-se um sorteio probabilístico das localidades onde as entrevistas serão realizadas através do método PPT (Probabilidade Proporcional ao Tamanho), considerando a população com 16 anos ou mais residente nas localidades como base para essa seleção. Na segunda etapa, a seleção do entrevistado dentro da localidade será feita utilizando-se quotas amostrais proporcionais.";"Desta forma, o tamanho da amostra utilizada para o município de Cuitegi foi de 547, onde fora calculado como base na população do município, através de amostragem aleatória simples, e através de entrevistas pessoais com eleitores com 16 anos ou mais, como nos indica o plano amostral a seguir: GÊNERO: homens 48,13% e mulheres 51,87%. FAIXA ETÁRIA: de 16 a 24 anos: 14,54%, de 25 a 34 anos 21,38 %, de 35 a 44 anos 20,49%, de 45 a 59 anos:23,34% e de 60 a mais 20,25%. ESCOLARIDADE: Analfabeto 11,49%, lê e escreve 15,52%, Ensino fundamental incompleto 26,19%, Ensino fundamental completo 3,90%, Ensino médio incompleto 18,96%, Ensino médio completo 16,91%, Ensino superior incompleto 2,86% e Ensino superior completo 4,17%. DE RENDA NOMINAL MENSAL: Sem Rendimento 0,17%, Até 1/4 SM 7,38%, Mais de ¼ a ½ SM 18,75%, mais de ½ a 1 SM 44,54%, Mais 01 até 02 salários mínimos 19,55%, Mais de 02 a 03 salários mínimos: 5,32% Mais de 3 SM até 5 SM 3,89%, Mais de 05 a 10 SM 0,40% Mais de 10 a 15 SM 0,00%, Mais de 15 a 20 SM 0,00% e acima de 20 SM 0,0%. Está prevista eventual ponderação para correção das variáveis de controle, gênero, faixa etária, escolaridade e renda com base nos percentuais acima apresentados, caso ocorram diferenças superiores a 4,0 (quatro vírgulas zero) pontos percentuais entre o previsto na amostra e a coleta realizada. Fonte dos dados: TSE ¿ maio de 2026 para Gênero/Faixa Etária/Escolaridade e IBGE Censo 2022 para Nível Econômico. O nível de confiança estimado é de 95% (noventa e cinco por cento) para uma margem de erro estimada nos termos da resolução nº 23.600/2019 do TSE, considerando uma técnica de amostragem aleatória simples, de aproximadamente 4% (quatro pontos percentuais para mais ou para menos) sobre os resultados obtidos.";"A organização e todos os dados foram coletados de forma transparente, respeitosa e precisa, seguindo rigorosamente os critérios estatísticos que garante a confiabilidade e facilidade de acesso a informações que busca e firmar sua opinião eleitoral acerca da temática. Para a realização da pesquisa, foi utilizada uma equipe de entrevistadores, um fiscal de campo e um supervisor devidamente treinado pela Empresa Instituto de Pesquisa de Gestão e Política Paraibano - IPGPP, com experiência em pesquisas de opinião pública. O trabalho de campo é acompanhado ininterruptamente por um supervisor que checa a visita nos bairros e áreas pré-definidas visando manter o equilíbrio e a qualidade da amostra conforme as ponderações especificadas. Após o trabalho de campo, os questionários são auditados, em no mínimo 20% (vinte por cento). No escritório da empresa, antes da tabulação dos dados, todos os questionários da amostra são analisados e conferidos criteriosamente, como também as planilhas de fiscalização adotadas no trabalho de campo. Houve filtragem em todos os questionários após a realização das entrevistas. Vale enfatizar que a pesquisa foi realizada de 8 a 9 de junho do corrente ano, foram realizadas com pessoas entre as faixas etárias de 16 a 60 anos ou mais. Utilizou-se questionários elaborados de acordo com os objetivos da pesquisa.";"O campo ""Dados relativos aos municípios e bairros"" pode ser preenchido tanto no momento do cadastro da pesquisa como a partir do dia em que a pesquisa puder ser divulgada e até o dia seguinte, de acordo com a resolução nº 23.600/2019, do Tribunal Superior Eleitoral (TSE)."
"21/07/2026";"05:46:28";2026;81;"Eleições Gerais 2026";"PB";"PB";"PARAÍBA";"PB085252026";"2026-05-19 02:14:49";"N";"10783981000144";"SETA INSTITUTO DE PESQUISA LTDA";"INSTITUTO SETA DE PESQUISA";"Governador, Senador, Deputado Federal, Deputado Estadual";"2026-05-19 00:00:00";"2026-05-20 00:00:00";"2026-05-25 00:00:00";700;"8954";"Galttieri Ferreira Tavares";"5000,00";"Pesquisa com metodologia quantitativa, com a realização de entrevistas pessoais utilizando questionário estruturado junto a uma amostra representativa do eleitorado do município de CAMPINA GRANDE.";"A amostra será representativa dos eleitores das áreas pesquisadas e será selecionada em duas etapas. Na primeira etapa realiza-se um sorteio probabilístico das localidades onde as entrevistas serão realizadas através do método PPT (Probabilidade Proporcional ao Tamanho), considerando a população com 16 anos ou mais residente nas localidades como base para essa seleção. Na segunda etapa, a seleção do entrevistado dentro da localidade será feita utilizando-se quotas amostrais proporcionais, em função das seguintes variáveis: Gênero: Masculino (45.23%); Feminino (54.77%); ; Faixa etária: De 16 a 20 anos: (5.48%); Entre 21 e 24 anos: (7.13%); Entre 25 e 34 anos: (19.69%); Entre 35 e 44 anos: (20.52%); 45 a 59 anos: (25.04%); Com 60 anos ou mais: (22.15%); ; ESCOLARIDADE: De analfabeto até ensino fundamental completo (Contêm eleitores que apenas Lê e escrevem, Analfabetos e que cursaram Ensino Fundamental Incompleto e Completo): 33,54%; Ensino médio incompleto ou completo: 45,51%; Ensino superior incompleto ou completo: 20,95% ; RENDA DOMICILIAR MENSAL: Sem rendimento: (0,80%); Até 1 Salário Minimo: (49,52%); Mais de 1 a 2 salários mínimos: (26,01%); Mais de 2 a 5 salários mínimos: (17,07%); Mais de 5 a 10 salários mínimos: (4,56%); Mais de 10 salários mínimos: (2,05%). Está prevista eventual pós-estratificação da amostra para correção de estimativas e das distribuições das variáveis sexo, idade, renda familiar e escolaridade, com base nos percentuais anteriormente mencionados, caso ocorram diferenças entre os percentuais previstos na amostra e a coleta de dados realizada. O nível de confiança estimado é de 95% (noventa e cinco por cento) para uma margem de erro estimada, considerando uma técnica de amostragem aleatória simples, de aproximadamente 4 pontos percentuais para mais ou para menos sobre os resultados obtidos. Fonte de Dados: TSE - Abril/2026 e dados do IBGE.";"As entrevistas serão realizadas por uma equipe de entrevistadores e supervisores devidamente qualificada pelo Instituto, com experiência e treinamento em pesquisas de opinião pública. No decorrer do trabalho de coleta de dados, os questionários aplicados, serão auditados em no mínimo 20% (vinte por cento) para verificação quanto ao cuidado na sua aplicação, bem como a adequação do entrevistado às variáveis das quotas amostrais.
";"Dados relativos aos municípios e bairros abrangidos pela pesquisa. Na ausência de delimitação do bairro, será identificada a área em que foi realizada a pesquisa (conforme §7º do art. 2º da Resolução-TSE nº 23.600/2019). A partir do dia em que a pesquisa puder ser divulgada e até o dia seguinte, o registro deverá ser complementado, sob pena de ser a pesquisa considerada não registrada; na ausência de delimitação do bairro, será identificada a área em que foi realizada."
"21/07/2026";"05:46:28";2026;81;"Eleições Gerais 2026";"PB";"PB";"PARAÍBA";"PB047222026";"2026-07-09 16:47:59";"S";"13539940000103";"INDICE INTELIGENCIA LTDA";"INDICE INTELIGENCIA";"Governador, Senador, Deputado Federal, Deputado Estadual";"2026-07-10 00:00:00";"2026-07-12 00:00:00";"2026-07-15 00:00:00";2000;"10274";"Ianne Rafaella Santos Melo";"14000,00";"A pesquisa utiliza metodologia quantitativa, utilizando questionário estruturado e padronizado, aplicado por meio de entrevistas pessoais domiciliares junto a uma amostra representativa do eleitorado em estudo. O objetivo da pesquisa é fornecer um panorama político e administrativo do Estado da Paraíba, permitindo a avaliação do cenário político com vistas às eleições de 2026, além de gerar informações de domínio público. O público-alvo será composto por eleitores domiciliados no Estado da Paraíba, aptos ao exercício do voto conforme a legislação eleitoral vigente, residentes nas zonas urbana e rural. A coleta de dados será realizada de forma domiciliar e individual, mediante amostra estratificada por sexo, faixa etária, nível de instrução e faixa de renda, observando os parâmetros estatísticos e demográficos estabelecidos a partir das seguintes bases oficiais: Tribunal Superior Eleitoral (TSE) ¿ junho de 2026; Instituto Brasileiro de Geografia e Estatística (IBGE) ¿ Censo Demográfico 2010/2022; PNAD Contínua 2023; e PNAD Contínua Trimestral ¿ 2º trimestre de 2024.

";"O plano amostral adotado nesta pesquisa será composto por amostragem aleatória simples e amostragem por conglomerados em três estágios, prevendo a aplicação de 2.000 entrevistas. Na primeira etapa, os municípios serão selecionados de forma aleatória pelo método PPT (Probabilidade Proporcional ao Tamanho), utilizando como referência o contingente populacional de cada município. Na segunda etapa, serão sorteados probabilisticamente os setores censitários também pelo método PPT, tomando como base a população residente com 16 anos ou mais. Na etapa final, após a definição dos setores censitários, ruas, domicílios e pontos amostrais, os entrevistados serão selecionados mediante controle de cotas proporcionais, considerando variáveis relevantes como sexo, faixa etária, renda e escolaridade. A composição da amostra observará os seguintes parâmetros: 47,06% do sexo masculino e 52,94% do sexo feminino; distribuição etária composta por 1,12% com 16 anos, 1,42% com 17 anos, 2,06% com 18 anos, 2,20% com 19 anos, 2,25% com 20 anos, 5,13% entre 21 e 24 anos, 6,53% entre 25 e 29 anos, 7,84% entre 30 e 34 anos, 9,23% entre 35 e 39 anos, 9,55% entre 40 e 44 anos, 9,18% entre 45 e 49 anos, 8,64% entre 50 e 54 anos, 8,52% entre 55 e 59 anos e 26,34% com 60 anos ou mais. Em relação à renda, serão considerados 58,23% com rendimento de até 1 salário mínimo, 27,55% entre mais de 1 e 3 salários mínimos e 14,22% acima de 3 salários mínimos. Quanto à escolaridade, a distribuição compreenderá 6,66% de analfabetos, 13,50% que apenas leem e escrevem, 23,74% com ensino fundamental incompleto, 4,62% com ensino fundamental completo, 14,97% com ensino médio incompleto, 22,46% com ensino médio completo, 5,34% com ensino superior incompleto e 8,72% com ensino superior completo. Os dados referentes ao nível econômico terão como referência estimativas do IBGE, adotando fator de ponderação igual a 1 com base nos resultados obtidos em campo, podendo haver ponderação posterior para ajuste das variáveis sexo, idade e escolaridade, caso sejam observadas discrepâncias entre os parâmetros definidos e os dados efetivamente coletados. A pesquisa apresentará nível de confiança de 95% e margem de erro máxima estimada de 2,2 pontos percentuais, para mais ou para menos, considerando o total da amostra.FONTE DOS DADOS: TSE-Tribunal Superior Eleitoral ¿ junho/2026; IBGE - Censo 2010/2022; IBGE - PNADc 2023; IBGE - PNADc trimestral 2-2024.";"Para a execução da pesquisa será utilizada equipe composta por entrevistadores e coordenadores de campo devidamente treinados pelo Instituto, garantindo padronização dos procedimentos e qualidade na coleta das informações. As entrevistas serão realizadas de forma presencial e domiciliar, mediante aplicação de questionário estruturado, sendo aplicado apenas um questionário por domicílio, respeitando rigorosamente as cotas amostrais previamente definidas. Durante todo o trabalho de campo, os entrevistadores serão acompanhados e supervisionados permanentemente pelos coordenadores de campo, além da realização de checagem de aproximadamente 20% da amostra, com o objetivo de confirmar a realização das entrevistas e verificar a consistência e fidedignidade dos dados coletados. Esses procedimentos de supervisão e controle de qualidade asseguram maior precisão estatística e confiabilidade dos resultados obtidos, em conformidade com os parâmetros metodológicos estabelecidos para a pesquisa.";"João Pessoa, Campina Grande, Santa Rita, Patos, Bayeux, Cabedelo, Sousa, Cajazeiras, Guarabira, Sapé, Mamanguape, Esperança, Pombal, Catolé do Rocha, Itaporanga, Monteiro, Princesa Isabel, Solânea, Alagoa Grande, Alagoa Nova, Areia, Bananeiras, Araruna, Cuité, Picuí, Remígio, Ingá, Itabaiana, Cruz do Espírito Santo, Conde, Alhandra, Caaporã, Pitimbu, Lucena, Rio Tinto, Marcação, Baía da Traição, Jacaraú, Curral de Cima, Mataraca, Pedras de Fogo, Juripiranga, Pilar, São Miguel de Taipu, Gurinhém, Caldas Brandão, Riachão do Bacamarte, Serra Redonda, Queimadas, Boqueirão, Aroeiras, Fagundes, Lagoa Seca, Massaranduba, Pocinhos, Puxinanã, Soledade, Juazeirinho, Taperoá, Teixeira, São Bento, Brejo do Cruz, Brejo dos Santos, Paulista, Coremas, Piancó, Conceição, Ibiara, Santana dos Garrotes, Água Branca, Imaculada, Tavares, Juru, São José de Piranhas, Uiraúna, Triunfo, Bonito de Santa Fé, São João do Rio do Peixe, Belém, Caiçara, Pirpirituba, Serraria, Pilões e Dona Inês."
"21/07/2026";"05:46:28";2026;81;"Eleições Gerais 2026";"PB";"PB";"PARAÍBA";"PB084442026";"2026-05-14 20:17:49";"S";"65258678000114";"M DE O DA COSTA AVANCY";"AVANCY";"Governador, Senador, Deputado Federal, Deputado Estadual";"2026-05-14 00:00:00";"2026-05-19 00:00:00";"2026-05-20 00:00:00";400;"10172";"David Leal de carvalho ";"2000,00";"A pesquisa será de natureza quantitativa, com entrevistas presenciais realizadas por meio de questionário estruturado, padronizado e testado previamente. Entrevistadores treinados farão a coleta dos dados por abordagem direta aos eleitores em seus domicílios, conforme o planejamento operacional definido.
O universo da pesquisa será composto por eleitores com 16 anos ou mais, residentes no município de Sousa no estado da Paraíba. Para a distribuição territorial da amostra, serão consideradas as áreas urbanas e rurais do município, incluindo bairros, localidades, comunidades e setores censitários previamente definidos no plano amostral.
As entrevistas serão realizadas em diferentes áreas do município, de modo a assegurar cobertura territorial adequada e representação das principais zonas de moradia do eleitorado local.
";"O público pesquisado será composto por eleitores aptos a votar no município de Sousa. A amostra será definida por procedimento probabilístico, com distribuição territorial proporcional à composição do eleitorado e à estrutura urbana e rural do município.
A alocação da amostra levará em conta a distribuição dos eleitores nas diferentes áreas, bairros, localidades e setores censitários selecionados, conforme dados oficiais disponíveis do Tribunal Superior Eleitoral (TSE) e do Instituto Brasileiro de Geografia e Estatística (IBGE). Esse procedimento busca garantir que a amostra represente adequadamente o eleitorado municipal.
Os entrevistados serão abordados diretamente em seus domicílios. No momento da entrevista, será aplicado filtro de elegibilidade para confirmar o domicílio eleitoral no município de Sousa e a aptidão para o exercício do voto. Serão considerados apenas eleitores aptos a votar no município.
Será adotado plano amostral por conglomerados em dois estágios, com seleção probabilística nas etapas iniciais e controle por cotas na etapa final. No primeiro estágio, serão selecionados setores censitários ou áreas de coleta com probabilidade proporcional ao tamanho, tomando como referência o número de domicílios particulares permanentes, conforme dados do IBGE. No segundo estágio, os domicílios serão selecionados dentro dos setores ou áreas sorteadas, mediante procedimento sistemático de abordagem.
Em cada domicílio, o entrevistado será selecionado com base em cotas proporcionais às características do eleitorado municipal, considerando variáveis como sexo, faixa etária, grau de instrução e nível econômico.
Na apresentação final dos resultados, os dados são ponderados para ajuste aos parâmetros populacionais conhecidos, utilizando como fontes públicas o Tribunal Superior Eleitoral (TSE, março de 2026) para sexo, faixa etária e escolaridade. Amostra 400, variáveis: Sexo Masculino 186( 46,56) Feminino 214( 53,44) Faixa Etária: 16 a 24 Anos 54(13,18) 25 a 34 Anos 69(17,34) 35 a 44 Anos 77(19,35) 45 a 59 Anos 106(26,54) Acima de 60 Anos 94(23,59) Grau de Instrução: Analfabeto 31(7,66) Lê e Escreve 52(13,09) Ensino Fundamental 113(28,34) Ensino Médio 151(37,70) 53(13,21) Renda: até 1 SM 315( 78,67) de 1 a 2 SM 51(12,78) de 2 a 5 SM 23(5,70) de 5 a 10 SM 07(1,89) Acima de 10 SM 04(0,96) sempre que identificadas discrepâncias relevantes entre a amostra coletada e os parâmetros do universo pesquisado. Ressalta-se que a variável de nível econômico (renda), embora coletada para fins de caracterização do perfil da amostra, não será utilizada no processo de ponderação dos dados, em razão das limitações inerentes à mensuração dessa variável em pesquisas domiciliares e da ausência de parâmetros específicos consolidados para o eleitorado. O cálculo do tamanho da amostra considera a estimativa de proporções populacionais sob variância máxima (p = 0,5), resultando em margem de erro de aproximadamente 4,88 pontos percentuais para os resultados globais, para mais ou para menos, com nível de confiança de 95%. A relação dos municípios contemplados será anexada até o dia seguinte à divulgação dos resultados, nos termos da Resolução TSE nº 23.600/2019.
A relação dos bairros, localidades e áreas contempladas será anexada até o dia seguinte à divulgação dos resultados, nos termos da Resolução TSE nº 23.600/2019.
";"Os pesquisadores envolvidos na realização da pesquisa receberão treinamento prévio e instruções específicas para o projeto. O trabalho de campo será executado por equipes de entrevistadores, supervisionadas por coordenadores responsáveis pelo acompanhamento das atividades em cada área de coleta.
Após a realização das entrevistas, os questionários passarão por processo de conferência e validação. Esse procedimento incluirá análise de consistência das respostas e verificação do cumprimento dos critérios amostrais estabelecidos.
Também será realizada checagem de parte das entrevistas, correspondente a aproximadamente 20% do total coletado, por meio de supervisão independente. Essa etapa terá como objetivo confirmar a veracidade das informações prestadas e a correta aplicação do questionário. A pesquisa utilizará questionário impresso para realização da coleta.
";"Os dados referentes aos bairros, localidades e áreas abrangidas pela pesquisa serão informados conforme a exigência da Resolução TSE nº 23.600/2019.
Quando não houver delimitação formal de bairro, será identificada a área em que a pesquisa foi realizada. Nos termos do §7º do art. 2º da referida resolução, a partir do dia em que a pesquisa puder ser divulgada e até o dia seguinte, o registro deverá ser complementado. Caso essa complementação não ocorra, a pesquisa poderá ser considerada não registrada.
"
"21/07/2026";"05:46:28";2026;81;"Eleições Gerais 2026";"PB";"PB";"PARAÍBA";"PB056122026";"2026-06-22 19:33:44";"S";"62695016000113";"INSTITUTO DE PESQUISA DE GESTAO E POLITICA PARAIBANO LTDA";"INSTITUTO DE PESQUISA PODIUM";"Governador, Senador";"2026-06-20 00:00:00";"2026-06-22 00:00:00";"2026-06-28 00:00:00";585;"8.532";"Hildete Alves da Costa";"5850,00";"Pesquisa quantitativa, que consiste na realização de entrevistas, com a aplicação de questionário estruturado junto a uma amostra representativa do eleitorado referente aos municípios da Unidade da Federação. Assim como em sua parte conceitual a pesquisa realizada no município do Estado da Paraíba de Solânea, tende de esclarecer a tendência com relação à opinião eleitoral acerca dos candidatos, buscando identificar o perfil dos entrevistados, assim sendo foram analisados criteriosamente os fatores estatístico amostrais: idade, sexo, grau de instrução, faixa de renda bem como a situação da cidade onde fora executada a pesquisa, a fim de ter um planejamento eficiente e condizente como os recursos disponíveis. A amostragem será realizada pelo método PPT (Probabilidade Proporcional ao Tamanho), sendo a amostra total dividida em subamostras. Em cada subamostra será aplicada a amostragem aleatória simples, garantindo que todas as unidades da população tenham a mesma probabilidade de serem selecionadas. Esse procedimento garante que os indivíduos sejam escolhidos de forma totalmente aleatória, preservando a representatividade estatística e evitando vieses na seleção: 1- Todos os indivíduos da população têm a mesma probabilidade de ser escolhido para a amostra; e 2- Cada subconjunto possível de indivíduos (amostra) tem a mesma probabilidade de ser escolhido que qualquer outro subconjunto de indivíduos. Se quisermos sermos mais rigorosos poder-se-ia dizer que uma amostra aleatória simples é uma amostra de tamanho n desenhada a partir de uma população de tamanho N de tal maneira que cada amostra possível de tamanho n tem a mesma probabilidade de ser selecionada. A amostra será representativa dos eleitores das áreas pesquisadas e será selecionada em duas etapas. Na primeira etapa realiza-se um sorteio probabilístico das localidades onde as entrevistas serão realizadas através do método PPT (Probabilidade Proporcional ao Tamanho), considerando a população com 16 anos ou mais residente nas localidades como base para essa seleção. Na segunda etapa, a seleção do entrevistado dentro da localidade será feita utilizando-se quotas amostrais proporcionais.";"Desta forma, o tamanho da amostra utilizada para o município de Solânea foi de 585, onde fora calculado como base na população do município, através de amostragem aleatória simples, e através de entrevistas pessoais com eleitores com 16 anos ou mais, como nos indica o plano amostral a seguir: GÊNERO: homens 46,09% e mulheres 53,91%. FAIXA ETÁRIA: de 16 a 24 anos: 15,68%, 25 a 34 anos 18,21%, de 35 a 44 anos 18,42%, de 45 a 59 anos: 23,50% e de 60 a mais 24,18%. ESCOLARIDADE: Analfabeto 9,31%, lê e escreve 20,57%, Ensino fundamental incompleto 22,66%, Ensino fundamental completo 4,40%, Ensino médio incompleto 16,80%, Ensino médio completo 16,11%, Ensino superior incompleto 3,97%, e Ensino superior completo 6,18%. DE RENDA NOMINAL MENSAL: Sem Rendimento 1%, Até 1/4 SM 13,67%, Mais de 1/4 a ½ SM 21,24%, mais de ½ a 1 SM 37,64%, Mais 01 até 02 salários mínimos 13,49%, Mais de 02 a 03 salários mínimos: 6%, Mais de 3 SM até 5 SM 4,84%, Mais de 05 a 10 SM 1,66%, Mais de 10 a 15 SM 0,22%, Mais de 15 a 20 SM 0,12% e acima de 20 SM 0,12%. Está prevista eventual ponderação para correção das variáveis de controle, gênero, faixa etária, escolaridade e renda com base nos percentuais acima apresentados, caso ocorram diferenças superiores a 4,0 (quatro vírgulas zero) pontos percentuais entre o previsto na amostra e a coleta realizada. Fonte dos dados: TSE ¿ maio de 2026 para Gênero/Faixa Etária/Escolaridade e IBGE Censo 2022 para Nível Econômico. O nível de confiança estimado é de 95% (noventa e cinco por cento) para uma margem de erro estimada nos termos da resolução nº 23.600/2019 do TSE considerando uma técnica de amostragem aleatória simples, de aproximadamente 4% (quatro pontos percentuais para mais ou para menos) sobre os resultados obtidos.";"A organização e todos os dados foram coletados de forma transparente, respeitosa e precisa, seguindo rigorosamente os critérios estatísticos que garante a confiabilidade e facilidade de acesso a informações que busca e firmar sua opinião eleitoral acerca da temática. Para a realização da pesquisa, foi utilizada uma equipe de entrevistadores, um fiscal de campo e um supervisor devidamente treinado pela Empresa Instituto de Pesquisa de Gestão e Política Paraibano - IPGPP, com experiência em pesquisas de opinião pública. O trabalho de campo é acompanhado ininterruptamente por um supervisor que checa a visita nos bairros e áreas pré-definidas visando manter o equilíbrio e a qualidade da amostra conforme as ponderações especificadas. Após o trabalho de campo, os questionários são auditados, em no mínimo 20% (vinte por cento). No escritório da empresa, antes da tabulação dos dados, todos os questionários da amostra são analisados e conferidos criteriosamente, como também as planilhas de fiscalização adotadas no trabalho de campo. Houve filtragem em todos os questionários após a realização das entrevistas. Vale enfatizar que a pesquisa foi realizada entre 20 a 22 de junho do corrente ano, foram realizadas com pessoas entre as faixas etárias de 16 a 60 anos ou mais. Utilizou-se questionários elaborados de acordo com os objetivos da pesquisa.";"O campo ""Dados relativos aos municípios e bairros"" pode ser preenchido tanto no momento do cadastro da pesquisa como a partir do dia em que a pesquisa puder ser divulgada e até o dia seguinte, de acordo com a resolução nº 23.600/2019, do Tribunal Superior Eleitoral (TSE)."
"21/07/2026";"05:46:28";2026;81;"Eleições Gerais 2026";"PB";"PB";"PARAÍBA";"PB052802026";"2026-03-09 20:43:09";"S";"62695016000113";"INSTITUTO DE PESQUISA DE GESTAO E POLITICA PARAIBANO LTDA";"INSTITUTO DE PESQUISA PODIUM";"Governador, Senador, Deputado Federal, Deputado Estadual";"2026-03-07 00:00:00";"2026-03-07 00:00:00";"2026-03-15 00:00:00";129;"8.532";"Hildete Alves da Costa";"1655,00";"Pesquisa quantitativa, que consiste na realização de entrevistas, com a aplicação de questionário estruturado junto a uma amostra representativa do eleitorado referente aos municípios da unidade da federação. Assim como em sua parte conceitual, a pesquisa foi realizada no município de Mari, do estado da Paraíba, tende de esclarecer a tendência com relação à opinião eleitoral acerca dos candidatos, buscando identificar o perfil dos entrevistados, assim sendo foram analisados criteriosamente os fatores estatístico-amostrais: idade, sexo, grau de instrução, faixa de renda, bem como a situação da cidade onde fora executada a pesquisa, a fim de ter um planejamento eficiente e condizente com os recursos disponíveis. Amostragem aleatória simples, método PPT (Probabilidade Proporcional ao Tamanho), consiste em uma amostragem onde um conjunto de indivíduos podem ser selecionados totalmente ao acaso a partir de um conjunto maior (a população) por um processo que garanta: 1- Todos os indivíduos da população têm a mesma probabilidade de ser escolhido para a amostra; e 2- Cada subconjunto possível de indivíduos (amostra) tem a mesma probabilidade de ser escolhido que qualquer outro subconjunto de indivíduos. Se quisermos sermos mais rigorosos poder-se-ia dizer que uma amostra aleatória simples é uma amostra de tamanho n desenhada a partir de uma população de tamanho N de tal maneira que cada amostra possível de tamanho n tem a mesma probabilidade de ser selecionada. A amostra será representativa dos eleitores das áreas pesquisadas e será selecionada em duas etapas. Na primeira etapa realiza-se um sorteio probabilístico das localidades onde as entrevistas serão realizadas através do método PPT (Probabilidade Proporcional ao Tamanho), considerando a população com 16 anos ou mais residente nas localidades como base para essa seleção. Na segunda etapa, a seleção do entrevistado dentro da localidade será feita utilizando-se quotas amostrais proporcionais.";"Desta forma, o tamanho da amostra utilizada para o município de Mari foi de 129, onde fora calculado como base na população do município, através de amostragem aleatória simples e de entrevistas pessoais com eleitores com 16 anos ou mais, como nos indica o plano amostral a seguir: GÊNERO: homens (47,7%) e mulheres (52,3%); FAIXA ETÁRIA: de 16 a 24 anos (13,45%), de 25 a 34 anos (19,58%), de 35 a 44 anos (20,21%), de 45 a 59 anos (25,65%) e de 60 anos a mais (21,1%); ESCOLARIDADE: Analfabeto (10,52%), lê e escreve (19,24%), ensino fundamental incompleto (24,19%), ensino fundamental completo (4,44%), ensino médio incompleto (15,19%), ensino médio completo (19,1%), ensino superior incompleto (3,04%) e ensino superior completo 4,28%; RENDA NOMINAL MENSAL: sem rendimento (2,87%), até ½ salário-mínimo (30,5%), mais de ½ a 1 salário-mínimo (35%), mais 1 até 2 salários-mínimos (23,54%), mais de 2 a 5 salários-mínimos (7,09%), mais de 5 salários-mínimos até 10 salários-mínimos (0,77%), mais de 10 a 20 salários-mínimos (0,23%) e acima de 20 salários-mínimos (0%). Está prevista eventual ponderação para correção das variáveis gênero e faixa etária, com base nos percentuais acima apresentados, caso ocorram diferenças superiores a 4,0 (quatro vírgula zero) pontos percentuais entre o previsto na amostra e a coleta realizada, para as variáveis escolaridade e renda domiciliar mensal, o fator de ponderação é igual a 1 (resultados obtidos no campo). Fonte dos dados: TSE ¿ janeiro de 2026 para faixa etária/escolaridade e IBGE Censo 2022 para nível econômico. O nível de confiança estimado é de 95% (noventa e cinco por cento) para uma margem de erro estimada, considerando uma técnica de amostragem aleatória simples, de aproximadamente 8,6% (oito vírgula seis pontos percentuais) para mais ou para menos sobre os resultados obtidos.";"A organização e todos os dados foram coletados de forma transparente, respeitosa e precisa, seguindo rigorosamente os critérios estatísticos que garante a confiabilidade e facilidade de acesso a informações que busca e firmar sua opinião eleitoral acerca da temática. Para a realização da pesquisa, foi utilizada uma equipe de entrevistadores, um fiscal de campo e um supervisor devidamente treinado pelo Instituto de Pesquisa de Gestão e Política Paraibano (IPGPP), com experiência em pesquisas de opinião pública. O trabalho de campo é acompanhado ininterruptamente por um supervisor que checa a visita nos bairros e áreas pré-definidas visando manter o equilíbrio e a qualidade da amostra conforme as ponderações especificadas. Após o trabalho de campo, os questionários são auditados, em, no mínimo, 20% (vinte por cento). No escritório da empresa, antes da tabulação dos dados, todos os questionários da amostra são analisados e conferidos criteriosamente, como também as planilhas de fiscalização adotadas no trabalho de campo. Houve filtragem em todos os questionários após a realização das entrevistas. Vale enfatizar que a pesquisa foi realizada em 7 de março do corrente ano, foram realizadas com pessoas entre as faixas etárias de 16 a 60 anos ou mais. Utilizou-se questionários elaborados de acordo com os objetivos da pesquisa.";"Foram realizadas 129 entrevistas no município de Mari, contemplando tanto a zona urbana quanto a zona rural."
"21/07/2026";"05:46:28";2026;81;"Eleições Gerais 2026";"PB";"PB";"PARAÍBA";"PB005922026";"2026-03-23 12:56:43";"S";"13539940000103";"INDICE INTELIGENCIA LTDA";"INDICE INTELIGENCIA";"Governador, Senador, Deputado Federal, Deputado Estadual";"2026-03-24 00:00:00";"2026-03-26 00:00:00";"2026-03-29 00:00:00";1536;"10274";"Ianne Rafaella Santos Melo";"20000,00";"Trata-se de uma pesquisa quantitativa, utilizando questionário estruturado (impresso) e padronizado por meio de entrevistas pessoais em domicílios, junto a uma amostra representativa do eleitorado em estudo, que teve como objetivo fornecer um panorama político e administrativo do estado da PARAÍBA, para avaliação do cenário político, visando as eleições de 2026 e gerar informações de domínio público. O público alvo será composto por eleitores domiciliados no estado da PARAÍBA, aptos para votar, conforme a legislação eleitoral, residentes nas zonas Urbana e Rural. A pesquisa será feita, com coleta de dados domiciliar e individual de uma amostra estratificada por sexo, faixa etária, nível de instrução e faixa de renda, conforme dados do TSE-Tribunal Superior Eleitoral - fevereiro/2026; IBGE - Censo 2010/2022; IBGE - PNADc 2023; IBGE - PNADc trimestral 2- 2024.";"O plano de amostragem utilizado é de amostragem aleatória simples e por conglomerado, em três etapas, em que serão coletados 1.536 formulários. Na primeira etapa os municípios são selecionados aleatoriamente, onde as entrevistas são realizadas por meio do método PPT (Probabilidade Proporcional ao Tamanho), tomando a população como base para tal seleção. Na segunda etapa, realiza-se um sorteio aleatório probabilístico dos setores censitários, onde as entrevistas são realizadas, pelo método PPT (Probabilidade Proporcional ao Tamanho), tomando a população de 16 anos ou mais residentes nos setores com base para tal seleção. Na sequência a escolha dos setores censitários (rua, domicílio/local pré-estabelecido e ponto amostral), os respondentes são selecionados por meio de quotas amostrais proporcionais em função das variáveis significativas sexo e idade, sendo 47,06% do eleitorado do sexo masculino, e 52,94% do sexo feminino; sobre as idades, sendo 1,12% de 16 anos, 1,42% de 17 anos, 2,06% de 18 anos, 2,20% de 19 anos , 2,25% de 20 anos, 5,13% de 21 a 24 anos, 6,53% de 25 a 29 anos, 7,84% de 30 a 34 anos, 9,23% de 35 a 39 anos, 9,55% de 40 a 44 anos, 9,18% de 45 a 49 anos, 8,64% de 50 a 54 anos, 8,52% de 55 a 59 anos, 26,34% com 60 anos ou mais; sobre o nível econômico, sendo 58,23% até 1 salário mínimo, 27,55% de mais de 1 a 3 salários mínimos e 14,22% acima de 3 salários mínimos e, sobre a escolaridade, sendo 6,66% de analfabeto, 13,50% lê e escreve, 4,62% com ensino fundamental completo, 23,74% com ensino fundamental incompleto, 22,46% com ensino médio completo, 14,97% com ensino médio incompleto, 8,72% com ensino superior completo e 5,34% com ensino superior incompleto. Em relação ao nível econômico do entrevistado, foram estimados por dados do IBGE, com fator previsto de ponderação 1 (resultados obtidos em campo). Está prevista eventual ponderação para correção das variáveis sexo, idade e grau de escolarização com base nos percentuais anteriormente mencionados, caso ocorram diferenças entre o previsto na amostra e a coleta de dados realizada. O nível de confiança estimado é de 95% e a margem de erro máxima estimada considerando um modelo de amostragem aleatório simples, é de 2,5 (dois vírgula cinco) pontos percentuais para mais ou para menos sobre os resultados encontrados no total da amostra. FONTE DOS DADOS: TSE-Tribunal Superior Eleitoral ¿ FEVEREIRO/2026; IBGE - Censo 2010/2022; IBGE - PNADc 2023; IBGE - PNADc trimestral 2-2024.
";"Para a realização da pesquisa utiliza-se uma equipe de entrevistadores e coordenadores de campo devidamente treinado para o trabalho do ÍNDICE INTELIGÊNCIA. As entrevistas são pessoais e domiciliares, feitas por meio de questionário estruturado, aplicando-se apenas um questionário por domicílio, respeitando as cotas pré- determinadas. Durante a realização dos trabalhos de campo, os entrevistadores são submetidos a uma fiscalização permanente por parte dos coordenadores de campo e são realizadas checagem de 20% da amostra para atestar a realização das entrevistas e a fidedignidade dos dados apurados, garantindo-se dessa forma, o grau de precisão dos estimadores, em função dos parâmetros previamente estabelecidos.";"João Pessoa, Campina Grande, Patos, Sousa, Cajazeiras, Bayeux, Santa Rita, Cabedelo, Guarabira, Mamanguape, Sapé, Alagoa Grande, Alagoa Nova, Areia, Bananeiras, Picuí, Monteiro, Sumé, Itaporanga, Piancó, Princesa Isabel, Teixeira, Itabaiana, Ingá, Solânea, Araruna, Catolé do Rocha, Pombal, São Bento, Coremas, Conceição, Serra Branca, Queimadas, Esperança, Boqueirão, Lagoa Seca, Alhandra, Conde, Pitimbu, Caaporã, Rio Tinto, Jacaraú, Cuité, Remígio, Gurinhém, Cruz do Espírito Santo, Lucena, Marcação, Baía da Traição, Alagoinha, Pilões, Belém, Serraria, Mulungu, Dona Inês, Riachão, Tacima, Caiçara, Sertãozinho, Pirpirituba, Araçagi, Pilõezinhos, Lagoa de Dentro, Curral de Cima, Pedro Régis, Juripiranga, Pilar, Caldas Brandão, São José dos Ramos, Sobrado, Itatuba, Santa Luzia, Nova Floresta."
"21/07/2026";"05:46:28";2026;81;"Eleições Gerais 2026";"PB";"PB";"PARAÍBA";"PB025742026";"2026-01-15 10:32:36";"S";"51751580000190";"INSTITUTO RANKING DE PESQUISA LTDA";"INSTITUTO RANKING PESQUISA";"Governador, Senador, Deputado Federal, Deputado Estadual";"2026-01-16 00:00:00";"2026-01-18 00:00:00";"2026-01-21 00:00:00";1065;"9741";"Isis Milane Batista de Lima";"25000,00";"Trata-se de uma pesquisa quantitativa, utilizando questionário estruturado (impresso) e padronizado por meio de entrevistas pessoais em domicílios, junto a uma amostra representativa do eleitorado em estudo, que teve como objetivo fornecer um panorama político e administrativo do estado da PARAÍBA, para avaliação do cenário político, visando as eleições de 2026 e gerar informações de domínio público. O público alvo será composto por eleitores domiciliados no estado da PARAÍBA, aptos para votar, conforme a legislação eleitoral, residentes nas zonas Urbana e Rural. A pesquisa será feita, com coleta de dados domiciliar e individual de uma amostra estratificada por sexo, faixa etária, nível de instrução e faixa de renda, conforme dados do TSE-Tribunal Superior Eleitoral - janeiro/2026; IBGE - Censo 2010/2022; IBGE - PNADc 2023; IBGE - PNADc trimestral 2- 2024.";"O plano de amostragem utilizado é de amostragem aleatória simples e por conglomerado, em três etapas, em que serão coletados 1.065 formulários. Na primeira etapa os municípios são selecionados aleatoriamente, onde as entrevistas são realizadas por meio do método PPT (Probabilidade Proporcional ao Tamanho), tomando a população como base para tal seleção. Na segunda etapa, realiza-se um sorteio aleatório probabilístico dos setores censitários, onde as entrevistas são realizadas, pelo método PPT (Probabilidade Proporcional ao Tamanho), tomando a população de 16 anos ou mais residentes nos setores com base para tal seleção. Na sequência a escolha dos setores censitários (rua, domicílio/local pré-estabelecido e ponto amostral), os respondentes são selecionados por meio de quotas amostrais proporcionais em função das variáveis significativas sexo e idade, sendo 47,06% do eleitorado do sexo masculino, e 52,94% do sexo feminino; sobre as idades, sendo 1,12% de 16 anos, 1,42% de 17 anos, 2,06% de 18 anos, 2,20% de 19 anos , 2,25% de 20 anos, 5,13% de 21 a 24 anos, 6,53% de 25 a 29 anos, 7,84% de 30 a 34 anos, 9,23% de 35 a 39 anos, 9,55% de 40 a 44 anos, 9,18% de 45 a 49 anos, 8,64% de 50 a 54 anos, 8,52% de 55 a 59 anos, 26,34% com 60 anos ou mais; sobre o nível econômico, sendo 58,23% até 1 salário mínimo, 27,55% de mais de 1 a 3 salários mínimos e 14,22% acima de 3 salários mínimos e, sobre a escolaridade, sendo 6,66% de analfabeto, 13,50% lê e escreve, 4,62% com ensino fundamental completo, 23,74% com ensino fundamental incompleto, 22,46% com ensino médio completo, 14,97% com ensino médio incompleto, 8,72% com ensino superior completo e 5,34% com ensino superior incompleto. Em relação ao nível econômico do entrevistado, foram estimados por dados do IBGE, com fator previsto de ponderação 1 (resultados obtidos em campo). Está prevista eventual ponderação para correção das variáveis sexo, idade e grau de escolarização com base nos percentuais anteriormente mencionados, caso ocorram diferenças entre o previsto na amostra e a coleta de dados realizada. O nível de confiança estimado é de 95% e a margem de erro máxima estimada considerando um modelo de amostragem aleatório simples, é de 3,0 (três) pontos percentuais para mais ou para menos sobre os resultados encontrados no total da amostra. FONTE DOS DADOS: TSE-Tribunal Superior Eleitoral ¿ janeiro/2026; IBGE - Censo 2010/2022; IBGE - PNADc 2023; IBGE - PNADc trimestral 2-2024.
";"Para a realização da pesquisa utiliza-se uma equipe de entrevistadores e coordenadores de campo devidamente treinado para o trabalho do INSTITUTO RANKING DE PESQUISA. As entrevistas são pessoais e domiciliares, feitas por meio de questionário estruturado, aplicando-se apenas um questionário por domicílio, respeitando as cotas pré- determinadas. Durante a realização dos trabalhos de campo, os entrevistadores são submetidos a uma fiscalização permanente por parte dos coordenadores de campo e são realizadas checagem de 20% da amostra para atestar a realização das entrevistas e a fidedignidade dos dados apurados, garantindo-se dessa forma, o grau de precisão dos estimadores, em função dos parâmetros previamente estabelecidos.";"João Pessoa, Campina Grande, Patos, Sousa, Cajazeiras, Bayeux, Santa Rita, Cabedelo, Guarabira, Mamanguape, Sapé, Alagoa Grande, Alagoa Nova, Areia, Bananeiras, Picuí, Monteiro, Sumé, Itaporanga, Piancó, Princesa Isabel, Teixeira, Itabaiana, Ingá, Solânea, Araruna, Catolé do Rocha, Pombal, São Bento, Coremas, Conceição, Serra Branca, Queimadas, Esperança, Boqueirão, Lagoa Seca, Alhandra, Conde, Pitimbu, Caaporã, Rio Tinto, Jacaraú, Cuité, Remígio, Gurinhém, Cruz do Espírito Santo, Lucena, Marcação, Baía da Traição, Alagoinha, Pilões, Belém, Serraria, Mulungu, Dona Inês, Riachão, Tacima, Caiçara, Sertãozinho, Pirpirituba, Araçagi, Pilõezinhos, Lagoa de Dentro, Curral de Cima, Pedro Régis, Juripiranga, Pilar, Caldas Brandão, São José dos Ramos, Sobrado, Itatuba, Natuba."
"21/07/2026";"05:46:28";2026;81;"Eleições Gerais 2026";"PB";"PB";"PARAÍBA";"PB087992026";"2026-03-23 23:38:06";"S";"00654576000172";"INSTITUTO VERITA LTDA";"VERITA";"Governador, Senador, Deputado Federal, Deputado Estadual";"2026-03-24 00:00:00";"2026-03-30 00:00:00";"2026-03-29 00:00:00";1220;"10699";"GUILHERME ALVARENGA LAIA";"93940,00";"Pesquisa quantitativa, que consiste na realização de entrevistas, com a aplicação de questionário estruturado junto a uma amostra representativa do eleitorado desta Unidade da Federação.";"ESTUDO REPRESENTATIVO DO ELEITORADO DO ESTADO DA PARAÍBA - MÉTODO PPT (Probabilidade Proporcional ao Tamanho) - PLANO AMOSTRAL E PONDERAÇÃO QUANTO A SEXO, IDADE, GRAU DE INSTRUÇÃO E NÍVEL ECONÔMICO DO ENTREVISTADO; INTERVALO DE CONFIANÇA E MARGEM DE ERRO: Representativo do eleitorado da área em estudo, elaborada, em vários estágios, da seguinte forma: - 1. Divisão da UF em estratos proporcionais de municípios. 2. Ordenação dos municípios de cada estrato segundo o porte. 3. Sorteio dos municípios de cada estrato. 4. Os respondentes são selecionados através de quotas amostrais proporcionais em função de variáveis significativas, a saber: GÊNERO / FAIXA ETÁRIA - FEMININO E MASCULINO 16 A 34 ANOS 16,8% E 16%, 35 A 54 ANOS 19,9% E 18%, 55 ANOS OU MAIS 16,3% E 13,1%. GRAU DE INSTRUÇÃO - FEMININO Sem instrução até Ensino Médio completo #N/A%, Ensino superior incompleto e completo % NÍVEL ECONÔMICO - FEMININO população não economicamente ativa 46,5% população economicamente ativa 53,5% MASCULINO população não economicamente ativa 27,2% população economicamente ativa 72,8%. RENDA FAMILIAR DO DOMICÍLIO renda familiar de até 2 salários-mínimos 30,7%; de 2 a 5 salários-mínimos 44,2%, acima de 5 salários-mínimos 25,1%. Está prevista eventual ponderação para correção das variáveis, com base nos percentuais anteriormente mencionados, caso ocorram diferenças superiores a margem de erro da pesquisa previsto entre a amostra e a coleta de dados realizada. O fator previsto para ponderação é 1 (resultados obtidos na coleta de dados). O intervalo de confiança estimado é de 95% e a margem de erro máxima estimada considerando um modelo de amostragem aleatório simples, é de aproximadamente 3 pontos percentuais para mais ou para menos sobre os resultados encontrados no total da amostra. FONTE DOS DADOS: IBGE/Censo 2022 para fins de densidade demográfica, setores censitários e alocação da amostra. IBGE/PNAD/PNADC/MEC/INEP para fins de Nível Econômico e Escolaridade. TSE FEVEREIRO/2026 para fins de Sexo, Faixa Etária e eleitorado por município ou regiões previamente definidas (importante ressaltar para o público leigo que os dados do TSE são os únicos corretos para gênero, idade dos eleitores e quantitativo de eleitores por municípios já que a base de dados se atualiza automaticamente, PORÉM, dados de escolaridade e nível econômico NÃO são corretos e confiáveis devido a desatualização que ocorre naturalmente com o passar dos anos). Definição de margem de erro e intervalo de confiança: Margem de erro e intervalo de confiança não são grandezas diretamente proporcionais. A SOMA NÃO TEM QUE RESULTAR 100%. ";"Após os trabalhos de coleta de dados, os questionários são submetidos a uma fiscalização, conferência e checagem de cerca de 20% (vinte por cento) dos questionários aplicados.";"A relação dos municípios sorteados ou selecionados para esta pesquisa será apresentada em arquivo anexo até 1 (um) dia após a divulgação desta pesquisa conforme §7º. do art. 2º. da Resolução-TSE nº. 23.600/2019. A área de abrangência desta pesquisa é o Estado DA PARAÍBA."
"21/07/2026";"05:46:28";2026;81;"Eleições Gerais 2026";"PB";"PB";"PARAÍBA";"PB010682026";"2026-02-27 23:22:10";"S";"10783981000144";"SETA INSTITUTO DE PESQUISA LTDA";"INSTITUTO SETA DE PESQUISA";"Governador, Senador, Deputado Federal, Deputado Estadual";"2026-02-26 00:00:00";"2026-02-27 00:00:00";"2026-03-05 00:00:00";400;"8954";"Galttieri Ferreira Tavares";"4500,00";"Pesquisa com metodologia quantitativa, com a realização de entrevistas pessoais utilizando questionário estruturado junto a uma amostra representativa do eleitorado do município de OLHO D'ÁGUA.
";"A amostra será representativa dos eleitores das áreas pesquisadas e será selecionada em duas etapas. Na primeira etapa realiza-se um sorteio probabilístico das localidades onde as entrevistas serão realizadas através do método PPT (Probabilidade Proporcional ao Tamanho), considerando a população com 16 anos ou mais residente nas localidades como base para essa seleção. Na segunda etapa, a seleção do entrevistado dentro da localidade será feita utilizando-se quotas amostrais proporcionais, em função das seguintes variáveis: Gênero: Masculino (49.1%); Feminino (50.9%); ; Faixa etária: De 16 a 20 anos: (6.6%); Entre 21 e 24 anos: (7.9%); Entre 25 e 34 anos: (20.2%); Entre 35 e 44 anos: (20.2%); 45 a 59 anos: (23.4%); Com 60 anos ou mais: (21.7%); ; ESCOLARIDADE: De analfabeto até ensino fundamental completo (Contêm eleitores que apenas Lê e escrevem, Analfabetos e que cursaram Ensino Fundamental Incompleto e Completo): 57,8%; Ensino médio incompleto ou completo: 35,7%; Ensino superior incompleto ou completo: 6,5% ; RENDA DOMICILIAR MENSAL: Sem rendimento: (0,28%); Até 1 Salário Minimo: (68,56%); Mais de 1 a 2 salários mínimos: (16,00%); Mais de 2 a 5 salários mínimos: (14,34%); Mais de 5 a 10 salários mínimos: (0,83%); Mais de 10 salários mínimos: (0,00%). . Está prevista eventual ponderação para correção das variáveis gênero e faixa etária, com base nos percentuais acima apresentados, caso ocorram diferenças superiores a 4,5 (quatro vírgula cinco) pontos percentuais entre o previsto na amostra e a coleta realizada, para as variáveis escolaridade e renda domiciliar mensal, o fator de ponderação é igual a 1 (resultados obtidos no campo). O nível de confiança estimado é de 95% (noventa e cinco por cento) para uma margem de erro estimada, considerando uma técnica de amostragem aleatória simples, de aproximadamente 4 pontos percentuais para mais ou para menos sobre os resultados obtidos. Fonte de Dados: TSE - Janeiro/2026 e dados do IBGE.
";"As entrevistas serão realizadas por uma equipe de entrevistadores e supervisores devidamente qualificada pelo Instituto, com experiência e treinamento em pesquisas de opinião pública. No decorrer do trabalho de coleta de dados, os questionários aplicados, serão auditados em no mínimo 20% (vinte por cento) para verificação quanto ao cuidado na sua aplicação, bem como a adequação do entrevistado às variáveis das quotas amostrais.
";"Na ausência de delimitação do bairro, será identificada a área em que foi realizada a pesquisa (conforme §7º do art. 2º da Resolução-TSE nº 23.600/2019). A partir do dia em que a pesquisa puder ser divulgada e até o dia seguinte, o registro deverá ser complementado, sob pena de ser a pesquisa considerada não registrada; na ausência de delimitação do bairro, será identificada a área em que foi realizada.
"
