"DT_GERACAO";"HH_GERACAO";"AA_ELEICAO";"CD_ELEICAO";"NM_ELEICAO";"SG_UF";"SG_UE";"NM_UE";"NR_PROTOCOLO_REGISTRO";"DT_REGISTRO";"ST_PESQUISA_PROPRIA";"NR_CNPJ_EMPRESA";"NM_EMPRESA";"NM_EMPRESA_FANTASIA";"DS_CARGO";"DT_INICIO_PESQUISA";"DT_FIM_PESQUISA";"DT_DIVULGACAO";"QT_ENTREVISTADO";"CD_CONRE";"NM_ESTATISTICO_RESP";"VR_PESQUISA";"DS_METODOLOGIA_PESQUISA";"DS_PLANO_AMOSTRAL";"DS_SISTEMA_CONTROLE";"DS_DADO_MUNICIPIO"
"07/08/2026";"05:47:04";2026;81;"Eleições Gerais 2026";"TO";"TO";"TOCANTINS";"TO017852026";"2026-07-29 18:16:23";"N";"11077560000160";"NEXUS PESQUISA E INTELIGENCIA DE DADOS LTDA";"NEXUS";"Governador, Senador";"2026-07-30 00:00:00";"2026-08-02 00:00:00";"2026-08-04 00:00:00";1200;"8656-A";"Neale Ahmed El Dash";"90000,00";"Pesquisa quantitativa telefônica realizada com população brasileira de Tocantins a partir de 16 anos e com título de eleitor, em um questionário estruturado, para avaliação do cenário político eleitoral. Os entrevistados são selecionados por sorteio em uma amostra representativa do eleitorado brasileiro com acesso a telefonia fixa e móvel. Todas as entrevistas são realizadas por um time de pesquisadores experientes com pesquisas de opinião e treinados especificamente para o projeto";"Realização de 1.200 entrevistas em uma amostra representativa do eleitorado brasileiro de Tocantins (a partir de 16 anos com título de eleitor) selecionados de modo aleatório a partir do cadastro de todos os telefones fixos e móveis existentes de acordo com a Agência Nacional de Telecomunicações (Anatel). A técnica de seleção dos entrevistados é a aleatória estratificada por DDD, em uma amostra com margem de erro estimada de 3.5 pontos percentuais para mais ou para menos, considerando um intervalo de confiança de 95%. 

A amostra é controlada a partir de cinco variáveis: (a) região; (b) tipo de telefonia (fixo e móvel), (c) sexo, (d) idade e (e) escolaridade. Para construção da amostra são usados como referência os dados da Pesquisa Nacional por Amostragem de Domicílios Contínua (PNADc), do suplemento anual acumulado da 1º Visita de 2024.

A distribuição amostral esperada é a seguinte: para escolaridade: Até Fundamental Completo (35%), Até Medio Completo (41%), Superior Incompleto ou mais (24%); para faixa etária: 16 a 24 anos (20%), 25 a 34 anos (21%), 35 a 44 anos (20%), 45 a 59 anos (23%), 60 anos ou mais (16%); Sexo: Homem (51%), Mulher (49%); e para região: Capital (22%), Interior (78%). 

Ao final da coleta, será aplicado um fator de ponderação nos resultados para correção de eventuais diferenças entre o planejado na amostra e o observado pelo trabalho de campo, levando em conta todas as variáveis descritas acima, além de variáveis como pessoas dentro e fora da força de trabalho e renda.

A relação completa dos municípios pesquisados será encaminhada a este tribunal até o sétimo dia seguinte à data de registro da pesquisa, conforme a Resolução 23.600/2019 do TSE, art.2º §7º
";"O controle de qualidade e verificação das entrevistas é realizado durante o campo, por equipe de auditoria responsável pela fiscalização de cerca de 20% dos questionários aplicados durante o trabalho de campo. Essa etapa é assistida por meio de software que leva em consideração a adequação das entrevistas ao fluxo do questionário para conferência e fiscalização dos dados coletados durante o campo da pesquisa.";"Pesquisa realizada por meio de entrevistas telefônicas, utilizando como procedimento de seleção da amostra a técnica de Random Digit Dialing (RDD). Nesse tipo de metodologia, a unidade amostral primária é o número de telefone (com DDD), e não o domicílio ou o setor censitário.

O Random Digit Dialing (RDD) é um método de amostragem amplamente utilizado em pesquisas telefônicas, no qual números de telefone são gerados aleatoriamente por algoritmo, respeitando as combinações válidas de prefixos e códigos de área da região geográfica pesquisada. Dessa forma, o sistema realiza chamadas para números que podem ou não estar previamente listados em cadastros públicos ou privados, permitindo alcançar tanto números fixos quanto celulares e ampliando a cobertura potencial da população-alvo.

Nesse procedimento, cada número telefônico elegível dentro da área geográfica definida possui probabilidade conhecida de ser selecionado, garantindo o caráter probabilístico da amostra. Após o contato, são aplicados critérios de elegibilidade (por exemplo, residência na área pesquisada e pertencimento ao eleitorado do local) e coletadas informações sociodemográficas do entrevistado para fins de controle amostral e ponderação estatística.

Dessa forma, não há setores censitários a serem informados ou divulgados no registro da pesquisa, uma vez que o processo de seleção amostral é realizado exclusivamente a partir de números telefônicos gerados aleatoriamente (RDD), que constituem a unidade amostral utilizada no estudo.

A relação completa dos municípios pesquisados será encaminhada a este tribunal até o sétimo dia seguinte à data de registro da pesquisa, conforme a Resolução 23.600/2019 do TSE, art.2º §7º
"
"07/08/2026";"05:47:04";2026;81;"Eleições Gerais 2026";"TO";"TO";"TOCANTINS";"TO074132026";"2026-03-14 19:04:22";"S";"40453099000100";"LUCRO ATIVO LTDA";"LUCRO ATIVO";"Governador, Senador, Deputado Federal, Deputado Estadual";"2026-03-14 00:00:00";"2026-03-19 00:00:00";"2026-03-20 00:00:00";800;"8954";"Galttieri ferreira Tavares";"5000,00";"Pesquisa com metodologia quantitativa, com a realização de entrevistas pessoais utilizando questionário estruturado junto a uma amostra representativa do eleitorado do município de PALMAS-TO.";"A amostra será representativa dos eleitores das áreas pesquisadas e será selecionada em duas etapas. Na primeira etapa realiza-se um sorteio probabilístico das localidades onde as entrevistas serão realizadas através do método PPT (Probabilidade Proporcional ao Tamanho), considerando a população com 16 anos ou mais residente nas localidades como base para essa seleção. Na segunda etapa, a seleção do entrevistado dentro da localidade será feita utilizando-se quotas amostrais proporcionais, em função das seguintes variáveis: Gênero: Masculino (46.8%); Feminino (53.2%); ; Faixa etária: De 16 a 20 anos: (6.8%); Entre 21 e 24 anos: (8.4%); Entre 25 e 34 anos: (23.0%); Entre 35 e 44 anos: (23.2%); 45 a 59 anos: (25.4%); Com 60 anos ou mais: (13.2%); ; ESCOLARIDADE: De analfabeto até ensino fundamental completo (Contêm eleitores que apenas Lê e escrevem, Analfabetos e que cursaram Ensino Fundamental Incompleto e Completo): 17,8%; Ensino médio incompleto ou completo: 51,3%; Ensino superior incompleto ou completo: 30,9% ; RENDA DOMICILIAR MENSAL: Sem rendimento: (0,45%); Até 1 Salário Minimo: (26,76%); Mais de 1 a 2 salários mínimos: (30,18%); Mais de 2 a 5 salários mínimos: (29,99%); Mais de 5 a 10 salários mínimos: (7,76%); Mais de 10 salários mínimos: (4,87%). . Está prevista eventual ponderação para correção das variáveis gênero e faixa etária, com base nos percentuais acima apresentados, caso ocorram diferenças superiores a 4,5 (quatro vírgula cinco) pontos percentuais entre o previsto na amostra e a coleta realizada, para as variáveis escolaridade e renda domiciliar mensal, o fator de ponderação é igual a 1 (resultados obtidos no campo). O nível de confiança estimado é de 95% (noventa e cinco por cento) para uma margem de erro estimada, considerando uma técnica de amostragem aleatória simples, de aproximadamente 3.4 pontos percentuais para mais ou para menos sobre os resultados obtidos. Fonte de Dados: TSE - fevereiro/2026 e dados do IBGE.";"As entrevistas serão realizadas por uma equipe de entrevistadores e supervisores devidamente qualificada pelo Instituto, com experiência e treinamento em pesquisas de opinião pública. No decorrer do trabalho de coleta de dados, os questionários aplicados, serão auditados em no mínimo 20% (vinte por cento) para verificação quanto ao cuidado na sua aplicação, bem como a adequação do entrevistado às variáveis das quotas amostrais.";"Na ausência de delimitação do bairro, será identificada a área em que foi realizada a pesquisa (conforme §7º do art. 2º da Resolução-TSE nº 23.600/2019). A partir do dia em que a pesquisa puder ser divulgada e até o dia seguinte, o registro deverá ser complementado, sob pena de ser a pesquisa considerada não registrada; na ausência de delimitação do bairro, será identificada a área em que foi realizada."
"07/08/2026";"05:47:04";2026;81;"Eleições Gerais 2026";"TO";"TO";"TOCANTINS";"TO016932026";"2026-03-20 00:40:33";"N";"56824073000152";"EXATA.GO PESQUISA LTDA";"EXATA.GO";"Governador, Senador";"2026-03-20 00:00:00";"2026-03-25 00:00:00";"2026-03-26 00:00:00";3200;"10809";"ESTENIO DA COSTA SANTOS";"30000,00";"A pesquisa será do tipo quantitativo, por amostragem aleatória, com aplicação de questionário estruturado e abordagem de moradores eleitores em 52 municípios do estado do Tocantins, divididos em 7 regiões dentro do estado, em pontos estratégicos de fluxo de pessoal dos municípios e por visitas às residências dos municípios. O conjunto da população do Tocantins com 16 anos ou mais e que são votantes no referido estado foi tomado como universo da pesquisa.";"O universo da pesquisa se concentra na população do município de 52 municípios do estado do Tocantins, divididos em 7 regiões (listados em anexo) com 16 anos ou mais votantes no estado. Tamanho da amostra: A amostra prevista é de 3.200 entrevistas. Técnica de amostragem: A amostra é representativa do universo pesquisado e selecionada em duas etapas. Na primeira etapa são selecionados os municípios que farão parte da amostra. Numa segunda etapa são sorteados os pontos de abordagem onde serão aplicadas as entrevistas. Por fim, os entrevistados são selecionados aleatoriamente para responder ao questionário, de acordo com cotas de sexo e faixa etária. Os dados relativos a sexo e faixa etária são: Sexo masculino: 49%; Sexo feminino: 51%, Idade: 16 a 24 anos: 16,9%; 25 a 34 anos: 21,0%; 35 a 44 anos: 20,7%; 45 a 59 anos: 23,6% e 60 anos ou mais: 17,8%. Para grau de instrução, os dados utilizados como referência são: Analfabetos: 5%; Lê e escreve + Ensino fundamental incompleto: 27,7%; Ensino fundamental completo + Ensino médio incompleto: 23,8%; Ensino médio completo + Ensino superior incompleto: 32,8%, Ensino superior completo ou mais: 10,7%. Os dados utilizados para definição e seleção da amostra são baseados nos dados fornecidos pelo TSE (setembro/2025), IBGE (PNAD Contínua, Censo 2010 e Censo 2022) e dados primários de outros levantamentos do instituto. Ponderação dos resultados: Está prevista eventual ponderação para correção nos tamanhos dos estratos, considerando as variáveis sexo, faixa etária e escolaridade, de acordo com os percentuais detalhados anteriormente, casos as diferenças sejam maiores que 3 pontos percentuais. Para o nível econômico do entrevistado (renda individual mensal aproximada declarada) os dados de referência são: até 2 S. M. (salários mínimos) = 85%; mais de 2 S. M. = 12%, não souberam ou recusaram a resposta = 3%. Para essa variável, o fator previsto para ponderação é 1 (resultados obtidos em campo). Área física: A relação completa dos municípios incluídos no levantamento será encaminhada a esse tribunal posteriormente, a partir do dia em que a pesquisa puder ser divulgada e até o dia seguinte, conforme a Resoluções 23.600/2019, no art.2º §7º e 23.747/2026 do TSE. Margem de Erro: A margem de erro máxima prevista é de 1,7 pontos percentuais para mais ou para menos, considerando um nível de confiança de 95% e baseada em uma amostra aleatória.";"Os entrevistadores envolvidos na realização desta pesquisa são treinados pelo Instituto e recebem instruções específicas para cada projeto realizado. A coleta será feita com a utilização de questionário impresso, que serão computados posteriormente à pesquisa de campo. Os pesquisadores são supervisionados por um coordenador que estará em campo juntamente com a equipe garantindo a lisura da pesquisa. Internamente, todo o material é verificado e codificado. Antes do processamento final e emissão dos resultados, realiza-se processo de consistência dos dados. Os dados coletados e tratados nesta pesquisa atendem às exigências da LGPD, Lei Geral de Proteção de Dados, garantindo ao respondente o sigilo de sua identidade e o correto tratamento de suas respostas.";"A relação completa dos municípios incluídos no levantamento será encaminhada posteriormente, a partir do dia em que a pesquisa puder ser divulgada e até o dia seguinte, conforme a Resoluções 23.600/2019 e 23.747/2026 do TSE."
"07/08/2026";"05:47:04";2026;81;"Eleições Gerais 2026";"TO";"TO";"TOCANTINS";"TO045492026";"2026-07-08 19:54:43";"S";"00654576000172";"INSTITUTO VERITA LTDA";"VERITA";"Governador, Senador";"2026-07-09 00:00:00";"2026-07-13 00:00:00";"2026-07-14 00:00:00";1220;"10699";"Guilherme Alvarenga Laia";"93940,00";"Pesquisa quantitativa, que consiste na realização de entrevistas, com a aplicação de questionário estruturado junto a uma amostra representativa do eleitorado desta Unidade da Federação.";"ESTUDO REPRESENTATIVO DO ELEITORADO DO ESTADO DO TOCANTINS - MÉTODO PPT (Probabilidade Proporcional ao Tamanho) - PLANO AMOSTRAL E PONDERAÇÃO QUANTO A SEXO, IDADE, GRAU DE INSTRUÇÃO E NÍVEL ECONÔMICO DO ENTREVISTADO; INTERVALO DE CONFIANÇA E MARGEM DE ERRO: Representativo do eleitorado da área em estudo, elaborada, em vários estágios, da seguinte forma: - 1. Divisão da UF em estratos proporcionais de municípios. 2. Ordenação dos municípios de cada estrato segundo o porte. 3. Sorteio dos municípios de cada estrato. 4. Os respondentes são selecionados através de quotas amostrais proporcionais em função de variáveis significativas, a saber: GÊNERO / FAIXA ETÁRIA - FEMININO E MASCULINO 16 A 34 ANOS 18,8% E 17,9%, 35 A 54 ANOS 19,2% E 18,3%, 55 ANOS OU MAIS 12,9% E 12,9%. GRAU DE INSTRUÇÃO ¿ FEMININO E MASCULINO Sem instrução até Ensino Médio completo 62,9%, Ensino superior incompleto e completo 37,1% NÍVEL ECONÔMICO - FEMININO população não economicamente ativa 46,5% população economicamente ativa 53,5% MASCULINO população não economicamente ativa 27,2% população economicamente ativa 72,8%. RENDA FAMILIAR DO DOMICÍLIO renda familiar de até 2 salários-mínimos 30,7%; de 2 a 5 salários-mínimos 44,2%, acima de 5 salários-mínimos 25,1%. Está prevista eventual ponderação para correção das variáveis, com base nos percentuais anteriormente mencionados, caso ocorram diferenças superiores a margem de erro da pesquisa previsto entre a amostra e a coleta de dados realizada. O fator previsto para ponderação é 1 (resultados obtidos na coleta de dados). O intervalo de confiança estimado é de 95% e a margem de erro máxima estimada considerando um modelo de amostragem aleatório simples, é de aproximadamente 3 pontos percentuais para mais ou para menos sobre os resultados encontrados no total da amostra. FONTE DOS DADOS: IBGE/Censo 2022 para fins de densidade demográfica, setores censitários e alocação da amostra. IBGE/PNAD/PNADC/MEC/INEP para fins de Nível Econômico e Escolaridade. TSE JUNHO/2026 para fins de Sexo, Faixa Etária e eleitorado por município ou regiões previamente definidas (importante ressaltar para o público leigo que os dados do TSE são os únicos corretos para gênero, idade dos eleitores e quantitativo de eleitores por municípios já que a base de dados se atualiza automaticamente, PORÉM, dados de escolaridade e nível econômico NÃO são corretos e confiáveis devido a desatualização que ocorre naturalmente com o passar dos anos). Definição de margem de erro e intervalo de confiança: Margem de erro e intervalo de confiança não são grandezas diretamente proporcionais. A SOMA NÃO TEM QUE RESULTAR 100%. ";"Após os trabalhos de coleta de dados, os questionários são submetidos a uma fiscalização, conferência e checagem de cerca de 20% (vinte por cento) dos questionários aplicados.";"A relação dos municípios sorteados ou selecionados para esta pesquisa será apresentada em arquivo anexo até 1 (um) dia após a divulgação desta pesquisa conforme §7º. do art. 2º. da Resolução-TSE nº. 23.600/2019. A área de abrangência desta pesquisa é o Estado DO TOCANTINS."
"07/08/2026";"05:47:04";2026;81;"Eleições Gerais 2026";"TO";"TO";"TOCANTINS";"TO068332026";"2026-07-19 17:06:04";"N";"81908345000140";"INSTITUTO PARANA DE PESQUISAS E ANALISE DE CONSUMIDOR LTDA";"#NULO#";"Governador, Senador";"2026-07-21 00:00:00";"2026-07-24 00:00:00";"2026-07-25 00:00:00";1300;"10245 - 4ª";"Tatiani Cristina Ara";"45000,00";"Pesquisa com metodologia quantitativa, com a realização de entrevistas pessoais, domiciliares e presenciais, utilizando questionário estruturado junto a uma amostra representativa do eleitorado do Estado do Tocantins.


";"""A amostra será representativa do eleitorado da área pesquisada e será selecionada em três etapas. Na primeira etapa realiza-se um sorteio probabilístico dos municípios onde as entrevistas serão realizadas através do método PPT (Probabilidade Proporcional ao Tamanho), considerando a população eleitora com 16 anos ou mais residente nos municípios como base para essa seleção. Na segunda etapa, faz-se um sorteio probabilístico das localidades, onde as entrevistas serão realizadas, através do método PPT (Probabilidade Proporcional ao Tamanho), tomando a população eleitora de 16 anos ou mais residente nas localidades como base para essa seleção. Na terceira etapa, a seleção do entrevistado dentro da localidade, será feita utilizando-se quotas amostrais proporcionais, em função das seguintes variáveis:
GÊNERO: TSE Junho 2026 (https://sig.tse.jus.br/ords/dwapr/r/seai/sig-eleitor-eleitorado-mensal/cruzamento-eleitorado-mensal?p24_metricas=E&p24_back=22&p24_cruzamento_1=ds_sexo&clear=24&p0_uf=TO&p0_mes=6&debug=LEVEL5&session=312990078978641)
Masculino - 49%; |
Feminino - 51%; |
FAIXA ETÁRIA: TSE Junho 2026 (https://sig.tse.jus.br/ords/dwapr/r/seai/sig-eleitor-eleitorado-mensal/cruzamento-eleitorado-mensal?p24_cruzamento_1=ds_faixa_etaria&p24_metricas=E&p24_back=22&clear=24&p0_uf=TO&p0_mes=6&debug=LEVEL5&session=8904950028837) 
Entre 16 e 24 anos: 16%; |
Entre 25 e 34 anos: 21%; |
Entre 35 e 44 anos: 20%; |
Entre 45 e 59 anos: 24%; |
Com 60 anos ou mais: 19%; |
ESCOLARIDADE: TSE Junho 2026 (https://sig.tse.jus.br/ords/dwapr/r/seai/sig-eleitor-eleitorado-mensal/cruzamento-eleitorado-mensal?p24_cruzamento_1=ds_grau_instrucao&p24_metricas=E&p24_back=22&clear=24&p0_uf=TO&p0_mes=6&debug=LEVEL5&session=309383598034615) 
De analfabeto até ensino fundamental completo: 36%; |
Ensino médio incompleto ou completo: 47% |
Ensino superior incompleto ou completo: 17% |
RENDA DOMICILIAR MENSAL:  (https://cidades.ibge.gov.br/brasil/to/pesquisa/23/24304) IBGE - Censo 2010. Observação: Conforme informações obtidas do Instituto Brasileiro de Geografia e Estatística, o IBGE, não divulgou - e não tem previsão - de data para divulgação do perfil econômico (nível econômico) da população brasileira; portanto, os dados quanto ao nível econômico obtidos no Censo 2022, não podem ser utilizados, pois não foram publicados. (https://censo2022.ibge.gov.br/panorama/)
Sem rendimentos até 2 salários mínimos: 58% |
Mais de 2 a 5 salários mínimos: 27% |
Mais de 5 salários mínimos: 15% |
Está prevista eventual ponderação para correção das variáveis gênero e faixa etária, com base nos percentuais acima apresentados, caso ocorram diferenças superiores a 3,0 (três) pontos percentuais entre o previsto na amostra e a coleta realizada; para as variáveis escolaridade e renda domiciliar mensal, o fator de ponderação é igual a 1 (resultados obtidos no campo). O nível de confiança estimado é de 95% (noventa e cinco por cento) para uma margem de erro estimada, considerando uma técnica de amostragem aleatória simples, de aproximadamente 2,8 (dois vírgula oito) pontos percentuais para mais ou para menos sobre os resultados obtidos.""





";"""As entrevistas serão conduzidas por uma equipe de entrevistadores e supervisores devidamente qualificados pelo Instituto Paraná Pesquisas, todos com experiência e treinamento específico em pesquisas de opinião pública. 
Controle: O controle do processo será realizado por meio de um software de coleta de dados.
Conferência e Fiscalização: Durante a coleta de dados os questionários aplicados são fiscalizados e conferidos através de um supervisor.   
Adicionalmente, pelo menos 30% dos questionários passarão por uma verificação posterior, que avaliará a precisão na aplicação e a adequação dos entrevistados às variáveis das quotas amostrais. Ou seja, no mínimo 390 entrevistas desta pesquisa serão auditadas pela equipe de qualidade do Instituto Paraná Pesquisas, podendo essa auditoria ser solicitada ao Instituto a qualquer momento.
Verificação: Após a coleta, os questionários passam por uma etapa de verificação e validação dos dados, para garantir a integridade e precisão dos dados coletados.""





";" ""A pesquisa será realizada no Estado do Tocantins, a relação dos dados relativos aos municípios e às localidades será apresentado até o dia seguinte à data a partir da qual a pesquisa puder ser divulgada, conforme §7º do art. 2º da Resolução-TSE nº. 23.600/2019""





"
"07/08/2026";"05:47:04";2026;81;"Eleições Gerais 2026";"TO";"TO";"TOCANTINS";"TO079902026";"2026-07-12 20:19:36";"S";"14888537000144";"VOZ E PESQUISA TOCANTINS LTDA";"#NULO#";"Governador, Senador";"2026-07-11 00:00:00";"2026-07-16 00:00:00";"2026-07-18 00:00:00";1250;"6892";"JOAO SOARES DE ARAUJO NETO";"19000,00";"I) METODOLOGIA. 

I.1) Objetivo - Avaliar a intenção de voto da população de eleitores dos 34 municípios das Regiões do Bico do Papagaio, Central, Norte, Sudeste, Sul e Vale do Araguaia, com relação aos cargos eletivos de Governador e Senador do Estado do TO nas eleições do ano de 2026, através de entrevistas diretas junto à população.

Essas terão por objetivo identificar de forma estimulada a intenção de voto dos entrevistados. 

I.2) Procedimentos para a realização: Aplicação de entrevistas diretas junto à população dos 34 municípios das 06 Regiões aplicando-se questionários estruturados nos domicílios e áreas comerciais, nas zonas urbanas dos municípios. Para cada domicílio e/ou estabelecimento comercial, será realizada uma única entrevista. A seleção das entrevistas utilizará o critério de aleatoriedade no sorteio das unidades que irão compor o painel amostral tendo por objetivo minimizar a tendenciosidade e os possíveis viés, que são passíveis de ocorrerem neste tipo de pesquisa. 

O número de questionários, terá por base uma amostra significativa e representativa da população residente nestes municípios, que esteja apta a votar, tendo por base o número de eleitores informados pelo TSE no mês de maio de 2026. As variáveis associadas a sexo, faixa etária, grau de instrução, terão por parâmetro as informações contidas no site do TSE em maio/2026, referentes aos 34 municípios que compõem o painel amostral da Pesquisa. 

A variável renda, terá como parâmetro a renda domiciliar informada no Censo Demográfico de 2010, referente a cada um dos 34 municípios, que está disponibilizada na página da publicação IBGE Cidades. Utilizamos esse procedimento, pois não há informação divulgada ainda da renda domiciliar, referente ao Censo Demográfico de 2022. 

I.3) Abrangência Geográfica - A pesquisa será realizada na área urbana dos 34 municípios, divididos em 06 Regiões: 

I.3.1) Região Norte, composta pelos municípios de Araguaína, Colinas do Tocantins, Guaraí, Nova Olinda, Wanderlândia e Xambioá; 

I.3.2) Região Central, composta pelos municípios de Miracema do Tocantins, Miranorte, Palmas, Pedro Afonso e Porto Nacional

I.3.3) Região Sudeste, composta pelos municípios de Dianópolis, Taguatinga, Paranã, Arraias e Natividade 

I.3.4) Região Sul, composta pelos municípios de Gurupi, Formoso do Araguaia, Alvorada do Tocantins, Peixe, Araguaçu e Palmeirópolis

I.3.5) Região do Vale do Araguaia, composta pelos municípios de Paraíso do TO, Lagoa da Confusão, Pium e Divinópolis 

I.3.6) Bico do Papagaio, composta pelos municípios de Araguatins, Augustinópolis, Tocantinópolis, Axixá do TO, Ananás, Esperantina, São Miguel do TO e Sítio Novo do TO

O número de entrevistas em cada Região, levará em consideração a proporção do tamanho da população residente e apta a votar em cada um dos grupos de municípios localizados nessa região, tendo por base as informações do número de eleitores informados no site do TSE, mês de maio de 2026. 

As entrevistas serão realizadas majoritariamente nos domicílios (90%), e o restante nos estabelecimentos comerciais e áreas de circulação públicas. 

I.4) Cadastros utilizados para seleção dos componentes do painel amostral e respectivas variáveis associadas a Pesquisa, que permitirão a caracterização do perfil do eleitorado ¿Foram utilizados como base de referência para o dimensionamento da amostra, as informações do cadastro de eleitores do TSE/TO, maio/2026, para identificação das seguintes variáveis: Número de eleitores, por sexo, faixa etária, grau de instrução. 

O total de eleitores informado pelo TSE no mês de maio de 2026, corresponde a 1.183.446 eleitores. 

O número de eleitores dos 34 municípios relacionados ao total de eleitores do Estado informado pelo TSE, tendo o mês de maio de 2026 como referência, corresponde ao percentual de 67%. 

I.4.1) Número Total de eleitores no Estado do Tocantins -TSE maio 2026:1.183.446; 
Número total de eleitores dos 34 municípios -TSE maio 2026:796.633. ";"PLANO AMOSTRAL 

II.1) Descrição - Foi elaborado utilizando-se o critério de AAS (Amostragem Aleatória Simples), considerando para as variáveis p (sucesso) e q (não sucesso) para a aprovação ou rejeição na escolha do candidato pela população dos municípios tocantinenses. Esse procedimento, tem por objetivo o dimensionamento de uma amostra confiável e com elevado nível de significância, para a descrição do fenômeno objeto de avaliação. Minimizando a probabilidade de ocorrência de erros e a consequente obtenção de uma amostra significativa em relação a população componente do universo pesquisado. Apresentando resultados confiáveis e representativos do fenômeno objeto da Pesquisa. 
A distribuição dos questionários nas cidades a serem pesquisadas componentes das 06 Regiões considerou a proporcionalidade de moradores aptos a votar, associados às cotas (variáveis) informadas no cadastro do TSE/TO, tendo por referência o mês de maio do corrente ano com relação ao universo de eleitores dos municípios de cada Região. 

A pesquisa foi dimensionada para uma amostra com Margem de Confiança de 95% e Erro Amostral de 2,8 pontos percentuais para mais ou para menos, totalizando 1250 questionários, tendo por base o tamanho da População total de eleitores do Estado do Tocantins, informada no site do TSE, referente a maio de 2026, correspondendo a 1.183.446 eleitores. 

II.2) Distribuição dos questionários por Regiões/municípios e por cotas (sexo, faixa etária, grau de instrução e renda familiar) - Os questionários foram distribuídos pelas Regiões da seguinte forma:

ATENÇÃO -ATENÇÃO - IMPORTANTE: Por falta de espaço neste campo, o restante do Plano amostral e ponderação quanto a sexo, idade, grau de instrução e nível econômico dos entrevistados, foi juntado em arquivos PDF no mesmo arquivo que contem o questionário, os discos, bem como a Declaração de Responsabilidade e de Vínculo do Profissional de Estatística com o Instituto Voz e Pesquisa Tocantins (VOPE), com o Termo de Compromisso do referido profissional, tendo sido os documentos (questionário, discos, restante do Plano Amostral e Declaração de Vínculo do Estatístico e Termo de Compromisso, juntados em um PDF só, atendendo desta forma, com a Declaração do Estatistico a atualização efetuada pela Resolução TSE Nº 23.747/2026.";"III) SISTEMA INTERNO DE CONTROLE E VERIFICAÇÃO, CONFERÊNCIA E FISCALIZAÇÃO DA COLETA DE DADOS, DO TRABALHO DE CAMPO E PONDERAÇÕES PARA CORREÇÃO DE POSSÍVEIS DISTORÇÕES DAS VARIÁVEIS COMPONENTES DA AMOSTRA. 

Obedecerá aos seguintes critérios: 

III.1) Seleção aleatória de alguns setores pesquisados, havendo posterior fiscalização de supervisores de campo do instituto, para avaliação da qualidade das informações coletadas;

III.2) Visita/confirmação a 15% dos domicílios do local selecionado, para confirmação da veracidade das informações coletadas; 

III.3) Acompanhamento de algumas entrevistas por parte de supervisor, para observar se o pesquisador está influenciando, ainda que de forma indireta na resposta do entrevistado, comprometendo assim, a qualidade da entrevista e consequentemente o resultado da Pesquisa; 

III.4) Na eventualidade de necessidade de utilização de fatores de ponderações para ajustes da amostra prevista com relação a amostra coletada: quando houver distorções significativas entre os quantitativos obtidos na coleta de alguma variável e o indicado na amostra, ocorrerá conforme 
especificação a seguir: 

III.4.1) Ponderação para sexo e idade ¿ Quando ocorrer diferença superior a 5 pontos percentuais entre o previsto e o coletado; 

III.4.2) Ponderação para grau de instrução e renda domiciliar - Ocorrendo a mesma situação na coleta dessas variáveis, será utilizado o fator de ponderação igual a um, equivalente ao levantamento obtido no trabalho de campo.";"Serão disponibilizados no prazo legal (até o dia seguinte à data a partir da qual a pesquisa puder ser divulgada, conforme §7º do art. 2º da Resolução-TSE nº. 23.600/2019, os anexos no campo especifico, contendo os municípios/localidades do Estado do Tocantins pesquisados nas 06 Regiões, com o detalhamento das amostras associadas às variáveis de cada uma das localidades, sendo sexo, idade, grau de instrução e renda familiar, especificadas em tabelas pelas regiões e municípios. "
"07/08/2026";"05:47:04";2026;81;"Eleições Gerais 2026";"TO";"TO";"TOCANTINS";"TO022512026";"2026-01-26 09:32:24";"S";"40453099000100";"LUCRO ATIVO LTDA";"LUCRO ATIVO";"Governador, Senador, Deputado Federal, Deputado Estadual";"2026-01-23 00:00:00";"2026-01-27 00:00:00";"2026-02-01 00:00:00";1600;"8954";"Galttieri ferreira Tavares ";"15000,00";"Pesquisa com metodologia quantitativa, com a realização de entrevistas pessoais utilizando questionário estruturado junto a uma amostra representativa do eleitorado do Estado do Tocantins.";"A amostra será representativa dos eleitores das áreas pesquisadas e será selecionada em duas etapas. Na primeira etapa realiza-se um sorteio probabilístico das localidades onde as entrevistas serão realizadas através do método PPT (Probabilidade Proporcional ao Tamanho), considerando a população com 16 anos ou mais residente nas localidades como base para essa seleção. Na segunda etapa, a seleção do entrevistado dentro da localidade será feita utilizando-se quotas amostrais proporcionais, em função das seguintes variáveis: Gênero: Masculino (49.0%); Feminino (51.0%); ; Faixa etária: De 16 a 20 anos: (7.4%); Entre 21 e 24 anos: (8.1%); Entre 25 e 34 anos: (20.6%); Entre 35 e 44 anos: (20.4%); 45 a 59 anos: (24.5%); Com 60 anos ou mais: (18.8%); ; ESCOLARIDADE: De analfabeto até ensino fundamental completo (Contêm eleitores que apenas Lê e escrevem, Analfabetos e que cursaram Ensino Fundamental Incompleto e Completo): 36,4%; Ensino médio incompleto ou completo: 46,5%; Ensino superior incompleto ou completo: 17,1% ; RENDA DOMICILIAR MENSAL: Sem rendimento: (1,84%); Até 1 Salário Minimo: (66,23%); Mais de 1 a 2 salários mínimos: (19,66%); Mais de 2 a 5 salários mínimos: (9,69%); Mais de 5 a 10 salários mínimos: (1,99%); Mais de 10 salários mínimos: (0,60%). . Está prevista eventual ponderação para correção das variáveis gênero e faixa etária, com base nos percentuais acima apresentados, caso ocorram diferenças superiores a 4,5 (quatro vírgula cinco) pontos percentuais entre o previsto na amostra e a coleta realizada, para as variáveis escolaridade e renda domiciliar mensal, o fator de ponderação é igual a 1 (resultados obtidos no campo). O nível de confiança estimado é de 95% (noventa e cinco por cento) para uma margem de erro estimada, considerando uma técnica de amostragem aleatória simples, de aproximadamente 3 pontos percentuais para mais ou para menos sobre os resultados obtidos. Fonte de Dados: TSE - Dezembro/2025 e dados do IBGE.";"As entrevistas serão realizadas por uma equipe de entrevistadores e supervisores devidamente qualificada pelo Instituto, com experiência e treinamento em pesquisas de opinião pública. No decorrer do trabalho de coleta de dados, os questionários aplicados, serão auditados em no mínimo 20% (vinte por cento) para verificação quanto ao cuidado na sua aplicação, bem como a adequação do entrevistado às variáveis das quotas amostrais.";"Na ausência de delimitação do bairro, será identificada a área em que foi realizada a pesquisa (conforme §7º do art. 2º da Resolução-TSE nº 23.600/2019). A partir do dia em que a pesquisa puder ser divulgada e até o dia seguinte, o registro deverá ser complementado, sob pena de ser a pesquisa considerada não registrada; na ausência de delimitação do bairro, será identificada a área em que foi realizada."
"07/08/2026";"05:47:04";2026;81;"Eleições Gerais 2026";"TO";"TO";"TOCANTINS";"TO018432026";"2026-04-07 07:53:05";"S";"40453099000100";"LUCRO ATIVO LTDA";"LUCRO ATIVO";"Governador, Senador, Deputado Federal, Deputado Estadual";"2026-04-08 00:00:00";"2026-04-12 00:00:00";"2026-04-13 00:00:00";1600;"8954";"Galttieri ferreira Tavares ";"15000,00";"Pesquisa com metodologia quantitativa, com a realização de entrevistas pessoais utilizando questionário estruturado junto a uma amostra representativa do eleitorado do Estado do Tocantins.";"A amostra será representativa dos eleitores das áreas pesquisadas e será selecionada em duas etapas. Na primeira etapa realiza-se um sorteio probabilístico das localidades onde as entrevistas serão realizadas através do método PPT (Probabilidade Proporcional ao Tamanho), considerando a população com 16 anos ou mais residente nas localidades como base para essa seleção. Na segunda etapa, a seleção do entrevistado dentro da localidade será feita utilizando-se quotas amostrais proporcionais, em função das seguintes variáveis: Gênero: Masculino (49.0%); Feminino (51.0%); ; Faixa etária: De 16 a 20 anos: (7.4%); Entre 21 e 24 anos: (8.1%); Entre 25 e 34 anos: (20.6%); Entre 35 e 44 anos: (20.4%); 45 a 59 anos: (24.5%); Com 60 anos ou mais: (18.8%); ; ESCOLARIDADE: De analfabeto até ensino fundamental completo (Contêm eleitores que apenas Lê e escrevem, Analfabetos e que cursaram Ensino Fundamental Incompleto e Completo): 36,4%; Ensino médio incompleto ou completo: 46,5%; Ensino superior incompleto ou completo: 17,1% ; RENDA DOMICILIAR MENSAL: Sem rendimento: (1,84%); Até 1 Salário Minimo: (66,23%); Mais de 1 a 2 salários mínimos: (19,66%); Mais de 2 a 5 salários mínimos: (9,69%); Mais de 5 a 10 salários mínimos: (1,99%); Mais de 10 salários mínimos: (0,60%). . Está prevista eventual ponderação para correção das variáveis gênero e faixa etária, com base nos percentuais acima apresentados, caso ocorram diferenças superiores a 4,5 (quatro vírgula cinco) pontos percentuais entre o previsto na amostra e a coleta realizada, para as variáveis escolaridade e renda domiciliar mensal, o fator de ponderação é igual a 1 (resultados obtidos no campo). O nível de confiança estimado é de 95% (noventa e cinco por cento) para uma margem de erro estimada, considerando uma técnica de amostragem aleatória simples, de aproximadamente 3 pontos percentuais para mais ou para menos sobre os resultados obtidos. Fonte de Dados: TSE - Dezembro/2025 e dados do IBGE.
";"As entrevistas serão realizadas por uma equipe de entrevistadores e supervisores devidamente qualificada pelo Instituto, com experiência e treinamento em pesquisas de opinião pública. No decorrer do trabalho de coleta de dados, os questionários aplicados, serão auditados em no mínimo 20% (vinte por cento) para verificação quanto ao cuidado na sua aplicação, bem como a adequação do entrevistado às variáveis das quotas amostrais.";"Na ausência de delimitação do bairro, será identificada a área em que foi realizada a pesquisa (conforme §7º do art. 2º da Resolução-TSE nº 23.600/2019). A partir do dia em que a pesquisa puder ser divulgada e até o dia seguinte, o registro deverá ser complementado, sob pena de ser a pesquisa considerada não registrada; na ausência de delimitação do bairro, será identificada a área em que foi realizada."
"07/08/2026";"05:47:04";2026;81;"Eleições Gerais 2026";"TO";"TO";"TOCANTINS";"TO045102026";"2026-03-25 22:20:38";"N";"56824073000152";"EXATA.GO PESQUISA LTDA";"EXATA.GO";"Governador, Senador";"2026-03-24 00:00:00";"2026-03-27 00:00:00";"2026-03-31 00:00:00";1316;"7655";"AUGUSTO DA SILVA ROCHA";"5000,00";"Pesquisa do tipo quantitativo, por amostragem aleatória, com aplicação de questionário estruturado
 e abordagem de moradores eleitores do município de Palmas/TO, em pontos estratégicos de fluxo 
de pessoal do município e por visitas às residências do município. O conjunto da população de Palmas com 16 anos ou mais e que são votantes na referida cidade foi tomado como universo da pesquisa.";"O universo da pesquisa se concentra na população do município de Palmas, estado do Tocantins, 
com 16 anos ou mais votantes no estado. Tamanho da amostra: A amostra prevista é de 1.316 entrevistas. 

 A amostra é representativa do universo pesquisado e selecionada em duas etapas. 
Na primeira etapa são selecionados os bairros / setores que farão parte da amostra. 
Numa segunda etapa são sorteados os pontos de abordagem onde serão aplicadas as entrevistas. 
Por fim, os entrevistados são selecionados aleatoriamente para responder ao questionário, de acordo com 
cotas de:  FEMININO	53,24%	;
MASCULINO	46,76%.   
( FONTE     TSE/FEV2026:   https://sig.tse.jus.br/ords/dwapr/r/seai/sig-eleitor-eleitorado-mensal/cruzamento-eleitorado-mensal?session=9302969183802
https://sig.tse.jus.br/ords/dwapr/r/seai/sig-eleitor-eleitorado-mensal/cruzamento-eleitorado-mensal?p24_metricas=E&p24_back=22&p24_cruzamento_1=ds_sexo&clear=24&session=9302969183802
).  
Faixa etária:  		
16 a 24 anos	15,24%	;
25 a 34 anos	22,97%	;
35 a 44 anos	23,15%	;
45 a 59 anos	25,43%	;
60 anos ou mais	13,21%.  
( FONTE TSE/FEV2026:  https://sig.tse.jus.br/ords/dwapr/r/seai/sig-eleitor-eleitorado-mensal/cruzamento-eleitorado-mensal?p24_cruzamento_1=ds_faixa_etaria&p24_metricas=E&p24_back=22&clear=24&session=9302969183802)  

Grau de instrução:  		
ANALFABETO	1,03%	;
LÊ E ESCREVE	1,83%	;
ENSINO FUNDAMENTAL COMPLETO	4,01%	;
ENSINO FUNDAMENTAL INCOMPLETO	10,93%	;
ENSINO MÉDIO COMPLETO	32,47%	;
ENSINO MÉDIO INCOMPLETO	18,87%	;
SUPERIOR COMPLETO	19,36%	;
SUPERIOR INCOMPLETO	11,50%.   
( FONTE TSE/FEV2026:  https://sig.tse.jus.br/ords/dwapr/r/seai/sig-eleitor-eleitorado-mensal/cruzamento-eleitorado-mensal?p24_cruzamento_1=ds_grau_instrucao&p24_metricas=E&p24_back=22&clear=24&session=9302969183802)  

Nível Econômico (renda mensal familiar):  		
Até 1/2 salário mínimo	0,8%	;
Mais de 1/2 a 1 salário mínimo	10,3%	;
Mais de 1 a 2 salários mínimos	20,5%	;
Mais de 2 a 5 salários mínimos	33,7%	;
Mais de 5 a 10 salários mínimos	18,0%	;
Mais de 10 a 20 salários mínimos	9,4%	;
Mais de 20 salários mínimos	4,2%	;
Sem rendimento	3,1%	;
( FONTE: IBGE | Cidades@ | Tocantins | Palmas | Pesquisa | Censo 2010 | Universo - Características da população e dos domicílios
https://cidades.ibge.gov.br/brasil/to/palmas/pesquisa/23/24304)

Observação: Conforme informações disponibilizadas pelo Instituto Brasileiro de Geografia e Estatística (IBGE), não houve nem há previsão de divulgação do perfil econômico (nível econômico) da população brasileira no âmbito do Censo Demográfico de 2022 (https://censo2022.ibge.gov.br/panorama/), para essa variável será adotado o fator de ponderação igual a 1, correspondente aos resultados obtidos em campo, caso seja verificada diferença superior à margem de erro prevista no estudo entre a projeção da amostra baseada nos dados do IBGE 2010 e os dados efetivamente coletados. Para as variáveis de sexo, idade e grau de instrução, está previsto uma eventual ponderação, nos limites da margem de erro, para correção nos tamanhos das variáveis, caso ocorra uma diferença entre a previsão da amostra e a coleta dos dados realizados sobre a faixa de eleitores acima de 16 anos. 

Margem de Erro: A margem de erro máxima prevista é de 2,7 pontos percentuais para mais ou para menos, considerando um nível de confiança de 95%.
";"Os entrevistadores envolvidos na realização desta pesquisa são treinados pelo Instituto e recebem instruções específicas para cada projeto realizado. A coleta será feita com a utilização de questionário impresso, que serão computados posteriormente à pesquisa de campo. Os pesquisadores são supervisionados por um coordenador que estará em campo juntamente com a equipe garantindo a lisura da pesquisa. Internamente, todo o material é verificado e codificado. Antes do processamento final e emissão dos resultados, realiza-se processo de consistência dos dados. Os dados coletados e tratados nesta pesquisa atendem às exigências da LGPD, Lei Geral de Proteção de Dados, garantindo ao respondente o sigilo de sua identidade e o correto tratamento de suas respostas.";"A relação completa dos municípios incluídos no levantamento será encaminhada posteriormente, a partir do dia em que a pesquisa puder ser divulgada e até o dia seguinte, conforme a Resoluções 23.600/2019 e 23.747/2026 do TSE."
"07/08/2026";"05:47:04";2026;81;"Eleições Gerais 2026";"TO";"TO";"TOCANTINS";"TO056242026";"2026-03-25 21:59:35";"N";"56824073000152";"EXATA.GO PESQUISA LTDA";"EXATA.GO";"Governador, Senador";"2026-03-20 00:00:00";"2026-03-29 00:00:00";"2026-03-31 00:00:00";3200;"7655";"AUGUSTO DA SILVA ROCHA";"30000,00";"A pesquisa será do tipo quantitativo, por amostragem aleatória, com aplicação de questionário estruturado e abordagem de moradores eleitores em 54 municípios do estado do Tocantins, divididos em 7 regiões dentro do estado, em pontos estratégicos de fluxo de pessoal dos municípios e por visitas às residências dos municípios. O conjunto da população do Tocantins com 16 anos ou mais e que são votantes no referido estado foi tomado como universo da pesquisa.";"O universo da pesquisa se concentra na população do município de 54 municípios do estado do Tocantins, divididos em 7 regiões com 16 anos ou mais votantes no estado. A amostra é representativa do universo pesquisado e selecionada em duas etapas. Na primeira etapa são selecionados os municípios que farão parte da amostra. Numa segunda etapa são sorteados os pontos de abordagem onde serão aplicadas as entrevistas. Por fim, os entrevistados são selecionados aleatoriamente para responder ao questionário, de acordo com cotas: Sexo: FEMININO 50,94% ; MASCULINO 49,06% ; Fonte pública dos dados (TSE/FEV2026) https://sig.tse.jus.br/ords/dwapr/r/seai/sig-eleitor-eleitorado-mensal/cruzamento-eleitorado-mensal?p24_metricas=E&p24_back=22&p24_cruzamento_1=ds_sexo&clear=24&session=101301754171490; Faixa Etária: 16 a 24 anos 15,53% ; 25 a 34 anos 20,58% ; 35 a 44 anos 20,39% ; 45 a 59 anos 24,51% ; 60 anos ou mais 18,99% ; Fonte pública dos dados (TSE/FEV2026) https://sig.tse.jus.br/ords/dwapr/r/seai/sig-eleitor-eleitorado-mensal/cruzamento-eleitorado-mensal?p24_cruzamento_1=ds_faixa_etaria&p24_metricas=E&p24_back=22&clear=24&session=101301754171490; Grau de instrução: ANALFABETO 4,94% ; ENSINO FUNDAMENTAL COMPLETO 4,43% ; ENSINO FUNDAMENTAL INCOMPLETO 19,46% ; ENSINO MÉDIO COMPLETO 27,38% ; ENSINO MÉDIO INCOMPLETO 19,24% ; LÊ E ESCREVE 7,41% ; SUPERIOR COMPLETO 11,03% ; SUPERIOR INCOMPLETO 6,11% ; Fonte pública dos dados (TSE/FEV2026) https://sig.tse.jus.br/ords/dwapr/r/seai/sig-eleitor-eleitorado-mensal/cruzamento-eleitorado-mensal?p24_cruzamento_1=ds_grau_instrucao&p24_metricas=E&p24_back=22&clear=24&session=101301754171490; Nível econômico (renda mensal familiar): Até 1/2 salário mínimo 5,6% ; Mais de 1/2 a 1 salário mínimo 19,2% ; Mais de 1 a 2 salários mínimos 27,2% ; Mais de 2 a 5 salários mínimos 27,4% ; Mais de 5 a 10 salários mínimos 9,8% ; Mais de 10 a 20 salários mínimos 3,8% ; Mais de 20 salários mínimos 1,5% ; Sem rendimento 5,5% ; Fonte : Fonte de dados IBGE 2010 (https://cidades.ibge.gov.br/brasil/to/pesquisa/23/22787 ) Observação: Conforme informações disponibilizadas pelo Instituto Brasileiro de Geografia e Estatística (IBGE), não houve nem há previsão de divulgação do perfil econômico (nível econômico) da população brasileira no âmbito do Censo Demográfico de 2022 (https://censo2022.ibge.gov.br/panorama/), para essa variável será adotado o fator de ponderação igual a 1, correspondente aos resultados obtidos em campo, caso seja verificada diferença superior à margem de erro prevista no estudo entre a projeção da amostra baseada nos dados do IBGE 2010 e os dados efetivamente coletados. Para as variáveis de sexo, idade e grau de instrução, está previsto uma eventual ponderação, nos limites da margem de erro, para correção nos tamanhos das variáveis, caso ocorra uma diferença entre a previsão da amostra e a coleta dos dados realizados sobre a faixa de eleitores acima de 16 anos. Margem de Erro: A margem de erro máxima prevista é de 1,7 pontos percentuais para mais ou para menos, considerando um nível de confiança de 95%.";"Os entrevistadores envolvidos na realização desta pesquisa são treinados pelo Instituto e recebem instruções específicas para cada projeto realizado. A coleta será feita com a utilização de questionário impresso, que serão computados posteriormente à pesquisa de campo. Os pesquisadores são supervisionados por um coordenador que estará em campo juntamente com a equipe garantindo a lisura da pesquisa. Internamente, todo o material é verificado e codificado. Antes do processamento final e emissão dos resultados, realiza-se processo de consistência dos dados. Os dados coletados e tratados nesta pesquisa atendem às exigências da LGPD, Lei Geral de Proteção de Dados, garantindo ao respondente o sigilo de sua identidade e o correto tratamento de suas respostas.";"A relação completa dos municípios incluídos no levantamento será encaminhada posteriormente, a partir do dia em que a pesquisa puder ser divulgada e até o dia seguinte, conforme a Resoluções 23.600/2019 e 23.747/2026 do TSE.
"
"07/08/2026";"05:47:04";2026;81;"Eleições Gerais 2026";"TO";"TO";"TOCANTINS";"TO073172026";"2026-06-18 16:03:26";"N";"81908345000140";"INSTITUTO PARANA DE PESQUISAS E ANALISE DE CONSUMIDOR LTDA";"#NULO#";"Governador, Senador";"2026-06-20 00:00:00";"2026-06-22 00:00:00";"2026-06-24 00:00:00";1340;"10245 - 4ª Região";"Tatiani Cristina Ara";"45000,00";"Pesquisa com metodologia quantitativa, com a realização de entrevistas pessoais, domiciliares e presenciais, utilizando questionário estruturado junto a uma amostra representativa do eleitorado do Estado do Tocantins.


";"""A amostra será representativa do eleitorado da área pesquisada e será selecionada em três etapas. Na primeira etapa realiza-se um sorteio probabilístico dos municípios onde as entrevistas serão realizadas através do método PPT (Probabilidade Proporcional ao Tamanho), considerando a população eleitora com 16 anos ou mais residente nos municípios como base para essa seleção. Na segunda etapa, faz-se um sorteio probabilístico das localidades, onde as entrevistas serão realizadas, através do método PPT (Probabilidade Proporcional ao Tamanho), tomando a população eleitora de 16 anos ou mais residente nas localidades como base para essa seleção. Na terceira etapa, a seleção do entrevistado dentro da localidade, será feita utilizando-se quotas amostrais proporcionais, em função das seguintes variáveis:
GÊNERO: TSE Maio 2026 (https://sig.tse.jus.br/ords/dwapr/r/seai/sig-eleitor-eleitorado-mensal/cruzamento-eleitorado-mensal?p24_metricas=E&p24_back=22&p24_cruzamento_1=ds_sexo&clear=24&p0_uf=TO&p0_mes=5&debug=LEVEL5&session=312990078978641)
Masculino - 49%; |
Feminino - 51%; |
FAIXA ETÁRIA: TSE Maio 2026 (https://sig.tse.jus.br/ords/dwapr/r/seai/sig-eleitor-eleitorado-mensal/cruzamento-eleitorado-mensal?p24_cruzamento_1=ds_faixa_etaria&p24_metricas=E&p24_back=22&clear=24&p0_uf=TO&p0_mes=5&debug=LEVEL5&session=8904950028837)
Entre 16 e 24 anos: 17%; |
Entre 25 e 34 anos: 20%; |
Entre 35 e 44 anos: 20%; |
Entre 45 e 59 anos: 24%; |
Com 60 anos ou mais: 19%; |
ESCOLARIDADE: TSE Maio 2026 (https://sig.tse.jus.br/ords/dwapr/r/seai/sig-eleitor-eleitorado-mensal/cruzamento-eleitorado-mensal?p24_cruzamento_1=ds_grau_instrucao&p24_metricas=E&p24_back=22&clear=24&p0_uf=TO&p0_mes=5&debug=LEVEL5&session=309383598034615)
De analfabeto até ensino fundamental completo: 36%; |
Ensino médio incompleto ou completo: 47% |
Ensino superior incompleto ou completo: 17% |
RENDA DOMICILIAR MENSAL:  (https://cidades.ibge.gov.br/brasil/to/pesquisa/23/24304) IBGE - Censo 2010. Observação: Conforme informações obtidas do Instituto Brasileiro de Geografia e Estatística, o IBGE, não divulgou - e não tem previsão - de data para divulgação do perfil econômico (nível econômico) da população brasileira; portanto, os dados quanto ao nível econômico obtidos no Censo 2022, não podem ser utilizados, pois não foram publicados. (https://censo2022.ibge.gov.br/panorama/)
Sem rendimentos até 2 salários mínimos: 58% |
Mais de 2 a 5 salários mínimos: 27% |
Mais de 5 salários mínimos: 15% |
Está prevista eventual ponderação para correção das variáveis gênero e faixa etária, com base nos percentuais acima apresentados, caso ocorram diferenças superiores a 3,0 (três) pontos percentuais entre o previsto na amostra e a coleta realizada; para as variáveis escolaridade e renda domiciliar mensal, o fator de ponderação é igual a 1 (resultados obtidos no campo). O nível de confiança estimado é de 95% (noventa e cinco por cento) para uma margem de erro estimada, considerando uma técnica de amostragem aleatória simples, de aproximadamente 2,7 (dois vírgula sete) pontos percentuais para mais ou para menos sobre os resultados obtidos.""





";"""As entrevistas serão conduzidas por uma equipe de entrevistadores e supervisores devidamente qualificados pelo Instituto Paraná Pesquisas, todos com experiência e treinamento específico em pesquisas de opinião pública. 
Controle: O controle do processo será realizado por meio de um software de coleta de dados, o qual permitirá o monitoramento garantindo o cumprimento das cotas amostrais.
Conferência e Fiscalização: Durante a coleta de dados os questionários aplicados são fiscalizados e conferidos através de um supervisor.   
Adicionalmente, pelo menos 30% dos questionários passarão por uma verificação posterior, que avaliará a precisão na aplicação e a adequação dos entrevistados às variáveis das quotas amostrais. Ou seja, no mínimo 402 entrevistas desta pesquisa serão auditadas pela equipe de qualidade do Instituto Paraná Pesquisas, podendo essa auditoria ser solicitada ao Instituto a qualquer momento.
Verificação: Após a coleta, os questionários passam por uma etapa de verificação e validação dos dados, para garantir a integridade e precisão dos dados coletados.""





";" ""A pesquisa será realizada no Estado do Tocantins, a relação dos dados relativos aos municípios e às localidades será apresentado até o dia seguinte à data a partir da qual a pesquisa puder ser divulgada, conforme §7º do art. 2º da Resolução-TSE nº. 23.600/2019""





"
"07/08/2026";"05:47:04";2026;81;"Eleições Gerais 2026";"TO";"TO";"TOCANTINS";"TO066452026";"2026-03-20 19:57:00";"N";"56824073000152";"EXATA.GO PESQUISA LTDA";"EXATA.GO";"Governador, Senador";"2026-03-20 00:00:00";"2026-03-25 00:00:00";"2026-03-26 00:00:00";1316;"10809";"ESTENIO DA COSTA SANTOS";"5000,00";"A pesquisa será do tipo quantitativo, por amostragem aleatória, com aplicação de questionário estruturado e abordagem de moradores eleitores do município de Palmas, estado do Tocantins, em pontos estratégicos de fluxo de pessoal do município e por visitas às residências do município. O conjunto da população de Palmas com 16 anos ou mais e que são votantes na referida cidade foi tomado como universo da pesquisa.";"O universo da pesquisa se concentra na população do município de Palmas, estado do Tocantins, com 16 anos ou mais votantes no estado. Tamanho da amostra: A amostra prevista é de 1.316 entrevistas. Técnica de amostragem: A amostra é representativa do universo pesquisado e selecionada em duas etapas. Na primeira etapa são selecionados os bairros / setores que farão parte da amostra. Numa segunda etapa são sorteados os pontos de abordagem onde serão aplicadas as entrevistas. Por fim, os entrevistados são selecionados aleatoriamente para responder ao questionário, de acordo com cotas de sexo e faixa etária. Os dados relativos a sexo e faixa etária são: Sexo masculino: 47%; Sexo feminino: 53%, Idade: 16 a 24 anos: 16,3%; 25 a 34 anos: 23,7%; 35 a 44 anos: 23,7%; 45 a 59 anos: 24,2% e 60 anos ou mais: 12,1%. Para grau de instrução, os dados utilizados como referência são: Analfabetos: 1,0%; Lê e escreve + Ensino fundamental incompleto: 13,3%; Ensino fundamental completo + Ensino médio incompleto: 23,2%; Ensino médio completo + Ensino superior incompleto: 43,5%, Ensino superior completo ou mais: 19,0%. Os dados utilizados para definição e seleção da amostra são baseados nos dados fornecidos pelo TSE (setembro/2025), IBGE (PNAD Contínua, Censo 2010 e Censo 2022) e dados primários de outros levantamentos do instituto. Ponderação dos resultados: Está prevista eventual ponderação para correção nos tamanhos dos estratos, considerando as variáveis sexo, faixa etária e escolaridade, de acordo com os percentuais detalhados anteriormente, casos as diferenças sejam maiores que 3 pontos percentuais. Para o nível econômico do entrevistado (renda individual mensal aproximada declarada) os dados de referência são: até 2 S. M. (salários mínimos) = 57,4%; mais de 2 S. M. e menos de 5 S. M. = 30,0%; mais de 5 S. M. = 12,6%. Para essa variável, o fator previsto para ponderação é 1 (resultados obtidos em campo). Área física: A relação completa dos municípios incluídos no levantamento será encaminhada a esse tribunal posteriormente, a partir do dia em que a pesquisa puder ser divulgada e até o dia seguinte, conforme a Resoluções 23.600/2019, no art.2º §7º e 23.747/2026 do TSE. Margem de Erro: A margem de erro máxima prevista é de 2,7 pontos percentuais para mais ou para menos, considerando um nível de confiança de 95% e baseada em uma amostra aleatória.";"Os entrevistadores envolvidos na realização desta pesquisa são treinados pelo Instituto e recebem instruções específicas para cada projeto realizado. A coleta será feita com a utilização de questionário impresso, que serão computados posteriormente à pesquisa de campo. Os pesquisadores são supervisionados por um coordenador que estará em campo juntamente com a equipe garantindo a lisura da pesquisa. Internamente, todo o material é verificado e codificado. Antes do processamento final e emissão dos resultados, realiza-se processo de consistência dos dados. Os dados coletados e tratados nesta pesquisa atendem às exigências da LGPD, Lei Geral de Proteção de Dados, garantindo ao respondente o sigilo de sua identidade e o correto tratamento de suas respostas.";"Os bairros serão:
REGIÃO I (VILA UNIÃO, SETOR FUMAÇA, SETOR ÁGUA FRIA E SETOR ÁGUA BOA);
ARNO (QUADRAS: 303; 305; 307; 403; 407; 409; 503; 603; 605; 607; 203; 205 E 207);
ARSO SUL, PLANO DIRETOR SUL: (QUADRAS: 1005; 1007; 1207; 1307; 1407; 407; 507; 607; 707; 1103; 807 E 407);
TAQUARALTO;
TAQUARUÇÚ; E
JARDIM AURENY (I, II, III E IV)."
"07/08/2026";"05:47:04";2026;81;"Eleições Gerais 2026";"TO";"TO";"TOCANTINS";"TO067002026";"2026-03-28 18:03:42";"S";"00654576000172";"INSTITUTO VERITA LTDA";"VERITA";"Governador, Senador, Deputado Federal, Deputado Estadual";"2026-03-29 00:00:00";"2026-04-04 00:00:00";"2026-04-03 00:00:00";1220;"10699";"GUILHERME ALVARENGA LAIA";"93940,00";"Pesquisa quantitativa, que consiste na realização de entrevistas, com a aplicação de questionário estruturado junto a uma amostra representativa do eleitorado desta Unidade da Federação.";"ESTUDO REPRESENTATIVO DO ELEITORADO DO ESTADO DO TOCANTINS - MÉTODO PPT (Probabilidade Proporcional ao Tamanho) - PLANO AMOSTRAL E PONDERAÇÃO QUANTO A SEXO, IDADE, GRAU DE INSTRUÇÃO E NÍVEL ECONÔMICO DO ENTREVISTADO; INTERVALO DE CONFIANÇA E MARGEM DE ERRO: Representativo do eleitorado da área em estudo, elaborada, em vários estágios, da seguinte forma: - 1. Divisão da UF em estratos proporcionais de municípios. 2. Ordenação dos municípios de cada estrato segundo o porte. 3. Sorteio dos municípios de cada estrato. 4. Os respondentes são selecionados através de quotas amostrais proporcionais em função de variáveis significativas, a saber: GÊNERO / FAIXA ETÁRIA - FEMININO E MASCULINO 16 A 34 ANOS 18,5% E 17,5%, 35 A 54 ANOS 19,5% E 18,5%, 55 ANOS OU MAIS 13% E 13%. GRAU DE INSTRUÇÃO ¿ FEMININO E MASCULINO Sem instrução até Ensino Médio completo 62,9%, Ensino superior incompleto e completo 37,1% NÍVEL ECONÔMICO - FEMININO população não economicamente ativa 46,5% população economicamente ativa 53,5% MASCULINO população não economicamente ativa 27,2% população economicamente ativa 72,8%. RENDA FAMILIAR DO DOMICÍLIO renda familiar de até 2 salários-mínimos 30,7%; de 2 a 5 salários-mínimos 44,2%, acima de 5 salários-mínimos 25,1%. Está prevista eventual ponderação para correção das variáveis, com base nos percentuais anteriormente mencionados, caso ocorram diferenças superiores a margem de erro da pesquisa prevista entre a amostra e a coleta de dados realizada. O fator previsto para ponderação é 1 (resultados obtidos na coleta de dados). O intervalo de confiança estimado é de 95% e a margem de erro máxima estimada considerando um modelo de amostragem aleatório simples, é de aproximadamente 3 pontos percentuais para mais ou para menos sobre os resultados encontrados no total da amostra. FONTE DOS DADOS: IBGE/Censo 2022 para fins de densidade demográfica, setores censitários e alocação da amostra. IBGE/PNAD/PNADC/MEC/INEP para fins de Nível Econômico e Escolaridade. TSE FEVEREIRO/2026 para fins de Sexo, Faixa Etária e eleitorado por município ou regiões previamente definidas (importante ressaltar para o público leigo que os dados do TSE são os únicos corretos para gênero, idade dos eleitores e quantitativo de eleitores por municípios já que a base de dados se atualiza automaticamente, PORÉM, dados de escolaridade e nível econômico NÃO são corretos e confiáveis devido a desatualização que ocorre naturalmente com o passar dos anos). Definição de margem de erro e intervalo de confiança: Margem de erro e intervalo de confiança não são grandezas diretamente proporcionais. A SOMA NÃO TEM QUE RESULTAR 100%. ";"Após os trabalhos de coleta de dados, os questionários são submetidos a uma fiscalização, conferência e checagem de cerca de 20% (vinte por cento) dos questionários aplicados.";"A relação dos municípios sorteados ou selecionados para esta pesquisa será apresentada em arquivo anexo até 1 (um) dia após a divulgação desta pesquisa conforme §7º. do art. 2º. da Resolução-TSE nº. 23.600/2019. A área de abrangência desta pesquisa é o Estado DO TOCANTINS"
"07/08/2026";"05:47:04";2026;81;"Eleições Gerais 2026";"TO";"TO";"TOCANTINS";"TO098102026";"2026-05-04 20:34:30";"S";"40453099000100";"LUCRO ATIVO LTDA";"LUCRO ATIVO";"Governador, Senador, Deputado Federal, Deputado Estadual";"2026-05-05 00:00:00";"2026-05-11 00:00:00";"2026-05-10 00:00:00";800;"8954";"Galttieri ferreira Tavares ";"7000,00";"Pesquisa com metodologia quantitativa, com a realização de entrevistas pessoais utilizando questionário estruturado junto a uma amostra representativa do eleitorado do município de PALMAS.";"A amostra será representativa dos eleitores das áreas pesquisadas e será selecionada em duas etapas. Na primeira etapa realiza-se um sorteio probabilístico das localidades onde as entrevistas serão realizadas através do método PPT (Probabilidade Proporcional ao Tamanho), considerando a população com 16 anos ou mais residente nas localidades como base para essa seleção. Na segunda etapa, a seleção do entrevistado dentro da localidade será feita utilizando-se quotas amostrais proporcionais, em função das seguintes variáveis: Gênero: Masculino (46.76%); Feminino (53.24%); ; Faixa etária: De 16 a 20 anos: (7.38%); Entre 21 e 24 anos: (8.38%); Entre 25 e 34 anos: (22.85%); Entre 35 e 44 anos: (22.96%); 45 a 59 anos: (25.26%); Com 60 anos ou mais: (13.17%); ; ESCOLARIDADE: De analfabeto até ensino fundamental completo (Contêm eleitores que apenas Lê e escrevem, Analfabetos e que cursaram Ensino Fundamental Incompleto e Completo): 17,61%; Ensino médio incompleto ou completo: 51,57%; Ensino superior incompleto ou completo: 30,81% ; RENDA DOMICILIAR MENSAL: Sem rendimento: (0,45%); Até 1 Salário Minimo: (26,76%); Mais de 1 a 2 salários mínimos: (30,18%); Mais de 2 a 5 salários mínimos: (29,99%); Mais de 5 a 10 salários mínimos: (7,76%); Mais de 10 salários mínimos: (4,87%). . Está prevista eventual ponderação para correção das variáveis gênero e faixa etária, com base nos percentuais acima apresentados, caso ocorram diferenças superiores a 4,5 (quatro vírgula cinco) pontos percentuais entre o previsto na amostra e a coleta realizada, para as variáveis escolaridade e renda domiciliar mensal, o fator de ponderação é igual a 1 (resultados obtidos no campo). O nível de confiança estimado é de 95% (noventa e cinco por cento) para uma margem de erro estimada, considerando uma técnica de amostragem aleatória simples, de aproximadamente 3 pontos percentuais para mais ou para menos sobre os resultados obtidos. Fonte de Dados: TSE - ABRIL/202 6 e dados do IBGE.
";"As entrevistas serão realizadas por uma equipe de entrevistadores e supervisores devidamente qualificada pelo Instituto, com experiência e treinamento em pesquisas de opinião pública. No decorrer do trabalho de coleta de dados, os questionários aplicados, serão auditados em no mínimo 20% (vinte por cento) para verificação quanto ao cuidado na sua aplicação, bem como a adequação do entrevistado às variáveis das quotas amostrais.";"Dados relativos aos municípios e bairros abrangidos pela pesquisa. Na ausência de delimitação do bairro, será identificada a área em que foi realizada a pesquisa (conforme §7º do art. 2º da Resolução-TSE nº 23.600/2019). A partir do dia em que a pesquisa puder ser divulgada e até o dia seguinte, o registro deverá ser complementado, sob pena de ser a pesquisa considerada não registrada; na ausência de delimitação do bairro, será identificada a área em que foi realizada."
"07/08/2026";"05:47:04";2026;81;"Eleições Gerais 2026";"TO";"TO";"TOCANTINS";"TO021352026";"2026-03-23 21:27:53";"S";"36938497000130";"INSTITUTO SONDA SERVICOS DE PESQUISA E PUBLICIDADE LTDA";"INSTITUTO SONDA";"Governador, Senador, Deputado Federal, Deputado Estadual";"2026-03-24 00:00:00";"2026-03-26 00:00:00";"2026-03-29 00:00:00";330;"9443-A";"Marcelo Hidemi Uemura";"7000,00";"Pesquisa do tipo quantitativa, com amostragem por quotas representativas do eleitorado (Gênero, faixa etária, escolaridade, renda nominal mensal domiciliar, e bairros) do município de Colinas do Tocantins-TO. (Fonte de dados: TSE e IBGE) para os cargos de governador, senador, deputados federal e estadual, através de questionário estruturado, com questões fechadas, e abrangência por telefone (Call Center), sendo entrevistados no máximo uma pessoa por família, de forma que se possa determinar as verdadeiras intenções do eleitor com relação ao pleito que se aproxima.";"Amostra composta por 330 eleitores. Cada Estrato proporcional ao tamanho do Universo de eleitores do Município. Foram divididos da seguinte maneira: Gênero: Feminino: 53,33%; Masculino: 46,67%. Faixa Etária: 16 a 24 anos: 18,48%; 25 a 34 anos: 20,00%; 35 a 44 anos: 20,00%; 45 a 59 anos: 23,64%; Mais de 60 anos: 17,88%. Grau de Instrução: Analfabeto / Lê e escreve: 13,03%; Ensino Fundamental Incompleto / Completo: 25,76%; Ensino Médio Incompleto / Completo: 43,64%; Ensino Superior Incompleto / Completo: 17,57%. Renda Nominal Mensal Domiciliar: Até 2 Salários Mínimos: 52,42%; De 2 a 5 Salários Mínimos: 29,09%; Mais de 5 Salários Mínimos: 18,49%. Fonte de dados: TSE: Fevereiro/2026 (Gênero, faixa etária e Grau de Instrução) e IBGE: Censo Demográfico 2010 (Renda Nominal Mensal Domiciliar, última atualização foi em 2010), e Censo Demográfico 2022 (Bairros). Margem de erro 5,4% para mais ou para menos, considerando um nível de confiança de 95,0%. Há a previsão para eventual ponderação para correção nos tamanhos dos estratos, considerando as variáveis do plano amostral";"Para a coleta de dados, utiliza-se uma equipe de entrevistadores contratados, devidamente treinados para o trabalho, além de contarem com apoio de supervisor para eventuais dúvidas. Durantes a coleta os supervisores fazem a fiscalização in loco nos locais onde estão distribuídos os pesquisadores. Após a realização das entrevistas, os questionários passam por uma codificação e crítica, e depois disso, são fiscalizados entre 10% a 20%.";"Em Anexo."
"07/08/2026";"05:47:04";2026;81;"Eleições Gerais 2026";"TO";"TO";"TOCANTINS";"TO067172026";"2026-06-03 22:48:05";"S";"00654576000172";"INSTITUTO VERITA LTDA";"VERITA";"Governador, Senador";"2026-06-03 00:00:00";"2026-06-07 00:00:00";"2026-06-09 00:00:00";1220;"10699";"GUILHERME ALVARENGA LAIA";"96380,00";"Pesquisa quantitativa, que consiste na realização de entrevistas, com a aplicação de questionário estruturado junto a uma amostra representativa do eleitorado desta Unidade da Federação.";"ESTUDO REPRESENTATIVO DO ELEITORADO DO ESTADO DO TOCANTINS - MÉTODO PPT (Probabilidade Proporcional ao Tamanho) - PLANO AMOSTRAL E PONDERAÇÃO QUANTO A SEXO, IDADE, GRAU DE INSTRUÇÃO E NÍVEL ECONÔMICO DO ENTREVISTADO; INTERVALO DE CONFIANÇA E MARGEM DE ERRO:

Representativo do eleitorado da área em estudo, elaborado em vários estágios, da seguinte forma:

Divisão da UF em estratos proporcionais de municípios.
Ordenação dos municípios de cada estrato segundo o porte.
Sorteio dos municípios de cada estrato.
Os respondentes são selecionados por meio de quotas amostrais proporcionais, em função de variáveis significativas, a saber:

GÊNERO / FAIXA ETÁRIA - FEMININO E MASCULINO: 16 A 34 ANOS 18,5% E 17,5%; 35 A 54 ANOS 19,5% E 18,5%; 55 ANOS OU MAIS 13% E 13%.

GRAU DE INSTRUÇÃO - FEMININO E MASCULINO: sem instrução até Ensino Médio completo 62,9%; Ensino Superior incompleto e completo 37,1%.

NÍVEL ECONÔMICO - FEMININO: população não economicamente ativa 46,5%; população economicamente ativa 53,5%.
MASCULINO: população não economicamente ativa 27,2%; população economicamente ativa 72,8%.

RENDA FAMILIAR DO DOMICÍLIO: renda familiar de até 2 salários-mínimos, 30,7%; de 2 a 5 salários-mínimos, 44,2%; acima de 5 salários-mínimos, 25,1%.

Está prevista eventual ponderação para correção das variáveis, com base nos percentuais anteriormente mencionados, caso ocorram diferenças superiores à margem de erro da pesquisa prevista entre a amostra e a coleta de dados realizada. O fator previsto para ponderação é 1 (resultados obtidos na coleta de dados).

O intervalo de confiança estimado é de 95%, e a margem de erro máxima estimada, considerando um modelo de amostragem aleatório simples, é de aproximadamente 3 pontos percentuais, para mais ou para menos, sobre os resultados encontrados no total da amostra.

FONTE DOS DADOS: IBGE/Censo 2022, para fins de densidade demográfica, setores censitários e alocação da amostra. IBGE Censo 2022/PNAD/PNADC 2024, MEC 2025 e INEP Censo do Ensino Superior 2024, além de estudos anteriores que, calculados dentro do eleitorado brasileiro e do Estado do Tocantins, fornecem o percentual do número de eleitores que, ainda que por apenas alguns meses ou semanas, frequentaram o ensino superior, seja na modalidade EAD ou em outras. Portanto, para fins de nível econômico e escolaridade, foram utilizadas mais de uma fonte.

TSE FEVEREIRO/2026, para fins de sexo, faixa etária e eleitorado por município ou regiões previamente definidas. Importante ressaltar, para o público leigo, que os dados do TSE são os únicos corretos para gênero, idade dos eleitores e quantitativo de eleitores por municípios, já que a base de dados se atualiza automaticamente. Porém, os dados de escolaridade e nível econômico não são corretos nem confiáveis, devido à desatualização que ocorre naturalmente com o passar dos anos.

Definição de margem de erro e intervalo de confiança: margem de erro e intervalo de confiança não são grandezas diretamente proporcionais. A SOMA NÃO TEM QUE RESULTAR 100%.";"Após os trabalhos de coleta de dados, os questionários são submetidos a uma fiscalização, conferência e checagem de cerca de 20% (vinte por cento) dos questionários aplicados.";"A relação dos municípios sorteados ou selecionados para esta pesquisa será apresentada em arquivo anexo até 1 (um) dia após a divulgação desta pesquisa conforme §7º. do art. 2º. da Resolução-TSE nº. 23.600/2019. A área de abrangência desta pesquisa é o Estado DO TOCANTINS"
"07/08/2026";"05:47:04";2026;81;"Eleições Gerais 2026";"TO";"TO";"TOCANTINS";"TO022992026";"2026-03-19 18:34:12";"S";"22345021000181";"REAL TIME MIDIA LTDA";"REAL TIME BIG DATA";"Governador, Senador";"2026-03-23 00:00:00";"2026-03-24 00:00:00";"2026-03-25 00:00:00";1600;"10839";"Isabela Zara Cremoneze";"64000,00";"Pesquisa quantitativa, que consiste na realização de entrevistas pessoais, com a aplicação de questionário estruturado junto a uma amostra representativa do eleitorado em estudo. Pesquisa realizada no Estado do Tocantins (TO).";"Representativo do eleitorado da área em estudo, elaborada em três estágios. 
No primeiro estágio, realiza-se um sorteio probabilístico dos municípios onde as entrevistas serão realizadas, pelo método PPT (Probabilidade Proporcional ao Tamanho), tomando a população eleitora de 16 anos ou mais residente nos municípios como base para essa seleção.
No segundo estágio, efetua-se um sorteio probabilístico das localidades dentro dos municípios selecionados, também pelo método PPT (Probabilidade Proporcional ao Tamanho), considerando a população eleitora de 16 anos ou mais residente nessas localidades como base para a seleção.
No terceiro e último estágio, dentro das localidades sorteadas, os respondentes são selecionados por meio de quotas amostrais proporcionais, em função de variáveis significativas, a saber:

GÊNERO:
Feminino: 50,9%;
Masculino: 49,1%.
(Fonte: TSE (Fevereiro/2026) - https://sig.tse.jus.br/ords/dwapr/r/seai/sig-eleitor-eleitorado-mensal/cruzamento-eleitorado-mensal?p24_metricas=E&p24_back=22&p24_cruzamento_1=ds_sexo&clear=24&session=201975337269181)
FAIXA ETÁRIA:
16 anos: 0,4%;
17 anos: 1,1%;
18 a 20 anos: 5,8%;
21 a 24 anos: 8,2%;
25 a 34 anos: 20,6%;
35 a 44 anos: 20,4%;
45 a 59 anos: 24,5%;
60 a 69 anos: 10,4%;
70 a 79 anos: 5,8%;
Superior a 79 anos: 2,8%.
(Fonte: TSE (Fevereiro/2026) - https://sig.tse.jus.br/ords/dwapr/r/seai/sig-eleitor-eleitorado-mensal/cruzamento-eleitorado-mensal?p24_cruzamento_1=ds_faixa_etaria&p24_metricas=E&p24_back=22&clear=24&session=201975337269181)
ESCOLARIDADE:
Analfabeto: 4,9%;
Lê e Escreve: 7,4%;
Ensino Fundamental Incompleto: 19,5%;
Ensino Fundamental Completo: 4,4%;
Ensino Médio Incompleto: 19,2%;
Ensino Médio Completo: 27,4%;
Ensino Superior Incompleto: 6,1%;
Ensino Superior Completo: 11,0%.
(Fonte: TSE (Fevereiro/2026) - https://sig.tse.jus.br/ords/dwapr/r/seai/sig-eleitor-eleitorado-mensal/cruzamento-eleitorado-mensal?p24_cruzamento_1=ds_grau_instrucao&p24_metricas=E&p24_back=22&clear=24&session=201975337269181)
RENDA DOMICILIAR MENSAL:
Sem rendimento: 5,5%;
Até 1/2 Salário Mínimo: 5,6%;
Mais de 1/2 a 1 Salário Mínimo: 19,2%;
Mais de 1 a 2 Salários Mínimos: 27,2%;
Mais de 2 a 5 Salários Mínimos: 27,4%;
Mais de 5 a 10 Salários Mínimos: 9,8%;
Mais de 10 a 20 Salários Mínimos: 3,8%;
Mais de 20 Salários Mínimos: 1,5%.
(Fonte: IBGE (Censo 2010) - https://cidades.ibge.gov.br/brasil/to/pesquisa/23/24304?detalhes=true)
Observação: De acordo com informações do Instituto Brasileiro de Geografia e Estatística (IBGE), não há previsão de data para a divulgação do perfil econômico da população brasileira do CENSO 2022. Portanto, os dados sobre o nível econômico obtidos no Censo 2022 não podem ser utilizados, pois ainda não foram publicados.
Está prevista eventual ponderação para correção das variáveis sexo e idade, com base nos percentuais anteriormente mencionados, caso ocorram diferenças superiores a 3 pontos percentuais entre o previsto na amostra e a coleta de dados realizada. Para as variáveis de grau de instrução e nível econômico do entrevistado, o fator previsto para ponderação é 1 (resultados obtidos em campo). O nível de confiança estimado é de 95% e a margem de erro máxima estimada considerando um modelo de amostragem aleatório simples, é de aproximadamente 2 (dois) pontos percentuais para mais ou para menos sobre os resultados encontrados no total da amostra.
";"O trabalho de coleta de dados é acompanhado presencialmente por supervisores. São selecionados aleatoriamente 15% (quinze por cento) dos questionários para uma verificação posterior com ligações telefônicas para os números indicados nos formulários, em caso de dúvida, o formulário é descartado e o entrevistador chamado para esclarecimentos.";"O anexo do arquivo com os bairros será realizado até o dia seguinte da divulgação conforme indicado no §7º. do art. 2º. da Resolução-TSE nº. 23.600/2019."
"07/08/2026";"05:47:04";2026;81;"Eleições Gerais 2026";"TO";"TO";"TOCANTINS";"TO036232026";"2026-06-14 10:08:28";"S";"28017278000190";"MARCELLO LEONARDI BEZERRA";"INSTITUTO VOX TOCANTINS";"Governador, Senador";"2026-06-05 00:00:00";"2026-06-09 00:00:00";"2026-06-20 00:00:00";1314;"8954";"GALTTIERI FERREIRA TAVARES";"15000,00";"Pesquisa quantitativa, estimulada consistente na realização de entrevistas, com a aplicação de questionário estruturado junto a uma amostra representativa do eleitorado de forma presencial e por telefone nos municípios relacionados a seguir:
Augustinópolis, Sítio Novo, Ananás, Tocantinópolis, Araguaína, Wanderlândia, Goiatins, Colmeia, Pequizeiro, Guaraí, Itaporã, Araguacema, Miracema, Paraíso, Cristalândia, Natividade, Porto Nacional, Gurupi, Almas, Porto Alegre, Dianopolis,
Palmas.";"área elaborada da seguinte forma: divisão do município  onde serão realizadas as entrevistas em quantidade proporcional ao número de habitantes contidos em cada um destes; após esta divisão, dentro de cada região escolhida, os respondentes são selecionados através de quotas amostrais proporcionais em função de variáveis significativas; a saber: gênero ¿ Feminino 50.3% e masculino 49.7%; grau de instrução/escolaridade ¿ Analfabeto  Ensino Fundamental  Ensino Médio e Ensino Superior.
 Idade: 16 a 24 Anos, 25 a 34 Anos,  35 a 44 Anos, 45 a 59 Anos,  e Acima de 60 Anos ; Nível econômico/renda familiar completa - Até 2 salários-mínimos  de 2 a 5 salários-mínimos Acima de 5 salários e Sem Renda. Caso ocorram diferenças superiores à margem de erro prevista entre a amostra planejada. O intervalo de confiança estimado é de 95%. Considerando um modelo de amostragem aleatória simples, a margem de erro máxima estimada é de aproximadamente 3 pontos percentuais (para mais ou para menos) sobre os resultados obtidos para o total da amostra. Fontes dos dados: ""IBGE"" Censo 2022: utilizado para densidade demográfica, setores censitários, alocação da amostra e nível econômico. ""TSE"" Maio/2026: utilizado para sexo, faixa etária, escolaridade e distribuição do eleitorado por município ou regiões previamente definidas.";"Dados relativos aos municípios e bairros abrangidos pela pesquisa. Na ausência de delimitação do bairro, será identificada a área em que foi realizada a pesquisa(conforme §7º. do art. 2º. da Resolução-TSE nº. 23.600/2019, A partir do dia em que a pesquisa puder ser divulgada e até o dia seguinte, o registro deverá ser complementado, sob pena de ser a pesquisa considerada não registrada; na ausência de delimitação do bairro, será identificada a área em que foi realizada):
A relação dos bairros abrangidos pela pesquisa será apresentada em arquivo anexo até 1 (um) dia após a divulgação desta pesquisa conforme §7º. do art. 2º. da Resolução-TSE nº. 23.600/2019";"A relação dos setores abrangidos pela pesquisa será apresentada em arquivo anexo até 1 (um) dia após a divulgação desta pesquisa conforme §7º. do art. 2º. da Resolução-TSE nº. 23.600/2019."
"07/08/2026";"05:47:04";2026;81;"Eleições Gerais 2026";"TO";"TO";"TOCANTINS";"TO053792026";"2026-06-13 11:43:20";"S";"22345021000181";"REAL TIME MIDIA LTDA";"REAL TIME BIG DATA";"Governador, Senador";"2026-06-17 00:00:00";"2026-06-18 00:00:00";"2026-06-19 00:00:00";1600;"10839";"Isabela Zara Cremoneze";"64000,00";"Pesquisa quantitativa, que consiste na realização de entrevistas pessoais, com a aplicação de questionário estruturado junto a uma amostra representativa do eleitorado em estudo. Pesquisa realizada no Estado do Tocantins (TO).";"Representativo do eleitorado da área em estudo, elaborada em três estágios. 
No primeiro estágio, realiza-se um sorteio probabilístico dos municípios onde as entrevistas serão realizadas, pelo método PPT (Probabilidade Proporcional ao Tamanho), tomando a população eleitora de 16 anos ou mais residente nos municípios como base para essa seleção.
No segundo estágio, efetua-se um sorteio probabilístico das localidades dentro dos municípios selecionados, também pelo método PPT (Probabilidade Proporcional ao Tamanho), considerando a população eleitora de 16 anos ou mais residente nessas localidades como base para a seleção.
No terceiro e último estágio, dentro das localidades sorteadas, os respondentes são selecionados por meio de quotas amostrais proporcionais, em função de variáveis significativas, a saber:

GÊNERO:
Feminino: 50,9%;
Masculino: 49,1%
(Fonte: TSE (Maio/2026) - https://sig.tse.jus.br/ords/dwapr/r/seai/sig-eleitor-eleitorado-mensal/cruzamento-eleitorado-mensal?p24_metricas=E&p24_back=22&p24_cruzamento_1=ds_sexo&clear=24&session=6255761252678)
FAIXA ETÁRIA:
16 anos: 1,0%;
17 anos: 1,4%;
18 a 20 anos: 5,8%;
21 a 24 anos: 8,1%;
25 a 34 anos: 20,4%;
35 a 44 anos: 20,2%;
45 a 59 anos: 24,3%;
60 a 69 anos: 10,3%;
70 a 79 anos: 5,8%;
Superior a 79 anos: 2,7%. 
(Fonte: TSE (Maio/2026) - https://sig.tse.jus.br/ords/dwapr/r/seai/sig-eleitor-eleitorado-mensal/cruzamento-eleitorado-mensal?p24_cruzamento_1=ds_faixa_etaria&p24_metricas=E&p24_back=22&clear=24&session=6255761252678)
ESCOLARIDADE:
Analfabeto: 4,8%;
Lê e Escreve: 7,2%;
Ensino Fundamental Incompleto: 19,2%;
Ensino Fundamental Completo: 4,4%;
Ensino Médio Incompleto: 19,9%;
Ensino Médio Completo: 27,3%;
Ensino Superior Incompleto: 6,2%;
Ensino Superior Completo: 11,0%
(Fonte: TSE (Maio/2026) - https://sig.tse.jus.br/ords/dwapr/r/seai/sig-eleitor-eleitorado-mensal/cruzamento-eleitorado-mensal?p24_cruzamento_1=ds_grau_instrucao&p24_metricas=E&p24_back=22&clear=24&session=6255761252678)
RENDA DOMICILIAR MENSAL:
Sem rendimento: 5,5%;
Até 1/2 Salário Mínimo: 5,6%;
Mais de 1/2 a 1 Salário Mínimo: 19,2%;
Mais de 1 a 2 Salários Mínimos: 27,2%;
Mais de 2 a 5 Salários Mínimos: 27,4%;
Mais de 5 a 10 Salários Mínimos: 9,8%;
Mais de 10 a 20 Salários Mínimos: 3,8%;
Mais de 20 Salários Mínimos: 1,5%.
(Fonte: IBGE (Censo 2010) - https://cidades.ibge.gov.br/brasil/to/pesquisa/23/24304?detalhes=true)
Observação: De acordo com informações do Instituto Brasileiro de Geografia e Estatística (IBGE), não há previsão de data para a divulgação do perfil econômico da população brasileira do CENSO 2022. Portanto, os dados sobre o nível econômico obtidos no Censo 2022 não podem ser utilizados, pois ainda não foram publicados.
Está prevista eventual ponderação para correção das variáveis sexo e idade, com base nos percentuais anteriormente mencionados, caso ocorram diferenças superiores a 3 pontos percentuais entre o previsto na amostra e a coleta de dados realizada. Para as variáveis de grau de instrução e nível econômico do entrevistado, o fator previsto para ponderação é 1 (resultados obtidos em campo). O nível de confiança estimado é de 95% e a margem de erro máxima estimada considerando um modelo de amostragem aleatório simples, é de aproximadamente 2 (dois) pontos percentuais para mais ou para menos sobre os resultados encontrados no total da amostra.
";"O trabalho de coleta de dados é acompanhado presencialmente por supervisores. São selecionados aleatoriamente 15% (quinze por cento) dos questionários para uma verificação posterior com ligações telefônicas para os números indicados nos formulários, em caso de dúvida, o formulário é descartado e o entrevistador chamado para esclarecimentos.";"O anexo do arquivo com os bairros será realizado até o dia seguinte da divulgação conforme indicado no §7º. do art. 2º. da Resolução-TSE nº. 23.600/2019."
"07/08/2026";"05:47:04";2026;81;"Eleições Gerais 2026";"TO";"TO";"TOCANTINS";"TO017782026";"2026-05-05 22:00:59";"S";"00654576000172";"INSTITUTO VERITA LTDA";"VERITA";"Governador, Senador";"2026-05-06 00:00:00";"2026-05-10 00:00:00";"2026-05-11 00:00:00";1220;"10699";"GUILHERME ALVARENGA LAIA";"93940,00";"Pesquisa quantitativa, que consiste na realização de entrevistas, com a aplicação de questionário estruturado junto a uma amostra representativa do eleitorado desta Unidade da Federação.";"ESTUDO REPRESENTATIVO DO ELEITORADO DO ESTADO DO TOCANTINS - MÉTODO PPT (Probabilidade Proporcional ao Tamanho) - PLANO AMOSTRAL E PONDERAÇÃO QUANTO A SEXO, IDADE, GRAU DE INSTRUÇÃO E NÍVEL ECONÔMICO DO ENTREVISTADO; INTERVALO DE CONFIANÇA E MARGEM DE ERRO: Representativo do eleitorado da área em estudo, elaborada, em vários estágios, da seguinte forma: - 1. Divisão da UF em estratos proporcionais de municípios. 2. Ordenação dos municípios de cada estrato segundo o porte. 3. Sorteio dos municípios de cada estrato. 4. Os respondentes são selecionados através de quotas amostrais proporcionais em função de variáveis significativas, a saber: GÊNERO / FAIXA ETÁRIA - FEMININO E MASCULINO 16 A 34 ANOS 18,5% E 17,5%, 35 A 54 ANOS 19,5% E 18,5%, 55 ANOS OU MAIS 13% E 13%. GRAU DE INSTRUÇÃO ¿ FEMININO E MASCULINO Sem instrução até Ensino Médio completo 62,9%, Ensino superior incompleto e completo 37,1% NÍVEL ECONÔMICO - FEMININO população não economicamente ativa 46,5% população economicamente ativa 53,5% MASCULINO população não economicamente ativa 27,2% população economicamente ativa 72,8%. RENDA FAMILIAR DO DOMICÍLIO renda familiar de até 2 salários-mínimos 30,7%; de 2 a 5 salários-mínimos 44,2%, acima de 5 salários-mínimos 25,1%. Está prevista eventual ponderação para correção das variáveis, com base nos percentuais anteriormente mencionados, caso ocorram diferenças superiores a margem de erro da pesquisa previsto entre a amostra e a coleta de dados realizada. O fator previsto para ponderação é 1 (resultados obtidos na coleta de dados). O intervalo de confiança estimado é de 95% e a margem de erro máxima estimada considerando um modelo de amostragem aleatório simples, é de aproximadamente 3 pontos percentuais para mais ou para menos sobre os resultados encontrados no total da amostra. FONTE DOS DADOS: IBGE/Censo 2022 para fins de densidade demográfica, setores censitários e alocação da amostra. IBGE/PNAD/PNADC/MEC/INEP para fins de Nível Econômico e Escolaridade. TSE FEVEREIRO/2026 para fins de Sexo, Faixa Etária e eleitorado por município ou regiões previamente definidas (importante ressaltar para o público leigo que os dados do TSE são os únicos corretos para gênero, idade dos eleitores e quantitativo de eleitores por municípios já que a base de dados se atualiza automaticamente, PORÉM, dados de escolaridade e nível econômico NÃO são corretos e confiáveis devido a desatualização que ocorre naturalmente com o passar dos anos). Definição de margem de erro e intervalo de confiança: Margem de erro e intervalo de confiança não são grandezas diretamente proporcionais. A SOMA NÃO TEM QUE RESULTAR 100%. ";"Após os trabalhos de coleta de dados, os questionários são submetidos a uma fiscalização, conferência e checagem de cerca de 20% (vinte por cento) dos questionários aplicados.";"A relação dos municípios sorteados ou selecionados para esta pesquisa será apresentada em arquivo anexo até 1 (um) dia após a divulgação desta pesquisa conforme §7º. do art. 2º. da Resolução-TSE nº. 23.600/2019. A área de abrangência desta pesquisa é o Estado DO TOCANTINS"
"07/08/2026";"05:47:04";2026;81;"Eleições Gerais 2026";"TO";"TO";"TOCANTINS";"TO065952026";"2026-02-06 13:26:03";"N";"56824073000152";"EXATA.GO PESQUISA LTDA";"EXATA.GO";"Governador, Senador, Deputado Federal, Deputado Estadual, Deputado Distrital";"2026-02-06 00:00:00";"2026-02-11 00:00:00";"2026-02-12 00:00:00";22820;"10809";"ESTENIO DA COSTA SANTOS";"10000,00";"A pesquisa será do tipo quantitativo, por amostragem aleatória, com aplicação de questionário estruturado e abordagem de moradores eleitores em 54 municípios do estado do Tocantins, em pontos estratégicos de fluxo de pessoal dos municípios e por visitas às residências dos municípios. O conjunto da população do Tocantins, com 16 anos ou mais e que são votantes no referido estado foi tomado como universo da pesquisa.";"O universo da pesquisa se concentra na população do município de 54 municípios do estado do Tocantins (listados em anexo) com 16 anos ou mais votantes no estado. Tamanho da amostra: A amostra prevista é de 22.820 entrevistas. Técnica de amostragem: A amostra é representativa do universo pesquisado e selecionada em duas etapas. Na primeira etapa são sorteados os municípios que farão parte da amostra. Numa segunda etapa são sorteados os pontos de abordagem onde serão aplicadas as entrevistas. Por fim, os entrevistados são selecionados aleatoriamente para responder ao questionário, de acordo com cotas de sexo e faixa etária. Os dados relativos a sexo e faixa etária são: Sexo masculino: 49%; Sexo feminino: 51%, Idade: 16 a 24 anos: 16,9%; 25 a 34 anos: 21,0%; 35 a 44 anos: 20,7%; 45 a 59 anos: 23,6% e 60 anos ou mais: 17,8%. Para grau de instrução, os dados utilizados como referência são: Analfabetos: 5%; Lê e escreve + Ensino fundamental incompleto: 27,7%; Ensino fundamental completo + Ensino médio incompleto: 23,8%; Ensino médio completo + Ensino superior incompleto: 32,8%, Ensino superior completo ou mais: 10,7%. Os dados utilizados para definição e seleção da amostra são baseados nos dados fornecidos pelo TSE (setembro/2025), IBGE (PNAD Contínua, Censo 2010 e Censo 2022) e dados primários de outros levantamentos do instituto. Ponderação dos resultados: Está prevista eventual ponderação para correção nos tamanhos dos estratos, considerando as variáveis sexo, faixa etária e escolaridade, de acordo com os percentuais detalhados anteriormente, casos as diferenças sejam maiores que 3 pontos percentuais. Para o nível econômico do entrevistado (renda individual mensal aproximada declarada) os dados de referência são: até 2 S. M. (salários mínimos) = 85%; mais de 2 S. M. = 12%, não souberam ou recusaram a resposta = 3%. Para essa variável, o fator previsto para ponderação é 1 (resultados obtidos em campo). Área física: A relação completa dos municípios incluídos no levantamento será encaminhada a esse tribunal posteriormente, a partir do dia em que a pesquisa puder ser divulgada e até o dia seguinte, conforme a Resoluções 23.600/2019, no art.2º §7º e 23.727/2024 do TSE. Margem de Erro: A margem de erro máxima prevista é de 1,1 pontos percentuais para mais ou para menos, considerando um nível de confiança de 95% e baseada em uma amostra aleatória.";"Os entrevistadores envolvidos na realização desta pesquisa são treinados pelo Instituto e recebem instruções específicas para cada projeto realizado. A coleta será feita com a utilização de questionário impresso, que serão computados posteriormente à pesquisa de campo. Os pesquisadores são supervisionados por um coordenador que estará em campo juntamente com a equipe garantindo a lisura da pesquisa. Internamente, todo o material é verificado e codificado. Antes do processamento final e emissão dos resultados, realiza-se processo de consistência dos dados. Os dados coletados e tratados nesta pesquisa atendem às exigências da LGPD, Lei Geral de Proteção de Dados, garantindo ao respondente o sigilo de sua identidade e o correto tratamento de suas respostas.";"A relação definitiva dos municípios incluídos no levantamento será encaminhada posteriormente, a partir do dia em que a pesquisa puder ser divulgada e até o dia seguinte, conforme a Resoluções 23.600/2019 e 23.727/2024 do TSE."
"07/08/2026";"05:47:04";2026;81;"Eleições Gerais 2026";"TO";"TO";"TOCANTINS";"TO044632026";"2026-06-04 21:03:58";"S";"81908345000140";"INSTITUTO PARANA DE PESQUISAS E ANALISE DE CONSUMIDOR LTDA";"#NULO#";"Governador, Senador";"2026-06-07 00:00:00";"2026-06-09 00:00:00";"2026-06-10 00:00:00";1300;"10245 - 4ª Região";"Tatiani Cristina Ara";"40000,00";"Pesquisa com metodologia quantitativa, com a realização de entrevistas pessoais, domiciliares e presenciais, utilizando questionário estruturado junto a uma amostra representativa do eleitorado do Estado do Tocantins.


";"""A amostra será representativa do eleitorado da área pesquisada e será selecionada em três etapas. Na primeira etapa realiza-se um sorteio probabilístico dos municípios onde as entrevistas serão realizadas através do método PPT (Probabilidade Proporcional ao Tamanho), considerando a população eleitora com 16 anos ou mais residente nos municípios como base para essa seleção. Na segunda etapa, faz-se um sorteio probabilístico das localidades, onde as entrevistas serão realizadas, através do método PPT (Probabilidade Proporcional ao Tamanho), tomando a população eleitora de 16 anos ou mais residente nas localidades como base para essa seleção. Na terceira etapa, a seleção do entrevistado dentro da localidade, será feita utilizando-se quotas amostrais proporcionais, em função das seguintes variáveis:
GÊNERO: TSE Maio 2026 (https://sig.tse.jus.br/ords/dwapr/r/seai/sig-eleitor-eleitorado-mensal/cruzamento-eleitorado-mensal?p24_metricas=E&p24_back=22&p24_cruzamento_1=ds_sexo&clear=24&p0_uf=TO&p0_mes=5&debug=LEVEL5&session=312990078978641)
Masculino - 49%; |
Feminino - 51%; |
FAIXA ETÁRIA: TSE Maio2026 (https://sig.tse.jus.br/ords/dwapr/r/seai/sig-eleitor-eleitorado-mensal/cruzamento-eleitorado-mensal?p24_cruzamento_1=ds_faixa_etaria&p24_metricas=E&p24_back=22&clear=24&p0_uf=TO&p0_mes=5&debug=LEVEL5&session=8904950028837)
Entre 16 e 24 anos: 17%; |
Entre 25 e 34 anos: 20%; |
Entre 35 e 44 anos: 20%; |
Entre 45 e 59 anos: 24%; |
Com 60 anos ou mais: 19%; |
ESCOLARIDADE: TSE Maio 2026 (https://sig.tse.jus.br/ords/dwapr/r/seai/sig-eleitor-eleitorado-mensal/cruzamento-eleitorado-mensal?p24_cruzamento_1=ds_grau_instrucao&p24_metricas=E&p24_back=22&clear=24&p0_uf=TO&p0_mes=5&debug=LEVEL5&session=309383598034615)
De analfabeto até ensino fundamental completo: 36%; |
Ensino médio incompleto ou completo: 47% |
Ensino superior incompleto ou completo: 17% |
RENDA DOMICILIAR MENSAL:  (https://cidades.ibge.gov.br/brasil/to/pesquisa/23/24304) IBGE - Censo 2010. Observação: Conforme informações obtidas do Instituto Brasileiro de Geografia e Estatística, o IBGE, não divulgou - e não tem previsão - de data para divulgação do perfil econômico (nível econômico) da população brasileira; portanto, os dados quanto ao nível econômico obtidos no Censo 2022, não podem ser utilizados, pois não foram publicados. (https://censo2022.ibge.gov.br/panorama/)
Sem rendimentos até 2 salários mínimos: 58% |
Mais de 2 a 5 salários mínimos: 27% |
Mais de 5 salários mínimos: 15% |
Está prevista eventual ponderação para correção das variáveis gênero e faixa etária, com base nos percentuais acima apresentados, caso ocorram diferenças superiores a 3,0 (três) pontos percentuais entre o previsto na amostra e a coleta realizada; para as variáveis escolaridade e renda domiciliar mensal, o fator de ponderação é igual a 1 (resultados obtidos no campo). O nível de confiança estimado é de 95% (noventa e cinco por cento) para uma margem de erro estimada, considerando uma técnica de amostragem aleatória simples, de aproximadamente 2,8 (dois vírgula oito) pontos percentuais para mais ou para menos sobre os resultados obtidos.""





";"""As entrevistas serão conduzidas por uma equipe de entrevistadores e supervisores devidamente qualificados pelo Instituto Paraná Pesquisas, todos com experiência e treinamento específico em pesquisas de opinião pública. 
Controle: O controle do processo será realizado por meio de um software de coleta de dados, o qual permitirá o monitoramento garantindo o cumprimento das cotas amostrais.
Conferência e Fiscalização: Durante a coleta de dados os questionários aplicados são fiscalizados e conferidos através de um supervisor.   
Adicionalmente, pelo menos 30% dos questionários passarão por uma verificação posterior, que avaliará a precisão na aplicação e a adequação dos entrevistados às variáveis das quotas amostrais. Ou seja, no mínimo 390 entrevistas desta pesquisa serão auditadas pela equipe de qualidade do Instituto Paraná Pesquisas, podendo essa auditoria ser solicitada ao Instituto a qualquer momento.
Verificação: Após a coleta, os questionários passam por uma etapa de verificação e validação dos dados, para garantir a integridade e precisão dos dados coletados.""





";" ""A pesquisa será realizada no Estado do Tocantins, a relação dos dados relativos aos municípios e às localidades será apresentado até o dia seguinte à data a partir da qual a pesquisa puder ser divulgada, conforme §7º do art. 2º da Resolução-TSE nº. 23.600/2019""





"
"07/08/2026";"05:47:04";2026;81;"Eleições Gerais 2026";"TO";"TO";"TOCANTINS";"TO028482026";"2026-07-28 19:51:18";"N";"49875610000128";"BRASMARKET ANALISE E INVESTIGACAO DE MERCADO LTDA";"BRASMARKET";"Governador, Senador";"2026-07-29 00:00:00";"2026-07-31 00:00:00";"2026-08-03 00:00:00";1200;"8151";"Juliane Silveira Freire da Silva";"30000,00";"A pesquisa é quantitativa de opinião pública, realizada por meio de entrevistas telefônicas, com aplicação de questionário estruturado e padronizado, utilizando sistema de entrevistas assistidas por computador (CATI). A coleta é monitorada para controle de cotas e filtragem de inconsistências.";"Universo: eleitores com 16 anos ou mais, aptos a votar no Estado do Tocantins, conforme dados do Tribunal Superior Eleitoral (TSE), com base no eleitorado mais recente disponível.
Tamanho da amostra: 1200 entrevistas. 
Técnica de amostragem: A amostra é estruturada de forma a representar o eleitorado do Tocantins. A seleção do entrevistado dentro da localidade será feita utilizando-se quotas amostrais proporcionais às características sociodemográficas do universo, em função das seguintes variáveis:
¿ Sexo: masculino (49,1%) e feminino (50,9%), conforme dados do TSE (maio 2026);
¿ Faixa etária: 16 a 24 anos (16,2%); 25 a 34 anos (20,4%); 35 a 44 anos (20,2%); 45 a 59 anos (24,3%); 60 anos ou mais (18,9%), conforme dados do TSE (maio 2026);
¿ Grau de instrução: analfabeto/lê e escreve (12,1%); Fundamental (incompleto/completo) (23,5%); Ensino Médio (incompleto/completo)  (47,2%); Superior (incompleto/completo) (17,2%), conforme dados do TSE (maio 2026);
¿ Nível econômico (renda domiciliar per capita): sem rendimento/até 1 salário-mínimo (72,5%); acima de 1 a 2 salários-mínimos (15,6%); acima de 2 a 5 salários-mínimos (8,7%) acima de 5 salários-mínimos (3,2%), (IBGE 2010 tabela 3261). Observação: Para a variável nível econômico, foram utilizados como referência os dados do Censo Demográfico 2010 do Instituto Brasileiro de Geografia e Estatística (IBGE), considerando a indisponibilidade de dados mais recentes com a mesma estrutura de classificação. 
Não está prevista a aplicação de ponderação para essa variável, sendo adotado fator igual a 1 (resultados obtidos em campo).
Está prevista a aplicação de ponderação para correção de eventuais desvios entre a distribuição observada na amostra e os parâmetros populacionais, para as variáveis sexo, idade e grau de instrução, sempre que necessário. Para a variável nível econômico, não está prevista ponderação.
ÁREA FÍSICA DE REALIZAÇÃO DO TRABALHO
A área física de realização da pesquisa corresponde ao Estado do Tocantins, sendo as entrevistas realizadas por meio telefônico junto a eleitores residentes no estado.
A distribuição geográfica da amostra é realizada de forma a refletir a composição do eleitorado do Estado do Tocantins, considerando a proporcionalidade entre regiões e/ou conjuntos de municípios, com base em dados oficiais do TSE e do IBGE.

INTERVALO DE CONFIANÇA E MARGEM DE ERRO
A margem de erro máxima estimada é de 2,84 pontos percentuais, para mais ou para menos, considerando um nível de confiança de 95%.
Essa estimativa é calculada com base em um modelo de amostragem aleatório simples, sendo adotada como referência para interpretação dos resultados da pesquisa, não sendo aplicável a subgrupos da amostra.
Os intervalos de confiança são estimados considerando nível de confiança de 95%.
";"Sistema interno de controle e verificação, conferência e fiscalização da coleta de dados e do trabalho de campo: Para a realização da pesquisa utiliza-se uma equipe de entrevistadores/atendentes e coordenadores devidamente treinados para o trabalho da BRASMARKET. As entrevistas são telefônicas, feitas por meio de questionário estruturado, aplicando-se apenas um questionário por entrevistado, respeitando as cotas pré-determinadas. Durante a realização dos trabalhos, os entrevistadores são submetidos a uma fiscalização permanente por parte dos coordenadores e são realizadas checagem de 20% da amostra para atestar a realização das entrevistas e a fidedignidade dos dados apurados, garantindo-se dessa forma, o grau de precisão dos estimadores, em função dos parâmetros previamente estabelecidos.";"#NULO#"
"07/08/2026";"05:47:04";2026;81;"Eleições Gerais 2026";"TO";"TO";"TOCANTINS";"TO004372026";"2026-07-20 22:10:01";"S";"40453099000100";"LUCRO ATIVO LTDA";"LUCRO ATIVO";"Governador, Senador, Deputado Federal, Deputado Estadual";"2026-07-21 00:00:00";"2026-07-25 00:00:00";"2026-07-26 00:00:00";1500;"8954";"Galttieri Ferreira Tavares";"20000,00";"Pesquisa com metodologia quantitativa, com a realização de entrevistas pessoais utilizando questionário estruturado junto a uma amostra representativa do eleitorado do Estado do Tocantins.";"A amostra será representativa dos eleitores das áreas pesquisadas e será selecionada em duas etapas. Na primeira etapa realiza-se um sorteio probabilístico das localidades onde as entrevistas serão realizadas através do método PPT (Probabilidade Proporcional ao Tamanho), considerando a população com 16 anos ou mais residente nas localidades como base para essa seleção. Na segunda etapa, a seleção do entrevistado dentro da localidade será feita utilizando-se quotas amostrais proporcionais, em função das seguintes variáveis: Gênero: Masculino (49.09%); Feminino (50.91%); ; Faixa etária: De 16 a 20 anos: (8.38%); Entre 21 e 24 anos: (8.08%); Entre 25 e 34 anos: (20.36%); Entre 35 e 44 anos: (20.10%); 45 a 59 anos: (24.28%); Com 60 anos ou mais: (18.80%); ; ESCOLARIDADE: De analfabeto até ensino fundamental completo (Contêm eleitores que apenas Lê e escrevem, Analfabetos e que cursaram Ensino Fundamental Incompleto e Completo): 35,59%; Ensino médio incompleto ou completo: 47,21%; Ensino superior incompleto ou completo: 17,20% ; RENDA DOMICILIAR MENSAL: Sem rendimento: (0,95%); Até 1 Salário Minimo: (42,30%); Mais de 1 a 2 salários mínimos: (28,44%); Mais de 2 a 5 salários mínimos: (22,13%); Mais de 5 a 10 salários mínimos: (4,02%); Mais de 10 salários mínimos: (2,15%). . Está prevista eventual ponderação para correção das variáveis gênero e faixa etária, com base nos percentuais acima apresentados, caso ocorram diferenças superiores a 4,5 (quatro vírgula cinco) pontos percentuais entre o previsto na amostra e a coleta realizada, para as variáveis escolaridade e renda domiciliar mensal, o fator de ponderação é igual a 1 (resultados obtidos no campo). O nível de confiança estimado é de 95% (noventa e cinco por cento) para uma margem de erro estimada, considerando uma técnica de amostragem aleatória simples, de aproximadamente 3 pontos percentuais para mais ou para menos sobre os resultados obtidos. Fonte de Dados: TSE - maio/2026 e dados do IBGE 2022.";"As entrevistas serão realizadas por uma equipe de entrevistadores e supervisores devidamente qualificada pelo Instituto, com experiência e treinamento em pesquisas de opinião pública. No decorrer do trabalho de coleta de dados, os questionários aplicados, serão auditados em no mínimo 20% (vinte por cento) para verificação quanto ao cuidado na sua aplicação, bem como a adequação do entrevistado às variáveis das quotas amostrais.";"Dados relativos aos municípios e bairros abrangidos pela pesquisa. Na ausência de delimitação do bairro, será identificada a área em que foi realizada a pesquisa (conforme §7º do art. 2º da Resolução-TSE nº 23.600/2019). A partir do dia em que a pesquisa puder ser divulgada e até o dia seguinte, o registro deverá ser complementado, sob pena de ser a pesquisa considerada não registrada; na ausência de delimitação do bairro, será identificada a área em que foi realizada."
"07/08/2026";"05:47:04";2026;81;"Eleições Gerais 2026";"TO";"TO";"TOCANTINS";"TO009482026";"2026-05-13 08:30:02";"S";"00654576000172";"INSTITUTO VERITA LTDA";"VERITA";"Governador";"2026-05-13 00:00:00";"2026-05-17 00:00:00";"2026-05-19 00:00:00";1220;"10699";"GUILHERME ALVARENGA LAIA";"93940,00";"Pesquisa quantitativa, que consiste na realização de entrevistas, com a aplicação de questionário estruturado junto a uma amostra representativa do eleitorado desta Unidade da Federação.";"ESTUDO REPRESENTATIVO DO ELEITORADO DO ESTADO DO TOCANTINS - MÉTODO PPT (Probabilidade Proporcional ao Tamanho) - PLANO AMOSTRAL E PONDERAÇÃO QUANTO A SEXO, IDADE, GRAU DE INSTRUÇÃO E NÍVEL ECONÔMICO DO ENTREVISTADO; INTERVALO DE CONFIANÇA E MARGEM DE ERRO: Representativo do eleitorado da área em estudo, elaborada, em vários estágios, da seguinte forma: - 1. Divisão da UF em estratos proporcionais de municípios. 2. Ordenação dos municípios de cada estrato segundo o porte. 3. Sorteio dos municípios de cada estrato. 4. Os respondentes são selecionados através de quotas amostrais proporcionais em função de variáveis significativas, a saber: GÊNERO / FAIXA ETÁRIA - FEMININO E MASCULINO 16 A 34 ANOS 18,5% E 17,5%, 35 A 54 ANOS 19,5% E 18,5%, 55 ANOS OU MAIS 13% E 13%. GRAU DE INSTRUÇÃO ¿ FEMININO E MASCULINO Sem instrução até Ensino Médio completo 62,9%, Ensino superior incompleto e completo 37,1% NÍVEL ECONÔMICO - FEMININO população não economicamente ativa 46,5% população economicamente ativa 53,5% MASCULINO população não economicamente ativa 27,2% população economicamente ativa 72,8%. RENDA FAMILIAR DO DOMICÍLIO renda familiar de até 2 salários-mínimos 30,7%; de 2 a 5 salários-mínimos 44,2%, acima de 5 salários-mínimos 25,1%. Está prevista eventual ponderação para correção das variáveis, com base nos percentuais anteriormente mencionados, caso ocorram diferenças superiores a margem de erro da pesquisa previsto entre a amostra e a coleta de dados realizada. O fator previsto para ponderação é 1 (resultados obtidos na coleta de dados). O intervalo de confiança estimado é de 95% e a margem de erro máxima estimada considerando um modelo de amostragem aleatório simples, é de aproximadamente 3 pontos percentuais para mais ou para menos sobre os resultados encontrados no total da amostra. FONTE DOS DADOS: IBGE/Censo 2022 para fins de densidade demográfica, setores censitários e alocação da amostra. IBGE/PNAD/PNADC/MEC/INEP para fins de Nível Econômico e Escolaridade. TSE FEVEREIRO/2026 para fins de Sexo, Faixa Etária e eleitorado por município ou regiões previamente definidas (importante ressaltar para o público leigo que os dados do TSE são os únicos corretos para gênero, idade dos eleitores e quantitativo de eleitores por municípios já que a base de dados se atualiza automaticamente, PORÉM, dados de escolaridade e nível econômico NÃO são corretos e confiáveis devido a desatualização que ocorre naturalmente com o passar dos anos). Definição de margem de erro e intervalo de confiança: Margem de erro e intervalo de confiança não são grandezas diretamente proporcionais. A SOMA NÃO TEM QUE RESULTAR 100%. ";"Após os trabalhos de coleta de dados, os questionários são submetidos a uma fiscalização, conferência e checagem de cerca de 20% (vinte por cento) dos questionários aplicados.";"A relação dos municípios sorteados ou selecionados para esta pesquisa será apresentada em arquivo anexo até 1 (um) dia após a divulgação desta pesquisa conforme §7º. do art. 2º. da Resolução-TSE nº. 23.600/2019. A área de abrangência desta pesquisa é o Estado DO TOCANTINS"
"07/08/2026";"05:47:04";2026;81;"Eleições Gerais 2026";"TO";"TO";"TOCANTINS";"TO059612026";"2026-07-26 22:48:51";"N";"44826961000125";"SMS - DIRECT PESQUISAS E MARKETING LTDA";"DIRECT PESQUISAS";"Governador, Senador, Deputado Federal, Deputado Estadual";"2026-07-26 00:00:00";"2026-07-30 00:00:00";"2026-08-01 00:00:00";2000;"10526";"Jose Dos Reis Cunha Filho";"20000,00";"Pesquisa quantitativa com abordagem porta a porta, com eleitores que votam e/ou residem no estado de Tocantins, consistindo na realização de entrevistas pessoais e individuais, com a aplicação de questionário estruturado junto a uma amostra representativa do eleitorado em estudo. Devido a ordem probabilística da amostra, nesta pesquisa será considerada apenas os eleitores residentes dentro do município ou que no dia da entrevista estejam nele. Todas as entrevistas são espontâneas e os dados são sigilosos, guardados no banco de dados do instituto para tabulação e apresentação gráfica e analítica.";"Trata-se de uma amostra probabilística estratificada, com abordagem aleatória simples através de cotas de sexo, idade e escolaridade, ponderadas de acordo com a estatística do Eleitorado do TSE, 2026 (https://sig.tse.jus.br) e renda ponderada de acordo com registro do último senso estratificado do IBGE (https://cidades.ibge.gov.br) de acordo com a Resolução do TSE 23.600/2019, complementada pela Resolução 23.676/2021, com entrevistas domiciliares aos eleitores de 16 anos ou mais que exerça seu voto no estado de Tocantins. Totalizando uma população eleitoral de 1.182.767 e amostra de 2.000, a um nível de confiança = 95%; Nível de significância = 5%; Margem de erro = 2,19%, com P = 0,5.
SEXO: Masculino (49,08%), Feminino (50,92%); FAIXA ETÁRIA: até 24 anos (16,12%), de 25 a 34 anos (20,43%), de 35 a 44 anos (20,14%), de 45 a 59 anos (24,40%), 60 anos ou mais (18,92%); ESCOLARIDADE: Analfabeto (4,83%), Lê e escreve (7,21%), 1º Grau inc/comp (23,52%), 2º Grau inc/comp (47,24%), 3º Grau inc/comp (17,20%); RENDA: Até 1 salário (25,75%), entre 1 e 2 salários (26,27%), entre 2 e 5 salários (29,98%), entre 5 e 10 salários (11,26%), Mais de 10 salários (6,74%).
";"Os questionários são aplicados com uso de equipamentos eletrônicos, supervisão in loco e via GPS, passarão por conferência através de novo contato até 20% dos entrevistados, todas as regiões pesquisadas foram selecionadas proporcionalmente.";"Os bairros serão anexados de acordo com a resolução."
"07/08/2026";"05:47:04";2026;81;"Eleições Gerais 2026";"TO";"TO";"TOCANTINS";"TO010562026";"2026-07-29 17:44:28";"S";"14888537000144";"VOZ E PESQUISA TOCANTINS LTDA";"#NULO#";"Governador, Senador";"2026-07-30 00:00:00";"2026-08-03 00:00:00";"2026-08-04 00:00:00";1250;"6892";"Joao Soares de Araujo Neto";"19000,00";"I) METODOLOGIA. I.1) Objetivo - Avaliar a intenção de voto da população de eleitores dos 34 municípios das Regiões do Bico do Papagaio, Central, Norte, Sudeste, Sul e Vale do Araguaia, com relação aos cargos eletivos de Governador e Senador do Estado do TO nas eleições do ano de 2026, através de entrevistas diretas junto à população. Essas terão por objetivo identificar de forma estimulada a intenção de voto dos entrevistados. I.2) Procedimentos para a realização: Aplicação de entrevistas diretas junto à população dos 34 municípios das 06 Regiões aplicando-se questionários estruturados nos domicílios e áreas comerciais, nas zonas urbanas dos municípios. Para cada domicílio e/ou estabelecimento comercial, será realizada uma única entrevista. A seleção das entrevistas utilizará o critério de aleatoriedade no sorteio das unidades que irão compor o painel amostral tendo por objetivo minimizar a tendenciosidade e os possíveis viés, que são passíveis de ocorrerem neste tipo de pesquisa. O número de questionários, terá por base uma amostra significativa e representativa da população residente nestes municípios, que esteja apta a votar, tendo por base o número de eleitores informados pelo TSE no mês de maio de 2026. As variáveis associadas a sexo, faixa etária, grau de instrução, terão por parâmetro as informações contidas no site do TSE em maio/2026, referentes aos 34 municípios que compõem o painel amostral da Pesquisa. A variável renda, terá como parâmetro a renda domiciliar informada no Censo Demográfico de 2010, referente a cada um dos 34 municípios, que está disponibilizada na página da publicação IBGE Cidades. Utilizamos esse procedimento, pois não há informação divulgada ainda da renda domiciliar, referente ao Censo Demográfico de 2022. I.3) Abrangência Geográfica - A pesquisa será realizada na área urbana dos 34 municípios, divididos em 06 Regiões: I.3.1) Região Norte, composta pelos municípios de Araguaína, Colinas do Tocantins, Guaraí, Nova Olinda, Wanderlândia e Xambioá; I.3.2) Região Central, composta pelos municípios de Miracema do Tocantins, Miranorte, Palmas, Pedro Afonso e Porto Nacional I.3.3) Região Sudeste, composta pelos municípios de Dianópolis, Taguatinga, Paranã, Arraias e Natividade I.3.4) Região Sul, composta pelos municípios de Gurupi, Formoso do Araguaia, Alvorada do Tocantins, Peixe, Araguaçu e Palmeirópolis I.3.5) Região do Vale do Araguaia, composta pelos municípios de Paraíso do TO, Lagoa da Confusão, Pium e Divinópolis I.3.6) Bico do Papagaio, composta pelos municípios de Araguatins, Augustinópolis, Tocantinópolis, Axixá do TO, Ananás, Esperantina, São Miguel do TO e Sítio Novo do TO O número de entrevistas em cada Região, levará em consideração a proporção do tamanho da população residente e apta a votar em cada um dos grupos de municípios localizados nessa região, tendo por base as informações do número de eleitores informados no site do TSE, mês de maio de 2026. As entrevistas serão realizadas majoritariamente nos domicílios (90%), e o restante nos estabelecimentos comerciais e áreas de circulação públicas. I.4) Cadastros utilizados para seleção dos componentes do painel amostral e respectivas variáveis associadas a Pesquisa, que permitirão a caracterização do perfil do eleitorado ¿Foram utilizados como base de referência para o dimensionamento da amostra, as informações do cadastro de eleitores do TSE/TO, maio/2026, para identificação das seguintes variáveis: Número de eleitores, por sexo, faixa etária, grau de instrução. O total de eleitores informado pelo TSE no mês de maio de 2026, corresponde a 1.183.446 eleitores. O número de eleitores dos 34 municípios relacionados ao total de eleitores do Estado informado pelo TSE, tendo o mês de maio de 2026 como referência, corresponde ao percentual de 67%. I.4.1) Número Total de eleitores no Estado do Tocantins -TSE maio 2026:1.183.446; Número total de eleitores dos 34 municípios -TSE maio 2026:796.633.";"PLANO AMOSTRAL II.1) Descrição - Foi elaborado utilizando-se o critério de AAS (Amostragem Aleatória Simples), considerando para as variáveis p (sucesso) e q (não sucesso) para a aprovação ou rejeição na escolha do candidato pela população dos municípios tocantinenses. Esse procedimento, tem por objetivo o dimensionamento de uma amostra confiável e com elevado nível de significância, para a descrição do fenômeno objeto de avaliação. Minimizando a probabilidade de ocorrência de erros e a consequente obtenção de uma amostra significativa em relação a população componente do universo pesquisado. Apresentando resultados confiáveis e representativos do fenômeno objeto da Pesquisa. A distribuição dos questionários nas cidades a serem pesquisadas componentes das 06 Regiões considerou a proporcionalidade de moradores aptos a votar, associados às cotas (variáveis) informadas no cadastro do TSE/TO, tendo por referência o mês de maio do corrente ano com relação ao universo de eleitores dos municípios de cada Região. A pesquisa foi dimensionada para uma amostra com Margem de Confiança de 95% e Erro Amostral de 2,8 pontos percentuais para mais ou para menos, totalizando 1250 questionários, tendo por base o tamanho da População total de eleitores do Estado do Tocantins, informada no site do TSE, referente a maio de 2026, correspondendo a 1.183.446 eleitores. II.2) Distribuição dos questionários por Regiões/municípios e por cotas (sexo, faixa etária, grau de instrução e renda familiar) - Os questionários foram distribuídos pelas Regiões da seguinte forma: ATENÇÃO -ATENÇÃO - IMPORTANTE: Por falta de espaço neste campo, o restante do Plano amostral e ponderação quanto a sexo, idade, grau de instrução e nível econômico dos entrevistados, foi juntado em arquivos PDF no mesmo arquivo que contem o questionário, os discos, bem como a Declaração de Responsabilidade e de Vínculo do Profissional de Estatística com o Instituto Voz e Pesquisa Tocantins (VOPE), com o Termo de Compromisso do referido profissional, tendo sido os documentos (questionário, discos, restante do Plano Amostral e Declaração de Vínculo do Estatístico e Termo de Compromisso, juntados em um PDF só, atendendo desta forma, com a Declaração do Estatistico a atualização efetuada pela Resolução TSE Nº 23.747/2026.";"III) SISTEMA INTERNO DE CONTROLE E VERIFICAÇÃO, CONFERÊNCIA E FISCALIZAÇÃO DA COLETA DE DADOS, DO TRABALHO DE CAMPO E PONDERAÇÕES PARA CORREÇÃO DE POSSÍVEIS DISTORÇÕES DAS VARIÁVEIS COMPONENTES DA AMOSTRA. Obedecerá aos seguintes critérios: III.1) Seleção aleatória de alguns setores pesquisados, havendo posterior fiscalização de supervisores de campo do instituto, para avaliação da qualidade das informações coletadas; III.2) Visita/confirmação a 15% dos domicílios do local selecionado, para confirmação da veracidade das informações coletadas; III.3) Acompanhamento de algumas entrevistas por parte de supervisor, para observar se o pesquisador está influenciando, ainda que de forma indireta na resposta do entrevistado, comprometendo assim, a qualidade da entrevista e consequentemente o resultado da Pesquisa; III.4) Na eventualidade de necessidade de utilização de fatores de ponderações para ajustes da amostra prevista com relação a amostra coletada: quando houver distorções significativas entre os quantitativos obtidos na coleta de alguma variável e o indicado na amostra, ocorrerá conforme especificação a seguir: III.4.1) Ponderação para sexo e idade ¿ Quando ocorrer diferença superior a 5 pontos percentuais entre o previsto e o coletado; III.4.2) Ponderação para grau de instrução e renda domiciliar - Ocorrendo a mesma situação na coleta dessas variáveis, será utilizado o fator de ponderação igual a um, equivalente ao levantamento obtido no trabalho de campo.";"Serão disponibilizados no prazo legal (até o dia seguinte à data a partir da qual a pesquisa puder ser divulgada, conforme §7º do art. 2º da Resolução-TSE nº. 23.600/2019, os anexos no campo especifico, contendo os municípios/localidades do Estado do Tocantins pesquisados nas 06 Regiões, com o detalhamento das amostras associadas às variáveis de cada uma das localidades, sendo sexo, idade, grau de instrução e renda familiar, especificadas em tabelas pelas regiões e municípios."
