"DT_GERACAO";"HH_GERACAO";"AA_ELEICAO";"CD_ELEICAO";"NM_ELEICAO";"SG_UF";"SG_UE";"NM_UE";"NR_PROTOCOLO_REGISTRO";"DT_REGISTRO";"ST_PESQUISA_PROPRIA";"NR_CNPJ_EMPRESA";"NM_EMPRESA";"NM_EMPRESA_FANTASIA";"DS_CARGO";"DT_INICIO_PESQUISA";"DT_FIM_PESQUISA";"DT_DIVULGACAO";"QT_ENTREVISTADO";"CD_CONRE";"NM_ESTATISTICO_RESP";"VR_PESQUISA";"DS_METODOLOGIA_PESQUISA";"DS_PLANO_AMOSTRAL";"DS_SISTEMA_CONTROLE";"DS_DADO_MUNICIPIO"
"21/07/2026";"05:46:28";2026;81;"Eleições Gerais 2026";"PE";"PE";"PERNAMBUCO";"PE021842026";"2026-03-23 23:22:51";"S";"00654576000172";"INSTITUTO VERITA LTDA";"VERITA";"Governador, Senador, Deputado Federal, Deputado Estadual";"2026-03-24 00:00:00";"2026-03-30 00:00:00";"2026-03-29 00:00:00";2010;"10699";"GUILHERME ALVARENGA LAIA";"154770,00";"Pesquisa quantitativa, que consiste na realização de entrevistas, com a aplicação de questionário estruturado junto a uma amostra representativa do eleitorado desta Unidade da Federação.";"ESTUDO REPRESENTATIVO DO ELEITORADO DO ESTADO DE PERNAMBUCO - MÉTODO PPT (Probabilidade Proporcional ao Tamanho) - PLANO AMOSTRAL E PONDERAÇÃO QUANTO A SEXO, IDADE, GRAU DE INSTRUÇÃO E NÍVEL ECONÔMICO DO ENTREVISTADO; INTERVALO DE CONFIANÇA E MARGEM DE ERRO: Representativo do eleitorado da área em estudo, elaborada, em vários estágios, da seguinte forma: - 1. Divisão da UF em estratos proporcionais de municípios. 2. Ordenação dos municípios de cada estrato segundo o porte. 3. Sorteio dos municípios de cada estrato. 4. Os respondentes são selecionados através de quotas amostrais proporcionais em função de variáveis significativas, a saber: GÊNERO / FAIXA ETÁRIA - FEMININO E MASCULINO 16 A 34 ANOS 17% E 15,8%, 35 A 54 ANOS 20,4% E 17,9%, 55 ANOS OU MAIS 16,3% E 12,6%. GRAU DE INSTRUÇÃO - FEMININO Sem instrução até Ensino Médio completo 68,2%, Ensino superior incompleto e completo % NÍVEL ECONÔMICO - FEMININO população não economicamente ativa 46,5% população economicamente ativa 53,5% MASCULINO população não economicamente ativa 27,2% população economicamente ativa 72,8%. RENDA FAMILIAR DO DOMICÍLIO renda familiar de até 2 salários-mínimos 30,7%; de 2 a 5 salários-mínimos 44,2%, acima de 5 salários-mínimos 25,1%. Está prevista eventual ponderação para correção das variáveis, com base nos percentuais anteriormente mencionados, caso ocorram diferenças superiores a margem de erro da pesquisa previsto entre a amostra e a coleta de dados realizada. O fator previsto para ponderação é 1 (resultados obtidos na coleta de dados). O intervalo de confiança estimado é de 95% e a margem de erro máxima estimada considerando um modelo de amostragem aleatório simples, é de aproximadamente 2,5 pontos percentuais para mais ou para menos sobre os resultados encontrados no total da amostra. FONTE DOS DADOS: IBGE/Censo 2022 para fins de densidade demográfica, setores censitários e alocação da amostra. IBGE/PNAD/PNADC/MEC/INEP para fins de Nível Econômico e Escolaridade. TSE FEVEREIRO/2026 para fins de Sexo, Faixa Etária e eleitorado por município ou regiões previamente definidas (importante ressaltar para o público leigo que os dados do TSE são os únicos corretos para gênero, idade dos eleitores e quantitativo de eleitores por municípios já que a base de dados se atualiza automaticamente, PORÉM, dados de escolaridade e nível econômico NÃO são corretos e confiáveis devido a desatualização que ocorre naturalmente com o passar dos anos). Definição de margem de erro e intervalo de confiança: Margem de erro e intervalo de confiança não são grandezas diretamente proporcionais. A SOMA NÃO TEM QUE RESULTAR 100%. ";"Após os trabalhos de coleta de dados, os questionários são submetidos a uma fiscalização, conferência e checagem de cerca de 20% (vinte por cento) dos questionários aplicados.";"A relação dos municípios sorteados ou selecionados para esta pesquisa será apresentada em arquivo anexo até 1 (um) dia após a divulgação desta pesquisa conforme §7º. do art. 2º. da Resolução-TSE nº. 23.600/2019. A área de abrangência desta pesquisa é o Estado DE PERNAMBUCO."
"21/07/2026";"05:46:28";2026;81;"Eleições Gerais 2026";"PE";"PE";"PERNAMBUCO";"PE078882026";"2026-05-22 16:12:19";"N";"07630546000175";"DATAFOLHA INSTITUTO DE PESQUISAS LTDA.";"#NULO#";"Governador, Senador";"2026-05-25 00:00:00";"2026-05-27 00:00:00";"2026-05-28 00:00:00";1022;"7249";"Renata Nunes Cesar";"115000,00";"Pesquisa do tipo quantitativo, por amostragem, com aplicação de questionário estruturado e abordagem pessoal em pontos de fluxo populacional. O eleitorado do estado de Pernambuco foi tomado como universo da pesquisa.";"Universo: Eleitorado do estado de Pernambuco
Tamanho da amostra: A amostra prevista é de 1022 entrevistas. 
Técnica de amostragem: A amostra é estratificada por natureza dos municípios (capital, região metropolitana ou interior), sendo que municípios com população acima de 200 mil habitantes são tratados como estratos. Em cada estrato, num primeiro estágio, são sorteados com probabilidade proporcional ao tamanho (PPT) os municípios que farão parte do levantamento. Num segundo estágio, são sorteados os bairros e pontos de abordagem onde serão aplicadas as entrevistas.  Por fim, os entrevistados são selecionados aleatoriamente para responder ao questionário, de acordo com cotas de gênero e faixa etária. 

Os dados utilizados para definição e seleção da amostra são baseados nos dados fornecidos pelo TSE (dados disponíveis em maio/2026) e IBGE (Censo 2022, PNADC 2024 e Estimativa populacional 2025), além de dados primários de outros levantamentos do instituto.  Os dados relativos a gênero e faixa etária são: Homens: 47%, mulheres: 53%, 16 a 24 anos 14%, 25 a 34 anos 20%, 35 a 44 anos 21%, 45 a 59 anos 25% e 60 anos ou mais 20%.

Para a variável grau de instrução os dados utilizados como referência são: até nível médio completo ou incompleto (inclui os sem escolaridade e analfabetos) =81% e nível superior (inclui superior incompleto) = 19%.

Ponderação dos resultados: Está prevista ponderação considerando os estratos da amostra (natureza do município e municípios com população acima de 200 mil pessoas), gênero e faixa etária. A variável escolaridade poderá ser ajustada de acordo com os percentuais detalhados anteriormente caso a diferença entre os valores descritos e observados sejam maiores que a margem de erro definida.  Para o nível econômico do entrevistado (renda familiar mensal declarada pelo respondente), a distribuição observada em levantamentos anteriores do instituto e utilizada como referência foi: Até 2 S.M. (salários mínimos)=69%, mais de 2 S.M.=28%, não souberam ou recusaram a resposta=3%.  O fator previsto para ponderação é 1 (resultados obtidos em campo).


Margem de Erro: A margem de erro máxima prevista é de 3 pontos percentuais para mais ou para menos, considerando um nível de confiança de 95% e baseada em uma amostra aleatória simples (AAS). Os intervalos de confiança serão calculados considerando os resultados obtidos para um nível de confiança de 95%.
";"Os entrevistadores envolvidos na realização desta pesquisa são treinados pelo Instituto e recebem instruções específicas para cada projeto realizado. A coleta será feita com a utilização de tablet e questionário eletrônico. São checados, no mínimo, 20% dos questionários de cada pesquisador, seja in loco por supervisores de campo ou, posteriormente, por telefone. Internamente, todo o material é verificado e codificado. Antes do processamento final e emissão dos resultados, realiza-se processo de consistência dos dados. Os dados coletados e tratados nesta pesquisa atendem às exigências da LGPD, Lei Geral de Proteção de Dados, garantindo ao respondente o sigilo de sua identidade e o correto tratamento de suas respostas.";":A área de abrangência da coleta dos dados é o estado de Pernambuco. A relação completa dos municípios e bairros pesquisados será anexada ao registro até o dia seguinte à data de publicação da pesquisa, conforme Resolução 23.600/2019 do TSE, no art.2º §7º. 

"
"21/07/2026";"05:46:28";2026;81;"Eleições Gerais 2026";"PE";"PE";"PERNAMBUCO";"PE076112026";"2026-05-18 21:28:38";"S";"22198794000182";"ANDRE CAVALCANTE FALABELLA LTDA";"INSTITUTO DE PESQUISA MULTIPLA";"Governador, Senador";"2026-05-16 00:00:00";"2026-05-20 00:00:00";"2026-05-24 00:00:00";1070;"6149-A";"Eduardo José Pereira da Costa ";"20000,00";"Pesquisa quantitativa, que consiste na realização de entrevistas pessoais, com aplicação de questionários estruturados junto a uma amostra representativa do eleitorado em estudo. Eleitorado do estado de Pernambuco";"Vai se utilizar o método de amostragem estratificada proporcional de conglomerados selecionados com probabilidade proporcional ao tamanho (PPT) em 03 estágios. No primeiro estágio separam-se as mesorregiões do estado usando-se o método PPT (probabilidade proporcional ao tamanho). No segundo estágio os conglomerados selecionados são os municípios com base no método PPT (probabilidade proporcional ao tamanho). A medida de tamanho adotada para a seleção dos conglomerados é a população residente nas mesorregiões e municípios, de acordo com dados censitários disponibilizados pelo Instituto Brasileiro de Geografia e Estatística (IBGE). No terceiro estágio são definidas as cotas de sexo, idade, escolaridade e renda domiciliar conforme informações estatísticas disponibilizadas pelo Tribunal Superior Eleitoral (TSE) e pelo Instituto Brasileiro de Geografia e Estatística (IBGE). Fontes (Censo 2022 e estimativa populacional 2025 para distribuição das entrevistas nas mesorregiões e municípios; TSE Abril de 2026 para distribuição das entrevistas por sexo, idade e escolaridade; Censo 2010 para distribuição das entrevistas por renda domiciliar). O controle das cotas de sexo, idade, escolaridade e renda domiciliar é feito pela equipe de supervisores e pesquisadores que compõe a pesquisa. Perfil da amostra: Masculino 46%; feminino 54%; 16 a 24 anos 14%; 25 a 34 anos 20%; 35 a 44 anos 20%; 45 a 59 anos 25%; 60 anos ou mais 21%; até ensino fundamental  completo 43% (inclui os analfabetos, lê e escreve, fundamental I incompleto, fundamental I completo, fundamental II incompleto e fundamental II completo ) 43%; médio (completo e incompleto) 44%; superior (completo e incompleto) 13%; Até 01 salário mínimo (inclui os sem rendimentos) 31%; De 01 a 02 salários mínimos 28%; De 02 a 05 salários mínimos 27% e mais de 05 salários mínimos 14%. São previstas eventuais ponderações para as variáveis sexo e idade, caso a diferença entre o previsto na amostra e a coleta dos dados seja superior a 3 pontos percentuais; Devido à ausência de dados atualizados para a variável escolaridade e ausência de dados consolidados no censo 2022 para a variável renda domiciliar o fator previsto para ponderação das duas variáveis é 1 (resultados obtidos em campo). A amostra é composta por 1070 entrevistas aplicadas na população que tenha título de eleitor, more e vote no estado de Pernambuco e distribuídas da seguinte forma: Região Metropolitana (41%), Zona da Mata (15%), Agreste (25%) e Sertão (19%). O intervalo de confiança estimado é de 95% para uma margem de erro para mais ou para menos de 3,0%";"Para realização da pesquisa, vai se utilizar uma equipe de entrevistadores e supervisores, contratados pelo Instituto. Todos devidamente treinados para execução do trabalho. Após a coleta das informações, 20% dos questionários aplicados serão submetidos à verificação de critérios, quanto a sua aplicação e adequação dos entrevistados às variáveis das cotas amostrais";"A área de abrangência da coleta de dados é o estado de Pernambuco, composto pelas seguintes Mesorregiões: Região Metropolitana, Zona da Mata, Agreste e Sertão. A relação completa dos municípios, bairros e localidades rurais pesquisadas será anexada ao registro até o dia seguinte à data de publicação da pesquisa, conforme Resolução 23.600/2019 do TSE, no art.2º §7º."
"21/07/2026";"05:46:28";2026;81;"Eleições Gerais 2026";"PE";"PE";"PERNAMBUCO";"PE053792026";"2026-06-01 21:54:21";"S";"00654576000172";"INSTITUTO VERITA LTDA";"VERITA";"Governador, Senador";"2026-06-02 00:00:00";"2026-06-06 00:00:00";"2026-06-07 00:00:00";2010;"10699";"GUILHERME ALVARENGA LAIA";"154770,00";"Pesquisa quantitativa, que consiste na realização de entrevistas, com a aplicação de questionário estruturado junto a uma amostra representativa do eleitorado desta Unidade da Federação.";"ESTUDO REPRESENTATIVO DO ELEITORADO DO ESTADO DE PERNAMBUCO - MÉTODO PPT (Probabilidade Proporcional ao Tamanho) - PLANO AMOSTRAL E PONDERAÇÃO QUANTO A SEXO, IDADE, GRAU DE INSTRUÇÃO E NÍVEL ECONÔMICO DO ENTREVISTADO; INTERVALO DE CONFIANÇA E MARGEM DE ERRO: Representativo do eleitorado da área em estudo, elaborada, em vários estágios, da seguinte forma: - 1. Divisão da UF em estratos proporcionais de municípios. 2. Ordenação dos municípios de cada estrato segundo o porte. 3. Sorteio dos municípios de cada estrato. 4. Os respondentes são selecionados através de quotas amostrais proporcionais em função de variáveis significativas, a saber: GÊNERO / FAIXA ETÁRIA - FEMININO E MASCULINO 16 A 34 ANOS 17% E 15,8%, 35 A 54 ANOS 20,4% E 17,9%, 55 ANOS OU MAIS 16,3% E 12,6%. GRAU DE INSTRUÇÃO ¿ FEMININO E MASCULINO Sem instrução até Ensino Médio completo 68,2%, Ensino superior incompleto e completo 31,8% NÍVEL ECONÔMICO - FEMININO população não economicamente ativa 46,5% população economicamente ativa 53,5% MASCULINO população não economicamente ativa 27,2% população economicamente ativa 72,8%. RENDA FAMILIAR DO DOMICÍLIO renda familiar de até 2 salários-mínimos 30,7%; de 2 a 5 salários-mínimos 44,2%, acima de 5 salários-mínimos 25,1%. Está prevista eventual ponderação para correção das variáveis, com base nos percentuais anteriormente mencionados, caso ocorram diferenças superiores a margem de erro da pesquisa previsto entre a amostra e a coleta de dados realizada. O fator previsto para ponderação é 1 (resultados obtidos na coleta de dados). O intervalo de confiança estimado é de 95% e a margem de erro máxima estimada considerando um modelo de amostragem aleatório simples, é de aproximadamente 2,5 pontos percentuais para mais ou para menos sobre os resultados encontrados no total da amostra. FONTE DOS DADOS: IBGE/Censo 2022 para fins de densidade demográfica, setores censitários e alocação da amostra. IBGE/PNAD/PNADC/MEC/INEP para fins de Nível Econômico e Escolaridade. TSE FEVEREIRO/2026 para fins de Sexo, Faixa Etária e eleitorado por município ou regiões previamente definidas (importante ressaltar para o público leigo que os dados do TSE são os únicos corretos para gênero, idade dos eleitores e quantitativo de eleitores por municípios já que a base de dados se atualiza automaticamente, PORÉM, dados de escolaridade e nível econômico NÃO são corretos e confiáveis devido a desatualização que ocorre naturalmente com o passar dos anos). Definição de margem de erro e intervalo de confiança: Margem de erro e intervalo de confiança não são grandezas diretamente proporcionais. A SOMA NÃO TEM QUE RESULTAR 100%. ";"Após os trabalhos de coleta de dados, os questionários são submetidos a uma fiscalização, conferência e checagem de cerca de 20% (vinte por cento) dos questionários aplicados.";"A relação dos municípios sorteados ou selecionados para esta pesquisa será apresentada em arquivo anexo até 1 (um) dia após a divulgação desta pesquisa conforme §7º. do art. 2º. da Resolução-TSE nº. 23.600/2019. A área de abrangência desta pesquisa é o Estado DE PERNAMBUCO"
"21/07/2026";"05:46:28";2026;81;"Eleições Gerais 2026";"PE";"PE";"PERNAMBUCO";"PE042632026";"2026-07-08 14:54:46";"S";"35535043000156";"ALMEIDA E CAVALCANTI LTDA";"INSTITUTO CONECTA DE PESQUISA";"Governador, Senador";"2026-07-08 00:00:00";"2026-07-12 00:00:00";"2026-07-14 00:00:00";2000;"10808";"JERFSON BRUNO DO NASCIMENTO HONORIO";"30000,00";"Apresentam-se os dados da pesquisa eleitoral de opinião pública a ser conduzida no estado de Pernambuco. Esta pesquisa quantitativa será realizada por meio de entrevistas pessoais e domiciliares, utilizando questionários estruturados e padronizados, aplicados a uma amostra representativa da população alvo. A coleta de dados será conduzida por meio de dispositivos eletrônicos, tais como smartphones e tablets.

Nota 1: Pode ocorrer que o total da linha não corresponda exatamente ao somatório das células individuais devido ao arredondamento computacional. No entanto, essas diferenças são compensadas em outras linhas, sem perda da representatividade da amostra. É normal que algumas células apresentem mais entrevistas do que o registrado, pois arredondamos números para refletir a realidade da pesquisa. Por exemplo, se a distribuição resultar em 1,5 entrevistas, arredondamos para 2 entrevistas, pois não é possível realizar uma fração de entrevista. Logo, o somatório pode apresentar uma soma superior ao registrado.

Nota 2: É importante destacar que o registro é exclusivamente para fins de divulgação, o que significa que uma pesquisa pode ser realizada antes ou depois da data de registro. Este requisito está claramente estabelecido no Artigo 10 da resolução. Art. 10. Na divulgação dos resultados de pesquisas, ATUAIS OU NÃO, serão obrigatoriamente informados: I - o período de realização da coleta de dados; II - a margem de erro; III - o nível de confiança; IV - o número de entrevistas; V - o nome da entidade ou da empresa que a realizou e, se for o caso, de quem a contratou; VI - o número de registro da pesquisa.

Nota 3: Ao registrar uma pesquisa, é comum cometer erros de digitação ou outros equívocos. O TSE permite a correção ou exclusão de registros no sistema PesqEle até 5 dias após a data de registro. Quando uma modificação é realizada, o sistema gera um novo número de registro e atualiza a data para a data da modificação, conforme o artigo 8 da resolução. Em relação à exclusão, o sistema permite a remoção total do registro. Após os 5 dias, o sistema impede quaisquer modificações ou exclusões. É importante observar que é possível excluir um registro e refazê-lo com as mesmas informações do registro excluído, como questionário, nota fiscal, entre outros. Art. 8o O registro da pesquisa poderá ser alterado desde que não expirado o prazo de 5 (cinco) dias para a divulgação do seu resultado. § 1o A alteração de que trata o caput implica a atribuição de novo número de identificação à pesquisa e o reinício da contagem do prazo previsto no caput do art. 2o desta Resolução, a partir do recebimento das alterações com a indicação, pelo sistema, da nova data a partir da qual será permitida a divulgação da pesquisa. § 3o ...a pesquisa ser cancelada pela própria usuária ou pelo próprio usuário, sem prejuízo da apresentação de um novo registro.

Nota 4: Pagante(S) Do Trabalho Em Branco: Quando o campo 'pagante' está em branco, isso ocorre porque o contratante é também o pagante da pesquisa. O sistema do TSE presume que qualquer pessoa com um mínimo de interesse verificará facilmente a origem dos recursos ao lado do nome do contratante, fora que a nota fiscal também está disponível para qualquer pessoa. A informação de pagante só é preenchida quando há duas partes envolvidas: um contratante e um pagante";"I) Público Pesquisado: Eleitores no estado de Pernambuco. Modalidade de aplicação: entrevistas presenciais.

II) Tipo de Amostra: A amostra é representativa do eleitorado estadual, selecionada em três estágios. No primeiro estágio, os municípios são sorteados de forma probabilística utilizando o método da probabilidade proporcional ao tamanho (PPT), com base na população residente de cada município. No segundo estágio, os setores censitários dentro dos municípios sorteados são selecionados aleatoriamente. No terceiro estágio, os entrevistados são escolhidos dentro dos setores selecionados, utilizando cotas proporcionais aos atributos de sexo, faixa etária, grau de instrução e renda, de acordo com o perfil do eleitorado em estudo. Fonte de Dados: Tribunal Superior Eleitoral (TSE, July/2026) e Instituto Brasileiro de Geografia e Estatística (IBGE, CENSO 2022).

III) Tamanho da Amostra: 2000 entrevistas.

IV) Ponderação: A ponderação é realizada considerando 53.6% para o sexo feminino e 46.4% para o sexo masculino. Em relação às faixas etárias, a distribuição é a seguinte: 13.6% de 16 a 24 anos, 19.6% de 25 a 34 anos, 19.9% de 35 a 44 anos, 25.4% de 45 a 59 anos e 21.5% com 60 anos ou mais. Para o grau de instrução, são utilizadas as seguintes categorias: 15.2% de Analfabeto/Lê e Escreve, 27% até o ensino fundamental, 44.7% até o ensino médio e 13.1% até a faculdade ou mais. Em relação à renda, são utilizadas as seguintes categorias: 34.2% até 1 salário mínimo, 29.4% de 1 a 2 salários mínimos e 36.4% acima de 2 salários mínimos. Está prevista uma ponderação para correção de variáveis de sexo e faixa etária, com base nos percentuais acima apresentados, de acordo com o previsto na amostra (TSE) e a coleta realizada. Para as variáveis de escolaridade e renda domiciliar mensal, o fator de ponderação será igual a 1, conforme os resultados obtidos em campo.

V) Área Física de Realização da Pesquisa: A amostra será coletada em toda a extensão geográfica do estado de Pernambuco.

VI) Intervalo de Confiança/Margem de Erro: O intervalo de confiança estimado é de 95% com uma margem de erro de 2.19% para mais ou para menos sobre os resultados encontrados no total da amostra. Este grau de confiança e margem de erro não devem ser considerados para resultados dentro de cada estrato, nem para os resultados gerados pelos cruzamentos de variáveis. Os percentuais que não totalizam 100% são devido a arredondamentos ou a múltiplas alternativas de resposta. O cálculo amostral é realizado pela proporção [estimador = p e (1-p) ou p e q).

VII) O modelo de questionário aplicado está disponível em anexo (com as alternativas aleatorizadas por software e por disco).

VIII) Na elaboração de todos os questionários emitidos pela empresa Conecta, é implementado um sistema de aleatorização para a ordem das respostas de cada uma das perguntas. Para isso, são disponibilizados discos para cada uma das questões que necessitam de aleatoriedade. Essa prática é essencial para evitar possíveis vieses que poderiam surgir caso as respostas fossem sempre apresentadas na mesma ordem. Ao aleatorizar as respostas, garantimos que todos os participantes tenham a mesma oportunidade de encontrar cada resposta em diferentes posições do questionário. Isso contribui significativamente para minimizar qualquer influência que a ordem das perguntas possa ter sobre as respostas.";"Para a realização da pesquisa utiliza-se uma equipe de entrevistadores e coordenadores de campo devidamente treinado para o trabalho pela empresa Conecta. Durante a realização dos trabalhos de campo, os entrevistadores são submetidos a uma fiscalização permanente por parte dos coordenadores de campo e são realizadas checagem de 20% da amostra para atestar a realização das entrevistas e a fidedignidade dos dados, garantindo-se dessa forma, robustez na precisão dos estimadores dos parâmetros populacionais.";"EM ANEXO"
"21/07/2026";"05:46:28";2026;81;"Eleições Gerais 2026";"PE";"PE";"PERNAMBUCO";"PE022742026";"2026-07-01 17:02:37";"N";"04994119000188";"OPINIAO PESQUISAS SOCIAIS LTDA";"OPINIAO PESQUISAS SOCIAIS";"Governador, Senador";"2026-07-01 00:00:00";"2026-07-04 00:00:00";"2026-07-07 00:00:00";2000;"9704";"JOSE JOAQUIM LIRA ROBERTO BRAGA";"45000,00";"Pesquisa quantitativa com aplicação de questionários estruturados e padronizados através de entrevistas pessoais (face a face) em domicílios, junto a uma amostra representativa do eleitorado em estudo. Utilizando meio eletrônico para coleta das entrevistas.";"a) Público Pesquisado: Eleitores do estado, com 16 ou mais anos.
b) Tipo da Amostra:
- Amostra Probabilística Casual Simples.
- A coleta da amostra do eleitorado será realizada em duas etapas: a primeira consiste na aleatorização da amostra segundo critério de sorteios múltiplos aleatórios em cinco estágios: 1) Cidade; 2) Bairro; 3) Rua; 4) Domicílio e 5) Ponto Amostral (entrevistado), tomando como base à cobertura populacional demográfica do IBGE.
- Área Física: Serão realizadas entrevistas em 80 municípios, localizados no Estado de Pernambuco.
- Na segunda etapa será realizado um controle das variáveis: Sexo e Faixa Etária, ponderado de acordo com os dados obtidos junto ao TSE e TRE-PE, os dados relativos são: gênero masculino 46,4%, gênero feminino 53,6%, idades de 16 a 24 anos 13,7%, de 25 a 34 anos 19,6%, de 35 a 44 anos 19,9%, de 45 a 59 anos 25,4% e de 60 anos ou mais 21,4%. Enquanto as variáveis Grau de Instrução: do analfabeto/lê e escreve até o ensino fundamental completo ou incompleto 42,2%, ensino médio completo ou incompleto 44,7% e ensino superior completo ou incompleto 13,1%; para o Nível Econômico do Entrevistado (renda familiar mensal declarada): até 2 salários mínimos 59,4%, mais de 2 a 5 salários mínimos 27,1%, mais de 5 salários mínimos 8,0% e mais de 10 salários mínimos 5,5%. Está prevista a eventual ponderação para correção nos tamanhos das variáveis Sexo e Faixa Etária, caso ocorra diferença entre a previsão da amostra e a coleta dos dados realizada. Para as variáveis: Grau de Instrução e Renda Familiar serão provenientes da amostra aleatória coletada nas regiões em estudo, sendo assim, o fator previsto para ponderação é 1 (resultados obtidos em campo).
c) Tamanho da Amostra: 2.000 entrevistas.
d) Intervalo de Confiança/Margem de Erro: O intervalo de confiança estimado é de 95,0% e a margem de erro máxima estimada é de 2,2% para mais ou para menos, sobre os resultados encontrados no total da amostra, utilizando o cálculo amostral pela proporção [estimador = p e (1-p)] e considerando a variância máxima (p = 0,5). Ressalta-se que esta Margem de Erro e Grau de Confiabilidade se aplica ao total da amostra, não devendo ser considerado para os resultados dentro de cada extrato e nem para os resultados gerados pelo cruzamento de variáveis. 
FONTE: Censo 2010/2022 - TSE 2026
AC SAFEWEB RFB V5 JOSE JOAQUIM LIRA ROBERTO BRAGA 91106656415
";"Para realização da pesquisa, utiliza-se equipes de campo (coordenadores e entrevistadores) da OPINIÃO ¿ Pesquisas Sociais Ltda. devidamente treinadas para este trabalho. 
O sistema de controle dos questionários é executado in loco pelo coordenador de campo. Onde os entrevistadores são submetidos a uma fiscalização permanente por parte do coordenador de campo e são realizadas checagem de 20% da amostra para atestar a realização das entrevistas e a fidedignidade dos dados apurados, garantindo-se dessa forma, o grau de precisão dos estimadores, em função dos parâmetros previamente estabelecidos. Internamente, todo o material é verificado e codificado. Antes do processamento final e emissão dos resultados, realiza-se o processo de consistência dos dados. 
";"O detalhamento dos municípios/bairros onde será realizada a pesquisa: A área de abrangência da coleta é no Estado de Pernambuco. A relação dos municípios selecionados para a aplicação da amostra será apresentada até o dia seguinte em que a pesquisa puder ser divulgada, conforme expresso na resolução nº 23.600/2019 do TSE."
"21/07/2026";"05:46:28";2026;81;"Eleições Gerais 2026";"PE";"PE";"PERNAMBUCO";"PE013122026";"2026-02-06 16:27:25";"S";"22198794000182";"ANDRE CAVALCANTE FALABELLA LTDA";"INSTITUTO DE PESQUISA MULTIPLA";"Governador, Senador";"2026-02-03 00:00:00";"2026-02-07 00:00:00";"2026-02-12 00:00:00";1200;"6149-A";"Eduardo José Pereira da Costa ";"15000,00";"Pesquisa quantitativa, que consiste na realização de entrevistas pessoais, com aplicação de questionários estruturado junto a uma amostra representativa do eleitorado em estudo. Eleitorado do estado de Pernambuco";"Vai se utilizar o método de amostragem estratificada proporcional de conglomerados selecionados com probabilidade proporcional ao tamanho (PPT) em 03 estágios. No primeiro estágio separam-se as mesorregiões do estado  usando-se o método PPT (probabilidade proporcional ao tamanho). No segundo estágio os conglomerados selecionados são os municípios com base no método PPT (probabilidade proporcional ao tamanho).  A medida de tamanho adotada para a seleção dos conglomerados é a população residente nas mesorregiões e municípios, de acordo com dados censitários disponibilizados pelo Instituto Brasileiro de Geografia e Estatística (IBGE). No terceiro estágio são definidas as cotas de sexo, idade, escolaridade e renda domiciliar conforme informações estatísticas disponibilizadas pelo Tribunal Superior Eleitoral (TSE) e pelo Instituto Brasileiro de Geografia e Estatística (IBGE). Fontes (Censo 2022 e estimativa populacional 2025 para distribuição das entrevistas nas mesorregiõs e municpios; TSE Janeiro de 2026 para distribuição das entrevistas por sexo, idade e escolaridade; Censo 2010 para distribuição das entrevistas por renda domiciliar). O controle das cotas de sexo, idade, escolaridade e renda domiciliar é feito pela equipe de supervisores e pesquisadores que compõe a pesquisa. Perfil da amostra: Masculino 46%, feminino 54%; 16 a 24 anos 13%, 25 a 34 anos 20%, 35 a 44 anos 20%, 45 a 59 anos 26%, 60 anos ou mais 21%; até ensino fundamental completo (inclui os analfabetos, lê e escreve, fundamental incompleto e fundamental completo) 43%, médio (completo ou incompleto) 44% superior (completo ou incompleto) 13%, Até 01 salário mínimo (inclui sem rendimentos) 31%, De 01 a 02 salários mínimos 28%, De 02 a 05 salários mínimos 27% e mais de 05 salários mínimos 14%. São previstas eventuais ponderações para as variáveis sexo e idade, caso a diferença entre o previsto na amostra e a coleta dos dados seja superior a 3 pontos percentuais; para as variáveis escolaridade e renda domiciliar o fator previsto para ponderação é 1 (resultados obtidos em campo). A amostra é composta por 1200 entrevistas aplicadas na população que tenha título de eleitor, more e vote no estado de Pernambuco e distribuídas da seguinte forma: Região Metropolitana (42%), Zona da Mata (14%), Agreste (25%) e Sertão (19%). O intervalo de confiança estimado é de 95% para uma margem de erro para mais ou para menos de 2,8% ";"Para realização da pesquisa, vai se utilizar uma equipe de entrevistadores e supervisores, contratados pelo Instituto. Todos devidamente treinados para execução do trabalho. Após a coleta das informações, 20% dos questionários aplicados serão submetidos à verificação de critérios, quanto a sua aplicação e adequação dos entrevistados às variáveis das cotas amostrais.

";"Região Metropolitana: Ilha de Itamaracá, Itapissuma, Igarassu, Abreu e Lima, Paulista, Olinda, Recife, Jaboatão dos Guararapes, Cabo de Santo Agostinho, Ipojuca, São Lourenço da Mata, Camaragibe e Moreno; Zona da Mata: Catende, Palmares, Água Preta, Bezerros, Tamandaré, Sirinhaém, Rio Formoso, Ribeirão, Escada, Glória do Goitá, Vitória de Santo Antão, Pombos, Chã Grande, Paudalho, Carpina, Nazaré da Mata, Aliança, Timbaúba, Macaparana, Vicência, Condado, Goiana e Itambé; Agreste: Pesqueira, Belo Jardim, São Caetano, Cachoeirinha, Agrestina, Altinho, Cupira, Panelas, Caruaru, Riacho das Almas, Toritama, Santa Cruz do Capibaribe, Taquaritinga do Norte, Brejo da Madre de Deus, Surubim, Bom Jardim, João Alfredo, Orobó, Passira, Vertentes, Limoeiro, Gravatá, Bonito, São Joaquim do Monte, Bezerros, São Bento do Una, Lajedo, Canhotinho, São João, Bom Conselho, Garanhuns, Caetés, Águas Belas, Itaíba, Tupanatinga, Buíque e Pedra; Sertão: Ibimirim, Inajá, Manari ,Tacaratu, Petrolândia, Floresta, Cabrobó, Santa Maria da Boa Vista, Lagoa Grande, Petrolina, Araripina, Ipubi, Ouricuri, Bodocó, Exu, Salgueiro, São José do Belmonte, Serra Talhada, Custódia, Flores, Afogados da Ingazeira, Tabira, São José do Egito, Sertânia e Arcoverde.  A relação completa dos bairros e comunidades rurais pesquisados será anexada ao registro até o dia seguinte à data de publicação da pesquisa, conforme Resolução 23.600/2019 do TSE, no art.2º §7º."
"21/07/2026";"05:46:28";2026;81;"Eleições Gerais 2026";"PE";"PE";"PERNAMBUCO";"PE099442026";"2026-02-05 21:28:46";"S";"22345021000181";"REAL TIME MIDIA LTDA";"REAL TIME BIG DATA";"Governador, Senador";"2026-02-09 00:00:00";"2026-02-10 00:00:00";"2026-02-11 00:00:00";2000;"10839";"Isabela Zara Cremoneze";"80000,00";"Pesquisa quantitativa, que consiste na realização de entrevistas pessoais, com a aplicação de questionário estruturado junto a uma amostra representativa do eleitorado em estudo. Pesquisa realizada no Estado do Pernambuco (PE).";"Representativo do eleitorado da área em estudo, elaborada em três estágios. 
No primeiro estágio, realiza-se um sorteio probabilístico dos municípios onde as entrevistas serão realizadas, pelo método PPT (Probabilidade Proporcional ao Tamanho), tomando a população eleitora de 16 anos ou mais residente nos municípios como base para essa seleção.
No segundo estágio, efetua-se um sorteio probabilístico das localidades dentro dos municípios selecionados, também pelo método PPT (Probabilidade Proporcional ao Tamanho), considerando a população eleitora de 16 anos ou mais residente nessas localidades como base para a seleção.
No terceiro e último estágio, dentro das localidades sorteadas, os respondentes são selecionados por meio de quotas amostrais proporcionais, em função de variáveis significativas, a saber:

GÊNERO:
Feminino: 53,7%;
Masculino: 46,3%;
(Fonte: TSE, Janeiro/2026 -- https://sig.tse.jus.br/ords/dwapr/r/seai/sig-eleitor-eleitorado-mensal/cruzamento-eleitorado-mensal?p24_metricas=E&p24_back=22&p24_cruzamento_1=ds_sexo&clear=24&session=105062661530362)
FAIXA ETÁRIA:
16 anos: 0,2%;
17 anos: 0,7%;
18 a 20 anos: 4,6%;
21 a 24 anos: 7,4%;
25 a 34 anos: 19,9%;
35 a 44 anos: 20,3%;
45 a 59 anos: 25,5%;
60 a 69 anos: 11,7%;
70 a 79 anos: 6,7%;
Superior a 79 anos: 3,0%;
(Fonte: TSE, Janeiro/2026 -- https://sig.tse.jus.br/ords/dwapr/r/seai/sig-eleitor-eleitorado-mensal/cruzamento-eleitorado-mensal?p24_metricas=E&p24_back=22&p24_cruzamento_1=ds_sexo&clear=24&session=105062661530362)
ESCOLARIDADE:
Analfabeto: 6,1%;
Lê e Escreve: 9,5%;
Ensino Fundamental Incompleto: 22,8%;
Ensino Fundamental Completo: 4,7%;
Ensino Médio Incompleto: 16,7%;
Ensino Médio Completo: 27,2%;
Ensino Superior Incompleto: 4,7%;
Ensino Superior Completo: 8,3%;
(Fonte: TSE, Janeiro/2026 -- https://sig.tse.jus.br/ords/dwapr/r/seai/sig-eleitor-eleitorado-mensal/cruzamento-eleitorado-mensal?p24_metricas=E&p24_back=22&p24_cruzamento_1=ds_sexo&clear=24&session=105062661530362)
RENDA DOMICILIAR MENSAL:
Sem rendimento: 5,8%;
Até 1/2 Salário Mínimo: 9,0%;
Mais de 1/2 a 1 Salário Mínimo: 23,2%;
Mais de 1 a 2 Salários Mínimos: 27,7%;
Mais de 2 a 5 Salários Mínimos: 23,1%;
Mais de 5 a 10 Salários Mínimos: 6,8%;
Mais de 10 a 20 Salários Mínimos: 2,9%;
Mais de 20 Salários Mínimos: 1,5%;
(Fonte: IBGE (CENSO-2010) -- https://cidades.ibge.gov.br/brasil/pe/pesquisa/23/24304?detalhes=true)

Observação: De acordo com informações do Instituto Brasileiro de Geografia e Estatística (IBGE), não há previsão de data para a divulgação do perfil econômico da população brasileira do CENSO 2022. Portanto, os dados sobre o nível econômico obtidos no Censo 2022 não podem ser utilizados, pois ainda não foram publicados.
Está prevista eventual ponderação para correção das variáveis sexo e idade, com base nos percentuais anteriormente mencionados, caso ocorram diferenças superiores a 3 pontos percentuais entre o previsto na amostra e a coleta de dados realizada. Para as variáveis de grau de instrução e nível econômico do entrevistado, o fator previsto para ponderação é 1 (resultados obtidos em campo). O nível de confiança estimado é de 95% e a margem de erro máxima estimada considerando um modelo de amostragem aleatório simples, é de aproximadamente 2 (dois) pontos percentuais para mais ou para menos sobre os resultados encontrados no total da amostra.
";"O trabalho de coleta de dados é acompanhado presencialmente por supervisores. São selecionados aleatoriamente 15% (quinze por cento) dos questionários para uma verificação posterior com ligações telefônicas para os números indicados nos formulários, em caso de dúvida, o formulário é descartado e o entrevistador chamado para esclarecimentos.";"O anexo do arquivo com os bairros será realizado até o dia seguinte da divulgação conforme indicado no §7º. do art. 2º. da Resolução-TSE nº. 23.600/2019."
"21/07/2026";"05:46:28";2026;81;"Eleições Gerais 2026";"PE";"PE";"PERNAMBUCO";"PE071682026";"2026-06-10 22:22:20";"N";"11849437000110";"IPESPE INST DE PESQUISAS SOCIAIS POLITICAS E ECONOMICAS";"#NULO#";"Governador, Senador";"2026-06-11 00:00:00";"2026-06-14 00:00:00";"2026-06-16 00:00:00";1000;"CONRE 5255";"Joaquim Andre Harmes";"60000,00";"Pesquisa quantitativa face a face, realizada através de entrevistas pessoais nas quais é aplicado um questionário estruturado. As pessoas entrevistadas constituem uma amostra representativa do eleitorado para o qual se pretende generalizar os resultados obtidos, ou seja, o eleitorado do estado de Pernambuco. As entrevistas serão realizadas por equipes de pesquisadores com bastante experiência nesse tipo de trabalho, especialmente treinados para esta pesquisa. ";"Serão realizadas 1.000 entrevistas no estado de Pernambuco, sendo 42% na capital + região metropolitana, 58% no interior (Censo 2022). No plano de amostragem utilizado para a estratificação são considerados os municípios, os sexos e as faixas etárias dos entrevistados. 
Inicialmente as unidades amostrais são os municípios e no estágio seguinte são os eleitores residentes nos municípios. Para a seleção dos entrevistados será utilizado o sistema de cotas amostrais segundo sexo e grupos de idade. O número de entrevistas foi estabelecido com base em uma amostragem aleatória simples com um nível estimado de 95,45% de confiança e uma margem de erro estimada de 3,2 pontos percentuais sobre os resultados encontrados no total da amostra. 
A distribuição da amostra prevista considera a seguinte distribuição representativa de acordo com o TSE (janeiro 2026): sexo masculino 46%, feminino 54%; faixa etária de 16 a 24 anos 13%, 25 a 44 anos 40%, 45 a 59 anos 26% e 60 anos ou mais 21%; grau de instrução até o ensino fundamental 43%, ensino médio 44%, ensino superior 13%. Para a variável renda, que não é cota, utilizaremos o controle de amostra a partir dos dados disponíveis no PNAD/IBGE 2015, com as seguintes faixas de renda domiciliar familiar: até 2 salários mínimos 59%, de mais de 2 a 5 salários mínimos 30%, de mais de 5 salários mínimos 11%. Fontes de dados utilizadas para segmentação da amostra: CENSO/IBGE (2022), PNAD/IBGE (2015) e TSE (janeiro 2026). Está prevista eventual ponderação para correção das variáveis demográficas e econômicas, com base nos percentuais anteriormente mencionados, caso ocorram diferenças superiores a 3 pontos percentuais entre o previsto na amostra e a coleta de dados realizada. Caso ocorram diferenças inferiores ou iguais a 3 pontos percentuais entre o previsto na amostra e a coleta de dados realizada, o fator previsto de ponderação será 1.
";"Após os trabalhos de campo, os questionários serão submetidos a uma fiscalização de 20% (vinte por cento) dos questionários aplicados pelos entrevistadores, para verificação das respostas e da adequação dos entrevistados aos parâmetros amostrais. ";"A área física de realização da pesquisa é o estado de Pernambuco. Os municípios e bairros nos quais serão realizadas as entrevistas serão informados dentro do prazo legal previsto na Resolução-TSE nº 23.600/2019."
"21/07/2026";"05:46:28";2026;81;"Eleições Gerais 2026";"PE";"PE";"PERNAMBUCO";"PE050442026";"2026-06-20 23:19:46";"S";"35535043000156";"ALMEIDA E CAVALCANTI LTDA";"INSTITUTO CONECTA DE PESQUISA";"Governador, Senador";"2026-06-19 00:00:00";"2026-06-22 00:00:00";"2026-06-26 00:00:00";2000;"10808";"CP-Brasil AC Certisign RFB G5 A1 17334115000115 JERFSON BRUNO DO NASCIMENTO HONORIO";"30000,00";"Apresentam-se os dados da pesquisa eleitoral de opinião pública a ser conduzida no estado de Pernambuco. Esta pesquisa quantitativa será realizada por meio de entrevistas pessoais e domiciliares, utilizando questionários estruturados e padronizados, aplicados a uma amostra representativa da população alvo. A coleta de dados será conduzida por meio de dispositivos eletrônicos, tais como smartphones e tablets.

Nota 1: Pode ocorrer que o total da linha não corresponda exatamente ao somatório das células individuais devido ao arredondamento computacional. No entanto, essas diferenças são compensadas em outras linhas, sem perda da representatividade da amostra. É normal que algumas células apresentem mais entrevistas do que o registrado, pois arredondamos números para refletir a realidade da pesquisa. Por exemplo, se a distribuição resultar em 1,5 entrevistas, arredondamos para 2 entrevistas, pois não é possível realizar uma fração de entrevista. Logo, o somatório pode apresentar uma soma superior ao registrado.

Nota 2: É importante destacar que o registro é exclusivamente para fins de divulgação, o que significa que uma pesquisa pode ser realizada antes ou depois da data de registro. Este requisito está claramente estabelecido no Artigo 10 da resolução. Art. 10. Na divulgação dos resultados de pesquisas, ATUAIS OU NÃO, serão obrigatoriamente informados: I - o período de realização da coleta de dados; II - a margem de erro; III - o nível de confiança; IV - o número de entrevistas; V - o nome da entidade ou da empresa que a realizou e, se for o caso, de quem a contratou; VI - o número de registro da pesquisa.

Nota 3: Ao registrar uma pesquisa, é comum cometer erros de digitação ou outros equívocos. O TSE permite a correção ou exclusão de registros no sistema PesqEle até 5 dias após a data de registro. Quando uma modificação é realizada, o sistema gera um novo número de registro e atualiza a data para a data da modificação, conforme o artigo 8 da resolução. Em relação à exclusão, o sistema permite a remoção total do registro. Após os 5 dias, o sistema impede quaisquer modificações ou exclusões. É importante observar que é possível excluir um registro e refazê-lo com as mesmas informações do registro excluído, como questionário, nota fiscal, entre outros. Art. 8o O registro da pesquisa poderá ser alterado desde que não expirado o prazo de 5 (cinco) dias para a divulgação do seu resultado. § 1o A alteração de que trata o caput implica a atribuição de novo número de identificação à pesquisa e o reinício da contagem do prazo previsto no caput do art. 2o desta Resolução, a partir do recebimento das alterações com a indicação, pelo sistema, da nova data a partir da qual será permitida a divulgação da pesquisa. § 3o ...a pesquisa ser cancelada pela própria usuária ou pelo próprio usuário, sem prejuízo da apresentação de um novo registro.

Nota 4: Pagante(S) Do Trabalho Em Branco: Quando o campo 'pagante' está em branco, isso ocorre porque o contratante é também o pagante da pesquisa. O sistema do TSE presume que qualquer pessoa com um mínimo de interesse verificará facilmente a origem dos recursos ao lado do nome do contratante, fora que a nota fiscal também está disponível para qualquer pessoa. A informação de pagante só é preenchida quando há duas partes envolvidas: um contratante e um pagante";"I) Público Pesquisado: Eleitores no estado de Pernambuco.

II) Tipo de Amostra: A amostra é representativa do eleitorado estadual, selecionada em três estágios. No primeiro estágio, os municípios são sorteados de forma probabilística utilizando o método da probabilidade proporcional ao tamanho (PPT), com base na população residente de cada município. No segundo estágio, os setores censitários dentro dos municípios sorteados são selecionados aleatoriamente. No terceiro estágio, os entrevistados são escolhidos dentro dos setores selecionados, utilizando cotas proporcionais aos atributos de sexo, faixa etária, grau de instrução e renda, de acordo com o perfil do eleitorado em estudo. Fonte de Dados: Tribunal Superior Eleitoral (TSE, June/2026) e Instituto Brasileiro de Geografia e Estatística (IBGE, CENSO 2022).

III) Tamanho da Amostra: 2000 entrevistas.

IV) Ponderação: A ponderação é realizada considerando 53.6% para o sexo feminino e 46.4% para o sexo masculino. Em relação às faixas etárias, a distribuição é a seguinte: 13.7% de 16 a 24 anos, 19.6% de 25 a 34 anos, 19.9% de 35 a 44 anos, 25.3% de 45 a 59 anos e 21.4% com 60 anos ou mais. Para o grau de instrução, são utilizadas as seguintes categorias: 15.2% de Analfabeto/Lê e Escreve, 27.1% até o ensino fundamental, 44.6% até o ensino médio e 13.1% até a faculdade ou mais. Em relação à renda, são utilizadas as seguintes categorias: 34.2% até 1 salário mínimo, 29.4% de 1 a 2 salários mínimos e 36.4% acima de 2 salários mínimos. Está prevista uma ponderação para correção de variáveis de sexo e faixa etária, com base nos percentuais acima apresentados, de acordo com o previsto na amostra (TSE) e a coleta realizada. Para as variáveis de escolaridade e renda domiciliar mensal, o fator de ponderação será igual a 1, conforme os resultados obtidos em campo.

V) Área Física de Realização da Pesquisa: A amostra será coletada em toda a extensão geográfica do estado de Pernambuco.

VI) Intervalo de Confiança/Margem de Erro: O intervalo de confiança estimado é de 95% com uma margem de erro de 2.19% para mais ou para menos sobre os resultados encontrados no total da amostra. Este grau de confiança e margem de erro não devem ser considerados para resultados dentro de cada estrato, nem para os resultados gerados pelos cruzamentos de variáveis. Os percentuais que não totalizam 100% são devido a arredondamentos ou a múltiplas alternativas de resposta. O cálculo amostral é realizado pela proporção [estimador = p e (1-p) ou p e q).

VII) O modelo de questionário aplicado está disponível em anexo (com as alternativas aleatorizadas por software e por disco).

VIII) Na elaboração de todos os questionários emitidos pela empresa Conecta, é implementado um sistema de aleatorização para a ordem das respostas de cada uma das perguntas. Para isso, são disponibilizados discos para cada uma das questões que necessitam de aleatoriedade. Essa prática é essencial para evitar possíveis vieses que poderiam surgir caso as respostas fossem sempre apresentadas na mesma ordem. Ao aleatorizar as respostas, garantimos que todos os participantes tenham a mesma oportunidade de encontrar cada resposta em diferentes posições do questionário. Isso contribui significativamente para minimizar qualquer influência que a ordem das perguntas possa ter sobre as respostas.";"Para a realização da pesquisa utiliza-se uma equipe de entrevistadores e coordenadores de campo devidamente treinado para o trabalho pela empresa Conecta. Durante a realização dos trabalhos de campo, os entrevistadores são submetidos a uma fiscalização permanente por parte dos coordenadores de campo e são realizadas checagem de 20% da amostra para atestar a realização das entrevistas e a fidedignidade dos dados, garantindo-se dessa forma, robustez na precisão dos estimadores dos parâmetros populacionais.";"Em anexo"
"21/07/2026";"05:46:28";2026;81;"Eleições Gerais 2026";"PE";"PE";"PERNAMBUCO";"PE009182026";"2026-06-19 14:18:25";"N";"01620444000192";"MESQUITA TOTAL BRASIL LTDA";"INSTITUTO REVISTA TOTAL BRASIL";"Governador, Senador";"2026-06-20 00:00:00";"2026-06-24 00:00:00";"2026-06-25 00:00:00";1200;"10924";"Izadora Zdanowsky Calmon dos Reis Pimentel";"65000,00";"Metodologia quantitativa de pesquisa utilizando uma amostragem não probabilística, coletada por meio de entrevistas pessoais aplicada a eleitores do estado de Pernambuco com 16 anos ou mais. A amostra será selecionada em 2 etapas: inicialmente identificou-se os municípios com maior eleitorado em cada mesorregião do estado (sertão, agreste, vale do São Francisco, zona da mata e região metropolitana de Recife) procurando-se manter uma proporcionalidade em relação a quantidade de eleitores desses municípios, em seguida a seleção dos entrevistados será realizada de acordo com a distribuição amostral proposta, ponderada por sexo, faixa etária, escolaridade e nível econômico.";"Para o cálculo do tamanho da amostra foram considerados os 7.231.860 eleitores do Estado de Pernambuco (fonte: TSE mai/2026) aptos a votar, nível de confiança de 95%, variância máxima e erro amostral máximo admitido de 2,83%.
Tamanho da amostra mínima: 1200 entrevistas
Considerando o universo infinito (acima de 100.000 elementos) de 7.231.860 eleitores do Estado de Pernambuco (fonte: TSE mai/2026), um nível de confiança de 95%, erro amostral máximo admitido de 2,31% para mais ou para menos e variância máxima, a dimensão amostral será de 1800 entrevistas pessoais, a serem coletadas entre 20 e 24 de junho de 2026. A amostra será ponderada por sexo, faixa etária, escolaridade e nível econômico. SEXO ¿ feminino: 54%; masculino: 46% (fonte: TSE mai/2026). FAIXA ETÁRIA ¿ 16 anos: 2,27%; 17 anos: 0,75%; 18 a 20 anos: 4,72%; 21 a 24 anos: 7,31%; 25 a 34 anos: 19,61%; 35 a 44 anos: 19,89%; 45 a 59 anos: 25,30%; 60 a 69 anos: 11,66%; 70 a 79 anos: 6,70%; Superior a 79 anos: 1,79% (Fonte: TSE nov/2024). ESCOLARIDADE - Analfabeto: 6,00%; Lê e Escreve: 9,20%; Fundamental Incompleto: 22,45%; Fundamental Completo: 4,60%; Ensino médio incompleto: 17,27%; Ensino Médio Completo: 27,37%; Superior Incompleto: 4,76%; Superior Completo: 8,34% (Fonte: TSE mai/2026). RENDA MENSAL DOMICILIAR ¿ Sem rendimento: 5,8%; Até 1/2 Salário Mínimo: 9,0%; Mais de 1/2 a 1 Salário Mínimo: 23,2%; Mais de 1 a 2 Salários Mínimos: 27,7%; Mais de 2 a 5 Salários Mínimos: 23,1%; Mais de 5 a 10 Salários Mínimos: 6,8%; Mais de 10 a 20 Salários Mínimos: 2,9%; Mais de 20 Salários Mínimos: 1,5%; (Fonte: IBGE (CENSO-2010)
Observação: até a presente data de registro, o IBGE não divulgou os dados sobre rendimento do Censo 2022, por este motivo, os dados de renda mais atualizados são do Censo de 2010, os quais são utilizados para a ponderação da amostra desta pesquisa. Os demais fatores de ponderação possuem como fonte o TSE 2026.";"Para a realização da pesquisa, inicia-se com treinamento dos pesquisadores e pré-teste do questionário a ser aplicado. Durante o trabalho de campo os mesmos são supervisionados e fiscalizados por coordenadores. Após os trabalhos de campo, os questionários são submetidos a uma fiscalização de cerca de 20% (vinte por cento) dos questionários aplicados pelos entrevistadores; para verificação das respostas e da adequação dos entrevistadores aos parâmetros amostrais. Codificação e crítica de 100% dos questionários antes da tabulação.";"Arcoverde, Salgueiro, Petrolina, Garanhuns, Caruaru, Goiana, Palmares, Recife, Jaboatão dos Guararapes, Olinda, Cabo de Sto Agostinho, Camaragibe."
"21/07/2026";"05:46:28";2026;81;"Eleições Gerais 2026";"PE";"PE";"PERNAMBUCO";"PE020062026";"2026-04-02 15:21:16";"N";"35535043000156";"ALMEIDA E CAVALCANTI LTDA";"INSTITUTO CONECTA DE PESQUISA";"Governador";"2026-04-05 00:00:00";"2026-04-07 00:00:00";"2026-04-08 00:00:00";1200;"10808";"CP-Brasil AC Certisign RFB G5 A1 17334115000115 JERFSON BRUNO DO NASCIMENTO HONORIO";"15000,00";"Apresentam-se os dados da pesquisa eleitoral de opinião pública a ser conduzida no Município de Recife, estado de Pernambuco. Esta pesquisa quantitativa será realizada por meio de entrevistas pessoais e domiciliares, utilizando questionários estruturados e padronizados, aplicados a uma amostra representativa da população alvo. A coleta de dados será conduzida por meio de dispositivos eletrônicos, tais como smartphones e tablets. 
 
Nota 1: até a presente data de registro, os dados de renda mais atualizado são do Censo de 2010, visto que o IBGE ainda não divulgou tal atualização para o censo 2022. No mais, os dados de tamanho de população de cada bairro, seguem os dados já disponibilizadas no censo de 2022. 
 
Nota 2: Pode ocorrer que o total da linha não corresponda exatamente ao somatório das células individuais devido ao arredondamento computacional. No entanto, essas diferenças são compensadas em outras linhas, sem perda da representatividade da amostra. É normal que algumas células apresentem mais entrevistas do que o registrado, pois arredondamos números para refletir a realidade da pesquisa. Por exemplo, se a distribuição resultar em 1,5 entrevistas, arredondamos para 2 entrevistas, pois não é possível realizar uma fração de entrevista. Logo, o somatório pode apresentar uma soma superior ao registrado. 
 
Nota 3: É importante destacar que o registro é exclusivamente para fins de divulgação, o que significa que uma pesquisa pode ser realizada antes ou depois da data de registro. Este requisito está claramente estabelecido no Artigo 10 da resolução. Art. 10. Na divulgação dos resultados de pesquisas, ATUAIS OU NÃO, serão obrigatoriamente informados: I - o período de realização da coleta de dados; II - a margem de erro; III - o nível de confiança; IV - o número de entrevistas; V - o nome da entidade ou da empresa que a realizou e, se for o caso, de quem a contratou; VI - o número de registro da pesquisa. 
 
Nota 4: Ao registrar uma pesquisa, é comum cometer erros de digitação ou outros equívocos. O TSE permite a correção ou exclusão de registros no sistema PesqEle até 5 dias após a data de registro. Quando uma modificação é realizada, o sistema gera um novo número de registro e atualiza a data para a data da modificação, conforme o artigo 8 da resolução. Em relação à exclusão, o sistema permite a remoção total do registro. Após os 5 dias, o sistema impede quaisquer modificações ou exclusões. É importante observar que é possível excluir um registro e refazê-lo com as mesmas informações do registro excluído, como questionário, nota fiscal, entre outros. Art. 8o O registro da pesquisa poderá ser alterado desde que não expirado o prazo de 5 (cinco) dias para a divulgação do seu resultado. § 1o A alteração de que trata o caput implica a atribuição de novo número de identificação à pesquisa e o reinício da contagem do prazo previsto no caput do art. 2o desta Resolução, a partir do recebimento das alterações com a indicação, pelo sistema, da nova data a partir da qual será permitida a divulgação da pesquisa. § 3o ...a pesquisa ser cancelada pela própria usuária ou pelo próprio usuário, sem prejuízo da apresentação de um novo registro. 
 
Nota 5: Pagante(S) Do Trabalho Em Branco: Quando o campo 'pagante' está em branco, isso ocorre porque o contratante é também o pagante da pesquisa. O sistema do TSE presume que qualquer pessoa com um mínimo de interesse verificará facilmente a origem dos recursos ao lado do nome do contratante, fora que a nota fiscal também está disponível para qualquer pessoa. A informação de pagante só é preenchida quando há duas partes envolvidas: um contratante e um pagante ";"I) Público Pesquisado: Eleitores no município de Recife, estado de Pernambuco. 
 
II) Tipo de Amostra: A amostra é representativa do eleitorado municipal, selecionada em três estágios. No primeiro estágio, os setores censitários são sorteados de forma probabilística utilizando o método da probabilidade proporcional ao tamanho (PPT), com base na população residente de cada setor. No segundo estágio, as ruas e/ou sítios dentro dos setores sorteados são selecionados aleatoriamente para conduzir as entrevistas. No terceiro estágio, os entrevistados são escolhidos dentro das ruas e/ou sítios selecionados, utilizando cotas proporcionais aos atributos de sexo, faixa etária, grau de instrução e renda, de acordo com o perfil do eleitorado em estudo. Fonte de Dados: Tribunal Superior Eleitoral (TSE, MARÇO/2026 DE 2024) e Instituto Brasileiro de Geografia e Estatística (IBGE, CENSO 2010/2022) 
 
III) Tamanho da Amostra: 1200 entrevistas. 
 
IV) Ponderação: A ponderação é realizada considerando 55.38% para o sexo feminino e 44.62% para o sexo masculino. Em relação às faixas etárias, a distribuição é a seguinte: 10.16% de 16 a 24 anos, 18.08% de 25 a 34 anos, 19.78% de 35 a 44 anos, 26.84% de 45 a 59 anos e 25.14% com 60 anos ou mais. Para o grau de instrução, são utilizadas as seguintes distribuicões: 4.35% de Analfabeto/Lê e Escreve, 21.17% do Ensino Fundamental Incompleto/Completo, 47.84% do Ensino Médio Incompleto/Completo e 26.64% do Ensino Superior Incompleto/Completo. Em relação à renda, as distribuições são as seguintes: 47.3% com até 2 salários mínimos, 26.2% acima de 2 salários mínimos até 5 salários mínimos e 26.5% acima de 5 salários mínimos. Está prevista uma ponderação para correção de variáveis de sexo e faixa etária, com base nos percentuais acima apresentados, de acordo com o previsto na amostra (TSE) e a coleta realizada. Para as variáveis de escolaridade e renda domiciliar mensal, o fator de ponderação será igual a 1, conforme os resultados obtidos em campo. 
 
V) Área Física de Realização da Pesquisa: A amostra será coletada em toda a extensão geográfica do município de Recife, estado de Pernambuco.
 
VI) Intervalo de Confiança/Margem de Erro: O intervalo de confiança estimado é de 95,0% com uma margem de erro de 2.83% para mais ou para menos sobre os resultados encontrados no total da amostra. Este grau de confiança e margem de erro não devem ser considerados para resultados dentro de cada estrato, nem para os resultados gerados pelos cruzamentos de variáveis. Os percentuais que não totalizam 100% são devido a arredondamentos ou a múltiplas alternativas de resposta. O cálculo amostral é realizado pela proporção [estimador = p e (1-p) ou p e q). 
 
VII) O modelo de questionário aplicado está disponível em anexo (com as alternativas aleatorizadas por software e por disco). 
 
VIII) Na elaboração de todos os questionários emitidos pela empresa Conecta Pesquisas, é implementado um sistema de aleatorização para a ordem das respostas de cada uma das perguntas. Para isso, são disponibilizados discos para cada uma das questões que necessitam de aleatoriedade. Essa prática é essencial para evitar possíveis viéses que poderiam surgir caso as respostas fossem sempre apresentadas na mesma ordem. Ao aleatorizar as respostas, garantimos que todos os participantes tenham a mesma oportunidade de encontrar cada resposta em diferentes posições do questionário. Isso contribui significativamente para minimizar qualquer influência que a ordem das perguntas possa ter sobre as respostas. ";"Para a realização da pesquisa utiliza-se uma equipe de entrevistadores e coordenadores de campo devidamente treinado para o trabalho pelo Conecta Pesquisas. Durante a realização dos trabalhos de campo, os entrevistadores são submetidos a uma fiscalização permanente por parte dos coordenadores de campo e são realizadas checagem de 20% da amostra para atestar a realização das entrevistas e a fidedignidade dos dados, garantindo-se dessa forma, robustez na precisão dos estimadores dos parâmetros populacionais. 
";"Em anexo"
"21/07/2026";"05:46:28";2026;81;"Eleições Gerais 2026";"PE";"PE";"PERNAMBUCO";"PE053632026";"2026-04-02 20:03:22";"S";"22345021000181";"REAL TIME MIDIA LTDA";"REAL TIME BIG DATA";"Governador, Senador";"2026-04-06 00:00:00";"2026-04-07 00:00:00";"2026-04-08 00:00:00";1600;"10839";"Isabela Zara Cremoneze";"64000,00";"Pesquisa quantitativa, que consiste na realização de entrevistas pessoais, com a aplicação de questionário estruturado junto a uma amostra representativa do eleitorado em estudo. Pesquisa realizada no Estado do Pernambuco (PE).";"Representativo do eleitorado da área em estudo, elaborada em três estágios. 
No primeiro estágio, realiza-se um sorteio probabilístico dos municípios onde as entrevistas serão realizadas, pelo método PPT (Probabilidade Proporcional ao Tamanho), tomando a população eleitora de 16 anos ou mais residente nos municípios como base para essa seleção.
No segundo estágio, efetua-se um sorteio probabilístico das localidades dentro dos municípios selecionados, também pelo método PPT (Probabilidade Proporcional ao Tamanho), considerando a população eleitora de 16 anos ou mais residente nessas localidades como base para a seleção.
No terceiro e último estágio, dentro das localidades sorteadas, os respondentes são selecionados por meio de quotas amostrais proporcionais, em função de variáveis significativas, a saber:

GÊNERO:
Feminino: 53,7%;
Masculino: 46,3%;
(Fonte: TSE, Março/2026 -- https://sig.tse.jus.br/ords/dwapr/r/seai/sig-eleitor-eleitorado-mensal/cruzamento-eleitorado-mensal?p24_metricas=E&p24_back=22&p24_cruzamento_1=ds_sexo&clear=24&session=302708241451530)
FAIXA ETÁRIA:
16 anos: 0,3%;
17 anos: 0,8%;
18 a 20 anos: 4,6%;
21 a 24 anos: 7,4%;
25 a 34 anos: 19,8%;
35 a 44 anos: 20,1%;
45 a 59 anos: 25,5%;
60 a 69 anos: 11,7%;
70 a 79 anos: 6,7%;
Superior a 79 anos: 3,0%;
(Fonte: TSE, Março/2026 -- https://sig.tse.jus.br/ords/dwapr/r/seai/sig-eleitor-eleitorado-mensal/cruzamento-eleitorado-mensal?p24_cruzamento_1=ds_faixa_etaria&p24_metricas=E&p24_back=22&clear=24&session=302708241451530)
ESCOLARIDADE:
Analfabeto: 6,1%;
Lê e Escreve: 9,4%;
Ensino Fundamental Incompleto: 22,7%;
Ensino Fundamental Completo: 4,6%;
Ensino Médio Incompleto: 16,8%;
Ensino Médio Completo: 27,3%;
Ensino Superior Incompleto: 4,7%;
Ensino Superior Completo: 8,3%;
(Fonte: TSE, Março/2026 -- https://sig.tse.jus.br/ords/dwapr/r/seai/sig-eleitor-eleitorado-mensal/cruzamento-eleitorado-mensal?p24_metricas=E&p24_back=22&p24_cruzamento_1=ds_sexo&clear=24&session=302708241451530)
RENDA DOMICILIAR MENSAL:
Sem rendimento: 5,8%;
Até 1/2 Salário Mínimo: 9,0%;
Mais de 1/2 a 1 Salário Mínimo: 23,2%;
Mais de 1 a 2 Salários Mínimos: 27,7%;
Mais de 2 a 5 Salários Mínimos: 23,1%;
Mais de 5 a 10 Salários Mínimos: 6,8%;
Mais de 10 a 20 Salários Mínimos: 2,9%;
Mais de 20 Salários Mínimos: 1,5%;
(Fonte: IBGE (CENSO-2010) -- https://cidades.ibge.gov.br/brasil/pe/pesquisa/23/24304?detalhes=true)

Observação: De acordo com informações do Instituto Brasileiro de Geografia e Estatística (IBGE), não há previsão de data para a divulgação do perfil econômico da população brasileira do CENSO 2022. Portanto, os dados sobre o nível econômico obtidos no Censo 2022 não podem ser utilizados, pois ainda não foram publicados.
Está prevista eventual ponderação para correção das variáveis sexo e idade, com base nos percentuais anteriormente mencionados, caso ocorram diferenças superiores a 3 pontos percentuais entre o previsto na amostra e a coleta de dados realizada. Para as variáveis de grau de instrução e nível econômico do entrevistado, o fator previsto para ponderação é 1 (resultados obtidos em campo). O nível de confiança estimado é de 95% e a margem de erro máxima estimada considerando um modelo de amostragem aleatório simples, é de aproximadamente 2 (dois) pontos percentuais para mais ou para menos sobre os resultados encontrados no total da amostra.
";"O trabalho de coleta de dados é acompanhado presencialmente por supervisores. São selecionados aleatoriamente 15% (quinze por cento) dos questionários para uma verificação posterior com ligações telefônicas para os números indicados nos formulários, em caso de dúvida, o formulário é descartado e o entrevistador chamado para esclarecimentos.";"O anexo do arquivo com os bairros será realizado até o dia seguinte da divulgação conforme indicado no §7º. do art. 2º. da Resolução-TSE nº. 23.600/2019.



"
"21/07/2026";"05:46:28";2026;81;"Eleições Gerais 2026";"PE";"PE";"PERNAMBUCO";"PE048642026";"2026-04-02 23:24:22";"N";"17442390000152";"SIMPLEX CONSULTORIA ECONOMICA E EMPRESARIAL LTDA";"SIMPLEX CONSULTORIA ECONOMICA E EMPRESARIAL";"Governador, Senador";"2026-04-03 00:00:00";"2026-04-07 00:00:00";"2026-04-08 00:00:00";1067;"11529";"Bruna Rafaella Sales Claudino";"37345,00";"Pesquisa quantitativa, por amostragem, realizada por meio de questionário estruturado, aplicado via contatos telefônicos por entrevistadores treinados. O universo da pesquisa é composto pelo eleitorado do estado de Pernambuco, com 16 anos ou mais, que está com a situação eleitoral regular.";"O público pesquisado é composto por eleitores de 16 anos ou mais do estado de Pernambuco, que está com a situação eleitoral regular. A amostra é composta por 1.067 eleitores.
Para a obtenção de uma amostra representativa do público-alvo, foi adotado procedimento de amostragem probabilística com seleção de indivíduos a partir de contatos telefônicos, com distribuição proporcional dos respondentes segundo variáveis sociodemográficas (incluindo município e mesorregião). A seleção dos entrevistados é realizada de forma a garantir a diversidade geográfica dentro do estado e a adequada representação do eleitorado.
A ponderação da amostra será realizada com base nas variáveis sexo e idade, conforme a seguinte distribuição: Sexo feminino (53,7%): 16 a 24 anos (6,7%), 25 a 34 anos (10,4%), 35 a 44 anos (10,7%), 45 a 59 anos (13,7%), 60 anos ou mais (12,1%); Sexo masculino (46,3%): 16 a 24 anos (6,4%), 25 a 34 anos (9,5%), 35 a 44 anos (9,5%), 45 a 59 anos (11,8%), 60 anos ou mais (9,2%). 
Caso sejam observadas diferenças superiores a 3,0 pontos percentuais entre a distribuição prevista e a obtida na coleta para as variáveis sexo e idade, será aplicado fator de ponderação para ajuste da amostra.
Para as demais variáveis, considera-se a seguinte distribuição: Grau de instrução: analfabeto (6,1%), lê e escreve (9,4%), ensino fundamental completo ou incompleto (27,3%), ensino médio completo ou incompleto (44,2%), ensino superior completo ou incompleto (13,1%); Nível econômico familiar: até 1 salário mínimo (80,1%), de 1 a 2 salários mínimos (11,3%), de 2 a 5 salários mínimos (5,7%), de 5 a 20 salários mínimos (2,7%) e mais de 20 salários mínimos (0,3%). 
Para as variáveis grau de instrução e nível econômico, não será aplicada ponderação, sendo os resultados apresentados conforme obtidos em campo.
A margem de erro máxima estimada é de 3,0 pontos percentuais, para mais ou para menos, considerando um nível de confiança de 95% e a hipótese de máxima variabilidade (p = 0,5).
Eventuais diferenças na soma das proporções decorrem de arredondamentos.
Fontes dos dados: para sexo e faixa etária, Tribunal Superior Eleitoral (TSE, março 2026); para grau de instrução, TSE (março, 2026); para nível econômico, Censo Demográfico (IBGE, 2010); e para informações territoriais, Censo Demográfico (IBGE, 2022). Para a variável renda, foram utilizados os dados do Censo 2010 em razão da indisponibilidade de dados consolidados do Censo 2022 até o momento da realização da pesquisa.";"As entrevistas são realizadas por equipe de entrevistadores devidamente treinada e supervisionada, com experiência em pesquisas de opinião pública. A coleta é feita por meio de dispositivos eletrônicos, garantindo maior controle e padronização das respostas.
Durante e após a coleta, é realizada verificação de qualidade por meio da checagem de áudio de, no mínimo, 20% das entrevistas realizadas, com o objetivo de confirmar a veracidade das informações e a adequação dos entrevistados aos parâmetros amostrais estabelecidos.
Os dados coletados nesta pesquisa atendem às disposições da Lei nº 13.709/2018 (Lei Geral de Proteção de Dados ? LGPD), assegurando o sigilo das informações e a confidencialidade da identidade dos respondentes.
";"Dados relativos aos municípios e bairros abrangidos pela pesquisa. Na ausência de delimitação do bairro, será identificada a área em que foi realizada a pesquisa (conforme §7º. do art. 2º. da Resolução-TSE nº. 23.600/2019, A partir do dia em que a pesquisa puder ser divulgada e até o dia seguinte, o registro deverá ser complementado, sob pena de ser a pesquisa considerada não registrada; na ausência de delimitação do bairro, será identificada a área em que foi realizada):
A área de abrangência da pesquisa é o estado de Pernambuco.
A distribuição do número de entrevistas por município, bem como demais detalhamentos da amostra, será apresentada em anexo, conforme previsto na Resolução-TSE nº 23.600/2019, dentro do prazo estabelecido para complementação do registro.
"
"21/07/2026";"05:46:28";2026;81;"Eleições Gerais 2026";"PE";"PE";"PERNAMBUCO";"PE047132026";"2026-04-10 14:54:50";"N";"07630546000175";"DATAFOLHA INSTITUTO DE PESQUISAS LTDA.";"#NULO#";"Governador, Senador";"2026-04-13 00:00:00";"2026-04-15 00:00:00";"2026-04-16 00:00:00";1022;"7249";"Renata Nunes Cesar";"120000,00";"Pesquisa do tipo quantitativo, por amostragem, com aplicação de questionário estruturado e abordagem pessoal em pontos de fluxo populacional. A população do estado de Pernambuco, com 16 anos ou mais, foi tomada como universo da pesquisa.

";"Universo: População com 16 anos ou mais, do estado de Pernambuco
Tamanho da amostra: A amostra prevista é de 1022 entrevistas. 
Técnica de amostragem: A amostra é estratificada por natureza dos municípios (capital, região metropolitana ou interior). Em cada estrato, num primeiro estágio, são sorteados com probabilidade proporcional ao tamanho (PPT) os municípios que farão parte do levantamento. Num segundo estágio, são sorteados os bairros e pontos de abordagem onde serão aplicadas as entrevistas.  Por fim, os entrevistados são selecionados aleatoriamente para responder ao questionário, de acordo com cotas de gênero e faixa etária. 

Os dados utilizados para definição e seleção da amostra são baseados nos dados fornecidos pelo IBGE (Censo 2022, PNADC 2024 e Estimativa populacional 2025), além de dados primários de outros levantamentos do instituto.  Os dados relativos a gênero e faixa etária são: Homens: 46%, mulheres: 54%, 16 a 24 anos 17%, 25 a 34 anos 20%, 35 a 44 anos 20%, 45 a 59 anos 24% e 60 anos ou mais 19%.

Para a variável grau de instrução os dados utilizados como referência são: até nível médio completo ou incompleto (inclui os sem escolaridade e analfabetos) =81% e nível superior (inclui superior incompleto) = 19%.

Ponderação dos resultados: Está prevista ponderação considerando as variáveis natureza do município, gênero e faixa etária. A variável escolaridade poderá ser ajustada de acordo com os percentuais detalhados anteriormente caso a diferença entre os valores descritos e observados sejam maiores que a margem de erro definida.  Para o nível econômico do entrevistado (renda familiar mensal declarada pelo respondente), a distribuição observada em levantamentos anteriores do instituto e utilizada como referência foi: Até 2 S.M. (salários mínimos)=69%, mais de 2 S.M.=28%, não souberam ou recusaram a resposta=3%.  O fator previsto para ponderação é 1 (resultados obtidos em campo).


Margem de Erro: A margem de erro máxima prevista é de 3 pontos percentuais para mais ou para menos, considerando um nível de confiança de 95% e baseada em uma amostra aleatória simples (AAS). Os intervalos de confiança serão calculados considerando os resultados obtidos para um nível de confiança de 95%.
";"Os entrevistadores envolvidos na realização desta pesquisa são treinados pelo Instituto e recebem instruções específicas para cada projeto realizado. A coleta será feita com a utilização de tablet e questionário eletrônico. São checados, no mínimo, 20% dos questionários de cada pesquisador, seja in loco por supervisores de campo ou, posteriormente, por telefone. Internamente, todo o material é verificado e codificado. Antes do processamento final e emissão dos resultados, realiza-se processo de consistência dos dados. Os dados coletados e tratados nesta pesquisa atendem às exigências da LGPD, Lei Geral de Proteção de Dados, garantindo ao respondente o sigilo de sua identidade e o correto tratamento de suas respostas.";"A área de abrangência da coleta dos dados é o estado de Pernambuco. A relação completa dos municípios e bairros pesquisados será anexada ao registro até o dia seguinte à data de publicação da pesquisa, conforme Resolução 23.600/2019 do TSE, no art.2º §7º. 

"
"21/07/2026";"05:46:28";2026;81;"Eleições Gerais 2026";"PE";"PE";"PERNAMBUCO";"PE024862026";"2026-06-01 18:06:29";"S";"04209958000148";"BADRA COMUNICACAO LTDA";"BADRA COMUNICACAO";"Governador, Senador";"2026-06-02 00:00:00";"2026-06-06 00:00:00";"2026-06-07 00:00:00";1500;"10744";"Marcos Rogério Simonetti";"18000,00";"Pesquisa quantitativa, por cota (não probabilística), com aplicação de questionário estruturado, em pontos de fluxo populacional, com uma amostra representativa do eleitorado em estudo, no caso o eleitorado de Pernambuco.";"A amostra será representativa do universo, ou seja, o eleitorado de Pernambuco. 
Tamanho da amostra: 1.500 entrevistas. Técnica de amostragem: por cotas, segundo combinação das variáveis sexo e faixa etária, proporcionais ao eleitorado de cada região, conforme estatística do eleitorado do Tribunal Superior Eleitoral (TSE - Janeiro/2026): 
SEXO: 
Masculino (46,0%) e Feminino (54,0%). 
FAIXA ETÁRIA: 
16-24 anos (6,0% masculino e 7,0% feminino); 25-44 anos (19,0% masculino e 21,0% feminino); 45-59 anos (12,0% masculino e 14,0% feminino); e mais de 60 anos (9,0% masculino e 12,0% feminino). 
Para as variáveis de sexo e idade, o fator de ponderação é 1 (resultados obtidos em campo).
ESCOLARIDADE (FONTE: TSE - janeiro-2026)
Até ensino médio (41,0% - masculino e 46,0% - feminino); Superior (5,0% - masculino e 8,0% feminino). 
NÍVEL ECONÔMICO (FONTE: CENSO 2010): 
Economicamente ativo (30,0% - masculino e 27,0% - feminino). Não economicamente ativo (16,0% - masculino e 27,0% - feminino). 
Eventual ponderação para correção das variáveis de escolaridade e nível econômico caso aconteçam diferenças superiores a 3% entre o previsto na amostra e a coleta de dados, no que pese serem estas variáveis de seleção e abordagem dos entrevistados. 
A margem de erro é de 3 pontos percentuais para mais ou para menos, sobre o resultado encontrado no total da amostra. Nível de confiança estimado de 95%, o que quer dizer que há uma probabilidade de 95% de os resultados retratarem a realidade, se repetido nas mesmas condições de execução. ";"Para a realização do levantamento estatístico de dados, a Badra Comunicação se utiliza de equipe de entrevistadores e supervisores de campo experientes e treinados para o trabalho. No mínimo 20% das entrevistas realizadas são auditadas, parte delas ainda em campo, por coordenadores e supervisores. A outra parte via contato telefônico com os entrevistados que fornecem seu primeiro nome e/ou telefone de contato para o devido controle e verificação, conferência e fiscalização da coleta de dados, seja em relação às respostas, seja em confirmação da adequação aos parâmetros amostrais. ";"(conforme §7º. do art. 2º. da Resolução-TSE nº. 23.600/2019, A partir do dia em que a pesquisa puder ser divulgada e até o dia seguinte, o registro deverá ser complementado, sob pena de ser a pesquisa considerada não registrada; na ausência de delimitação do bairro, será identificada a área em que foi realizada): A relação das localidades selecionadas para aplicação da amostra será apresentada até o 7º dia seguinte ao registro da pesquisa."
"21/07/2026";"05:46:28";2026;81;"Eleições Gerais 2026";"PE";"PE";"PERNAMBUCO";"PE079602026";"2026-04-25 21:55:45";"S";"00654576000172";"INSTITUTO VERITA LTDA";"VERITA";"Governador, Senador";"2026-04-26 00:00:00";"2026-04-30 00:00:00";"2026-05-01 00:00:00";2010;"10699";"GUILHERME ALVARENGA LAIA";"154770,00";"Pesquisa quantitativa, que consiste na realização de entrevistas, com a aplicação de questionário estruturado junto a uma amostra representativa do eleitorado desta Unidade da Federação.";"ESTUDO REPRESENTATIVO DO ELEITORADO DO ESTADO DE PERNAMBUCO - MÉTODO PPT (Probabilidade Proporcional ao Tamanho) - PLANO AMOSTRAL E PONDERAÇÃO QUANTO A SEXO, IDADE, GRAU DE INSTRUÇÃO E NÍVEL ECONÔMICO DO ENTREVISTADO; INTERVALO DE CONFIANÇA E MARGEM DE ERRO: Representativo do eleitorado da área em estudo, elaborada, em vários estágios, da seguinte forma: - 1. Divisão da UF em estratos proporcionais de municípios. 2. Ordenação dos municípios de cada estrato segundo o porte. 3. Sorteio dos municípios de cada estrato. 4. Os respondentes são selecionados através de quotas amostrais proporcionais em função de variáveis significativas, a saber: GÊNERO / FAIXA ETÁRIA - FEMININO E MASCULINO 16 A 34 ANOS 17% E 15,8%, 35 A 54 ANOS 20,4% E 17,9%, 55 ANOS OU MAIS 16,3% E 12,6%. GRAU DE INSTRUÇÃO ¿ FEMININO E MASCULINO Sem instrução até Ensino Médio completo 68,2%, Ensino superior incompleto e completo 31,8% NÍVEL ECONÔMICO - FEMININO população não economicamente ativa 46,5% população economicamente ativa 53,5% MASCULINO população não economicamente ativa 27,2% população economicamente ativa 72,8%. RENDA FAMILIAR DO DOMICÍLIO renda familiar de até 2 salários-mínimos 30,7%; de 2 a 5 salários-mínimos 44,2%, acima de 5 salários-mínimos 25,1%. Está prevista eventual ponderação para correção das variáveis, com base nos percentuais anteriormente mencionados, caso ocorram diferenças superiores a margem de erro da pesquisa previsto entre a amostra e a coleta de dados realizada. O fator previsto para ponderação é 1 (resultados obtidos na coleta de dados). O intervalo de confiança estimado é de 95% e a margem de erro máxima estimada considerando um modelo de amostragem aleatório simples, é de aproximadamente 2,5 pontos percentuais para mais ou para menos sobre os resultados encontrados no total da amostra. FONTE DOS DADOS: IBGE/Censo 2022 para fins de densidade demográfica, setores censitários e alocação da amostra. IBGE/PNAD/PNADC/MEC/INEP para fins de Nível Econômico e Escolaridade. TSE FEVEREIRO/2026 para fins de Sexo, Faixa Etária e eleitorado por município ou regiões previamente definidas (importante ressaltar para o público leigo que os dados do TSE são os únicos corretos para gênero, idade dos eleitores e quantitativo de eleitores por municípios já que a base de dados se atualiza automaticamente, PORÉM, dados de escolaridade e nível econômico NÃO são corretos e confiáveis devido a desatualização que ocorre naturalmente com o passar dos anos). Definição de margem de erro e intervalo de confiança: Margem de erro e intervalo de confiança não são grandezas diretamente proporcionais. A SOMA NÃO TEM QUE RESULTAR 100%. ";"Após os trabalhos de coleta de dados, os questionários são submetidos a uma fiscalização, conferência e checagem de cerca de 20% (vinte por cento) dos questionários aplicados.";"A relação dos municípios sorteados ou selecionados para esta pesquisa será apresentada em arquivo anexo até 1 (um) dia após a divulgação desta pesquisa conforme §7º. do art. 2º. da Resolução-TSE nº. 23.600/2019. A área de abrangência desta pesquisa é o Estado DE PERNAMBUCO"
"21/07/2026";"05:46:28";2026;81;"Eleições Gerais 2026";"PE";"PE";"PERNAMBUCO";"PE033232026";"2026-07-15 22:57:53";"N";"17442390000152";"SIMPLEX CONSULTORIA ECONOMICA E EMPRESARIAL LTDA";"SIMPLEX CONSULTORIA ECONOMICA E EMPRESARIAL";"Governador, Senador";"2026-07-15 00:00:00";"2026-07-20 00:00:00";"2026-07-21 00:00:00";1067;"11529";"Bruna Rafaella Sales Claudino";"37345,00";"Pesquisa quantitativa, por amostragem, realizada por meio de questionário estruturado, aplicado via contatos telefônicos por entrevistadores treinados. O universo da pesquisa é composto pelo eleitorado do estado de Pernambuco, com 16 anos ou mais, que está com a situação eleitoral regular.";"O público pesquisado é composto por eleitores de 16 anos ou mais do estado de Pernambuco, que estão com a situação eleitoral regular. A amostra é composta por 1.067 eleitores. Para a obtenção de uma amostra representativa do público-alvo, foi adotado procedimento de amostragem probabilística com seleção de indivíduos a partir de contatos telefônicos, com distribuição proporcional dos respondentes segundo variáveis sociodemográficas (incluindo município e mesorregião). A seleção dos entrevistados é realizada de forma a garantir a diversidade geográfica dentro do estado e a adequada representação do eleitorado. A ponderação da amostra será realizada com base nas variáveis sexo e idade, conforme a seguinte distribuição: Sexo feminino (53,6%): 16 a 24 anos (7,0%), 25 a 34 anos (10,3%), 35 a 44 anos (10,6%), 45 a 59 anos (13,6%), 60 anos ou mais (12,2%); Sexo masculino (46,4%): 16 a 24 anos (6,6%), 25 a 34 anos (9,4%), 35 a 44 anos (9,3%), 45 a 59 anos (11,7%), 60 anos ou mais (9,3%). Caso sejam observadas diferenças superiores a 3,0 pontos percentuais entre a distribuição prevista e a obtida na coleta para as variáveis sexo e idade, será aplicado fator de ponderação para ajuste da amostra. Para as demais variáveis, considera-se a seguinte distribuição: Grau de instrução: analfabeto (6,0%), lê e escreve (9,2%), ensino fundamental completo ou incompleto (27,0%), ensino médio completo ou incompleto (44,7%), ensino superior completo ou incompleto (13,1%); Nível econômico familiar: até 1 salário mínimo (80,1%), de 1 a 2 salários mínimos (11,3%), de 2 a 5 salários mínimos (5,7%), de 5 a 20 salários mínimos (2,7%) e mais de 20 salários mínimos (0,3%). Para as variáveis grau de instrução e nível econômico, não será aplicada ponderação, sendo os resultados apresentados conforme obtidos em campo. A margem de erro máxima estimada é de 3,0 pontos percentuais, para mais ou para menos, considerando um nível de confiança de 95% e a hipótese de máxima variabilidade (p = 0,5). Eventuais diferenças na soma das proporções decorrem de arredondamentos. Fontes dos dados: para sexo e faixa etária, Tribunal Superior Eleitoral (TSE, junho 2026); para grau de instrução, TSE (junho, 2026); para nível econômico, Censo Demográfico (IBGE, 2010); e para informações territoriais, Censo Demográfico (IBGE, 2022). Para a variável renda, foram utilizados os dados do Censo 2010 em razão da indisponibilidade de dados consolidados do Censo 2022 até o momento da realização da pesquisa.";"As entrevistas são realizadas por equipe de entrevistadores devidamente treinada e supervisionada, com experiência em pesquisas de opinião pública. A coleta é feita por meio de dispositivos eletrônicos, garantindo maior controle e padronização das respostas. Durante e após a coleta, é realizada verificação de qualidade por meio da checagem de áudio de, no mínimo, 20% das entrevistas realizadas, com o objetivo de confirmar a veracidade das informações e a adequação dos entrevistados aos parâmetros amostrais estabelecidos. Os dados coletados nesta pesquisa atendem às disposições da Lei nº 13.709/2018 (Lei Geral de Proteção de Dados - LGPD), assegurando o sigilo das informações e a confidencialidade da identidade dos respondentes.";"Dados relativos aos municípios e bairros abrangidos pela pesquisa. Na ausência de delimitação do bairro, será identificada a área em que foi realizada a pesquisa (conforme §7º. do art. 2º. da Resolução-TSE nº. 23.600/2019, A partir do dia em que a pesquisa puder ser divulgada e até o dia seguinte, o registro deverá ser complementado, sob pena de ser a pesquisa considerada não registrada; na ausência de delimitação do bairro, será identificada a área em que foi realizada): A área de abrangência da pesquisa é o estado de Pernambuco. A distribuição do número de entrevistas por município, bem como demais detalhamentos da amostra, será apresentada em anexo, conforme previsto na Resolução-TSE nº 23.600/2019, dentro do prazo estabelecido para complementação do registro."
"21/07/2026";"05:46:28";2026;81;"Eleições Gerais 2026";"PE";"PE";"PERNAMBUCO";"PE033442026";"2026-07-19 21:47:54";"S";"51772470000104";"INSTITUTO DATATRENDS LTDA";"DATATRENDS";"Governador, Senador";"2026-07-20 00:00:00";"2026-07-22 00:00:00";"2026-07-25 00:00:00";1200;"10663";"Ythalo Hugo da Silva Santos";"50000,00";"Pesquisa quantitativa, com aplicação de entrevistas presenciais, realizadas por meio de questionário estruturado, padronizado e previamente testado. A coleta de dados foi realizada por entrevistadores treinados, mediante abordagem direta aos eleitores em domicílios, conforme planejamento operacional. O universo da pesquisa é composto por eleitores com 16 anos ou mais residentes no estado de Pernambuco. Para definição da distribuição territorial da amostra, adotou-se como referência as Regiões Geográficas Imediatas do estado, conforme classificação do Instituto Brasileiro de Geografia e Estatística, sendo os municípios agregados para fins operacionais de amostragem. As entrevistas foram realizadas em áreas urbanas e rurais dos municípios selecionados, incluindo bairros, localidades e setores censitários previamente definidos no plano amostral.";"Público pesquisado: eleitores do estado de Pernambuco. A amostra foi definida por procedimento probabilístico, com estratificação por regiões geográficas, tomando como base as Regiões Geográficas Imediatas do estado, conforme classificação do IBGE. A alocação da amostra entre as regiões foi realizada de forma proporcional ao tamanho do eleitorado em cada estrato, com base em dados oficiais do Tribunal Superior Eleitoral (TSE), assegurando representatividade estadual. Dentro de cada região, o tamanho amostral foi distribuído entre os municípios selecionados de forma proporcional ao respectivo eleitorado. A distribuição da amostra observa, portanto, a proporcionalidade do eleitorado nas diferentes regiões e municípios, conforme estrutura definida no plano amostral, permitindo a verificação da composição territorial da amostra. Os entrevistados são selecionados diretamente nos domicílios, sendo aplicado filtro de elegibilidade no momento da entrevista para confirmação do domicílio eleitoral e da aptidão para o exercício do voto, sendo considerados apenas eleitores aptos a votar no estado de Pernambuco. Em cada município selecionado, foi adotado plano amostral por conglomerados em dois estágios, com seleção probabilística nas etapas iniciais e controle por cotas na etapa final, assegurando representatividade geográfica e adequada distribuição do eleitorado. No primeiro estágio, foram selecionados setores censitários com probabilidade proporcional ao tamanho (PPT), tomando como base o número de domicílios particulares permanentes, conforme dados do IBGE (Censo 2022). No segundo estágio, foram selecionados domicílios dentro dos setores sorteados, mediante procedimento sistemático de abordagem. Em cada domicílio, o entrevistado foi selecionado com base em cotas proporcionais às características do eleitorado, considerando variáveis como sexo, faixa etária, grau de instrução e nível econômico. Na apresentação final dos resultados, os dados são ponderados para ajuste aos parâmetros populacionais conhecidos, utilizando como fontes públicas o Tribunal Superior Eleitoral (TSE, junho de 2026) para sexo, faixa etária e escolaridade (Masculino: 46%; Feminino: 54%; 16 a 24 anos: 13%; 25 a 34 anos: 20%; 35 a 44 anos: 20%; 45 a 59 anos: 25%; 60 anos ou mais: 22%; Analfabeto/lê e escreve: 15%; Ensino Fundamental: 27%; Ensino Médio: 45%; Ensino Superior: 13%) e o Instituto Brasileiro de Geografia e Estatística (IBGE, Censo 2022) para classe de rendimento mensal domiciliar (sem rendimentos ou até 2 salários mínimos: 91%; de 2 a 5 salários mínimos: 7%; superior a 5 salários mínimos: 2%), sempre que identificadas discrepâncias relevantes entre a amostra coletada e os parâmetros do universo pesquisado. Ressalta-se que a variável de nível econômico (renda), embora coletada para fins de caracterização do perfil da amostra, não será utilizada no processo de ponderação dos dados, em razão das limitações inerentes à mensuração dessa variável em pesquisas domiciliares e da ausência de parâmetros específicos consolidados para o eleitorado. O cálculo do tamanho da amostra considera a estimativa de proporções populacionais sob variância máxima (p = 0,5), resultando em margem de erro de aproximadamente 2.83 pontos percentuais para os resultados globais, para mais ou para menos, com nível de confiança de 95%. A relação dos municípios contemplados será anexada até o dia seguinte à divulgação dos resultados, nos termos da Resolução TSE nº 23.600/2019.";"Os pesquisadores envolvidos na realização desta pesquisa são previamente treinados e recebem instruções específicas para cada projeto. O trabalho de campo é executado por equipes de entrevistadores, supervisionadas por coordenadores responsáveis pelo acompanhamento das atividades em cada área de coleta. Após a realização das entrevistas, os questionários passam por processo de conferência e validação, incluindo análise de consistência das respostas e verificação do cumprimento dos critérios amostrais estabelecidos. Adicionalmente, é realizada checagem de parte das entrevistas, correspondente a aproximadamente 20% do total coletado, por meio de supervisão independente, com o objetivo de confirmar a veracidade das informações e a correta aplicação do questionário. Utiliza-se, ainda, sistema informatizado com registro de georreferenciamento das entrevistas, possibilitando o monitoramento da execução do trabalho de campo, rastreabilidade das entrevistas realizadas e controle da cobertura geográfica da coleta.";"#NULO#"
"21/07/2026";"05:46:28";2026;81;"Eleições Gerais 2026";"PE";"PE";"PERNAMBUCO";"PE025932026";"2026-05-11 19:01:39";"S";"22198794000182";"ANDRE CAVALCANTE FALABELLA LTDA";"INSTITUTO DE PESQUISA MULTIPLA";"Governador, Senador, Deputado Federal, Deputado Estadual";"2026-05-07 00:00:00";"2026-05-08 00:00:00";"2026-05-17 00:00:00";300;"6149-A";"Eduardo José Pereira da Costa ";"10000,00";"Pesquisa quantitativa, que consiste na realização de entrevistas pessoais, com aplicação de questionários estruturado junto a uma amostra representativa do eleitorado em estudo. Eleitorado do município de Serra Talhada";"Será utilizado o método de amostragem estratificada proporcional com probabilidade proporcional ao tamanho (PPT) em 03 estágios. No primeiro estágio separam-se os Distritos censitários: (Distrito 05 urbano/sede do município, Distrito 10, Distrito 15, Distrito 18, Distrito 20, Distrito 25, Distrito 28, Distrito 30 e Distrito 35) para as entrevistas usando-se o método PPT (probabilidade proporcional ao tamanho). No segundo estágio são selecionados os setores censitários que compõe os Distritos para as entrevistas com base no método PPT (probabilidade proporcional ao tamanho). A medida de tamanho adotada para a seleção dos Distritos e setores é a população residente nessas áreas, de acordo com dados censitários disponibilizados pelo Instituto Brasileiro de geografia e estatística (IBGE). No terceiro estágio são definidas as cotas de sexo, idade, escolaridade e renda domiciliar com base em informações estatísticas disponibilizadas pelo Tribunal Superior eleitoral (TSE) e Instituto Brasileiro de geografia e estatística (IBGE). Fontes: Censos 2022 e 2010 e TSE (Abril/2026). O controle das cotas de sexo, idade, escolaridade e renda domiciliar é feito pela equipe de supervisores e pesquisadores que compõe a pesquisa. Perfil da amostra: Masculino 46%, feminino 54%; 16 a 24 anos 14%, 25 a 34 anos 20%, 35 a 44 anos 20%, 45 a 59 anos 25%, 60 anos ou mais 21%; até ensino fundamental completo (inclui os analfabetos, lê e escreve, fundamental incompleto e fundamental completo) 44%, médio (completo ou incompleto) 44% superior (completo ou incompleto) 12%; até 01 salário mínimo (inclui sem rendimentos) 34%, de 01 a 02 salários mínimos 29% e mais de 02 salários mínimos 37%. São previstas eventuais ponderações para as variáveis sexo e idade caso a diferença entre o previsto na amostra e a coleta dos dados seja superior a 3 pontos percentuais; para as variáveis escolaridade e renda domiciliar o fator previsto para ponderação é 1 (resultados obtidos em campo). A amostra é composta por 300 entrevistas aplicadas na população que tenha título de eleitor, more e vote no município de Serra Talhada e distribuída da seguinte forma: Cidade: 76%, Distritos 24%. O intervalo de confiança estimado é de 95% para uma margem de erro para mais ou para menos de 5,7%";"Para realização da pesquisa, vai se utilizar uma equipe de entrevistadores e supervisores, contratados pelo Instituto. Todos devidamente treinados para execução do trabalho. Após a coleta das informações, 20% dos questionários aplicados serão submetidos à verificação de critérios, quanto a sua aplicação e adequação dos entrevistados às variáveis das cotas amostrais.";"A área da pesquisa compreende o município de Serra Talhada composto pelos seguintes distritos e setores censitários: Distrito censitário 05 ¿ Sede do município (Setores censitários 2, 4, 5, 7 a 14, 16, 18 a 21, 24, 26, 27, 29 a 31, 34, 37, 38, 40, 41, 44, 63 a 66, 68 a 70, 74, 77 a 92, 94, 95, 97, 99 a 102, 109 a 115, 128 a 130, 132 a 136, 149 a 179 e 181), Distrito 10 (Setor censitário 001), Distrito censitário 15 (Setor censitário 001), Distrito 18 (Setor censitário 001), Distrito censitário 20 (Setor censitário 001), Distrito 25 (Setor censitário 001), Distrito censitário 28 (Setor censitário 001), Distrito 30 (Setor censitário 001) e Distrito censitário 35 (Setor censitário 001). A relação completa dos bairros e comunidades rurais pesquisados será anexada ao registro até o dia seguinte à data de publicação da pesquisa, conforme Resolução 23.600/2019 do TSE, no art.2º §7º."
"21/07/2026";"05:46:28";2026;81;"Eleições Gerais 2026";"PE";"PE";"PERNAMBUCO";"PE053202026";"2026-04-30 18:46:31";"S";"51772470000104";"INSTITUTO DATATRENDS LTDA";"DATATRENDS";"Governador, Senador";"2026-04-30 00:00:00";"2026-05-03 00:00:00";"2026-05-06 00:00:00";4000;"10663";"Ythalo Hugo da Silva Santos";"50000,00";"Pesquisa quantitativa, com aplicação de entrevistas presenciais, realizadas por meio de questionário estruturado, padronizado e previamente testado. A coleta de dados foi realizada por entrevistadores treinados, mediante abordagem direta aos eleitores em domicílios, conforme planejamento operacional. O universo da pesquisa é composto por eleitores com 16 anos ou mais residentes no estado de Pernambuco. Para definição da distribuição territorial da amostra, adotou-se como referência as Regiões Geográficas Imediatas do estado, conforme classificação do Instituto Brasileiro de Geografia e Estatística, sendo os municípios agregados para fins operacionais de amostragem. As entrevistas foram realizadas em áreas urbanas e rurais dos municípios selecionados, incluindo bairros, localidades e setores censitários previamente definidos no plano amostral.";"Público pesquisado: eleitores do estado de Pernambuco. A amostra foi definida por procedimento probabilístico, com estratificação por regiões geográficas, tomando como base as Regiões Geográficas Imediatas do estado, conforme classificação do IBGE. A alocação da amostra entre as regiões foi realizada de forma proporcional ao tamanho do eleitorado em cada estrato, com base em dados oficiais do Tribunal Superior Eleitoral (TSE), assegurando representatividade estadual. Dentro de cada região, o tamanho amostral foi distribuído entre os municípios selecionados de forma proporcional ao respectivo eleitorado. A distribuição da amostra observa, portanto, a proporcionalidade do eleitorado nas diferentes regiões e municípios, conforme estrutura definida no plano amostral, permitindo a verificação da composição territorial da amostra. Os entrevistados são selecionados diretamente nos domicílios, sendo aplicado filtro de elegibilidade no momento da entrevista para confirmação do domicílio eleitoral e da aptidão para o exercício do voto, sendo considerados apenas eleitores aptos a votar no estado de Pernambuco. Em cada município selecionado, foi adotado plano amostral por conglomerados em dois estágios, com seleção probabilística nas etapas iniciais e controle por cotas na etapa final, assegurando representatividade geográfica e adequada distribuição do eleitorado. No primeiro estágio, foram selecionados setores censitários com probabilidade proporcional ao tamanho (PPT), tomando como base o número de domicílios particulares permanentes, conforme dados do IBGE (Censo 2022). No segundo estágio, foram selecionados domicílios dentro dos setores sorteados, mediante procedimento sistemático de abordagem. Em cada domicílio, o entrevistado foi selecionado com base em cotas proporcionais às características do eleitorado, considerando variáveis como sexo, faixa etária, grau de instrução e nível econômico. Na apresentação final dos resultados, os dados são ponderados para ajuste aos parâmetros populacionais conhecidos, utilizando como fontes públicas o Tribunal Superior Eleitoral (TSE, março de 2026) para sexo, faixa etária e escolaridade (Masculino: 46%; Feminino: 54%; 16 a 24 anos: 13%; 25 a 34 anos: 20%; 35 a 44 anos: 20%; 45 a 59 anos: 25%; 60 anos ou mais: 21%; Analfabeto/lê e escreve: 15%; Ensino Fundamental: 27%; Ensino Médio: 44%; Ensino Superior: 13%) e o Instituto Brasileiro de Geografia e Estatística (IBGE, Censo 2022) para classe de rendimento mensal domiciliar (sem rendimentos ou até 2 salários mínimos: 91%; de 2 a 5 salários mínimos: 7%; superior a 5 salários mínimos: 2%), sempre que identificadas discrepâncias relevantes entre a amostra coletada e os parâmetros do universo pesquisado. Ressalta-se que a variável de nível econômico (renda), embora coletada para fins de caracterização do perfil da amostra, não será utilizada no processo de ponderação dos dados, em razão das limitações inerentes à mensuração dessa variável em pesquisas domiciliares e da ausência de parâmetros específicos consolidados para o eleitorado. O cálculo do tamanho da amostra considera a estimativa de proporções populacionais sob variância máxima (p = 0,5), resultando em margem de erro de aproximadamente 1,55 pontos percentuais para os resultados globais, para mais ou para menos, com nível de confiança de 95%. A relação dos municípios contemplados será anexada até o dia seguinte à divulgação dos resultados, nos termos da Resolução TSE nº 23.600/2019.";"Os pesquisadores envolvidos na realização desta pesquisa são previamente treinados e recebem instruções específicas para cada projeto. O trabalho de campo é executado por equipes de entrevistadores, supervisionadas por coordenadores responsáveis pelo acompanhamento das atividades em cada área de coleta. Após a realização das entrevistas, os questionários passam por processo de conferência e validação, incluindo análise de consistência das respostas e verificação do cumprimento dos critérios amostrais estabelecidos. Adicionalmente, é realizada checagem de parte das entrevistas, correspondente a aproximadamente 20% do total coletado, por meio de supervisão independente, com o objetivo de confirmar a veracidade das informações e a correta aplicação do questionário. Utiliza-se, ainda, sistema informatizado com registro de georreferenciamento das entrevistas, possibilitando o monitoramento da execução do trabalho de campo, rastreabilidade das entrevistas realizadas e controle da cobertura geográfica da coleta.";"#NULO#"
"21/07/2026";"05:46:28";2026;81;"Eleições Gerais 2026";"PE";"PE";"PERNAMBUCO";"PE025522026";"2026-06-11 19:49:29";"S";"22198794000182";"ANDRE CAVALCANTE FALABELLA LTDA";"INSTITUTO DE PESQUISA MULTIPLA";"Governador, Senador";"2026-06-13 00:00:00";"2026-06-16 00:00:00";"2026-06-17 00:00:00";1070;"6149-A";"Eduardo José Pereira da Costa ";"20000,00";"Pesquisa quantitativa, que consiste na realização de entrevistas pessoais, com aplicação de questionários estruturados junto a uma amostra representativa do eleitorado em estudo. Eleitorado do estado de Pernambuco";"Vai se utilizar o método de amostragem estratificada proporcional de conglomerados selecionados com probabilidade proporcional ao tamanho (PPT) em 03 estágios. No primeiro estágio separam-se as mesorregiões do estado usando-se o método PPT (probabilidade proporcional ao tamanho). No segundo estágio os conglomerados selecionados são os municípios com base no método PPT (probabilidade proporcional ao tamanho). A medida de tamanho adotada para a seleção dos conglomerados é a população residente nas mesorregiões e municípios, de acordo com dados censitários disponibilizados pelo Instituto Brasileiro de Geografia e Estatística (IBGE). No terceiro estágio são definidas as cotas de sexo, idade, escolaridade e renda domiciliar conforme informações estatísticas disponibilizadas pelo Tribunal Superior Eleitoral (TSE) e pelo Instituto Brasileiro de Geografia e Estatística (IBGE). Fontes (Censo 2022 e estimativa populacional 2025 para distribuição das entrevistas nas mesorregiões e municípios; TSE Maio de 2026 para distribuição das entrevistas por sexo, idade e escolaridade; Censo 2010 para distribuição das entrevistas por renda domiciliar). O controle das cotas de sexo, idade, escolaridade e renda domiciliar é feito pela equipe de supervisores e pesquisadores que compõe a pesquisa. Perfil da amostra: Masculino 46%; feminino 54%; 16 a 24 anos 14%; 25 a 34 anos 20%; 35 a 44 anos 20%; 45 a 59 anos 25%; 60 anos ou mais 21%; até ensino fundamental  completo (inclui os analfabetos, lê e escreve, fundamental I incompleto, fundamental I completo, fundamental II incompleto e fundamental II completo ) 42%; médio (completo e incompleto) 45%; superior (completo e incompleto) 13%; Até 01 salário mínimo (inclui os sem rendimentos) 31%; De 01 a 02 salários mínimos 28%; De 02 a 05 salários mínimos 27% e acima de 05 salários mínimos 14%. São previstas eventuais ponderações para as variáveis sexo e idade, caso a diferença entre o previsto na amostra e a coleta dos dados seja superior a 3 pontos percentuais; Devido à ausência de dados atualizados para a variável escolaridade e ausência de dados consolidados no censo 2022 para a variável renda domiciliar o fator previsto para ponderação das duas variáveis é 1 (resultados obtidos em campo). A amostra é composta por 1070 entrevistas aplicadas na população que tenha título de eleitor, more e vote no estado de Pernambuco e distribuídas da seguinte forma: Região Metropolitana (42%), Zona da Mata (14%), Agreste (25%) e Sertão (19%). O intervalo de confiança estimado é de 95% para uma margem de erro para mais ou para menos de 3,0%";"Para realização da pesquisa, vai se utilizar uma equipe de entrevistadores e supervisores, contratados pelo Instituto. Todos devidamente treinados para execução do trabalho. Após a coleta das informações, 20% dos questionários aplicados serão submetidos à verificação de critérios, quanto a sua aplicação e adequação dos entrevistados às variáveis das cotas amostrais";"A área de abrangência da coleta de dados é o estado de Pernambuco, composto pelas seguintes Mesorregiões: Região Metropolitana, Zona da Mata, Agreste e Sertão. A relação completa dos municípios, bairros e localidades rurais pesquisadas será anexada ao registro até o dia seguinte à data de publicação da pesquisa, conforme Resolução 23.600/2019 do TSE, no art.2º §7º."
"21/07/2026";"05:46:28";2026;81;"Eleições Gerais 2026";"PE";"PE";"PERNAMBUCO";"PE095952026";"2026-01-30 17:21:55";"N";"07630546000175";"DATAFOLHA INSTITUTO DE PESQUISAS LTDA.";"#NULO#";"Governador, Senador";"2026-02-02 00:00:00";"2026-02-05 00:00:00";"2026-02-05 00:00:00";1022;"7249";"Renata Nunes Cesar";"115000,00";"Pesquisa do tipo quantitativo, por amostragem, com aplicação de questionário estruturado e abordagem pessoal em pontos de fluxo populacional. A população do estado de Pernambuco, com 16 anos ou mais, foi tomada como universo da pesquisa.

";"Universo: População com 16 anos ou mais, do estado de Pernambuco
Tamanho da amostra: A amostra prevista é de 1022 entrevistas. 
Técnica de amostragem: A amostra é estratificada por natureza dos municípios (capital, região metropolitana ou interior). Em cada estrato, num primeiro estágio, são sorteados com probabilidade proporcional ao tamanho (PPT) os municípios que farão parte do levantamento. Num segundo estágio, são sorteados os bairros e pontos de abordagem onde serão aplicadas as entrevistas.  Por fim, os entrevistados são selecionados aleatoriamente para responder ao questionário, de acordo com cotas de gênero e faixa etária. 

Os dados utilizados para definição e seleção da amostra são baseados nos dados fornecidos pelo IBGE (Censo 2022, PNADC 2024 e Estimativa populacional 2025), além de dados primários de outros levantamentos do instituto.  Os dados relativos a gênero e faixa etária são: Homens: 46%, mulheres: 54%, 16 a 24 anos 17%, 25 a 34 anos 20%, 35 a 44 anos 20%, 45 a 59 anos 24% e 60 anos ou mais 19%.

Para a variável grau de instrução os dados utilizados como referência são: até nível médio completo ou incompleto (inclui os sem escolaridade e analfabetos) =81% e nível superior (inclui superior incompleto) = 19%.

Ponderação dos resultados: Está prevista ponderação considerando as variáveis natureza do município, gênero e faixa etária. A variável escolaridade poderá ser ajustada de acordo com os percentuais detalhados anteriormente caso a diferença entre os valores descritos e observados sejam maiores que a margem de erro definida.  Para o nível econômico do entrevistado (renda familiar mensal declarada pelo respondente), a distribuição observada em levantamentos anteriores do instituto e utilizada como referência foi: Até 2 S.M. (salários mínimos)=69%, mais de 2 S.M.=28%, não souberam ou recusaram a resposta=3%.  O fator previsto para ponderação é 1 (resultados obtidos em campo).


Margem de Erro: A margem de erro máxima prevista é de 3 pontos percentuais para mais ou para menos, considerando um nível de confiança de 95% e baseada em uma amostra aleatória simples (AAS). Os intervalos de confiança serão calculados considerando os resultados obtidos para um nível de confiança de 95%.
";"Os entrevistadores envolvidos na realização desta pesquisa são treinados pelo Instituto e recebem instruções específicas para cada projeto realizado. A coleta será feita com a utilização de tablet e questionário eletrônico. São checados, no mínimo, 20% dos questionários de cada pesquisador, seja in loco por supervisores de campo ou, posteriormente, por telefone. Internamente, todo o material é verificado e codificado. Antes do processamento final e emissão dos resultados, realiza-se processo de consistência dos dados. Os dados coletados e tratados nesta pesquisa atendem às exigências da LGPD, Lei Geral de Proteção de Dados, garantindo ao respondente o sigilo de sua identidade e o correto tratamento de suas respostas";"A área de abrangência da coleta dos dados é o estado de Pernambuco. A relação completa dos municípios e bairros pesquisados será anexada ao registro até o dia seguinte à data de publicação da pesquisa, conforme Resolução 23.600/2019 do TSE, no art.2º §7º. "
"21/07/2026";"05:46:28";2026;81;"Eleições Gerais 2026";"PE";"PE";"PERNAMBUCO";"PE017152026";"2026-02-20 00:00:00";"S";"51772470000104";"INSTITUTO DATATRENDS LTDA";"DATATRENDS";"Governador, Senador";"2026-02-23 00:00:00";"2026-02-24 00:00:00";"2026-02-26 00:00:00";1200;"10663";"Ythalo Hugo da Silva Santos";"15000,00";"Pesquisa quantitativa por amostragem, com procedimento probabilístico estratificado por mesorregião, realizada por meio de questionário estruturado aplicado via contatos telefônicos (fixos e móveis), com abrangência estadual. A estratificação regional é definida com base na distribuição do eleitorado por mesorregião, conforme dados oficiais do Tribunal Superior Eleitoral (TSE) e do Instituto Brasileiro de Geografia e Estatística (IBGE), sendo os contatos telefônicos previamente classificados segundo sua área de registro e posteriormente confirmados quanto ao domicílio eleitoral do entrevistado no momento da entrevista. A base de contatos utilizada possui cobertura estadual e é composta por registros oriundos de fontes públicas acessíveis e por base própria constituída em pesquisas anteriores realizadas pelo instituto, observadas as disposições da Lei nº 13.709/2018 (Lei Geral de Proteção de Dados). A seleção dos entrevistados ocorre mediante sorteio aleatório dos contatos dentro de cada estrato definido, sem qualquer direcionamento por variável eleitoral ou preferência política, assegurando que todos os registros elegíveis possuam probabilidade conhecida e não nula de seleção. O universo da pesquisa é composto por eleitores com 16 anos ou mais, aptos a votar no estado de Pernambuco, sendo aplicado filtro de elegibilidade para confirmação do domicílio eleitoral e da aptidão para voto. A distribuição da amostra segue a proporcionalidade da população eleitoral de cada mesorregião, sendo posteriormente aplicados procedimentos de ponderação para ajuste aos parâmetros populacionais conhecidos.";"Público pesquisado: eleitores do estado de Pernambuco. A amostra é definida por procedimento probabilístico, com alocação proporcional segundo o método de Probabilidade Proporcional ao Tamanho (PPT), tomando como referência a distribuição do eleitorado nas mesorregiões do estado, conforme dados oficiais do Tribunal Superior Eleitoral (TSE) e do Instituto Brasileiro de Geografia e Estatística (IBGE), de modo a assegurar representatividade estadual. A seleção dos entrevistados ocorre por estratificação por mesorregião, com sorteio aleatório de contatos telefônicos (fixos e móveis) dentro de cada estrato, a partir de base de dados com cobertura estadual. Os contatos são classificados preliminarmente segundo sua área de registro e têm o domicílio eleitoral confirmado no momento da entrevista, mediante aplicação de filtro de elegibilidade, sendo considerados apenas entrevistados aptos a votar no estado de Pernambuco. A seleção dentro de cada estrato assegura que todos os registros elegíveis da base possuam probabilidade conhecida e não nula de seleção, sem qualquer direcionamento por variável eleitoral ou preferência política. Na apresentação final dos resultados, os dados são ponderados para ajuste aos parâmetros populacionais conhecidos, utilizando como fontes públicas o Tribunal Superior Eleitoral (TSE, dezembro de 2025) para sexo, faixa etária e escolaridade (Masculino: 46%; Feminino: 54%; 16 a 24 anos: 13%; 25 a 34 anos: 20%; 35 a 44 anos: 20%; 45 a 59 anos: 26%; 60 anos ou mais: 21%; Analfabeto/lê e escreve: 15%; Ensino Fundamental: 28%; Ensino Médio: 44%; Ensino Superior: 13%) e o Instituto Brasileiro de Geografia e Estatística (IBGE, Censo 2022) para classe de rendimento mensal domiciliar (sem rendimentos ou até 2 salários mínimos: 81%; de 2 a 5 salários mínimos: 14%; superior a 5 salários mínimos: 5%). Está prevista ponderação para correção das variáveis de sexo e faixa etária conforme os parâmetros do TSE e a distribuição observada na coleta e fator de ponderação igual a 1 para escolaridade e renda domiciliar. O cálculo do tamanho da amostra considera a estimativa de proporções populacionais sob variância máxima (p = 0,5), resultando em margem de erro de aproximadamente 2,83 pontos percentuais para os resultados globais, para mais ou para menos, com nível de confiança de 95%. A relação dos municípios contemplados será anexada até o dia seguinte à divulgação dos resultados, nos termos da Resolução TSE nº 23.600/2019.

";"A verificação e conferência são realizadas por meio da análise dos bancos de dados contendo as respostas dos entrevistados que concluíram o questionário e dos registros (logs) do sistema de telefonia, com checagem dos números discados, duração e consistência das chamadas efetuadas. Adicionalmente, parte das entrevistas é submetida à auditoria por supervisão, com procedimentos de crítica e verificação de consistência das respostas, visando assegurar a qualidade e a fidedignidade das informações coletadas.";"A relação dos municípios contemplados será anexada até o dia seguinte à divulgação. "
"21/07/2026";"05:46:28";2026;81;"Eleições Gerais 2026";"PE";"PE";"PERNAMBUCO";"PE094692026";"2026-07-10 10:45:27";"N";"09170122000109";"FRANCISCO VIRGULINO DE AMORIM";"IMAPE - INST. MAJORITARIO DE PESQUISAS E ESTATISTICAS";"Governador, Senador, Deputado Federal, Deputado Estadual";"2026-07-11 00:00:00";"2026-07-13 00:00:00";"2026-07-16 00:00:00";600;"10808";"JERFSON BRUNO DO NASCIMENTO HONORIO";"10000,00";"Nota 1: Pode ocorrer que o total da linha não corresponda exatamente ao somatório das células individuais devido ao arredondamento computacional. No entanto, essas diferenças são compensadas em outras linhas, sem perda da representatividade da amostra. É normal que algumas células apresentem mais entrevistas do que o registrado, pois arredondamos números para refletir a realidade da pesquisa. Por exemplo, se a distribuição resultar em 1,5 entrevistas, arredondamos para 2 entrevistas, pois não é possível realizar uma fração de entrevista. Logo, o somatório pode apresentar uma soma superior ao registrado.

Nota 2: É importante destacar que o registro é exclusivamente para fins de divulgação, o que significa que uma pesquisa pode ser realizada antes ou depois da data de registro. Este requisito está claramente estabelecido no Artigo 10 da resolução. Art. 10. Na divulgação dos resultados de pesquisas, ATUAIS OU NÃO, serão obrigatoriamente informados: I - o período de realização da coleta de dados; II - a margem de erro; III - o nível de confiança; IV - o número de entrevistas; V - o nome da entidade ou da empresa que a realizou e, se for o caso, de quem a contratou; VI - o número de registro da pesquisa.

Nota 3: Ao registrar uma pesquisa, é comum cometer erros de digitação ou outros equívocos. O TSE permite a correção ou exclusão de registros no sistema PesqEle até 5 dias após a data de registro. Quando uma modificação é realizada, o sistema gera um novo número de registro e atualiza a data para a data da modificação, conforme o artigo 8 da resolução. Em relação à exclusão, o sistema permite a remoção total do registro. Após os 5 dias, o sistema impede quaisquer modificações ou exclusões. É importante observar que é possível excluir um registro e refazê-lo com as mesmas informações do registro excluído, como questionário, nota fiscal, entre outros. Art. 8o O registro da pesquisa poderá ser alterado desde que não expirado o prazo de 5 (cinco) dias para a divulgação do seu resultado. § 1o A alteração de que trata o caput implica a atribuição de novo número de identificação à pesquisa e o reinício da contagem do prazo previsto no caput do art. 2o desta Resolução, a partir do recebimento das alterações com a indicação, pelo sistema, da nova data a partir da qual será permitida a divulgação da pesquisa. § 3o ...a pesquisa ser cancelada pela própria usuária ou pelo próprio usuário, sem prejuízo da apresentação de um novo registro.

Nota 4: Pagante(S) Do Trabalho Em Branco: Quando o campo 'pagante' está em branco, isso ocorre porque o contratante é também o pagante da pesquisa. O sistema do TSE presume que qualquer pessoa com um mínimo de interesse verificará facilmente a origem dos recursos ao lado do nome do contratante, fora que a nota fiscal também está disponível para qualquer pessoa. A informação de pagante só é preenchida quando há duas partes envolvidas: um contratante e um pagante";"I) Público Pesquisado: Eleitores no município de Timbaúba, estado Pernambuco. Modalidade de aplicação: entrevistas presenciais.

II) Tipo de Amostra: A amostra é representativa do eleitorado municipal, selecionada em três estágios. No primeiro estágio, os setores censitários são sorteados de forma probabilística utilizando o método da probabilidade proporcional ao tamanho (PPT), com base na população residente de cada setor. No segundo estágio, as ruas e/ou sítios dentro dos setores sorteados são selecionados aleatoriamente para conduzir as entrevistas. No terceiro estágio, os entrevistados são escolhidos dentro das ruas e/ou sítios selecionados, utilizando cotas proporcionais aos atributos de sexo, faixa etária, grau de instrução e renda, de acordo com o perfil do eleitorado em estudo. Fonte de Dados: Tribunal Superior Eleitoral (TSE, July/2026) e Instituto Brasileiro de Geografia e Estatística (IBGE, CENSO 2022).

III) Tamanho da Amostra: 600 entrevistas.

IV) Ponderação: A ponderação é realizada considerando 53.6% para o sexo feminino e 46.4% para o sexo masculino. Em relação às faixas etárias, a distribuição é a seguinte: 12.9% de 16 a 24 anos, 19.2% de 25 a 34 anos, 20.1% de 35 a 44 anos, 25.3% de 45 a 59 anos e 22.5% com 60 anos ou mais. Para o grau de instrução, são utilizadas as seguintes categorias: 14.4% de Analfabeto/Lê e Escreve, 33.8% até o ensino fundamental, 42.2% até o ensino médio e 9.6% até a faculdade ou mais. Em relação à renda, são utilizadas as seguintes categorias: 41.2% até 1 salário mínimo, 31% de 1 a 2 salários mínimos e 27.8% acima de 2 salários mínimos. Está prevista uma ponderação para correção de variáveis de sexo e faixa etária, com base nos percentuais acima apresentados, de acordo com o previsto na amostra (TSE) e a coleta realizada. Para as variáveis de escolaridade e renda domiciliar mensal, o fator de ponderação será igual a 1, conforme os resultados obtidos em campo.

V) Área Física de Realização da Pesquisa: A amostra será coletada em toda a extensão geográfica do município de Timbaúba, estado Pernambuco.

VI) Intervalo de Confiança/Margem de Erro: O intervalo de confiança estimado é de 95% com uma margem de erro de 3.97% para mais ou para menos sobre os resultados encontrados no total da amostra. Este grau de confiança e margem de erro não devem ser considerados para resultados dentro de cada estrato, nem para os resultados gerados pelos cruzamentos de variáveis. Os percentuais que não totalizam 100% são devido a arredondamentos ou a múltiplas alternativas de resposta. O cálculo amostral é realizado pela proporção [estimador = p e (1-p) ou p e q).

VII) O modelo de questionário aplicado está disponível em anexo (com as alternativas aleatorizadas por software e por disco).

VIII) Na elaboração de todos os questionários emitidos pela empresa IMAPE, é implementado um sistema de aleatorização para a ordem das respostas de cada uma das perguntas. Para isso, são disponibilizados discos para cada uma das questões que necessitam de aleatoriedade. Essa prática é essencial para evitar possíveis vieses que poderiam surgir caso as respostas fossem sempre apresentadas na mesma ordem. Ao aleatorizar as respostas, garantimos que todos os participantes tenham a mesma oportunidade de encontrar cada resposta em diferentes posições do questionário. Isso contribui significativamente para minimizar qualquer influência que a ordem das perguntas possa ter sobre as respostas.";"Para a realização da pesquisa utiliza-se uma equipe de entrevistadores e coordenadores de campo devidamente treinado para o trabalho pela empresa IMAPE. Durante a realização dos trabalhos de campo, os entrevistadores são submetidos a uma fiscalização permanente por parte dos coordenadores de campo e são realizadas checagem de 20% da amostra para atestar a realização das entrevistas e a fidedignidade dos dados, garantindo-se dessa forma, robustez na precisão dos estimadores dos parâmetros populacionais.";"Em anexo"
"21/07/2026";"05:46:28";2026;81;"Eleições Gerais 2026";"PE";"PE";"PERNAMBUCO";"PE004782026";"2026-07-04 13:36:39";"N";"81908345000140";"INSTITUTO PARANA DE PESQUISAS E ANALISE DE CONSUMIDOR LTDA";"#NULO#";"Governador, Senador";"2026-07-07 00:00:00";"2026-07-09 00:00:00";"2026-07-10 00:00:00";1500;"10245 - 4ª";"Tatiani Cristina Ara";"50000,00";"Pesquisa com metodologia quantitativa, com a realização de entrevistas pessoais, domiciliares e presenciais, utilizando questionário estruturado junto a uma amostra representativa do eleitorado do Estado de Pernambuco.


";"""A amostra será representativa do eleitorado da área pesquisada e será selecionada em três etapas. Na primeira etapa realiza-se um sorteio probabilístico dos municípios onde as entrevistas serão realizadas através do método PPT (Probabilidade Proporcional ao Tamanho), considerando a população eleitora com 16 anos ou mais residente nos municípios como base para essa seleção. Na segunda etapa, faz-se um sorteio probabilístico das localidades, onde as entrevistas serão realizadas, através do método PPT (Probabilidade Proporcional ao Tamanho), tomando a população eleitora de 16 anos ou mais residente nas localidades como base para essa seleção. Na terceira etapa, a seleção do entrevistado dentro da localidade, será feita utilizando-se quotas amostrais proporcionais, em função das seguintes variáveis:
GÊNERO: TSE Maio 2026 (https://sig.tse.jus.br/ords/dwapr/r/seai/sig-eleitor-eleitorado-mensal/cruzamento-eleitorado-mensal?p24_metricas=E&p24_back=22&p24_cruzamento_1=ds_sexo&clear=24&p0_uf=PE&p0_mes=5&debug=LEVEL5&session=312990078978641)
Masculino - 46%; |
Feminino - 54%; |
FAIXA ETÁRIA: TSE Maio 2026 (https://sig.tse.jus.br/ords/dwapr/r/seai/sig-eleitor-eleitorado-mensal/cruzamento-eleitorado-mensal?p24_cruzamento_1=ds_faixa_etaria&p24_metricas=E&p24_back=22&clear=24&p0_uf=PE&p0_mes=5&debug=LEVEL5&session=8904950028837)
Entre 16 e 24 anos: 14%; |
Entre 25 e 34 anos: 20%; |
Entre 35 e 44 anos: 20%; |
Entre 45 e 59 anos: 25%; |
Com 60 anos ou mais: 21%; |
ESCOLARIDADE: TSE Maio 2026 (https://sig.tse.jus.br/ords/dwapr/r/seai/sig-eleitor-eleitorado-mensal/cruzamento-eleitorado-mensal?p24_cruzamento_1=ds_grau_instrucao&p24_metricas=E&p24_back=22&clear=24&p0_uf=PE&p0_mes=5&debug=LEVEL5&session=309383598034615)
De analfabeto até ensino fundamental completo: 42%; |
Ensino médio incompleto ou completo: 45% |
Ensino superior incompleto ou completo: 13% |
RENDA DOMICILIAR MENSAL:  (https://cidades.ibge.gov.br/brasil/pe/pesquisa/23/24304) IBGE - Censo 2010. Observação: Conforme informações obtidas do Instituto Brasileiro de Geografia e Estatística, o IBGE, não divulgou - e não tem previsão - de data para divulgação do perfil econômico (nível econômico) da população brasileira; portanto, os dados quanto ao nível econômico obtidos no Censo 2022, não podem ser utilizados, pois não foram publicados. (https://censo2022.ibge.gov.br/panorama/)
Sem rendimentos até 2 salários mínimos: 66% |
Mais de 2 a 5 salários mínimos: 23% |
Mais de 5 salários mínimos: 11% |
Está prevista eventual ponderação para correção das variáveis gênero e faixa etária, com base nos percentuais acima apresentados, caso ocorram diferenças superiores a 3,0 (três) pontos percentuais entre o previsto na amostra e a coleta realizada; para as variáveis escolaridade e renda domiciliar mensal, o fator de ponderação é igual a 1 (resultados obtidos no campo). O nível de confiança estimado é de 95% (noventa e cinco por cento) para uma margem de erro estimada, considerando uma técnica de amostragem aleatória simples, de aproximadamente 2,6 (dois vírgula seis) pontos percentuais para mais ou para menos sobre os resultados obtidos.""





";"""As entrevistas serão conduzidas por uma equipe de entrevistadores e supervisores devidamente qualificados pelo Instituto Paraná Pesquisas, todos com experiência e treinamento específico em pesquisas de opinião pública. 
Controle: O controle do processo será realizado por meio de um software de coleta de dados, o qual permitirá o monitoramento garantindo o cumprimento das cotas amostrais.
Conferência e Fiscalização: Durante a coleta de dados os questionários aplicados são fiscalizados e conferidos através de um supervisor.   
Adicionalmente, pelo menos 30% dos questionários passarão por uma verificação posterior, que avaliará a precisão na aplicação e a adequação dos entrevistados às variáveis das quotas amostrais. Ou seja, no mínimo 450 entrevistas desta pesquisa serão auditadas pela equipe de qualidade do Instituto Paraná Pesquisas, podendo essa auditoria ser solicitada ao Instituto a qualquer momento.
Verificação: Após a coleta, os questionários passam por uma etapa de verificação e validação dos dados, para garantir a integridade e precisão dos dados coletados.""





";" ""A pesquisa será realizada no Estado de Pernambuco, a relação dos dados relativos aos municípios e às localidades será apresentado até o dia seguinte à data a partir da qual a pesquisa puder ser divulgada, conforme §7º do art. 2º da Resolução-TSE nº. 23.600/2019""





"
"21/07/2026";"05:46:28";2026;81;"Eleições Gerais 2026";"PE";"PE";"PERNAMBUCO";"PE049382026";"2026-06-10 22:57:36";"N";"09170122000109";"FRANCISCO VIRGULINO DE AMORIM";"IMAPE - INST. MAJORITARIO DE PESQUISAS E ESTATISTICAS";"Governador, Senador, Deputado Federal, Deputado Estadual";"2026-06-09 00:00:00";"2026-06-11 00:00:00";"2026-06-16 00:00:00";600;"10808";"CP-Brasil AC Certisign RFB G5 A1 17334115000115 JERFSON BRUNO DO NASCIMENTO HONORIO";"10000,00";"Apresentam-se os dados da pesquisa eleitoral de opinião pública a ser conduzida no Município de
Vicência, estado Pernambuco. Esta pesquisa quantitativa será realizada por meio de entrevistas pessoais e
domiciliares, utilizando questionários estruturados e padronizados, aplicados a uma amostra
representativa da população alvo. A coleta de dados será conduzida por meio de dispositivos eletrônicos,
tais como smartphones e tablets. Nota 1: Pode ocorrer que o total da linha não corresponda exatamente
ao somatório das células individuais devido ao arredondamento computacional. No entanto, essas
diferenças são compensadas em outras linhas, sem perda da representatividade da amostra. É normal que
algumas células apresentem mais entrevistas do que o registrado, pois arredondamos números para
refletir a realidade da pesquisa. Por exemplo, se a distribuição resultar em 1,5 entrevistas, arredondamos
para 2 entrevistas, pois não é possível realizar uma fração de entrevista. Logo, o somatório pode
apresentar uma soma superior ao registrado. Nota 2: É importante destacar que o registro é
exclusivamente para fins de divulgação, o que significa que uma pesquisa pode ser realizada antes ou
depois da data de registro. Este requisito está claramente estabelecido no Artigo 10 da resolução. Art. 10. Na divulgação dos resultados de pesquisas, ATUAIS OU NÃO, serão obrigatoriamente informados: I - o
período de realização da coleta de dados; II - a margem de erro; III - o nível de confiança; IV - o número
de entrevistas; V - o nome da entidade ou da empresa que a realizou e, se for o caso, de quem a
contratou; VI - o número de registro da pesquisa. Nota 3: Ao registrar uma pesquisa, é comum cometer
erros de digitação ou outros equívocos. O TSE permite a correção ou exclusão de registros no sistema
PesqEle até 5 dias após a data de registro. Quando uma modificação é realizada, o sistema gera um novo
número de registro e atualiza a data para a data da modificação, conforme o artigo 8 da resolução. Em
relação à exclusão, o sistema permite a remoção total do registro. Após os 5 dias, o sistema impede
quaisquer modificações ou exclusões. É importante observar que é possível excluir um registro e refazê-
lo com as mesmas informações do registro excluído, como questionário, nota fiscal, entre outros. Art. 8o
O registro da pesquisa poderá ser alterado desde que não expirado o prazo de 5 (cinco) dias para a
divulgação do seu resultado. § 1o A alteração de que trata o caput implica a atribuição de novo número
de identificação à pesquisa e o reinício da contagem do prazo previsto no caput do art. 2o desta
Resolução, a partir do recebimento das alterações com a indicação, pelo sistema, da nova data a partir da
qual será permitida a divulgação da pesquisa. § 3o ...a pesquisa ser cancelada pela própria usuária ou
pelo próprio usuário, sem prejuízo da apresentação de um novo registro. Nota 4: Pagante(S) Do Trabalho
Em Branco: Quando o campo 'pagante' está em branco, isso ocorre porque o contratante é também o
pagante da pesquisa. O sistema do TSE presume que qualquer pessoa com um mínimo de interesse
verificará facilmente a origem dos recursos ao lado do nome do contratante, fora que a nota fiscal
também está disponível para qualquer pessoa. A informação de pagante só é preenchida quando há duas
partes envolvidas: um contratante e um pagante";"I) Público Pesquisado: Eleitores no município de Vicência, estado Pernambuco. II) Tipo de Amostra: A
amostra é representativa do eleitorado municipal, selecionada em três estágios. No primeiro estágio, os
setores censitários são sorteados de forma probabilística utilizando o método da probabilidade
proporcional ao tamanho (PPT), com base na população residente de cada setor. No segundo estágio, as
ruas e/ou sítios dentro dos setores sorteados são selecionados aleatoriamente para conduzir as entrevistas.
No terceiro estágio, os entrevistados são escolhidos dentro das ruas e/ou sítios selecionados, utilizando
cotas proporcionais aos atributos de sexo, faixa etária, grau de instrução e renda, de acordo com o perfil
do eleitorado em estudo. Fonte de Dados: Tribunal Superior Eleitoral (TSE, June/2026) e Instituto
Brasileiro de Geografia e Estatística (IBGE, CENSO 2022). III) Tamanho da Amostra: 600 entrevistas.
IV) Ponderação: A ponderação é realizada considerando 52.4% para o sexo feminino e 47.6% para o
sexo masculino. Em relação às faixas etárias, a distribuição é a seguinte: 14% de 16 a 24 anos, 21.2% de
25 a 34 anos, 20.7% de 35 a 44 anos, 24.2% de 45 a 59 anos e 20% com 60 anos ou mais. Para o grau de
instrução, são utilizadas as seguintes categorias: 19.2% de Analfabeto/Lê e Escreve, 34.4% até o ensino
fundamental, 40.1% até o ensino médio e 6.3% até a faculdade ou mais. Em relação à renda, são
utilizadas as seguintes categorias: 45.6% até 1 salário mínimo, 31.7% de 1 a 2 salários mínimos e 22.7%
acima de 2 salários mínimos. Está prevista uma ponderação para correção de variáveis de sexo e faixa
etária, com base nos percentuais acima apresentados, de acordo com o previsto na amostra (TSE) e a
coleta realizada. Para as variáveis de escolaridade e renda domiciliar mensal, o fator de ponderação será
igual a 1, conforme os resultados obtidos em campo. V) Área Física de Realização da Pesquisa: A
amostra será coletada em toda a extensão geográfica do município de Vicência, estado Pernambuco. VI)
Intervalo de Confiança/Margem de Erro: O intervalo de confiança estimado é de 95% com uma margem
de erro de 3.95% para mais ou para menos sobre os resultados encontrados no total da amostra. Este grau
de confiança e margem de erro não devem ser considerados para resultados dentro de cada estrato, nem
para os resultados gerados pelos cruzamentos de variáveis. Os percentuais que não totalizam 100% são
devido a arredondamentos ou a múltiplas alternativas de resposta. O cálculo amostral é realizado pela
proporção [estimador = p e (1-p) ou p e q). VII) O modelo de questionário aplicado está disponível em anexo (com as alternativas aleatorizadas por software e por disco). VIII) Na elaboração de todos os
questionários emitidos pela empresa IMAPE, é implementado um sistema de aleatorização para a ordem
das respostas de cada uma das perguntas. Para isso, são disponibilizados discos para cada uma das
questões que necessitam de aleatoriedade. Essa prática é essencial para evitar possíveis vieses que
poderiam surgir caso as respostas fossem sempre apresentadas na mesma ordem. Ao aleatorizar as
respostas, garantimos que todos os participantes tenham a mesma oportunidade de encontrar cada
resposta em diferentes posições do questionário. Isso contribui significativamente para minimizar
qualquer influência que a ordem das perguntas possa ter sobre as respostas.";"
Para a realização da pesquisa utiliza-se uma equipe de entrevistadores e coordenadores de campo
devidamente treinado para o trabalho pela empresa IMAPE. Durante a realização dos trabalhos de
campo, os entrevistadores são submetidos a uma fiscalização permanente por parte dos coordenadores de
campo e são realizadas checagem de 20% da amostra para atestar a realização das entrevistas e a
fidedignidade dos dados, garantindo-se dessa forma, robustez na precisão dos estimadores dos
parâmetros populacionais.";"Em anexo"
"21/07/2026";"05:46:28";2026;81;"Eleições Gerais 2026";"PE";"PE";"PERNAMBUCO";"PE089042026";"2026-04-22 18:20:33";"N";"22445600000104";"QUAEST PESQUISAS, CONSULTORIA E PROJETOS LTDA.";"#NULO#";"Governador, Senador";"2026-04-22 00:00:00";"2026-04-26 00:00:00";"2026-04-28 00:00:00";900;"6731";"Margarida Maria de Mendonça";"183218,59";"Pesquisa quantitativa, de survey, que consiste na realização de entrevistas pessoais, domiciliares e presenciais, conduzidas por profissionais treinados, com a aplicação de questionários estruturados a uma amostra representativa da população votante de 16 anos ou mais residente no estado de Pernambuco. O desenho amostral aplicado combina sorteio probabilístico de municípios e de setores censitários fornecidos pelo IBGE (unidades territoriais homogêneas, de tamanho similar a quadras ou blocos), dentro dos quais serão selecionadas pessoas respondentes por meio de cotas amostrais.";"O público pesquisado é composto por eleitores de 16 anos ou mais residentes na área de abrangência da pesquisa. Para produzir uma amostra representativa desse público-alvo, utilizamos um desenho amostral por conglomerados que prevê três estágios. No primeiro estágio, é feito um sorteio probabilístico de municípios para comporem a amostra por meio do método PPT (Probabilidade Proporcional ao Tamanho) a partir de suas populações votantes acima de 16 anos. Dentro da lista de municípios sorteados, no segundo estágio, é realizado um sorteio probabilístico por meio do método PPT (Probabilidade Proporcional ao Tamanho) de setores censitários a serem visitados pelos entrevistadores, sorteio que tem como base o total de habitantes residentes nos setores de acordo com dados do Censo de 2022, o que garante a dispersão aleatória e estatística da amostra dentro dos territórios municipais, independentemente de divisões administrativas. Finalmente, dentro da lista de setores censitários sorteados, no último estágio são selecionados domicílios e pessoas a serem entrevistadas utilizando-se cotas amostrais para as seguintes variáveis: sexo, idade, renda familiar e escolaridade. O perfil da amostra, definido pelas cotas previstas, é o seguinte:

Sexo: Masculino (46%); Feminino (54%). 
Faixa etária: 16-34 anos (33%); 35-59 anos (45%); 60 ou mais (22%). 
Renda domiciliar total, incluindo pensões, benefícios e rendimentos de trabalhos informais: Até 2 salários-mínimos (55%); Mais de 2 a 5 salários-mínimos (34%); Mais de 5 salários-mínimos (11%). 
Nível de instrução: Até Fundamental completo ou médio incompleto (47%); Médio completo ou superior incompleto (38%); Superior completo ou mais (15%). 

Fonte dos dados: para a distribuição de sexo e idade, TSE-Tribunal Superior Eleitoral - março/2026; para a malha de setores censitários, Censo 2022 (IBGE); para a distribuição de renda domiciliar, PNADc Anual 2024, 5a visita (IBGE); e, para a distribuição de escolaridade/instrução, PNADc trimestral 4-2025 (IBGE). A PNADc é utilizada por ser a fonte oficial mais atualizada de rendimentos do país, incluindo rendimentos informais, pensões, entre outros, e corrigindo as defasagens temporais do Censo 2022, além de ser a fonte mais atualizada de nível de instrução da população com 16 anos ou mais dada ausência de atualização obrigatória da escolaridade no registro de eleitores do TSE.

Está prevista eventual pós-estratificação da amostra, por meio de algoritmos de calibração (rake) e modelos (MrP), para correção de estimativas e das distribuições das variáveis sexo, idade, renda familiar e escolaridade, com base nos percentuais anteriormente mencionados, caso ocorram diferenças entre os percentuais previstos na amostra e a coleta de dados realizada. 

Dentro do público-alvo anteriormente descrito, serão realizadas 900 entrevistas. O nível de confiança das estimativas é de 95% e a margem de erro máxima prevista, atendendo às diretivas do TSE e usando o cálculo para amostra aleatória simples (AAS) como aproximação, é de cerca de 3 pontos percentuais para mais ou para menos em relação aos totais da amostra.";"As entrevistas serão realizadas por uma equipe de entrevistadores devidamente qualificada, com experiência e treinamento em pesquisa de opinião pública. Todo trabalho é feito em tablets ou outros dispositivos eletrônicos. Após a realização da coleta de dados, as entrevistas junto aos respondentes são checadas por meio de procedimentos de consistência e de georreferenciamento dos locais de aplicação em tempo real. Adicionalmente, ao longo e após os trabalhos de campo, é realizada uma fiscalização que consiste na checagem de áudio de uma amostra de 30% dos questionários aplicados para verificação das respostas e da adequação dos entrevistados aos parâmetros amostrais.";"A área de abrangência da coleta é o território do estado de Pernambuco. A relação do número de pessoas pesquisadas nas áreas de aplicação da pesquisa, discriminadas por município, bairros e setores censitários a partir dos identificadores utilizados pelo IBGE, além da composição do eleitorado entrevistado na área de abrangência quanto a gênero, idade, grau de instrução e nível econômico, constará em anexo. O mapa com os códigos destes setores censitários e as áreas que delimitam no país todo podem ser conferidos na seguinte fonte oficial: https://censo2022.ibge.gov.br/panorama/mapas.html?localidade=&recorte=setores_censitarios"
"21/07/2026";"05:46:28";2026;81;"Eleições Gerais 2026";"PE";"PE";"PERNAMBUCO";"PE074982026";"2026-04-14 12:01:03";"N";"14293213000163";"NUMEN DATA PESQUISA E CONSULTORIA LTDA";"NUMEN DATA";"Governador, Senador";"2026-04-16 00:00:00";"2026-04-18 00:00:00";"2026-04-20 00:00:00";1100;"9531";"Lorena Maurícia Neris Silva";"21000,00";"Pesquisa probabilística estratificada quantitativa por amostragem. Aplicação de questionário estruturado por meio IVR, ligações telefonicas. O universo da pesquisa é o conjunto de eleitoras e eleitores com 16 anos ou mais no estado de Pernambuco.";"Universo: 7.123.143 eleitoras e eleitores residentes em Pernambuco com 16 anos de idade ou mais. Tamanho da amostra: 1100 entrevistas. Técnica de amostragem: estratificada a partir da base de dados do IBGE 2022, estimativa populacional 2025 e TSE 2026 para o estado de Pernambuco. Os números relativos a sexo e faixa etária são do TSE 2026: Sexo: (Masculino 46% e Feminino: 54%). Faixa Etária: (16 a 24 anos 17%, 25 a 34 anos 20%, 35 a 44 anos 20%, 45 a 59 anos 24% e 60 anos ou mais 19%). Grau de Instrução: até nível médio completo ou incompleto (inclui os sem escolaridade e analfabetos) =81% e nível superior (inclui superior incompleto) = 19%. Nível Econômico, será utilizada a o CENSO de 2022, fonte IBGE, (Até 2 salários mínimos 71%, mais de 2 salários mínimos 29%).A margem de erro máxima prevista é de 3 pontos percentuais para mais ou para menos, considerando um nível de confiança de 95%.";"A verificação e conferência é realizada maneira automática pelo sistema de pesquisa com cerca de 20% dos respondentes que completaram o formulário.";"A área de abrangência da coleta é o estado de Pernambuco, A relação do quantitativo das localidades selecionadas para aplicação da amostra será apresentada até o 7º dia seguinte ao registro da pesquisa, conforme expresso no art. 2º, §7º da Resolução 23.600/2019 do TSE."
"21/07/2026";"05:46:28";2026;81;"Eleições Gerais 2026";"PE";"PE";"PERNAMBUCO";"PE094262026";"2026-06-05 19:55:11";"S";"22345021000181";"REAL TIME MIDIA LTDA";"REAL TIME BIG DATA";"Governador, Senador";"2026-06-09 00:00:00";"2026-06-10 00:00:00";"2026-06-11 00:00:00";1600;"10839";"Isabela Zara Cremoneze";"64000,00";"Pesquisa quantitativa, que consiste na realização de entrevistas pessoais, com a aplicação de questionário estruturado junto a uma amostra representativa do eleitorado em estudo. Pesquisa realizada no Estado do Pernambuco (PE).";"Representativo do eleitorado da área em estudo, elaborada em três estágios. 
No primeiro estágio, realiza-se um sorteio probabilístico dos municípios onde as entrevistas serão realizadas, pelo método PPT (Probabilidade Proporcional ao Tamanho), tomando a população eleitora de 16 anos ou mais residente nos municípios como base para essa seleção.
No segundo estágio, efetua-se um sorteio probabilístico das localidades dentro dos municípios selecionados, também pelo método PPT (Probabilidade Proporcional ao Tamanho), considerando a população eleitora de 16 anos ou mais residente nessas localidades como base para a seleção.
No terceiro e último estágio, dentro das localidades sorteadas, os respondentes são selecionados por meio de quotas amostrais proporcionais, em função de variáveis significativas, a saber:

GÊNERO:
Feminino: 53,6%;
Masculino: 46,4%;
(Fonte: TSE, Maio/2026 -- https://sig.tse.jus.br/ords/dwapr/r/seai/sig-eleitor-eleitorado-mensal/cruzamento-eleitorado-mensal?p24_metricas=E&p24_back=22&p24_cruzamento_1=ds_sexo&clear=24&session=10359217477632)
FAIXA ETÁRIA:
16 anos: 0,6%;
17 anos: 1,0%;
18 a 20 anos: 4,7%;
21 a 24 anos: 7,3%;
25 a 34 anos: 19,6%;
35 a 44 anos: 19,9%;
45 a 59 anos: 25,3%;
60 a 69 anos: 11,7%;
70 a 79 anos: 6,7%;
Superior a 79 anos: 3,0%;
(Fonte: TSE, Maio/2026 -- https://sig.tse.jus.br/ords/dwapr/r/seai/sig-eleitor-eleitorado-mensal/cruzamento-eleitorado-mensal?p24_cruzamento_1=ds_faixa_etaria&p24_metricas=E&p24_back=22&clear=24&session=10359217477632)
ESCOLARIDADE:
Analfabeto: 6,0%;
Lê e Escreve: 9,2%;
Ensino Fundamental Incompleto: 22,4%;
Ensino Fundamental Completo: 4,6%;
Ensino Médio Incompleto: 17,3%;
Ensino Médio Completo: 27,4%;
Ensino Superior Incompleto: 4,8%;
Ensino Superior Completo: 8,3%;
(Fonte: TSE, Maio/2026 -- https://sig.tse.jus.br/ords/dwapr/r/seai/sig-eleitor-eleitorado-mensal/cruzamento-eleitorado-mensal?p24_cruzamento_1=ds_grau_instrucao&p24_metricas=E&p24_back=22&clear=24&session=10359217477632)
RENDA DOMICILIAR MENSAL:
Sem rendimento: 5,8%;
Até 1/2 Salário Mínimo: 9,0%;
Mais de 1/2 a 1 Salário Mínimo: 23,2%;
Mais de 1 a 2 Salários Mínimos: 27,7%;
Mais de 2 a 5 Salários Mínimos: 23,1%;
Mais de 5 a 10 Salários Mínimos: 6,8%;
Mais de 10 a 20 Salários Mínimos: 2,9%;
Mais de 20 Salários Mínimos: 1,5%;
(Fonte: IBGE (CENSO-2010) -- https://cidades.ibge.gov.br/brasil/pe/pesquisa/23/24304?detalhes=true)

Observação: De acordo com informações do Instituto Brasileiro de Geografia e Estatística (IBGE), não há previsão de data para a divulgação do perfil econômico da população brasileira do CENSO 2022. Portanto, os dados sobre o nível econômico obtidos no Censo 2022 não podem ser utilizados, pois ainda não foram publicados.
Está prevista eventual ponderação para correção das variáveis sexo e idade, com base nos percentuais anteriormente mencionados, caso ocorram diferenças superiores a 3 pontos percentuais entre o previsto na amostra e a coleta de dados realizada. Para as variáveis de grau de instrução e nível econômico do entrevistado, o fator previsto para ponderação é 1 (resultados obtidos em campo). O nível de confiança estimado é de 95% e a margem de erro máxima estimada considerando um modelo de amostragem aleatório simples, é de aproximadamente 2 (dois) pontos percentuais para mais ou para menos sobre os resultados encontrados no total da amostra.
";"O trabalho de coleta de dados é acompanhado presencialmente por supervisores. São selecionados aleatoriamente 15% (quinze por cento) dos questionários para uma verificação posterior com ligações telefônicas para os números indicados nos formulários, em caso de dúvida, o formulário é descartado e o entrevistador chamado para esclarecimentos.";"O anexo do arquivo com os bairros será realizado até o dia seguinte da divulgação conforme indicado no §7º. do art. 2º. da Resolução-TSE nº. 23.600/2019."
"21/07/2026";"05:46:28";2026;81;"Eleições Gerais 2026";"PE";"PE";"PERNAMBUCO";"PE029512026";"2026-04-13 18:50:51";"N";"04994119000188";"OPINIAO PESQUISAS SOCIAIS LTDA";"OPINIAO PESQUISAS SOCIAIS";"Governador, Senador";"2026-04-14 00:00:00";"2026-04-17 00:00:00";"2026-04-19 00:00:00";2000;"9704";"José Joaquim Lira Roberto Braga";"45000,00";"Pesquisa quantitativa com aplicação de questionários estruturados e padronizados através de entrevistas pessoais em domicílios, junto a uma amostra representativa do eleitorado em estudo. ";"a) Público Pesquisado: Eleitores do estado, com 16 ou mais anos.
b) Tipo da Amostra:
- Amostra Probabilística Casual Simples.
- A coleta da amostra do eleitorado será realizada em duas etapas: a primeira consiste na aleatorização da amostra segundo critério de sorteios múltiplos aleatórios em cinco estágios: 1) Cidade; 2) Bairro; 3) Rua; 4) Domicílio e 5) Ponto Amostral (entrevistado), tomando como base à cobertura populacional demográfica do IBGE.
- Área Física: Serão realizadas entrevistas em 80 municípios, localizados no Estado de Pernambuco.
- Na segunda etapa será realizado um controle das variáveis: Sexo e Faixa Etária, ponderado de acordo com os dados obtidos junto ao TSE e TRE-PE, os dados relativos são: gênero masculino 46,3%, gênero feminino 53,7%, idades de 16 a 24 anos 13,1%, de 25 a 34 anos 19,8%, de 35 a 44 anos 20,1%, de 45 a 59 anos 25,6% e de 60 anos ou mais 21,4%. Enquanto as variáveis Grau de Instrução: do analfabeto/lê e escreve até o ensino fundamental completo ou incompleto 42,7%, ensino médio completo ou incompleto 44,2% e ensino superior completo ou incompleto 13,1%; para o Nível Econômico do Entrevistado (renda familiar mensal declarada): até 2 salários mínimos 59,4%, mais de 2 a 5 salários mínimos 27,1%, mais de 5 salários mínimos 8,0% e mais de 10 salários mínimos 5,5%. Está prevista a eventual ponderação para correção nos tamanhos das variáveis Sexo e Faixa Etária, caso ocorra diferença entre a previsão da amostra e a coleta dos dados realizada. Para as variáveis: Grau de Instrução e Renda Familiar serão provenientes da amostra aleatória coletada nas regiões em estudo, sendo assim, o fator previsto para ponderação é 1 (resultados obtidos em campo).
c) Tamanho da Amostra: 2.000 entrevistas.
d) Intervalo de Confiança/Margem de Erro: O intervalo de confiança estimado é de 95,0% e a margem de erro máxima estimada é de 2,2% para mais ou para menos, sobre os resultados encontrados no total da amostra, utilizando o cálculo amostral pela proporção [estimador = p e (1-p)] e considerando a variância máxima (p = 0,5). Ressalta-se que esta Margem de Erro e Grau de Confiabilidade se aplica ao total da amostra, não devendo ser considerado para os resultados dentro de cada extrato e nem para os resultados gerados pelo cruzamento de variáveis. 
FONTE: Censo 2010/2022 - TSE 2026
AC SAFEWEB RFB V5 JOSE JOAQUIM LIRA ROBERTO BRAGA 91106656415
";"Para realização da pesquisa, utiliza-se equipes de campo (coordenadores e entrevistadores) da OPINIÃO ¿ Pesquisas Sociais Ltda. devidamente treinadas para este trabalho. 
O sistema de controle dos questionários é executado in loco pelo coordenador de campo. Onde os entrevistadores são submetidos a uma fiscalização permanente por parte do coordenador de campo e são realizadas checagem de 20% da amostra para atestar a realização das entrevistas e a fidedignidade dos dados apurados, garantindo-se dessa forma, o grau de precisão dos estimadores, em função dos parâmetros previamente estabelecidos. Internamente, todo o material é verificado e codificado. Antes do processamento final e emissão dos resultados, realiza-se o processo de consistência dos dados. 
";"O detalhamento dos municípios/bairros onde será realizada a pesquisa: A área de abrangência da coleta é no Estado de Pernambuco. A relação dos municípios selecionados para a aplicação da amostra será apresentada até o dia seguinte em que a pesquisa puder ser divulgada, conforme expresso na resolução nº 23.600/2019 do TSE."
