"DT_GERACAO";"HH_GERACAO";"AA_ELEICAO";"CD_ELEICAO";"NM_ELEICAO";"SG_UF";"SG_UE";"NM_UE";"NR_PROTOCOLO_REGISTRO";"DT_REGISTRO";"ST_PESQUISA_PROPRIA";"NR_CNPJ_EMPRESA";"NM_EMPRESA";"NM_EMPRESA_FANTASIA";"DS_CARGO";"DT_INICIO_PESQUISA";"DT_FIM_PESQUISA";"DT_DIVULGACAO";"QT_ENTREVISTADO";"CD_CONRE";"NM_ESTATISTICO_RESP";"VR_PESQUISA";"DS_METODOLOGIA_PESQUISA";"DS_PLANO_AMOSTRAL";"DS_SISTEMA_CONTROLE";"DS_DADO_MUNICIPIO"
"07/08/2026";"05:47:04";2026;81;"Eleições Gerais 2026";"MS";"MS";"MATO GROSSO DO SUL";"MS086442026";"2026-02-28 12:22:18";"N";"49860741000131";"RANKING BRASIL INTELIGENCIA LTDA";"RANKING BRASIL INTELIGENCIA";"Governador, Senador, Deputado Federal, Deputado Estadual";"2026-03-01 00:00:00";"2026-03-06 00:00:00";"2026-03-06 00:00:00";2000;"7655";"Augusto da Silva Rocha ";"20000,00";"Pesquisa com metodologia quantitativa, com a realização de entrevistas pessoais e pelo sistema CAT (Computer Assisted Telephone Interviewing), utilizando questionário estruturado junto a uma amostra representativa do eleitorado do Estado de Mato Grosso do Sul com 16 anos ou mais.";"Total de entrevistas: 2.000. A amostra será representativa do eleitorado da área pesquisada e será selecionada em três etapas. Na primeira fase foi realizada sorteio aleatório dos setores censitários, utilizando o método PPTS (Probabilidade Proporcional ao Tamanho do Setor). Na segunda fase, sorteio aleatório dos domicílios a serem entrevistados de forma presencial e pelo sistema CAT, dentro dos setores. Na terceira e última fase preencheu-se as cotas. Sexo: masculino 47,1%, feminino 52,9%. Faixa Etária: 16 a 17 anos 0,6%, 18 a 24 anos 11,1%, 25 a 34 anos 19,8%, 35 a 44 anos 20,3%, 45 a 55 anos 19,6%, 56 a 69 anos 18,9%, 70 ou mais 9,7%. Grau de instrução: analfabeto 3,2%, lê e escreve 5,5%, ensino fundamental incompleto 24,1%, ensino fundamental completo 5,8%, ensino médio completo 23,9%, ensino médio incompleto 15,8%, superior incompleto 7,4%, superior completo 14,3%. Renda: sem rendimento 3%, até 1 salário mínimo 15,2%, mais de 1 a 2 salários mínimos 25%, mais de 2 a 5 salários mínimos 36,1%, mais de 5 a 10 salários mínimos 13,7%, mais de 10 salários mínimos 7% O desenho da amostra será realizado de acordo com os dados populacionais disponibilizados pelo Instituto Brasileiro de Geografia e Estatística (IBGE) referentes ao Censo 2010/2022 e TSE/TRE. Para um intervalo de confiança de 95% e um tamanho de amostra de 2000 entrevistas, a margem de erro máxima estimada foi de 2.2 pontos percentuais, para mais ou para menos. Em função da abordagem utilizada no segundo estágio (amostragem por cotas), as ponderações por sexo e idade não são necessárias, pois, sendo conhecidas essas características da população, o método adotado consiste em retomar tais características na amostra, em proporções reduzidas. Neste caso, espera-se que a Composição da amostra, por sexo e idade, seja proporcionalmente semelhante àquela da população. Entretanto, caso as proporções da amostra não sejam semelhantes àquelas da população em estudo, as ponderações serão realizadas de acordo com as informações citadas acima. Fonte dos dados: para a distribuição de sexo e idade, TSE-Tribunal Superior Eleitoral - janeiro/2025; para a malha de setores censitários, Censo 2022 (IBGE); para a distribuição de renda domiciliar, PNADc Anual 2024, 5a visita (IBGE); e, para a distribuição de escolaridade/instrução, PNADc trimestral 3-2025 (IBGE). A PNADc é utilizada por ser a fonte oficial mais atualizada de rendimentos do país, incluindo rendimentos informais, pensões, entre outros, e corrigindo as defasagens temporais do Censo 2022, além de ser a fonte mais atualizada de nível de instrução da população com 16 anos ou mais dada ausência de atualização obrigatória da escolaridade no registro de eleitores do TSE. Está prevista eventual pós-estratificação da amostra, por meio de algoritmos de calibração (rake) e modelos (MrP), para correção de estimativas e das distribuições das variáveis sexo, idade, renda familiar e escolaridade, com base nos percentuais anteriormente mencionados, caso ocorram diferenças entre os percentuais previstos na amostra e a coleta de dados realizada. https://sig.tse.jus.br/ords/dwapr/r/seai/sig-eleitor-eleitorado-mensal/perfil-do-eleitorado-mensal?p0_uf=MS&session=10833284693548 https://cidades.ibge.gov.br/brasil/ms/pesquisa/23/24304 https://sidra.ibge.gov.br/tabela/3268#resultado";"Para a realização da pesquisa, utiliza-se uma equipe de entrevistadores credenciados devidamente treinados para esse tipo de trabalho pela empresa Ranking Brasil Inteligência. Após os trabalhos de campo, os questionários são submetidos a uma fiscalização de cerca de 20% (vinte por cento) dos questionários aplicados pelos entrevistadores; para verificação das respostas e da adequação dos entrevistados aos parâmetros amostrais.";"A área de abrangência da coleta é o Estado de Mato Grosso do Sul. A relação das localidades e setores censitários selecionadas para aplicação da amostra está em anexo em PDF"
"07/08/2026";"05:47:04";2026;81;"Eleições Gerais 2026";"MS";"MS";"MATO GROSSO DO SUL";"MS062472026";"2026-06-27 11:21:23";"N";"49860741000131";"RANKING BRASIL INTELIGENCIA LTDA";"RANKING BRASIL INTELIGENCIA";"Governador, Senador, Deputado Federal, Deputado Estadual";"2026-06-29 00:00:00";"2026-07-03 00:00:00";"2026-07-03 00:00:00";2000;"Nº 7655";"AUGUSTO DA SILVA ROCHA";"20000,00";"Pesquisa com metodologia quantitativa, com a realização de entrevistas pessoais em setores censitários e pelo sistema CAT (Computer Assisted Telephone Interviewing). utilizando questionário estruturado junto a uma amostra representativa do eleitorado do Estado de Mato Grosso do Sul com 16 anos ou mais. ";"2.000 entrevistas. Quantidade de entrevistas por município:  Campo Grande 789, Dourados 205, Três Lagoas 109, Ponta Porã 87, Corumbá 84, Naviraí 47, Aquidauana 45, Nova Andradina 44, Sidrolândia 43, Paranaíba 39, Maracaju 37, Coxim 33, Amambai 34, Rio Brilhante 33, São Gabriel do Oeste 29, Caarapó 28, Ivinhema 26, Miranda 25, Chapadão do Sul 28, Jardim 23, Anastácio 23, Bataguassu 24, Bonito 24, Aparecida do Taboado 24, Fátima do Sul 21, Bela Vista 20, Nova Alvorada do Sul 20, Ribas do Rio Pardo 19, Cassilândia 19 e Itaquiraí 18. A amostra será representativa do eleitorado da área pesquisada e será selecionada em três etapas. Na primeira fase foi realizada sorteio aleatório dos setores censitários, utilizando o método PPTS (Probabilidade Proporcional ao Tamanho do Setor). Na segunda fase, sorteio aleatório dos domicílios a serem entrevistados de forma presencial no município de Campo Grande e nos demais municípios pelo sistema CAT. Na terceira e última fase preencheu-se as cotas.  

Sexo: masculino 47,2%, feminino 52,8%. 

Faixa Etária:  16 a 17 anos 1%, 18 a 24 anos 11,3%, 25 a 34 anos 19,5%, 35 a 44 anos 20%, 45 a 55 anos 19,6%, 56 a 69 anos 18,8%, 70 ou mais 9,8%.

Grau de instrução: analfabeto 3,2%, lê e escreve 5,4%, ensino fundamental incompleto 23,9%, ensino fundamental completo 5,8%, ensino médio incompleto 16%, ensino médio completo 24,1%, superior incompleto 7,4%, superior completo 14,2%.

Renda: sem rendimento 3%, até 1 salário mínimo 15,2%, mais de 1 a 2 salários mínimos 25%, mais de 2 a 5 salários mínimos 36,1%, mais de 5 a 10 salários mínimos 13,7%, mais de 10 salários mínimos 7%

O desenho da amostra será realizado de acordo com os dados populacionais disponibilizados pelo Instituto Brasileiro de Geografia e Estatística (IBGE) referentes ao Censo 2010/2022 e TSE/TRE. Para um intervalo de confiança de 95% e um tamanho de amostra de 2000 entrevistas, a margem de erro máxima estimada foi de 2.2 pontos percentuais, para mais ou para menos. 
Em função da abordagem utilizada no segundo estágio (amostragem por cotas), as ponderações por sexo e idade não são necessárias, pois, sendo conhecidas essas características da população, o método adotado consiste em retomar tais características na amostra, em proporções reduzidas. Neste caso, espera-se que a Composição da amostra, por sexo e idade, seja proporcionalmente semelhante àquela da população. Entretanto, caso as proporções da amostra não sejam semelhantes àquelas da população em estudo, as ponderações serão realizadas de acordo com as informações citadas acima. Fonte dos dados: para a distribuição de sexo e idade, TSE-Tribunal Superior Eleitoral - janeiro/2025; para a malha de setores censitários, Censo 2022 (IBGE); para a distribuição de renda domiciliar, PNADc Anual 2024, 5a visita (IBGE); e, para a distribuição de escolaridade/instrução, PNADc trimestral 3-2025 (IBGE). A PNADc é utilizada por ser a fonte oficial mais atualizada de rendimentos do país, incluindo rendimentos informais, pensões, entre outros, e corrigindo as defasagens temporais do Censo 2022, além de ser a fonte mais atualizada de nível de instrução da população com 16 anos ou mais dada ausência de atualização obrigatória da escolaridade no registro de eleitores do TSE/TRE/2026. Está prevista eventual pós-estratificação da amostra, por meio de algoritmos de calibração (rake) e modelos (MrP), para correção de estimativas e das distribuições das variáveis sexo, idade, renda familiar e escolaridade, com base nos percentuais anteriormente mencionados, caso ocorram diferenças entre os percentuais previstos na amostra e a coleta de dados realizada.
https://sig.tse.jus.br/ords/dwapr/r/seai/sig-eleitor-eleitorado-mensal/perfil-do-eleitorado-mensal?p0_uf=MS&session=10833284693548			 
			
https://cidades.ibge.gov.br/brasil/ms/pesquisa/23/24304
 			
https://sidra.ibge.gov.br/tabela/3268#resultado

";"Para a realização da pesquisa, utiliza-se uma equipe de entrevistadores credenciados devidamente treinados para esse tipo de trabalho pela empresa Ranking Brasil Inteligência. Após os trabalhos de campo, os questionários são submetidos a uma fiscalização de cerca de 20% (vinte por cento) dos questionários aplicados pelos entrevistadores; para verificação das respostas e da adequação dos entrevistados aos parâmetros amostrais.";"A área de abrangência da coleta é o Estado de Mato Grosso do Sul. A relação das localidades e setores censitários selecionadas para aplicação da amostra estão em anexo em PDF.

"
"07/08/2026";"05:47:04";2026;81;"Eleições Gerais 2026";"MS";"MS";"MATO GROSSO DO SUL";"MS090262026";"2026-04-04 13:00:38";"N";"49860741000131";"RANKING BRASIL INTELIGENCIA LTDA";"RANKING BRASIL INTELIGENCIA";"Governador, Senador, Deputado Federal, Deputado Estadual";"2026-04-05 00:00:00";"2026-04-10 00:00:00";"2026-04-10 00:00:00";2000;"7655";"AUGUSTO DA SILVA ROCHA";"20000,00";"Pesquisa com metodologia quantitativa, com a realização de entrevistas pessoais em setores censitários e pelo sistema CAT (Computer Assisted Telephone Interviewing). utilizando questionário estruturado junto a uma amostra representativa do eleitorado do Estado de Mato Grosso do Sul com 16 anos ou mais. ";"Total de entrevistas: 2.000. Quantidade de entrevistas por município:  Campo Grande 789, Dourados 205, Três Lagoas 109, Ponta Porã 87, Corumbá 84, Naviraí 47, Aquidauana 45, Nova Andradina 44, Sidrolândia 43, Paranaíba 39, Maracaju 37, Coxim 33, Amambai 34, Rio Brilhante 33, São Gabriel do Oeste 29, Caarapó 28, Ivinhema 26, Miranda 25, Chapadão do Sul 28, Jardim 23, Anastácio 23, Bataguassu 24, Bonito 24, Aparecida do Taboado 24, Fátima do Sul 21, Bela Vista 20, Nova Alvorada do Sul 20, Ribas do Rio Pardo 19, Cassilândia 19 e Itaquiraí 18. A amostra será representativa do eleitorado da área pesquisada e será selecionada em três etapas. Na primeira fase foi realizada sorteio aleatório dos setores censitários, utilizando o método PPTS (Probabilidade Proporcional ao Tamanho do Setor). Na segunda fase, sorteio aleatório dos domicílios a serem entrevistados de forma presencial e pelo sistema CAT, dentro dos setores. Na terceira e última fase preencheu-se as cotas.  

Sexo: masculino 47,2%, feminino 52,8%. 

Faixa Etária:  16 a 17 anos 0,8%, 18 a 24 anos 11,2%, 25 a 34 anos 19,7%, 35 a 44 anos 20,1%, 45 a 55 anos 19,5%, 56 a 69 anos 18,9%, 70 ou mais 9,8%.

Grau de instrução: analfabeto 3,2%, lê e escreve 5,4%, ensino fundamental incompleto 23,9%, ensino fundamental completo 5,8%, ensino médio incompleto 16%, ensino médio completo 24,1%, superior incompleto 7,4%, superior completo 14,2%.

Renda: sem rendimento 3%, até 1 salário mínimo 15,2%, mais de 1 a 2 salários mínimos 25%, mais de 2 a 5 salários mínimos 36,1%, mais de 5 a 10 salários mínimos 13,7%, mais de 10 salários mínimos 7%

O desenho da amostra será realizado de acordo com os dados populacionais disponibilizados pelo Instituto Brasileiro de Geografia e Estatística (IBGE) referentes ao Censo 2010/2022 e TSE/TRE. Para um intervalo de confiança de 95% e um tamanho de amostra de 2000 entrevistas, a margem de erro máxima estimada foi de 2.2 pontos percentuais, para mais ou para menos. 
Em função da abordagem utilizada no segundo estágio (amostragem por cotas), as ponderações por sexo e idade não são necessárias, pois, sendo conhecidas essas características da população, o método adotado consiste em retomar tais características na amostra, em proporções reduzidas. Neste caso, espera-se que a Composição da amostra, por sexo e idade, seja proporcionalmente semelhante àquela da população. Entretanto, caso as proporções da amostra não sejam semelhantes àquelas da população em estudo, as ponderações serão realizadas de acordo com as informações citadas acima. Fonte dos dados: para a distribuição de sexo e idade, TSE-Tribunal Superior Eleitoral - janeiro/2025; para a malha de setores censitários, Censo 2022 (IBGE); para a distribuição de renda domiciliar, PNADc Anual 2024, 5a visita (IBGE); e, para a distribuição de escolaridade/instrução, PNADc trimestral 3-2025 (IBGE). A PNADc é utilizada por ser a fonte oficial mais atualizada de rendimentos do país, incluindo rendimentos informais, pensões, entre outros, e corrigindo as defasagens temporais do Censo 2022, além de ser a fonte mais atualizada de nível de instrução da população com 16 anos ou mais dada ausência de atualização obrigatória da escolaridade no registro de eleitores do TSE/TRE em março de 2026. Está prevista eventual pós-estratificação da amostra, por meio de algoritmos de calibração (rake) e modelos (MrP), para correção de estimativas e das distribuições das variáveis sexo, idade, renda familiar e escolaridade, com base nos percentuais anteriormente mencionados, caso ocorram diferenças entre os percentuais previstos na amostra e a coleta de dados realizada.
https://sig.tse.jus.br/ords/dwapr/r/seai/sig-eleitor-eleitorado-mensal/perfil-do-eleitorado-mensal?p0_uf=MS&session=10833284693548			 
			
https://cidades.ibge.gov.br/brasil/ms/pesquisa/23/24304
 			
https://sidra.ibge.gov.br/tabela/3268#resultado

";"Para a realização da pesquisa, utiliza-se uma equipe de entrevistadores credenciados devidamente treinados para esse tipo de trabalho pela empresa Ranking Brasil Inteligência. Após os trabalhos de campo, os questionários são submetidos a uma fiscalização de cerca de 20% (vinte por cento) dos questionários aplicados pelos entrevistadores; para verificação das respostas e da adequação dos entrevistados aos parâmetros amostrais.";"A área de abrangência da coleta é o Estado de Mato Grosso do Sul. A relação das localidades e setores censitários selecionadas para aplicação da amostra estão em anexo em PDF."
"07/08/2026";"05:47:04";2026;81;"Eleições Gerais 2026";"MS";"MS";"MATO GROSSO DO SUL";"MS052192026";"2026-05-03 21:06:21";"S";"00654576000172";"INSTITUTO VERITA LTDA";"VERITA";"Governador, Senador";"2026-05-04 00:00:00";"2026-05-08 00:00:00";"2026-05-09 00:00:00";1220;"10699";"GUILHERME ALVARENGA LAIA";"93940,00";"Pesquisa quantitativa, que consiste na realização de entrevistas, com a aplicação de questionário estruturado junto a uma amostra representativa do eleitorado desta Unidade da Federação.";"ESTUDO REPRESENTATIVO DO ELEITORADO DO ESTADO DO MATO GROSSO DO SUL - MÉTODO PPT (Probabilidade Proporcional ao Tamanho) - PLANO AMOSTRAL E PONDERAÇÃO QUANTO A SEXO, IDADE, GRAU DE INSTRUÇÃO E NÍVEL ECONÔMICO DO ENTREVISTADO; INTERVALO DE CONFIANÇA E MARGEM DE ERRO: Representativo do eleitorado da área em estudo, elaborada, em vários estágios, da seguinte forma: - 1. Divisão da UF em estratos proporcionais de municípios. 2. Ordenação dos municípios de cada estrato segundo o porte. 3. Sorteio dos municípios de cada estrato. 4. Os respondentes são selecionados através de quotas amostrais proporcionais em função de variáveis significativas, a saber: GÊNERO / FAIXA ETÁRIA - FEMININO E MASCULINO 16 A 34 ANOS 16,6% E 15%, 35 A 54 ANOS 20,2% E 18,1%, 55 ANOS OU MAIS 16,1% E 14%. GRAU DE INSTRUÇÃO ¿ FEMININO E MASCULINO Sem instrução até Ensino Médio completo 59,4%, Ensino superior incompleto e completo 40,6% NÍVEL ECONÔMICO - FEMININO população não economicamente ativa 46,5% população economicamente ativa 53,5% MASCULINO população não economicamente ativa 27,2% população economicamente ativa 72,8%. RENDA FAMILIAR DO DOMICÍLIO renda familiar de até 2 salários-mínimos 30,7%; de 2 a 5 salários-mínimos 44,2%, acima de 5 salários-mínimos 25,1%. Está prevista eventual ponderação para correção das variáveis, com base nos percentuais anteriormente mencionados, caso ocorram diferenças superiores a margem de erro da pesquisa previsto entre a amostra e a coleta de dados realizada. O fator previsto para ponderação é 1 (resultados obtidos na coleta de dados). O intervalo de confiança estimado é de 95% e a margem de erro máxima estimada considerando um modelo de amostragem aleatório simples, é de aproximadamente 3 pontos percentuais para mais ou para menos sobre os resultados encontrados no total da amostra. FONTE DOS DADOS: IBGE/Censo 2022 para fins de densidade demográfica, setores censitários e alocação da amostra. IBGE/PNAD/PNADC/MEC/INEP para fins de Nível Econômico e Escolaridade. TSE FEVEREIRO/2026 para fins de Sexo, Faixa Etária e eleitorado por município ou regiões previamente definidas (importante ressaltar para o público leigo que os dados do TSE são os únicos corretos para gênero, idade dos eleitores e quantitativo de eleitores por municípios já que a base de dados se atualiza automaticamente, PORÉM, dados de escolaridade e nível econômico NÃO são corretos e confiáveis devido a desatualização que ocorre naturalmente com o passar dos anos). Definição de margem de erro e intervalo de confiança: Margem de erro e intervalo de confiança não são grandezas diretamente proporcionais. A SOMA NÃO TEM QUE RESULTAR 100%. ";"Após os trabalhos de coleta de dados, os questionários são submetidos a uma fiscalização, conferência e checagem de cerca de 20% (vinte por cento) dos questionários aplicados.";"A relação dos municípios sorteados ou selecionados para esta pesquisa será apresentada em arquivo anexo até 1 (um) dia após a divulgação desta pesquisa conforme §7º. do art. 2º. da Resolução-TSE nº. 23.600/2019. A área de abrangência desta pesquisa é o Estado DO MATO GROSSO DO SUL"
"07/08/2026";"05:47:04";2026;81;"Eleições Gerais 2026";"MS";"MS";"MATO GROSSO DO SUL";"MS023462026";"2026-03-16 12:06:47";"N";"49860741000131";"RANKING BRASIL INTELIGENCIA LTDA";"RANKING BRASIL INTELIGENCIA";"Governador, Senador";"2026-03-16 00:00:00";"2026-03-20 00:00:00";"2026-03-22 00:00:00";1000;"7655";"Augusto da Silva Rocha";"10000,00";"Pesquisa de opinião no município de Campo Grande/MS, do tipo quantitativa, com aplicação de questionário estruturado, abordagem pessoal em ponto de fluxo populacional e domiciliar. O conjunto da população eleitora do município com 16 anos ou mais foi tomado como universo da pesquisa.";"Total de entrevistas: 1.000 entrevistas em todas as regiões de Campo Grande. Central (6,90%), Segredo (14,40%), Prosa (10,60%), Bandeira (15,20%), Anhanduizinho (24,90%), Lagoa (15%) e Imbirussu (12%). Distritos de Anhandui, e Rochedinho (1%). A amostra será representativa do eleitorado da área pesquisada e será selecionada em três etapas. Na primeira fase foi realizada sorteio aleatório dos setores censitários, utilizando o método PPTS (Probabilidade Proporcional ao Tamanho do Setor). Na segunda fase, sorteio aleatório dos domicílios a serem entrevistados de forma presencial, dentro dos setores. Na terceira e última fase preencheu-se as cotas. 

Sexo: masculino 45,5%, feminino 54,5%. 

Faixa Etária:  16 a 17 anos 0,5%, 18 a 24 anos 10%, 25 a 34 anos 19,5%, 35 a 44 anos 21%, 45 a 55 anos 20%, 56 a 69 anos 19,5%, 70 ou mais 9,5%. 

Grau de instrução: analfabeto 1,1%, lê e escreve 2,2%, ensino fundamental incompleto 15,7%, ensino fundamental completo 6%, ensino médio completo 13%, ensino médio incompleto 30%, superior incompleto 11%, superior completo 21%.  Fonte: Dados do Censo Demográfico do IBGE (2010/2022) https://sidra.ibge.gov.br/tabela/3268#resultado

Renda: sem rendimento 2,5%, até 1 salário mínimo 10,5%, mais de 1 a 2 salários mínimos 20,3%, mais de 2 a 5 salários mínimos 38%, mais de 5 a 10 salários mínimos 17,7%, mais de 10 salários mínimos 11%. 	
Fonte: Dados do Censo Demográfico do IBGE (2010/2022) https://sidra.ibge.gov.br/tabela/3268#resultado

O desenho da amostra será realizado de acordo com os dados populacionais disponibilizados pelo Instituto Brasileiro de Geografia e Estatística (IBGE) referentes ao Censo 2010/2022 e TSE/TER-MS. Para um intervalo de confiança de 95% e um tamanho de amostra de 1.000 entrevistas, a margem de erro máxima estimada foi de 3,1 pontos percentuais, para mais ou para menos. 
Em função da abordagem utilizada no segundo estágio (amostragem por cotas), as ponderações por sexo e idade não são necessárias, pois, sendo conhecidas essas características da população, o método adotado consiste em retomar tais características na amostra, em proporções reduzidas. Neste caso, espera-se que a Composição da amostra, por sexo e idade, seja proporcionalmente semelhante àquela da população. Entretanto, caso as proporções da amostra não sejam semelhantes àquelas da população em estudo, as ponderações serão realizadas de acordo com as informações citadas acima. Fonte dos dados: para a distribuição de sexo e idade, TSE-Tribunal Superior Eleitoral - março/2026; para a malha de setores censitários, Censo 2022 (IBGE); para a distribuição de renda domiciliar, PNADc Anual 2024, 5a visita (IBGE); e, para a distribuição de escolaridade/instrução, PNADc trimestral 3-2025 (IBGE). A PNADc é utilizada por ser a fonte oficial mais atualizada de rendimentos do país, incluindo rendimentos informais, pensões, entre outros, e corrigindo as defasagens temporais do Censo 2022, além de ser a fonte mais atualizada de nível de instrução da população com 16 anos ou mais dada ausência de atualização obrigatória da escolaridade no registro de eleitores do TSE. Está prevista eventual pós-estratificação da amostra, por meio de algoritmos de calibração (rake) e modelos (MrP), para correção de estimativas e das distribuições das variáveis sexo, idade, renda familiar e escolaridade, com base nos percentuais anteriormente mencionados, caso ocorram diferenças entre os percentuais previstos na amostra e a coleta de dados realizada.
https://sig.tse.jus.br/ords/dwapr/r/seai/sig-eleitor-eleitorado-mensal/perfil-do-eleitorado-mensal			 
			
        Fonte: Dados do Censo Demográfico do IBGE (2010/2022) https://sidra.ibge.gov.br/tabela/3268#resultado

";"Para a realização da pesquisa, utiliza-se uma equipe de entrevistadores credenciados devidamente treinados para esse tipo de trabalho pela empresa Ranking Brasil Inteligência. Após os trabalhos de campo, os questionários são submetidos a uma fiscalização de cerca de 20% (vinte por cento) dos questionários aplicados pelos entrevistadores; para verificação das respostas e da adequação dos entrevistados aos parâmetros amostrais.";"A área de abrangência da coleta é a cidade Campo Grande, estado de Mato Grosso do Sul. A relação das localidades e setores censitários selecionadas para aplicação da amostra estão em anexo em PDF."
"07/08/2026";"05:47:04";2026;81;"Eleições Gerais 2026";"MS";"MS";"MATO GROSSO DO SUL";"MS064122026";"2026-05-06 18:53:45";"S";"22345021000181";"REAL TIME MIDIA LTDA";"REAL TIME BIG DATA";"Governador, Senador";"2026-05-09 00:00:00";"2026-05-11 00:00:00";"2026-05-12 00:00:00";1600;"10839";"Isabela Zara Cremoneze";"64000,00";"Pesquisa quantitativa, que consiste na realização de entrevistas pessoais, com a aplicação de questionário estruturado junto a uma amostra representativa do eleitorado em estudo. Pesquisa realizada no Estado do Mato Grosso do Sul (MS).";"Representativo do eleitorado da área em estudo, elaborada em três estágios. 
No primeiro estágio, realiza-se um sorteio probabilístico dos municípios onde as entrevistas serão realizadas, pelo método PPT (Probabilidade Proporcional ao Tamanho), tomando a população eleitora de 16 anos ou mais residente nos municípios como base para essa seleção.
No segundo estágio, efetua-se um sorteio probabilístico das localidades dentro dos municípios selecionados, também pelo método PPT (Probabilidade Proporcional ao Tamanho), considerando a população eleitora de 16 anos ou mais residente nessas localidades como base para a seleção.
No terceiro e último estágio, dentro das localidades sorteadas, os respondentes são selecionados por meio de quotas amostrais proporcionais, em função de variáveis significativas, a saber:

GÊNERO:
Feminino: 52,81%;
Masculino: 47,19%.
(Fonte: TSE (Abril/2026) - https://sig.tse.jus.br/ords/dwapr/r/seai/sig-eleitor-eleitorado-mensal/perfil-do-eleitorado-mensal?session=303899025715793)
FAIXA ETÁRIA:
16 anos: 0,32%;
17 anos: 0,70%;
18 a 20 anos: 4,34%;
21 a 24 anos: 6,98%;
25 a 34 anos: 19,60%;
35 a 44 anos: 20,06%;
45 a 59 anos: 25,63%;
60 a 69 anos: 12,65%;
70 a 79 anos: 6,86%;
Superior a 79 anos: 2,86%.
(Fonte: TSE (Abril/2026) - https://sig.tse.jus.br/ords/dwapr/r/seai/sig-eleitor-eleitorado-mensal/cruzamento-eleitorado-mensal?p24_metricas=E&p24_back=22&p24_cruzamento_1=ds_sexo&clear=24&session=125097618390908)
ESCOLARIDADE:
Analfabeto: 3,19%;
Lê e Escreve: 5,37%;
Ensino Fundamental Incompleto: 23,81%;
Ensino Fundamental Completo: 5,74%;
Ensino Médio Incompleto: 16,21%;
Ensino Médio Completo: 24,09%;
Ensino Superior Incompleto: 7,45%;
Ensino Superior Completo: 14,15%.
(Fonte: TSE (Abril/2026) - https://sig.tse.jus.br/ords/dwapr/r/seai/sig-eleitor-eleitorado-mensal/cruzamento-eleitorado-mensal?p24_cruzamento_1=ds_grau_instrucao&p24_metricas=E&p24_back=22&clear=24&session=125097618390908)
RENDA DOMICILIAR MENSAL:
Sem rendimento: 3,03%;
Até 1/2 Salário Mínimo: 2,23%;
Mais de 1/2 a 1 Salário Mínimo: 13,99%;
Mais de 1 a 2 Salários Mínimos: 25,01%;
Mais de 2 a 5 Salários Mínimos: 36,15%;
Mais de 5 a 10 Salários Mínimos: 13,68
Mais de 10 a 20 Salários Mínimos: 4,96%;
Mais de 20 Salários Mínimos: 1,95%.
(Fonte: IBGE (Censo 2010) - https://cidades.ibge.gov.br/brasil/ms/pesquisa/23/24304?detalhes=true) 
Observação: De acordo com informações do Instituto Brasileiro de Geografia e Estatística (IBGE), não há previsão de data para a divulgação do perfil econômico da população brasileira do CENSO 2022. Portanto, os dados sobre o nível econômico obtidos no Censo 2022 não podem ser utilizados, pois ainda não foram publicados.
Está prevista eventual ponderação para correção das variáveis sexo e idade, com base nos percentuais anteriormente mencionados, caso ocorram diferenças superiores a 3 pontos percentuais entre o previsto na amostra e a coleta de dados realizada. Para as variáveis de grau de instrução e nível econômico do entrevistado, o fator previsto para ponderação é 1 (resultados obtidos em campo). O nível de confiança estimado é de 95% e a margem de erro máxima estimada considerando um modelo de amostragem aleatório simples, é de aproximadamente 2 (dois) pontos percentuais para mais ou para menos sobre os resultados encontrados no total da amostra.
";"O trabalho de coleta de dados é acompanhado presencialmente por supervisores. São selecionados aleatoriamente 15% (quinze por cento) dos questionários para uma verificação posterior com ligações telefônicas para os números indicados nos formulários, em caso de dúvida, o formulário é descartado e o entrevistador chamado para esclarecimentos.";"O anexo do arquivo com os bairros será realizado até o dia seguinte da divulgação conforme indicado no §7º. do art. 2º. da Resolução-TSE nº. 23.600/2019.

"
"07/08/2026";"05:47:04";2026;81;"Eleições Gerais 2026";"MS";"MS";"MATO GROSSO DO SUL";"MS030772026";"2026-03-23 23:16:20";"S";"00654576000172";"INSTITUTO VERITA LTDA";"VERITA";"Governador, Senador, Deputado Federal, Deputado Estadual";"2026-03-24 00:00:00";"2026-03-30 00:00:00";"2026-03-29 00:00:00";1220;"10699";"GUILHERME ALVARENGA LAIA";"93940,00";"Pesquisa quantitativa, que consiste na realização de entrevistas, com a aplicação de questionário estruturado junto a uma amostra representativa do eleitorado desta Unidade da Federação.";"ESTUDO REPRESENTATIVO DO ELEITORADO DO ESTADO DO MATO GROSSO DO SUL - MÉTODO PPT (Probabilidade Proporcional ao Tamanho) - PLANO AMOSTRAL E PONDERAÇÃO QUANTO A SEXO, IDADE, GRAU DE INSTRUÇÃO E NÍVEL ECONÔMICO DO ENTREVISTADO; INTERVALO DE CONFIANÇA E MARGEM DE ERRO: Representativo do eleitorado da área em estudo, elaborada, em vários estágios, da seguinte forma: - 1. Divisão da UF em estratos proporcionais de municípios. 2. Ordenação dos municípios de cada estrato segundo o porte. 3. Sorteio dos municípios de cada estrato. 4. Os respondentes são selecionados através de quotas amostrais proporcionais em função de variáveis significativas, a saber: GÊNERO / FAIXA ETÁRIA - FEMININO E MASCULINO 16 A 34 ANOS 16,6% E 15%, 35 A 54 ANOS 20,2% E 18,1%, 55 ANOS OU MAIS 16,1% E 14%. GRAU DE INSTRUÇÃO - FEMININO Sem instrução até Ensino Médio completo 59,4%, Ensino superior incompleto e completo % NÍVEL ECONÔMICO - FEMININO população não economicamente ativa 46,5% população economicamente ativa 53,5% MASCULINO população não economicamente ativa 27,2% população economicamente ativa 72,8%. RENDA FAMILIAR DO DOMICÍLIO renda familiar de até 2 salários-mínimos 30,7%; de 2 a 5 salários-mínimos 44,2%, acima de 5 salários-mínimos 25,1%. Está prevista eventual ponderação para correção das variáveis, com base nos percentuais anteriormente mencionados, caso ocorram diferenças superiores a margem de erro da pesquisa previsto entre a amostra e a coleta de dados realizada. O fator previsto para ponderação é 1 (resultados obtidos na coleta de dados). O intervalo de confiança estimado é de 95% e a margem de erro máxima estimada considerando um modelo de amostragem aleatório simples, é de aproximadamente 3 pontos percentuais para mais ou para menos sobre os resultados encontrados no total da amostra. FONTE DOS DADOS: IBGE/Censo 2022 para fins de densidade demográfica, setores censitários e alocação da amostra. IBGE/PNAD/PNADC/MEC/INEP para fins de Nível Econômico e Escolaridade. TSE FEVEREIRO/2026 para fins de Sexo, Faixa Etária e eleitorado por município ou regiões previamente definidas (importante ressaltar para o público leigo que os dados do TSE são os únicos corretos para gênero, idade dos eleitores e quantitativo de eleitores por municípios já que a base de dados se atualiza automaticamente, PORÉM, dados de escolaridade e nível econômico NÃO são corretos e confiáveis devido a desatualização que ocorre naturalmente com o passar dos anos). Definição de margem de erro e intervalo de confiança: Margem de erro e intervalo de confiança não são grandezas diretamente proporcionais. A SOMA NÃO TEM QUE RESULTAR 100%. ";"Após os trabalhos de coleta de dados, os questionários são submetidos a uma fiscalização, conferência e checagem de cerca de 20% (vinte por cento) dos questionários aplicados.";"A relação dos municípios sorteados ou selecionados para esta pesquisa será apresentada em arquivo anexo até 1 (um) dia após a divulgação desta pesquisa conforme §7º. do art. 2º. da Resolução-TSE nº. 23.600/2019. A área de abrangência desta pesquisa é o Estado DO MATO GROSSO DO SUL."
"07/08/2026";"05:47:04";2026;81;"Eleições Gerais 2026";"MS";"MS";"MATO GROSSO DO SUL";"MS064172026";"2026-02-02 12:28:11";"N";"49860741000131";"RANKING BRASIL INTELIGENCIA LTDA";"RANKING BRASIL INTELIGENCIA";"Governador, Senador, Deputado Federal, Deputado Estadual";"2026-02-02 00:00:00";"2026-02-06 00:00:00";"2026-02-08 00:00:00";2000;"Nº 9063";"LINIANE GAZOLA";"20000,00";"Pesquisa com metodologia quantitativa, com a realização de entrevistas pessoais e pelo sistema CAT (Computer Assisted Telephone Interviewing), utilizando questionário estruturado junto a uma amostra representativa do eleitorado do Estado de Mato Grosso do Sul com 16 anos ou mais. ";"Total de entrevistas: 2.000. A amostra será representativa do eleitorado da área pesquisada e será selecionada em três etapas. Na primeira fase foi realizada sorteio aleatório dos setores censitários, utilizando o método PPTS (Probabilidade Proporcional ao Tamanho do Setor). Na segunda fase, sorteio aleatório dos domicílios a serem entrevistados de forma presencial e pelo sistema CAT, dentro dos setores. Na terceira e última fase preencheu-se as cotas.  

Sexo: masculino 47,1%, feminino 52,9%. 

Faixa Etária:  16 a 17 anos 0,6%, 18 a 24 anos 11,1%, 25 a 34 anos 19,8%, 35 a 44 anos 20,3%, 45 a 55 anos 19,6%, 56 a 69 anos 18,9%, 70 ou mais 9,7%.

Grau de instrução: analfabeto 3,2%, lê e escreve 5,5%, ensino fundamental incompleto 24,1%, ensino fundamental completo 5,8%, ensino médio completo 23,9%, ensino médio incompleto 15,8%, superior incompleto 7,4%, superior completo 14,3%.

Renda: sem rendimento 3%, até 1 salário mínimo 15,2%, mais de 1 a 2 salários mínimos 25%, mais de 2 a 5 salários mínimos 36,1%, mais de 5 a 10 salários mínimos 13,7%, mais de 10 salários mínimos 7%

O desenho da amostra será realizado de acordo com os dados populacionais disponibilizados pelo Instituto Brasileiro de Geografia e Estatística (IBGE) referentes ao Censo 2010/2022 e TSE/TRE. Para um intervalo de confiança de 95% e um tamanho de amostra de 2000 entrevistas, a margem de erro máxima estimada foi de 2.2 pontos percentuais, para mais ou para menos. 
Em função da abordagem utilizada no segundo estágio (amostragem por cotas), as ponderações por sexo e idade não são necessárias, pois, sendo conhecidas essas características da população, o método adotado consiste em retomar tais características na amostra, em proporções reduzidas. Neste caso, espera-se que a Composição da amostra, por sexo e idade, seja proporcionalmente semelhante àquela da população. Entretanto, caso as proporções da amostra não sejam semelhantes àquelas da população em estudo, as ponderações serão realizadas de acordo com as informações citadas acima. Fonte dos dados: para a distribuição de sexo e idade, TSE-Tribunal Superior Eleitoral - janeiro/2025; para a malha de setores censitários, Censo 2022 (IBGE); para a distribuição de renda domiciliar, PNADc Anual 2024, 5a visita (IBGE); e, para a distribuição de escolaridade/instrução, PNADc trimestral 3-2025 (IBGE). A PNADc é utilizada por ser a fonte oficial mais atualizada de rendimentos do país, incluindo rendimentos informais, pensões, entre outros, e corrigindo as defasagens temporais do Censo 2022, além de ser a fonte mais atualizada de nível de instrução da população com 16 anos ou mais dada ausência de atualização obrigatória da escolaridade no registro de eleitores do TSE. Está prevista eventual pós-estratificação da amostra, por meio de algoritmos de calibração (rake) e modelos (MrP), para correção de estimativas e das distribuições das variáveis sexo, idade, renda familiar e escolaridade, com base nos percentuais anteriormente mencionados, caso ocorram diferenças entre os percentuais previstos na amostra e a coleta de dados realizada.
https://sig.tse.jus.br/ords/dwapr/r/seai/sig-eleitor-eleitorado-mensal/perfil-do-eleitorado-mensal?p0_uf=MS&session=10833284693548			 
			
https://cidades.ibge.gov.br/brasil/ms/pesquisa/23/24304
 			
https://sidra.ibge.gov.br/tabela/3268#resultado

";"Para a realização da pesquisa, utiliza-se uma equipe de entrevistadores credenciados devidamente treinados para esse tipo de trabalho pela empresa Ranking Brasil Inteligência. Após os trabalhos de campo, os questionários são submetidos a uma fiscalização de cerca de 20% (vinte por cento) dos questionários aplicados pelos entrevistadores; para verificação das respostas e da adequação dos entrevistados aos parâmetros amostrais.";"A área de abrangência da coleta é o Estado de Mato Grosso do Sul. A relação das localidades e setores censitários selecionadas para aplicação da amostra estão em anexo em PDF"
"07/08/2026";"05:47:04";2026;81;"Eleições Gerais 2026";"MS";"MS";"MATO GROSSO DO SUL";"MS088892026";"2026-03-05 17:46:08";"N";"06270812000133";"A. F. BARBOSA & CIA. LTDA - ME";"INSTITUTO DE PESQUISA RESULTADO IPR";"#NULO#";"2026-03-05 00:00:00";"2026-03-09 00:00:00";"2026-03-11 00:00:00";784;"8631";"Alexandre Vasconcelos Lima";"12500,00";"Pesquisa quantitativa de opinião pública realizada com eleitores residentes no estado de Mato Grosso do Sul, com 16 anos ou mais.
A coleta de dados será realizada por meio de metodologia híbrida, combinando entrevistas presenciais domiciliares (face a face) no município de Campo Grande e entrevistas telefônicas assistidas por computador (CATI ¿ Computer Assisted Telephone Interviewing) nos demais 16 municípios de maior eleitorado do estado. As entrevistas presenciais foram conduzidas por entrevistadores devidamente treinados pelo Instituto de Pesquisa Resultado (IPR), utilizando questionário estruturado. O plano amostral foi definido em quatro estágios:1º estágio ¿ Estratificação: divisão dos municípios do estado de acordo com as Regiões Geográficas Imediatas definidas pelo IBGE. 2º estágio ¿ Seleção dos municípios: dentro de cada estrato regional, os municípios foram selecionados aleatoriamente pelo método de Probabilidade Proporcional ao Tamanho (PPT), considerando o peso do eleitorado. 3º estágio ¿ Seleção dos domicílios: nos municípios selecionados para entrevistas presenciais, foi realizado sorteio aleatório dos domicílios a serem entrevistados. 4º estágio ¿ Controle de cotas: a amostra final foi controlada por cotas proporcionais de sexo, faixa etária e grau de escolaridade, com base nos dados do Tribunal Regional Eleitoral de Mato Grosso do Sul (TRE-MS), atualizados em 28/02/2026.
";"Universo: Eleitores dos municípios de maior eleitorado de Mato Grosso do Sul dentro das 12 Regiões Imediatas referenciadas pelo IBGE: Amambai, Aquidauana ¿ Anastácio, Campo Grande, Corumbá, Coxim, Dourados, Jardim, Naviraí - Mundo Novo, Nova Andradina, Paranaíba - Chapadão do Sul ¿ Cassilândia, Ponta Porã e Três Lagoas, com 16 anos ou mais. Tamanho da amostra: A amostra prevista é de 784 entrevistas. Plano Amostral: Quotas proporcionais às existentes no universo de acordo com as variáveis, Regiões Imediatas referenciadas pelo IBGE, Sexo, Faixa Etária, Grau de Escolaridade e Renda Familiar. Os dados utilizados para definição e seleção da amostra são baseados nos dados oficiais do TRE/MS de 28/02/2026 (Região Imediata(IBGE), Sexo, Faixa Etária e Grau de Escolaridade) e IBGE (PNAD)/SEMADE (2017). Percentuais por Região Imediata - Amambai:3,16%, Aquidauana ¿ Anastácio:4,04%, Campo Grande:38,94%, Corumbá:4,05%, Coxim:4,32%, Dourados:15,89%, Jardim:4,27%, Naviraí - Mundo Novo:4,64%, Nova Andradina:4,37%, Paranaíba - Chapadão do Sul ¿ Cassilândia:4,98%, Ponta Porã:4,26%, Três Lagoas:7,08%. Percentuais de sexo - Feminino:54%. Masculino: 46%. Percentuais quanto a faixa etária: 16 a 34 anos: 31%. 35 a 69 anos: 59%. 70 anos ou mais: 10%. Percentuais quanto ao grau de instrução: Analfabeto/ Médio Incompleto: 48%. Médio Completo/Superior Incompleto: 35%. Superior Completo: 17%. Percentuais em relação ao nível econômico: Até 1 S.M.: 24%. De 1 a 2 S.M.: 39%. De 2 a 5 S.M.: 26%. De 5 a 10 S.M.: 8%. Acima de 10 S.M.: 3%. Ponderação dos resultados: No processamento dos dados é realizada ponderação referente à proporção dos setores censitários para correta representação da área estudada. Área física: Serão realizadas entrevistas na área urbana dos municípios: Campo Grande, Dourados, Três Lagoas, Ponta Porã, Corumbá, Naviraí, Aquidauana, Nova Andradina, Sidrolândia, Paranaíba, Maracaju, Amambai, Coxim, Rio Brilhante, São Gabriel do Oeste, Bonito e Jardim. Devido à metodologia amostral adotada, os fatores de ponderação a serem aplicados em todas as variáveis (município, sexo, faixa etária, grau de instrução e renda familiar), assumem valor igual a 1(um). A relação completa das regiões e suas respectivas localidades será encaminhada a esse tribunal posteriormente até o sétimo dia seguinte à data de registro da pesquisa, conforme §7º. do art. 2º. da Resolução-TSE nº. 23.600/2019. Margem de erro: Para uma amostra de 784 entrevistas estima-se uma margem de erro máxima total de 3,5 pontos percentuais para mais ou para menos, considerando-se um nível de confiança de 95%, numa hipótese de p=q=50%.";"Os questionários serão aplicados por meio digital, através de smartsphones. O trabalho de coleta de dados é acompanhado in loco por supervisores de campo e feito crítica de 100% dos questionários. São selecionados aleatoriamente 20% (vinte por cento) dos questionários de cada entrevistador, para uma checagem posterior através de ligações telefônicas para os números indicados nos formulários, para verificação da consistência das respostas e da adequação dos entrevistados aos parâmetros amostrais. Em caso de dúvida, o formulário é descartado e o entrevistador chamado para esclarecimentos.";"Dados relativos aos municípios e bairros abrangidos pela pesquisa. Na ausência de delimitação do bairro, será identificada a área em que foi realizada a pesquisa (conforme §7º. do art. 2º. da Resolução-TSE nº. 23.600/2019, A partir do dia em que a pesquisa puder ser divulgada e até o dia seguinte, o registro deverá ser complementado, sob pena de ser a pesquisa considerada não registrada; na ausência de delimitação do bairro, será identificada a área em que foi realizada)"
"07/08/2026";"05:47:04";2026;81;"Eleições Gerais 2026";"MS";"MS";"MATO GROSSO DO SUL";"MS063192026";"2026-04-27 20:13:23";"N";"06270812000133";"A. F. BARBOSA & CIA. LTDA - ME";"INSTITUTO DE PESQUISA RESULTADO IPR";"Governador, Senador";"2026-04-27 00:00:00";"2026-05-01 00:00:00";"2026-05-03 00:00:00";784;"8631";"Alexandre Vasconcelos Lima";"12500,00";"Pesquisa quantitativa de opinião pública realizada com eleitores residentes no estado de Mato Grosso do Sul, com 16 anos ou mais.
A coleta de dados foi realizada por meio de metodologia híbrida, combinando entrevistas presenciais domiciliares (face a face) no município de Campo Grande e entrevistas telefônicas assistidas por computador (CATI ? Computer Assisted Telephone Interviewing) nos demais 16 municípios de maior eleitorado do estado. As entrevistas presenciais foram conduzidas por entrevistadores devidamente treinados pelo Instituto de Pesquisa Resultado (IPR), utilizando questionário estruturado. O plano amostral foi definido em quatro estágios:1º estágio ? Estratificação: divisão dos municípios do estado de acordo com as Regiões Geográficas Imediatas definidas pelo IBGE. 2º estágio ? Seleção dos municípios: dentro de cada estrato regional, os municípios foram selecionados aleatoriamente pelo método de Probabilidade Proporcional ao Tamanho (PPT), considerando o peso do eleitorado. 3º estágio ? Seleção dos domicílios: nos municípios selecionados para entrevistas presenciais, foi realizado sorteio aleatório dos domicílios a serem entrevistados. 4º estágio ? Controle de cotas: a amostra final foi controlada por cotas proporcionais de sexo, faixa etária e grau de escolaridade, com base nos dados do Tribunal Regional Eleitoral de Mato Grosso do Sul (TRE-MS), atualizados em 31/03/2026. Também foram consideradas cotas de renda média familiar, definidas com base nos dados da Pesquisa Nacional por Amostra de Domicílios (PNAD/IBGE). Os parâmetros socioeconômicos utilizados foram tratados a partir das bases do Banco de Dados do Estado ? SEMADE, conforme informações disponíveis no Perfil Estatístico de Mato Grosso do Sul (2019). Fonte: https://www.semadesc.ms.gov.br/wp-content/uploads/2019/12/Perfil-Estat%C3%ADstico-de-MS-2019.pdf
";"Universo: Eleitores dos municípios de maior eleitorado de Mato Grosso do Sul dentro das 12 Regiões Imediatas referenciadas pelo IBGE: Amambai, Aquidauana ? Anastácio, Campo Grande, Corumbá, Coxim, Dourados, Jardim, Naviraí - Mundo Novo, Nova Andradina, Paranaíba - Chapadão do Sul ? Cassilândia, Ponta Porã e Três Lagoas, com 16 anos ou mais. Tamanho da amostra: A amostra prevista é de 784 entrevistas. Plano Amostral: Quotas proporcionais às existentes no universo de acordo com as variáveis, Regiões Imediatas referenciadas pelo IBGE, Sexo, Faixa Etária, Grau de Escolaridade e Renda Familiar. Os dados utilizados para definição e seleção da amostra são baseados nos dados oficiais do TRE/MS de 31/03/2026 (Região Imediata(IBGE), Sexo, Faixa Etária e Grau de Escolaridade) e IBGE (PNAD)/SEMADE (2019). Percentuais por Região Imediata - Amambai:3,16%, Aquidauana ? Anastácio:4,04%, Campo Grande:38,94%, Corumbá:4,05%, Coxim:4,32%, Dourados:15,89%, Jardim:4,27%, Naviraí - Mundo Novo:4,64%, Nova Andradina:4,37%, Paranaíba - Chapadão do Sul ? Cassilândia:4,98%, Ponta Porã:4,26%, Três Lagoas:7,08%. %. Percentuais de sexo - Feminino:54%. Masculino: 46%. Percentuais quanto a faixa etária: 16 a 34 anos: 32%. 35 a 69 anos: 59%. 70 anos ou mais: 9%. Percentuais quanto ao grau de instrução: Analfabeto/ Médio Incompleto: 49%. Médio Completo/Superior Incompleto: 34%. Superior Completo: 16%. Percentuais em relação ao nível econômico: Até 1 S.M.: 24%. De 1 a 2 S.M.: 39%. De 2 a 5 S.M.: 26%. De 5 a 10 S.M.: 8%. Acima de 10 S.M.: 3%. Ponderação dos resultados: No processamento dos dados é realizada ponderação referente à proporção dos setores censitários para correta representação da área estudada. Área física: Serão realizadas entrevistas na área urbana dos municípios: Antônio João, Aquidauana, Bonito, Caarapó, Campo Grande, Coronel Sapucaia, Corumbá, Coxim, Dourados, Guia Lopes da Laguna, Maracaju, Naviraí, Nova Alvorada do Sul, Nova Andradina, Paranaíba, Ponta Porã, Ribas do Rio Pardo, Rio Brilhante, Rio Verde de Mato Grosso, Sidrolândia, Sonora, Três Lagoas. Devido à metodologia amostral adotada, os fatores de ponderação a serem aplicados em todas as variáveis (município, sexo, faixa etária, grau de instrução e renda familiar), assumem valor igual a 1(um). A relação completa das regiões e suas respectivas localidades será encaminhada a esse tribunal posteriormente até o sétimo dia seguinte à data de registro da pesquisa, conforme §7º. do art. 2º. da Resolução-TSE nº. 23.600/2019. Margem de erro: Para uma amostra de 784 entrevistas estima-se uma margem de erro máxima total de 3,5 pontos percentuais para mais ou para menos, considerando-se um nível de confiança de 95%, numa hipótese de p=q=50%.";"Os questionários serão aplicados por meio digital, através de smartsphones. O trabalho de coleta de dados é acompanhado in loco por supervisores de campo e feito crítica de 100% dos questionários. São selecionados aleatoriamente 20% (vinte por cento) dos questionários de cada entrevistador, para uma checagem posterior através de ligações telefônicas para os números indicados nos formulários, para verificação da consistência das respostas e da adequação dos entrevistados aos parâmetros amostrais. Em caso de dúvida, o formulário é descartado e o entrevistador chamado para esclarecimentos.";"Dados relativos aos municípios e bairros abrangidos pela pesquisa. Na ausência de delimitação do bairro, será identificada a área em que foi realizada a pesquisa (conforme §7º. do art. 2º. da Resolução-TSE nº. 23.600/2019, A partir do dia em que a pesquisa puder ser divulgada e até o dia seguinte, o registro deverá ser complementado, sob pena de ser a pesquisa considerada não registrada; na ausência de delimitação do bairro, será identificada a área em que foi realizada):"
"07/08/2026";"05:47:04";2026;81;"Eleições Gerais 2026";"MS";"MS";"MATO GROSSO DO SUL";"MS077062026";"2026-07-31 16:00:06";"S";"22345021000181";"REAL TIME MIDIA LTDA";"REAL TIME BIG DATA";"Governador, Senador";"2026-08-01 00:00:00";"2026-08-05 00:00:00";"2026-08-06 00:00:00";1600;"10839";"Isabela Zara Cremoneze";"24000,00";"Pesquisa quantitativa, que consiste na realização de entrevistas com eleitores do universo a ser explorado, feitas em combinação mista por entrevistadores humanos e recursos de inteligência artificial, com a aplicação de questionário estruturado com abordagens telefônicas e digitais junto a uma amostra representativa do eleitorado em estudo. Pesquisa realizada no Estado do Mato Grosso do Sul (MS).";"Representativo do eleitorado da área em estudo, elaborada em três estágios. 
No primeiro estágio, realiza-se um sorteio probabilístico dos municípios onde as entrevistas serão realizadas, pelo método PPT (Probabilidade Proporcional ao Tamanho), tomando a população eleitora de 16 anos ou mais residente nos municípios como base para essa seleção.
No segundo estágio, efetua-se um sorteio probabilístico das localidades dentro dos municípios selecionados, também pelo método PPT (Probabilidade Proporcional ao Tamanho), considerando a população eleitora de 16 anos ou mais residente nessas localidades como base para a seleção.
No terceiro e último estágio, dentro das localidades sorteadas, os respondentes são selecionados por meio de quotas amostrais proporcionais, em função de variáveis significativas, a saber:

GÊNERO:
Feminino: 52,81%;
Masculino: 47,19%.
(Fonte: TSE (Junho/2026) - https://sig.tse.jus.br/ords/dwapr/r/seai/sig-eleitor-eleitorado-mensal/cruzamento-eleitorado-mensal?p24_metricas=E&p24_back=22&p24_cruzamento_1=ds_sexo&clear=24&session=13845377081545) 
FAIXA ETÁRIA:
16 anos: 0,50%;
17 anos: 0,85%;
18 a 20 anos: 4,46%;
21 a 24 anos: 6,98%;
25 a 34 anos: 19,45%;
35 a 44 anos: 19,90%;
45 a 59 anos: 25,53%;
60 a 69 anos: 12,60%;
70 a 79 anos: 6,87%;
Superior a 79 anos: 2,87%.
(Fonte: TSE (Junho/2026) - https://sig.tse.jus.br/ords/dwapr/r/seai/sig-eleitor-eleitorado-mensal/cruzamento-eleitorado-mensal?p24_cruzamento_1=ds_faixa_etaria&p24_metricas=E&p24_back=22&clear=24&session=13845377081545) 
ESCOLARIDADE:
Analfabeto: 3,15%;
Lê e Escreve: 5,30%;
Ensino Fundamental Incompleto: 23,64%;
Ensino Fundamental Completo: 5,70%;
Ensino Médio Incompleto: 16,56%;
Ensino Médio Completo: 24,09%;
Ensino Superior Incompleto: 7,48%;
Ensino Superior Completo: 14,08%.
(Fonte: TSE (Junho/2026) - https://sig.tse.jus.br/ords/dwapr/r/seai/sig-eleitor-eleitorado-mensal/cruzamento-eleitorado-mensal?p24_cruzamento_1=ds_grau_instrucao&p24_metricas=E&p24_back=22&clear=24&session=13845377081545) 
RENDA DOMICILIAR MENSAL:
Sem rendimento: 3,03%;
Até 1/2 Salário Mínimo: 2,23%;
Mais de 1/2 a 1 Salário Mínimo: 13,99%;
Mais de 1 a 2 Salários Mínimos: 25,01%;
Mais de 2 a 5 Salários Mínimos: 36,15%;
Mais de 5 a 10 Salários Mínimos: 13,68
Mais de 10 a 20 Salários Mínimos: 4,96%;
Mais de 20 Salários Mínimos: 1,95%.
(Fonte: IBGE (Censo 2010) - https://cidades.ibge.gov.br/brasil/ms/pesquisa/23/24304?detalhes=true) 
Observação: De acordo com informações do Instituto Brasileiro de Geografia e Estatística (IBGE), não há previsão de data para a divulgação do perfil econômico da população brasileira do CENSO 2022. Portanto, os dados sobre o nível econômico obtidos no Censo 2022 não podem ser utilizados, pois ainda não foram publicados.
Está prevista eventual ponderação para correção das variáveis sexo e idade, com base nos percentuais anteriormente mencionados, caso ocorram diferenças superiores a 3 pontos percentuais entre o previsto na amostra e a coleta de dados realizada. Para as variáveis de grau de instrução e nível econômico do entrevistado, o fator previsto para ponderação é 1 (resultados obtidos em campo). O nível de confiança estimado é de 95% e a margem de erro máxima estimada considerando um modelo de amostragem aleatório simples, é de aproximadamente 2 (dois) pontos percentuais para mais ou para menos sobre os resultados encontrados no total da amostra.
";"O trabalho de coleta de dados é acompanhado por supervisores humanos. São selecionados aleatoriamente 15% (quinze por cento) dos questionários para uma verificação posterior e, em caso de dúvida, o formulário é descartado e o responsável pela coleta chamado para esclarecimentos. Há uma equipe especializada que confere os dados à exaustão com objetivo de averiguar e aferir os resultados coletados.";"O anexo do arquivo com os bairros será realizado até o dia seguinte da divulgação conforme indicado no §7º. do art. 2º. da Resolução-TSE nº. 23.600/2019."
"07/08/2026";"05:47:04";2026;81;"Eleições Gerais 2026";"MS";"MS";"MATO GROSSO DO SUL";"MS068202026";"2026-06-04 20:12:38";"N";"36781946000180";"IPEMS INSTITUTO DE PESQUISAS DE MATO GROSSO DO SUL LTDA - ME";"#NULO#";"Governador, Senador, Deputado Federal, Deputado Estadual";"2026-06-05 00:00:00";"2026-06-10 00:00:00";"2026-06-10 00:00:00";950;" 5451";"Ivan Ferreira Domingues";"25000,00";"Pesquisa do tipo quantitativo, por amostragem, com aplicação de questionário estruturado e abordagem pessoal presencial em pontos de fluxo populacional. O eleitorado do estado de Mato Grosso do Sul foi tomado como universo da pesquisa.";"Universo: Eleitorado do estado de Mato Grosso do Sul.Tamanho da amostra: A amostra prevista é de 950 entrevistas em 28 municípios representativos: MESORREGIÃO PANTANAIS DE MATO GROSSO DO SUL (Corumbá, Aquidauana, Miranda): MESORREGIÃO CENTRO-NORTE DE MATO GROSSO DO SUL(Coxim, São Gabriel do Oeste, Campo Grande, Sidrolândia); MESORREGIÃO LESTE DE MATO GROSSO DO SUL (Cassilândia, Chapadão do Sul, Costa Rica, Paranaíba, Três Lagoas, Bataguassu, Nova Andradina); MESORREGIÃO SUDOESTE DE MATO GROSSO DO SUL (Bela Vista, Bonito, Jardim, Amambai, Caarapó, Dourados, Fátima do Sul, Maracaju, Ponta Porã, Rio Brilhante, Eldorado, Iguatemi, Ivinhema e Naviraí), . Técnica de amostragem: A amostra é estratificada por natureza dos municípios (mesorregiões, microrregiões). Num primeiro estágio, são selecionados com probabilidade proporcional ao tamanho (PPT) os municípios que farão parte do levantamento. Num segundo estágio, são selecionados os bairros e pontos de abordagem onde serão aplicadas as entrevistas. Por fim, os entrevistados são selecionados aleatoriamente para responder ao questionário, de acordo com cotas de gênero e faixa etária. Os dados utilizados para definição e seleção da amostra são baseados nos dados fornecidos pelo TRE/MS (dados disponíveis em maio/2026) e IBGE (Censo 2022, PNADC 2024 e Estimativa populacional 2025), além de dados primários de outros levantamentos do instituto. Os dados relativos a gênero e faixa etária são, Gênero: Masculino 47,18%, Feminino 52,82%; Faixa etária: 16 a 24 anos 12,32%, 25 a 34 anos 19,58%, 35 a 44 anos 20,04%, 45 a 55 anos 19,51%, 56 a 69 anos 18,78% e 70 anos ou mais 9,77%. Para a variável grau de instrução os dados utilizados como referência são: De Analfabeto ao Ensino Fundamental Completo: 38,12%, Ensino Médio Incompleto ou Completo: 40,28% e, Ensino Superior Incompleto: 21,60. Para a variável Renda Domiciliar Mensal os dados utilizados como referência são: Sem rendimento e até 2 salários mínimos, 29,30%, de 2 a 5 salários mínimos, 48,10%, e mais de 5 salários mínimos, 22,60%, podendo ocorrer pequenas variações em razão de arredondamentos estatísticos.  Está prevista ponderação considerando os estratos gênero, faixa etária e natureza dos municípios, com base nos percentuais anteriormente mencionados, caso ocorram diferenças superiores a 3 pontos percentuais entre o previsto na amostra e a coleta de dados realizada. Para as variáveis de grau de instrução e nível econômico do entrevistado, o fator previsto para ponderação é 1 (resultados obtidos em campo). O nível de confiança estimado é de 95% e a margem de erro máxima estimada considerando um modelo de amostragem aleatório simples, é de aproximadamente 3,18 pontos percentuais para mais ou para menos sobre os resultados encontrados no total da amostra.";"Os entrevistadores envolvidos na realização desta pesquisa são treinados pelo Instituto e recebem instruções específicas para cada projeto realizado. A coleta será feita com a utilização de smartphone e questionário eletrônico. São checados, no mínimo, 20% dos questionários de cada pesquisador, seja in loco por supervisores de campo ou, posteriormente, por telefone. Internamente, todo o material é verificado e codificado. Antes do processamento final e emissão dos resultados, realiza-se processo de consistência dos dados. Os dados coletados e tratados nesta pesquisa atendem às exigências da LGPD, Lei Geral de Proteção de Dados, garantindo ao respondente o sigilo de sua identidade e o correto tratamento de suas respostas.";"A área de abrangência da coleta dos dados é o estado de Mato Grosso do Sul. A relação completa dos municípios e bairros pesquisados será anexada ao registro até o dia seguinte à data de publicação da pesquisa, conforme Resolução 23.600/2019 do TSE, no art.2º §7º.
"
"07/08/2026";"05:47:04";2026;81;"Eleições Gerais 2026";"MS";"MS";"MATO GROSSO DO SUL";"MS080522026";"2026-08-06 10:06:47";"N";"49860741000131";"RANKING BRASIL INTELIGENCIA LTDA";"RANKING BRASIL INTELIGENCIA";"Governador, Senador, Deputado Federal, Deputado Estadual";"2026-08-06 00:00:00";"2026-08-11 00:00:00";"2026-08-12 00:00:00";2000;"7655";"AUGUSTO DA SILVA ROCHA";"20000,00";"Pesquisa com metodologia quantitativa, com a realização de entrevistas pessoais em setores censitários e pelo sistema CAT (Computer Assisted Telephone Interviewing). utilizando questionário estruturado junto a uma amostra representativa do eleitorado do Estado de Mato Grosso do Sul com 16 anos ou mais. ";"2.000 entrevistas. Quantidade de entrevistas por município:  Campo Grande 789, Dourados 205, Três Lagoas 109, Ponta Porã 87, Corumbá 84, Naviraí 47, Aquidauana 45, Nova Andradina 44, Sidrolândia 43, Paranaíba 39, Maracaju 37, Coxim 33, Amambai 34, Rio Brilhante 33, São Gabriel do Oeste 29, Caarapó 28, Ivinhema 26, Miranda 25, Chapadão do Sul 28, Jardim 23, Anastácio 23, Bataguassu 24, Bonito 24, Aparecida do Taboado 24, Fátima do Sul 21, Bela Vista 20, Nova Alvorada do Sul 20, Ribas do Rio Pardo 19, Cassilândia 19 e Itaquiraí 18. A amostra será representativa do eleitorado da área pesquisada e será selecionada em três etapas. Na primeira fase foi realizada sorteio aleatório dos setores censitários, utilizando o método PPTS (Probabilidade Proporcional ao Tamanho do Setor). Na segunda fase, sorteio aleatório dos domicílios a serem entrevistados de forma presencial no município de Campo Grande e nos demais municípios pelo sistema CAT. Na terceira e última fase preencheu-se as cotas.  

Sexo: masculino 47,2%, feminino 52,8%. 

Faixa Etária:  16 a 17 anos 1%, 18 a 24 anos 11,3%, 25 a 34 anos 19,5%, 35 a 44 anos 20%, 45 a 55 anos 19,6%, 56 a 69 anos 18,8%, 70 ou mais 9,8%.

Grau de instrução: analfabeto 3,2%, lê e escreve 5,4%, ensino fundamental incompleto 23,9%, ensino fundamental completo 5,8%, ensino médio incompleto 16%, ensino médio completo 24,1%, superior incompleto 7,4%, superior completo 14,2%.

Renda: sem rendimento 3%, até 1 salário mínimo 15,2%, mais de 1 a 2 salários mínimos 25%, mais de 2 a 5 salários mínimos 36,1%, mais de 5 a 10 salários mínimos 13,7%, mais de 10 salários mínimos 7%

O desenho da amostra será realizado de acordo com os dados populacionais disponibilizados pelo Instituto Brasileiro de Geografia e Estatística (IBGE) referentes ao Censo 2010/2022 e TSE/TRE. Para um intervalo de confiança de 95% e um tamanho de amostra de 2000 entrevistas, a margem de erro máxima estimada foi de 2.2 pontos percentuais, para mais ou para menos. 
Em função da abordagem utilizada no segundo estágio (amostragem por cotas), as ponderações por sexo e idade não são necessárias, pois, sendo conhecidas essas características da população, o método adotado consiste em retomar tais características na amostra, em proporções reduzidas. Neste caso, espera-se que a Composição da amostra, por sexo e idade, seja proporcionalmente semelhante àquela da população. Entretanto, caso as proporções da amostra não sejam semelhantes àquelas da população em estudo, as ponderações serão realizadas de acordo com as informações citadas acima. Fonte dos dados: para a distribuição de sexo e idade, TSE-Tribunal Superior Eleitoral - janeiro/2025; para a malha de setores censitários, Censo 2022 (IBGE); para a distribuição de renda domiciliar, PNADc Anual 2024, 5a visita (IBGE); e, para a distribuição de escolaridade/instrução, PNADc trimestral 3-2025 (IBGE). A PNADc é utilizada por ser a fonte oficial mais atualizada de rendimentos do país, incluindo rendimentos informais, pensões, entre outros, e corrigindo as defasagens temporais do Censo 2022, além de ser a fonte mais atualizada de nível de instrução da população com 16 anos ou mais dada ausência de atualização obrigatória da escolaridade no registro de eleitores do TSE/TRE/2026. Está prevista eventual pós-estratificação da amostra, por meio de algoritmos de calibração (rake) e modelos (MrP), para correção de estimativas e das distribuições das variáveis sexo, idade, renda familiar e escolaridade, com base nos percentuais anteriormente mencionados, caso ocorram diferenças entre os percentuais previstos na amostra e a coleta de dados realizada.
https://sig.tse.jus.br/ords/dwapr/r/seai/sig-eleitor-eleitorado-mensal/perfil-do-eleitorado-mensal?p0_uf=MS&session=10833284693548			 
			
https://cidades.ibge.gov.br/brasil/ms/pesquisa/23/24304
 			
https://sidra.ibge.gov.br/tabela/3268#resultado

";"Para a realização da pesquisa, utiliza-se uma equipe de entrevistadores credenciados devidamente treinados para esse tipo de trabalho pela empresa Ranking Brasil Inteligência. Após os trabalhos de campo, os questionários são submetidos a uma fiscalização de cerca de 20% (vinte por cento) dos questionários aplicados pelos entrevistadores; para verificação das respostas e da adequação dos entrevistados aos parâmetros amostrais.";"A área de abrangência da coleta é o Estado de Mato Grosso do Sul. A relação das localidades e setores censitários selecionadas para aplicação da amostra será apresentada a partir do dia em que a pesquisa puder ser divulgada e até o dia seguinte, conforme expresso no art. 2º, §7º da Resolução 23.600/2019 no art. 2º; §7º e resolução nº 23.747, de 26 de fevereiro de 2026 do TSE."
"07/08/2026";"05:47:04";2026;81;"Eleições Gerais 2026";"MS";"MS";"MATO GROSSO DO SUL";"MS068742026";"2026-05-30 08:42:05";"N";"49860741000131";"RANKING BRASIL INTELIGENCIA LTDA";"RANKING BRASIL INTELIGENCIA";"Governador, Senador, Deputado Federal, Deputado Estadual";"2026-06-01 00:00:00";"2026-06-05 00:00:00";"2026-06-05 00:00:00";2000;"Nº 7655";"AUGUSTO DA SILVA ROCHA";"20000,00";"Pesquisa com metodologia quantitativa, com a realização de entrevistas pessoais em setores censitários e pelo sistema CAT (Computer Assisted Telephone Interviewing). utilizando questionário estruturado junto a uma amostra representativa do eleitorado do Estado de Mato Grosso do Sul com 16 anos ou mais. ";"Total de entrevistas: 2000. Quantidade de entrevistas por município:  Campo Grande 789, Dourados 205, Três Lagoas 109, Ponta Porã 87, Corumbá 84, Naviraí 47, Aquidauana 45, Nova Andradina 44, Sidrolândia 43, Paranaíba 39, Maracaju 37, Coxim 33, Amambai 34, Rio Brilhante 33, São Gabriel do Oeste 29, Caarapó 28, Ivinhema 26, Miranda 25, Chapadão do Sul 28, Jardim 23, Anastácio 23, Bataguassu 24, Bonito 24, Aparecida do Taboado 24, Fátima do Sul 21, Bela Vista 20, Nova Alvorada do Sul 20, Ribas do Rio Pardo 19, Cassilândia 19 e Itaquiraí 18. A amostra será representativa do eleitorado da área pesquisada e será selecionada em três etapas. Na primeira fase foi realizada sorteio aleatório dos setores censitários, utilizando o método PPTS (Probabilidade Proporcional ao Tamanho do Setor). Na segunda fase, sorteio aleatório dos domicílios a serem entrevistados de forma presencial e pelo sistema CAT, dentro dos setores. Na terceira e última fase preencheu-se as cotas.  

Sexo: masculino 47,2%, feminino 52,8%. 

Faixa Etária:  16 a 17 anos 1%, 18 a 24 anos 11,3%, 25 a 34 anos 19,5%, 35 a 44 anos 20%, 45 a 55 anos 19,6%, 56 a 69 anos 18,8%, 70 ou mais 9,8%.

Grau de instrução: analfabeto 3,2%, lê e escreve 5,4%, ensino fundamental incompleto 23,9%, ensino fundamental completo 5,8%, ensino médio incompleto 16%, ensino médio completo 24,1%, superior incompleto 7,4%, superior completo 14,2%.

Renda: sem rendimento 3%, até 1 salário mínimo 15,2%, mais de 1 a 2 salários mínimos 25%, mais de 2 a 5 salários mínimos 36,1%, mais de 5 a 10 salários mínimos 13,7%, mais de 10 salários mínimos 7%

O desenho da amostra será realizado de acordo com os dados populacionais disponibilizados pelo Instituto Brasileiro de Geografia e Estatística (IBGE) referentes ao Censo 2010/2022 e TSE/TRE. Para um intervalo de confiança de 95% e um tamanho de amostra de 2000 entrevistas, a margem de erro máxima estimada foi de 2.2 pontos percentuais, para mais ou para menos. 
Em função da abordagem utilizada no segundo estágio (amostragem por cotas), as ponderações por sexo e idade não são necessárias, pois, sendo conhecidas essas características da população, o método adotado consiste em retomar tais características na amostra, em proporções reduzidas. Neste caso, espera-se que a Composição da amostra, por sexo e idade, seja proporcionalmente semelhante àquela da população. Entretanto, caso as proporções da amostra não sejam semelhantes àquelas da população em estudo, as ponderações serão realizadas de acordo com as informações citadas acima. Fonte dos dados: para a distribuição de sexo e idade, TSE-Tribunal Superior Eleitoral - janeiro/2025; para a malha de setores censitários, Censo 2022 (IBGE); para a distribuição de renda domiciliar, PNADc Anual 2024, 5a visita (IBGE); e, para a distribuição de escolaridade/instrução, PNADc trimestral 3-2025 (IBGE). A PNADc é utilizada por ser a fonte oficial mais atualizada de rendimentos do país, incluindo rendimentos informais, pensões, entre outros, e corrigindo as defasagens temporais do Censo 2022, além de ser a fonte mais atualizada de nível de instrução da população com 16 anos ou mais dada ausência de atualização obrigatória da escolaridade no registro de eleitores do TSE/TRE/2026. Está prevista eventual pós-estratificação da amostra, por meio de algoritmos de calibração (rake) e modelos (MrP), para correção de estimativas e das distribuições das variáveis sexo, idade, renda familiar e escolaridade, com base nos percentuais anteriormente mencionados, caso ocorram diferenças entre os percentuais previstos na amostra e a coleta de dados realizada.
https://sig.tse.jus.br/ords/dwapr/r/seai/sig-eleitor-eleitorado-mensal/perfil-do-eleitorado-mensal?p0_uf=MS&session=10833284693548			 
			
https://cidades.ibge.gov.br/brasil/ms/pesquisa/23/24304
 			
https://sidra.ibge.gov.br/tabela/3268#resultado

			
";"Para a realização da pesquisa, utiliza-se uma equipe de entrevistadores credenciados devidamente treinados para esse tipo de trabalho pela empresa Ranking Brasil Inteligência. Após os trabalhos de campo, os questionários são submetidos a uma fiscalização de cerca de 20% (vinte por cento) dos questionários aplicados pelos entrevistadores; para verificação das respostas e da adequação dos entrevistados aos parâmetros amostrais.";"A área de abrangência da coleta é o Estado de Mato Grosso do Sul. A relação das localidades e setores censitários selecionadas para aplicação da amostra estão em anexo em PDF."
"07/08/2026";"05:47:04";2026;81;"Eleições Gerais 2026";"MS";"MS";"MATO GROSSO DO SUL";"MS089642026";"2026-06-01 21:45:04";"S";"00654576000172";"INSTITUTO VERITA LTDA";"VERITA";"Governador, Senador";"2026-06-02 00:00:00";"2026-06-06 00:00:00";"2026-06-07 00:00:00";1220;"10699";"GUILHERME ALVARENGA LAIA";"93940,00";"Pesquisa quantitativa, que consiste na realização de entrevistas, com a aplicação de questionário estruturado junto a uma amostra representativa do eleitorado desta Unidade da Federação.";"ESTUDO REPRESENTATIVO DO ELEITORADO DO ESTADO DO MATO GROSSO DO SUL - MÉTODO PPT (Probabilidade Proporcional ao Tamanho) - PLANO AMOSTRAL E PONDERAÇÃO QUANTO A SEXO, IDADE, GRAU DE INSTRUÇÃO E NÍVEL ECONÔMICO DO ENTREVISTADO; INTERVALO DE CONFIANÇA E MARGEM DE ERRO: Representativo do eleitorado da área em estudo, elaborada, em vários estágios, da seguinte forma: - 1. Divisão da UF em estratos proporcionais de municípios. 2. Ordenação dos municípios de cada estrato segundo o porte. 3. Sorteio dos municípios de cada estrato. 4. Os respondentes são selecionados através de quotas amostrais proporcionais em função de variáveis significativas, a saber: GÊNERO / FAIXA ETÁRIA - FEMININO E MASCULINO 16 A 34 ANOS 16,6% E 15%, 35 A 54 ANOS 20,2% E 18,1%, 55 ANOS OU MAIS 16,1% E 14%. GRAU DE INSTRUÇÃO ¿ FEMININO E MASCULINO Sem instrução até Ensino Médio completo 59,4%, Ensino superior incompleto e completo 40,6% NÍVEL ECONÔMICO - FEMININO população não economicamente ativa 46,5% população economicamente ativa 53,5% MASCULINO população não economicamente ativa 27,2% população economicamente ativa 72,8%. RENDA FAMILIAR DO DOMICÍLIO renda familiar de até 2 salários-mínimos 30,7%; de 2 a 5 salários-mínimos 44,2%, acima de 5 salários-mínimos 25,1%. Está prevista eventual ponderação para correção das variáveis, com base nos percentuais anteriormente mencionados, caso ocorram diferenças superiores a margem de erro da pesquisa previsto entre a amostra e a coleta de dados realizada. O fator previsto para ponderação é 1 (resultados obtidos na coleta de dados). O intervalo de confiança estimado é de 95% e a margem de erro máxima estimada considerando um modelo de amostragem aleatório simples, é de aproximadamente 3 pontos percentuais para mais ou para menos sobre os resultados encontrados no total da amostra. FONTE DOS DADOS: IBGE/Censo 2022 para fins de densidade demográfica, setores censitários e alocação da amostra. IBGE/PNAD/PNADC/MEC/INEP para fins de Nível Econômico e Escolaridade. TSE FEVEREIRO/2026 para fins de Sexo, Faixa Etária e eleitorado por município ou regiões previamente definidas (importante ressaltar para o público leigo que os dados do TSE são os únicos corretos para gênero, idade dos eleitores e quantitativo de eleitores por municípios já que a base de dados se atualiza automaticamente, PORÉM, dados de escolaridade e nível econômico NÃO são corretos e confiáveis devido a desatualização que ocorre naturalmente com o passar dos anos). Definição de margem de erro e intervalo de confiança: Margem de erro e intervalo de confiança não são grandezas diretamente proporcionais. A SOMA NÃO TEM QUE RESULTAR 100%. ";"Após os trabalhos de coleta de dados, os questionários são submetidos a uma fiscalização, conferência e checagem de cerca de 20% (vinte por cento) dos questionários aplicados.";"A relação dos municípios sorteados ou selecionados para esta pesquisa será apresentada em arquivo anexo até 1 (um) dia após a divulgação desta pesquisa conforme §7º. do art. 2º. da Resolução-TSE nº. 23.600/2019. A área de abrangência desta pesquisa é o Estado DO MATO GROSSO DO SUL"
"07/08/2026";"05:47:04";2026;81;"Eleições Gerais 2026";"MS";"MS";"MATO GROSSO DO SUL";"MS026592026";"2026-06-15 20:40:04";"S";"00654576000172";"INSTITUTO VERITA LTDA";"VERITA";"Governador, Senador";"2026-06-16 00:00:00";"2026-06-20 00:00:00";"2026-06-21 00:00:00";1220;"10699";"GUILHERME ALVARENGA LAIA";"93940,00";"Pesquisa quantitativa, que consiste na realização de entrevistas, com a aplicação de questionário estruturado junto a uma amostra representativa do eleitorado desta Unidade da Federação.";"ESTUDO REPRESENTATIVO DO ELEITORADO DO ESTADO DO MATO GROSSO DO SUL - MÉTODO PPT (Probabilidade Proporcional ao Tamanho) - PLANO AMOSTRAL E PONDERAÇÃO QUANTO A SEXO, IDADE, GRAU DE INSTRUÇÃO E NÍVEL ECONÔMICO DO ENTREVISTADO; INTERVALO DE CONFIANÇA E MARGEM DE ERRO: Representativo do eleitorado da área em estudo, elaborada, em vários estágios, da seguinte forma: - 1. Divisão da UF em estratos proporcionais de municípios. 2. Ordenação dos municípios de cada estrato segundo o porte. 3. Sorteio dos municípios de cada estrato. 4. Os respondentes são selecionados através de quotas amostrais proporcionais em função de variáveis significativas, a saber: GÊNERO / FAIXA ETÁRIA - FEMININO E MASCULINO 16 A 34 ANOS 16,6% E 15%, 35 A 54 ANOS 20,2% E 18,1%, 55 ANOS OU MAIS 16,1% E 14%. GRAU DE INSTRUÇÃO ¿ FEMININO E MASCULINO Sem instrução até Ensino Médio completo 59,4%, Ensino superior incompleto e completo 40,6% NÍVEL ECONÔMICO - FEMININO população não economicamente ativa 46,5% população economicamente ativa 53,5% MASCULINO população não economicamente ativa 27,2% população economicamente ativa 72,8%. RENDA FAMILIAR DO DOMICÍLIO renda familiar de até 2 salários-mínimos 30,7%; de 2 a 5 salários-mínimos 44,2%, acima de 5 salários-mínimos 25,1%. Está prevista eventual ponderação para correção das variáveis, com base nos percentuais anteriormente mencionados, caso ocorram diferenças superiores a margem de erro da pesquisa previsto entre a amostra e a coleta de dados realizada. O fator previsto para ponderação é 1 (resultados obtidos na coleta de dados). O intervalo de confiança estimado é de 95% e a margem de erro máxima estimada considerando um modelo de amostragem aleatório simples, é de aproximadamente 3 pontos percentuais para mais ou para menos sobre os resultados encontrados no total da amostra. FONTE DOS DADOS: IBGE/Censo 2022 para fins de densidade demográfica, setores censitários e alocação da amostra. IBGE/PNAD/PNADC/MEC/INEP para fins de Nível Econômico e Escolaridade. TSE FEVEREIRO/2026 para fins de Sexo, Faixa Etária e eleitorado por município ou regiões previamente definidas (importante ressaltar para o público leigo que os dados do TSE são os únicos corretos para gênero, idade dos eleitores e quantitativo de eleitores por municípios já que a base de dados se atualiza automaticamente, PORÉM, dados de escolaridade e nível econômico NÃO são corretos e confiáveis devido a desatualização que ocorre naturalmente com o passar dos anos). Definição de margem de erro e intervalo de confiança: Margem de erro e intervalo de confiança não são grandezas diretamente proporcionais. A SOMA NÃO TEM QUE RESULTAR 100%. ";"Após os trabalhos de coleta de dados, os questionários são submetidos a uma fiscalização, conferência e checagem de cerca de 20% (vinte por cento) dos questionários aplicados.";"A relação dos municípios sorteados ou selecionados para esta pesquisa será apresentada em arquivo anexo até 1 (um) dia após a divulgação desta pesquisa conforme §7º. do art. 2º. da Resolução-TSE nº. 23.600/2019. A área de abrangência desta pesquisa é o Estado DO MATO GROSSO DO SUL."
"07/08/2026";"05:47:04";2026;81;"Eleições Gerais 2026";"MS";"MS";"MATO GROSSO DO SUL";"MS054772026";"2026-05-02 11:49:51";"N";"49860741000131";"RANKING BRASIL INTELIGENCIA LTDA";"RANKING BRASIL INTELIGENCIA";"Governador, Senador, Deputado Federal, Deputado Estadual";"2026-05-03 00:00:00";"2026-05-07 00:00:00";"2026-05-08 00:00:00";2000;"Nº 7655";"AUGUSTO DA SILVA ROCHA";"20000,00";"Pesquisa com metodologia quantitativa, com a realização de entrevistas pessoais em setores censitários e pelo sistema CAT (Computer Assisted Telephone Interviewing). utilizando questionário estruturado junto a uma amostra representativa do eleitorado do Estado de Mato Grosso do Sul com 16 anos ou mais. ";"Total de entrevistas: 2000. Quantidade de entrevistas por município:  Campo Grande 789, Dourados 205, Três Lagoas 109, Ponta Porã 87, Corumbá 84, Naviraí 47, Aquidauana 45, Nova Andradina 44, Sidrolândia 43, Paranaíba 39, Maracaju 37, Coxim 33, Amambai 34, Rio Brilhante 33, São Gabriel do Oeste 29, Caarapó 28, Ivinhema 26, Miranda 25, Chapadão do Sul 28, Jardim 23, Anastácio 23, Bataguassu 24, Bonito 24, Aparecida do Taboado 24, Fátima do Sul 21, Bela Vista 20, Nova Alvorada do Sul 20, Ribas do Rio Pardo 19, Cassilândia 19 e Itaquiraí 18. A amostra será representativa do eleitorado da área pesquisada e será selecionada em três etapas. Na primeira fase foi realizada sorteio aleatório dos setores censitários, utilizando o método PPTS (Probabilidade Proporcional ao Tamanho do Setor). Na segunda fase, sorteio aleatório dos domicílios a serem entrevistados de forma presencial e pelo sistema CAT, dentro dos setores. Na terceira e última fase preencheu-se as cotas.  

Sexo: masculino 47,2%, feminino 52,8%. 

Faixa Etária:  16 a 17 anos 0,8%, 18 a 24 anos 11,2%, 25 a 34 anos 19,7%, 35 a 44 anos 20,1%, 45 a 55 anos 19,5%, 56 a 69 anos 18,9%, 70 ou mais 9,8%.

Grau de instrução: analfabeto 3,2%, lê e escreve 5,4%, ensino fundamental incompleto 23,9%, ensino fundamental completo 5,8%, ensino médio incompleto 16%, ensino médio completo 24,1%, superior incompleto 7,4%, superior completo 14,2%.

Renda: sem rendimento 3%, até 1 salário mínimo 15,2%, mais de 1 a 2 salários mínimos 25%, mais de 2 a 5 salários mínimos 36,1%, mais de 5 a 10 salários mínimos 13,7%, mais de 10 salários mínimos 7%

O desenho da amostra será realizado de acordo com os dados populacionais disponibilizados pelo Instituto Brasileiro de Geografia e Estatística (IBGE) referentes ao Censo 2010/2022 e TSE/TRE. Para um intervalo de confiança de 95% e um tamanho de amostra de 2000 entrevistas, a margem de erro máxima estimada foi de 2.2 pontos percentuais, para mais ou para menos. 
Em função da abordagem utilizada no segundo estágio (amostragem por cotas), as ponderações por sexo e idade não são necessárias, pois, sendo conhecidas essas características da população, o método adotado consiste em retomar tais características na amostra, em proporções reduzidas. Neste caso, espera-se que a Composição da amostra, por sexo e idade, seja proporcionalmente semelhante àquela da população. Entretanto, caso as proporções da amostra não sejam semelhantes àquelas da população em estudo, as ponderações serão realizadas de acordo com as informações citadas acima. Fonte dos dados: para a distribuição de sexo e idade, TSE-Tribunal Superior Eleitoral; para a malha de setores censitários, Censo 2022 (IBGE); para a distribuição de renda domiciliar, PNADc Anual 2024, 5a visita (IBGE); e, para a distribuição de escolaridade/instrução, PNADc trimestral 3-2025 (IBGE). A PNADc é utilizada por ser a fonte oficial mais atualizada de rendimentos do país, incluindo rendimentos informais, pensões, entre outros, e corrigindo as defasagens temporais do Censo 2022, além de ser a fonte mais atualizada de nível de instrução da população com 16 anos ou mais dada ausência de atualização obrigatória da escolaridade no registro de eleitores do TSE/TRE em março de 2026. Está prevista eventual pós-estratificação da amostra, por meio de algoritmos de calibração (rake) e modelos (MrP), para correção de estimativas e das distribuições das variáveis sexo, idade, renda familiar e escolaridade, com base nos percentuais anteriormente mencionados, caso ocorram diferenças entre os percentuais previstos na amostra e a coleta de dados realizada.
https://sig.tse.jus.br/ords/dwapr/r/seai/sig-eleitor-eleitorado-mensal/perfil-do-eleitorado-mensal?p0_uf=MS&session=10833284693548			 
			
https://cidades.ibge.gov.br/brasil/ms/pesquisa/23/24304
 			
https://sidra.ibge.gov.br/tabela/3268#resultado

			
";"Para a realização da pesquisa, utiliza-se uma equipe de entrevistadores credenciados devidamente treinados para esse tipo de trabalho pela empresa Ranking Brasil Inteligência. Após os trabalhos de campo, os questionários são submetidos a uma fiscalização de cerca de 20% (vinte por cento) dos questionários aplicados pelos entrevistadores; para verificação das respostas e da adequação dos entrevistados aos parâmetros amostrais.";"A área de abrangência da coleta é o Estado de Mato Grosso do Sul. A relação das localidades e setores censitários selecionadas para aplicação da amostra esta em anexo em PDF."
"07/08/2026";"05:47:04";2026;81;"Eleições Gerais 2026";"MS";"MS";"MATO GROSSO DO SUL";"MS016682026";"2026-03-24 18:21:19";"N";"42098826000185";"NOVA IBRAPE PESQUISAS DE OPINIAO PUBLICA LTDA";"NOVO IBRAPE";"Governador, Senador, Deputado Federal, Deputado Estadual, Deputado Distrital";"2026-03-24 00:00:00";"2026-03-29 00:00:00";"2026-03-30 00:00:00";1000;"5451";"ivan ferreira domingues";"29000,00";"Pesquisa quantitativa de opinião pública, com realização de entrevistas pessoais, domiciliares e presenciais, mediante aplicação de questionário estruturado a uma amostra representativa de eleitores com 16 anos ou mais residentes no Estado de Mato Grosso do Sul. A coleta de dados será realizada por entrevistadores treinados, em abordagem face a face, abrangendo 17 municípios do estado.

";"A amostra será composta por 1.000 eleitores com 16 anos ou mais, residentes na área urbana do Estado de Mato Grosso do Sul, distribuídos em 17 municípios. Para fins de estratificação geográfica, serão consideradas as Regiões Geográficas Intermediárias do IBGE 2022 correspondentes a Amambai; Aquidauana-Anastácio; Campo Grande; Corumbá; Coxim; Dourados; Jardim; Naviraí-Mundo Novo; Nova Andradina; Paranaíba-Chapadão do Sul-Cassilândia; Ponta Porã; e Três Lagoas. Dentro de cada estrato regional, os municípios que comporão a amostra serão selecionados pelo método de Probabilidade Proporcional ao Tamanho (PPT), considerando o peso do eleitorado de cada município no universo pesquisado. Os setores censitários e os dados geográficos utilizados terão como base o IBGE 2022. Os domicílios serão definidos por procedimento sistemático de abordagem, com realização de entrevistas presenciais domiciliares em primeira visita. Os entrevistados serão selecionados com controle de cotas proporcionais de sexo e faixa etária, com base na última atualização disponível do TRE-MS, e de escolaridade e renda domiciliar, com base na PNAD 2024-1, considerando universo correspondente ao público-alvo da pesquisa. A distribuição das cotas observará os seguintes parâmetros: feminino, 52,8%, e masculino, 47,2%; de 16 a 34 anos, 31,8%, de 35 a 49 anos, 29,7%, de 50 a 59 anos, 16,2%, e 60 anos ou mais, 22,4%; até fundamental completo/médio incompleto, 45,2%, médio completo/superior incompleto, 35,3%, e superior completo, 19,6%; sem rendimento e até 2 salários mínimos, 29,3%, de 2 a 5 salários mínimos, 48,1%, e mais de 5 salários mínimos, 22,6%, podendo ocorrer pequenas variações em razão de arredondamentos estatísticos. A escolaridade será definida com base na PNAD 2024-1, por se tratar de fonte mais atual para essa variável, considerando que não há obrigatoriedade de atualização periódica dessa informação junto à Justiça Eleitoral. A renda domiciliar será definida com base na PNAD 2024-1, em razão da ausência de atualização censitária entre 2010 e 2022, considerando os rendimentos habituais e efetivos de outras fontes. A relação completa dos municípios, bairros e áreas pesquisadas será encaminhada posteriormente à Justiça Eleitoral, na forma da Resolução TSE nº 23.600/2019. A amostra final poderá ser ponderada, se necessário, mediante aplicação de pesos estatísticos calculados com base em parâmetros oficiais do universo pesquisado, com o objetivo de corrigir eventuais discrepâncias entre a composição observada da amostra e a distribuição real do eleitorado, observando-se que o peso atribuído não poderá ultrapassar 1,9. A margem de erro máxima estimada para o total da amostra é de aproximadamente 3 pontos percentuais, para mais ou para menos, considerando um nível de confiança de 95%.";"A coleta será realizada por entrevistadores treinados e supervisionados, com aplicação presencial de questionário estruturado. O trabalho de campo será submetido a controle interno de verificação, conferência e fiscalização, com checagem da correta aplicação dos questionários, acompanhamento da equipe, conferência das informações de campo e crítica dos materiais coletados. Será realizada auditoria em 20% dos questionários aplicados, com a finalidade de assegurar o cumprimento do plano amostral e a consistência dos dados apurados.

";"A pesquisa será realizada no Estado de Mato Grosso do Sul, abrangendo os municípios de Amambai, Aquidauana, Campo Grande, Sidrolândia, São Gabriel do Oeste, Corumbá, Coxim, Dourados, Maracaju, Rio Brilhante, Jardim, Bonito, Naviraí, Nova Andradina, Paranaíba, Ponta Porã e Três Lagoas. As informações complementares referentes às áreas em que a pesquisa for realizada serão apresentadas posteriormente, dentro do prazo legal aplicável, nos termos da Resolução TSE nº 23.600/2019 e das alterações promovidas pela Resolução TSE nº 23.747/2026."
"07/08/2026";"05:47:04";2026;81;"Eleições Gerais 2026";"MS";"MS";"MATO GROSSO DO SUL";"MS083172026";"2026-07-18 09:32:54";"N";"49860741000131";"RANKING BRASIL INTELIGENCIA LTDA";"RANKING BRASIL INTELIGENCIA";"Governador, Senador, Deputado Federal, Deputado Estadual";"2026-07-18 00:00:00";"2026-07-23 00:00:00";"2026-07-24 00:00:00";2000;"Nº 7655";"AUGUSTO DA SILVA ROCHA";"20000,00";"Pesquisa com metodologia quantitativa, com a realização de entrevistas pessoais em setores censitários e pelo sistema CAT (Computer Assisted Telephone Interviewing). utilizando questionário estruturado junto a uma amostra representativa do eleitorado do Estado de Mato Grosso do Sul com 16 anos ou mais. ";"2.000 entrevistas. Quantidade de entrevistas por município:  Campo Grande 789, Dourados 205, Três Lagoas 109, Ponta Porã 87, Corumbá 84, Naviraí 47, Aquidauana 45, Nova Andradina 44, Sidrolândia 43, Paranaíba 39, Maracaju 37, Coxim 33, Amambai 34, Rio Brilhante 33, São Gabriel do Oeste 29, Caarapó 28, Ivinhema 26, Miranda 25, Chapadão do Sul 28, Jardim 23, Anastácio 23, Bataguassu 24, Bonito 24, Aparecida do Taboado 24, Fátima do Sul 21, Bela Vista 20, Nova Alvorada do Sul 20, Ribas do Rio Pardo 19, Cassilândia 19 e Itaquiraí 18. A amostra será representativa do eleitorado da área pesquisada e será selecionada em três etapas. Na primeira fase foi realizada sorteio aleatório dos setores censitários, utilizando o método PPTS (Probabilidade Proporcional ao Tamanho do Setor). Na segunda fase, sorteio aleatório dos domicílios a serem entrevistados de forma presencial no município de Campo Grande e nos demais municípios pelo sistema CAT. Na terceira e última fase preencheu-se as cotas.  

Sexo: masculino 47,2%, feminino 52,8%. 

Faixa Etária:  16 a 17 anos 1%, 18 a 24 anos 11,3%, 25 a 34 anos 19,5%, 35 a 44 anos 20%, 45 a 55 anos 19,6%, 56 a 69 anos 18,8%, 70 ou mais 9,8%.

Grau de instrução: analfabeto 3,2%, lê e escreve 5,4%, ensino fundamental incompleto 23,9%, ensino fundamental completo 5,8%, ensino médio incompleto 16%, ensino médio completo 24,1%, superior incompleto 7,4%, superior completo 14,2%.

Renda: sem rendimento 3%, até 1 salário mínimo 15,2%, mais de 1 a 2 salários mínimos 25%, mais de 2 a 5 salários mínimos 36,1%, mais de 5 a 10 salários mínimos 13,7%, mais de 10 salários mínimos 7%

O desenho da amostra será realizado de acordo com os dados populacionais disponibilizados pelo Instituto Brasileiro de Geografia e Estatística (IBGE) referentes ao Censo 2010/2022 e TSE/TRE. Para um intervalo de confiança de 95% e um tamanho de amostra de 2000 entrevistas, a margem de erro máxima estimada foi de 2.2 pontos percentuais, para mais ou para menos. 
Em função da abordagem utilizada no segundo estágio (amostragem por cotas), as ponderações por sexo e idade não são necessárias, pois, sendo conhecidas essas características da população, o método adotado consiste em retomar tais características na amostra, em proporções reduzidas. Neste caso, espera-se que a Composição da amostra, por sexo e idade, seja proporcionalmente semelhante àquela da população. Entretanto, caso as proporções da amostra não sejam semelhantes àquelas da população em estudo, as ponderações serão realizadas de acordo com as informações citadas acima. Fonte dos dados: para a distribuição de sexo e idade, TSE-Tribunal Superior Eleitoral - janeiro/2025; para a malha de setores censitários, Censo 2022 (IBGE); para a distribuição de renda domiciliar, PNADc Anual 2024, 5a visita (IBGE); e, para a distribuição de escolaridade/instrução, PNADc trimestral 3-2025 (IBGE). A PNADc é utilizada por ser a fonte oficial mais atualizada de rendimentos do país, incluindo rendimentos informais, pensões, entre outros, e corrigindo as defasagens temporais do Censo 2022, além de ser a fonte mais atualizada de nível de instrução da população com 16 anos ou mais dada ausência de atualização obrigatória da escolaridade no registro de eleitores do TSE/TRE/2026. Está prevista eventual pós-estratificação da amostra, por meio de algoritmos de calibração (rake) e modelos (MrP), para correção de estimativas e das distribuições das variáveis sexo, idade, renda familiar e escolaridade, com base nos percentuais anteriormente mencionados, caso ocorram diferenças entre os percentuais previstos na amostra e a coleta de dados realizada.
https://sig.tse.jus.br/ords/dwapr/r/seai/sig-eleitor-eleitorado-mensal/perfil-do-eleitorado-mensal?p0_uf=MS&session=10833284693548			 
			
https://cidades.ibge.gov.br/brasil/ms/pesquisa/23/24304
 			
https://sidra.ibge.gov.br/tabela/3268#resultado

			
";"Para a realização da pesquisa, utiliza-se uma equipe de entrevistadores credenciados devidamente treinados para esse tipo de trabalho pela empresa Ranking Brasil Inteligência. Após os trabalhos de campo, os questionários são submetidos a uma fiscalização de cerca de 20% (vinte por cento) dos questionários aplicados pelos entrevistadores; para verificação das respostas e da adequação dos entrevistados aos parâmetros amostrais.";"A área de abrangência da coleta é o Estado de Mato Grosso do Sul. A relação das localidades e setores censitários selecionadas para aplicação da amostra estão em anexo em PDF."
"07/08/2026";"05:47:04";2026;81;"Eleições Gerais 2026";"MS";"MS";"MATO GROSSO DO SUL";"MS059582026";"2026-07-16 14:07:37";"N";"49860741000131";"RANKING BRASIL INTELIGENCIA LTDA";"RANKING BRASIL INTELIGENCIA";"Governador, Senador";"2026-07-17 00:00:00";"2026-07-21 00:00:00";"2026-07-22 00:00:00";1000;"Nº 7655";"AUGUSTO DA SILVA ROCHA";"10000,00";"Pesquisa de opinião no município de Campo Grande/MS, do tipo quantitativa, com aplicação de questionário estruturado, abordagem pessoal em ponto de fluxo populacional e domiciliar. O conjunto da população eleitora dos municípios com 16 anos ou mais foi tomado como universo da pesquisa.";"Total de entrevistas: 1.000. A amostra será representativa do eleitorado da área pesquisada e será selecionada em três etapas. Na primeira fase foi realizada sorteio aleatório dos setores censitários, utilizando o método PPTS (Probabilidade Proporcional ao Tamanho do Setor). Na segunda fase, sorteio aleatório dos domicílios a serem entrevistados de forma presencial, dentro dos setores. Na terceira e última fase preencheu-se as cotas. 

Sexo: masculino 45,5%, feminino 54,5%. 

Faixa Etária:  16 a 17 anos 0,5%, 18 a 24 anos 10%, 25 a 34 anos 19,5%, 35 a 44 anos 21%, 45 a 55 anos 20%, 56 a 69 anos 19,5%, 70 ou mais 9,5%. 

Grau de instrução: analfabeto 1,1%, lê e escreve 2,2%, ensino fundamental incompleto 15,7%, ensino fundamental completo 6%, ensino médio completo 13%, ensino médio incompleto 30%, superior incompleto 11%, superior completo 21%.  Fonte: Dados do Censo Demográfico do IBGE (2010/2022) https://sidra.ibge.gov.br/tabela/3268#resultado

Renda: sem rendimento 2,5%, até 1 salário mínimo 10,5%, mais de 1 a 2 salários mínimos 20,3%, mais de 2 a 5 salários mínimos 38%, mais de 5 a 10 salários mínimos 17,7%, mais de 10 salários mínimos 11%. 	
Fonte: Dados do Censo Demográfico do IBGE (2010/2022) https://sidra.ibge.gov.br/tabela/3268#resultado

O desenho da amostra será realizado de acordo com os dados populacionais disponibilizados pelo Instituto Brasileiro de Geografia e Estatística (IBGE) referentes ao Censo 2010/2022 e TSE/TER-MS. Para um intervalo de confiança de 95% e um tamanho de amostra de 1.000 entrevistas, a margem de erro máxima estimada foi de 3,1 pontos percentuais, para mais ou para menos. 
Em função da abordagem utilizada no segundo estágio (amostragem por cotas), as ponderações por sexo e idade não são necessárias, pois, sendo conhecidas essas características da população, o método adotado consiste em retomar tais características na amostra, em proporções reduzidas. Neste caso, espera-se que a Composição da amostra, por sexo e idade, seja proporcionalmente semelhante àquela da população. Entretanto, caso as proporções da amostra não sejam semelhantes àquelas da população em estudo, as ponderações serão realizadas de acordo com as informações citadas acima. Fonte dos dados: para a distribuição de sexo e idade, TSE-Tribunal Superior Eleitoral - março/2026; para a malha de setores censitários, Censo 2022 (IBGE); para a distribuição de renda domiciliar, PNADc Anual 2024, 5a visita (IBGE); e, para a distribuição de escolaridade/instrução, PNADc trimestral 3-2025 (IBGE). A PNADc é utilizada por ser a fonte oficial mais atualizada de rendimentos do país, incluindo rendimentos informais, pensões, entre outros, e corrigindo as defasagens temporais do Censo 2022, além de ser a fonte mais atualizada de nível de instrução da população com 16 anos ou mais dada ausência de atualização obrigatória da escolaridade no registro de eleitores do TSE. Está prevista eventual pós-estratificação da amostra, por meio de algoritmos de calibração (rake) e modelos (MrP), para correção de estimativas e das distribuições das variáveis sexo, idade, renda familiar e escolaridade, com base nos percentuais anteriormente mencionados, caso ocorram diferenças entre os percentuais previstos na amostra e a coleta de dados realizada.
https://sig.tse.jus.br/ords/dwapr/r/seai/sig-eleitor-eleitorado-mensal/perfil-do-eleitorado-mensal			 
			
        Fonte: Dados do Censo Demográfico do IBGE (2010/2022) https://sidra.ibge.gov.br/tabela/3268#resultado

";"Para a realização da pesquisa, utiliza-se uma equipe de entrevistadores credenciados devidamente treinados para esse tipo de trabalho pela empresa Ranking Brasil Inteligência. Após os trabalhos de campo, os questionários são submetidos a uma fiscalização de cerca de 20% (vinte por cento) dos questionários aplicados pelos entrevistadores; para verificação das respostas e da adequação dos entrevistados aos parâmetros amostrais.";"A área de abrangência da coleta é a cidade Campo Grande, estado de Mato Grosso do Sul. A relação das localidades e setores censitários selecionadas para aplicação da amostra estão em anexo em PDF"
"07/08/2026";"05:47:04";2026;81;"Eleições Gerais 2026";"MS";"MS";"MATO GROSSO DO SUL";"MS038392026";"2026-05-20 20:43:10";"N";"42098826000185";"NOVA IBRAPE PESQUISAS DE OPINIAO PUBLICA LTDA";"NOVO IBRAPE";"Governador, Senador";"2026-05-20 00:00:00";"2026-05-25 00:00:00";"2026-05-26 00:00:00";1000;"5451";"ivan ferreira domingues";"29000,00";"Pesquisa quantitativa de opinião pública, com realização de entrevistas pessoais e presenciais, mediante aplicação de questionário estruturado a uma amostra representativa de eleitores com 16 anos ou mais residentes no Estado de Mato Grosso do Sul. A coleta de dados será realizada por entrevistadores treinados, em abordagem face a face, abrangendo 18 municípios do estado. As entrevistas serão realizadas em domicílios e em pontos de fluxo populacional, de forma a assegurar a representatividade e a diversidade do perfil dos eleitores entrevistados. ";"A amostra será composta por 1.000 eleitores com 16 anos ou mais, residentes na área urbana do Estado de Mato Grosso do Sul, distribuídos em 18 municípios. Para fins de estratificação geográfica, serão consideradas as Regiões Geográficas Imediatas do IBGE 2022 correspondentes a Amambai; Aquidauana-Anastácio; Campo Grande; Corumbá; Coxim; Dourados; Jardim; Naviraí-Mundo Novo; Nova Andradina; Paranaíba-Chapadão do Sul-Cassilândia; Ponta Porã; e Três Lagoas. A pesquisa adota desenho amostral em múltiplos estágios, combinando seleção por conglomerados nas etapas geográficas e preenchimento por cotas na etapa final de seleção do entrevistado. No primeiro estágio, o número de entrevistas atribuído a cada Região Geográfica Imediata é proporcional ao seu peso no eleitorado total do Estado. No segundo estágio, dentro de cada região, os municípios que comporão a amostra são selecionados e têm suas entrevistas distribuídas pelo método de Probabilidade Proporcional ao Tamanho (PPT), considerando o peso do eleitorado de cada município. No estágio final, em cada município, a abordagem é realizada em domicílios e em pontos de fluxo populacional, definidos por procedimento sistemático, e os entrevistados são selecionados mediante sistema de cotas proporcionais. Os setores censitários e os dados geográficos utilizados têm como base o IBGE 2022. Os entrevistados serão selecionados com cotas proporcionais de sexo e faixa etária, com base na última atualização disponível do TRE-MS, e de escolaridade e renda domiciliar, com base na PNAD 2024-1, considerando universo correspondente ao público-alvo da pesquisa. A distribuição das cotas observará os seguintes parâmetros: feminino, 52,8%, e masculino, 47,2%; de 16 a 34 anos, 32,0%, de 35 a 59 anos, 45,6%, e 60 anos ou mais, 22,4%; até o ensino fundamental (completo ou incompleto), 36,3%, ensino médio (completo ou incompleto), 37,5%, e ensino superior (completo ou incompleto), 26,2%; sem rendimento e até 2 salários mínimos, 29,3%, de 2 a 5 salários mínimos, 48,1%, e mais de 5 salários mínimos, 22,6%, podendo ocorrer pequenas variações em razão de arredondamentos estatísticos. A escolaridade será definida com base na PNAD 2024-1, por se tratar de fonte mais atual para essa variável, considerando que não há obrigatoriedade de atualização periódica dessa informação junto à Justiça Eleitoral. A renda domiciliar também será definida com base na PNAD 2024-1, por ser a fonte oficial de referência para essa variável, considerando os rendimentos mensais domiciliares habituais e efetivos. A relação completa dos municípios, bairros e áreas pesquisadas será encaminhada posteriormente à Justiça Eleitoral, na forma da Resolução TSE nº 23.600/2019. A amostra final poderá ser ponderada, se necessário, mediante aplicação de pesos estatísticos calculados por pós-estratificação iterativa (raking), com base em parâmetros oficiais do universo pesquisado relativos a sexo, idade, escolaridade e renda, com o objetivo de corrigir eventuais discrepâncias entre a composição observada da amostra e a distribuição real do eleitorado. A margem de erro máxima estimada para o total da amostra é de aproximadamente 3,1 pontos percentuais, para mais ou para menos, considerando um nível de confiança de 95%.";"A coleta será realizada por entrevistadores treinados e supervisionados, com aplicação presencial de questionário estruturado. O trabalho de campo será submetido a controle interno de verificação, conferência e fiscalização, com checagem da correta aplicação dos questionários, acompanhamento da equipe, conferência das informações de campo e crítica dos materiais coletados. Será realizada auditoria em 20% dos questionários aplicados, com a finalidade de assegurar o cumprimento do plano amostral e a consistência dos dados apurados. ";"A pesquisa será realizada no Estado de Mato Grosso do Sul, abrangendo os municípios de Amambai, Aquidauana, Campo Grande, Sidrolândia, São Gabriel do Oeste, Corumbá, Coxim, Dourados, Maracaju, Rio Brilhante, Jardim, Bonito, Naviraí, Nova Andradina, Paranaíba, Chapadão do Sul, Ponta Porã e Três Lagoas. As informações complementares referentes às áreas em que a pesquisa for realizada serão apresentadas posteriormente, dentro do prazo legal aplicável, nos termos da Resolução TSE nº 23.600/2019 e das alterações promovidas pela Resolução TSE nº 23.747/2026. "
"07/08/2026";"05:47:04";2026;81;"Eleições Gerais 2026";"MS";"MS";"MATO GROSSO DO SUL";"MS023552026";"2026-06-10 21:02:11";"N";"06270812000133";"A. F. BARBOSA & CIA. LTDA - ME";"INSTITUTO DE PESQUISA RESULTADO IPR";"Governador, Senador";"2026-06-09 00:00:00";"2026-06-13 00:00:00";"2026-06-16 00:00:00";784;"8631";"Alexandre Vasconcelos Lima";"12500,00";"Pesquisa quantitativa de opinião pública realizada com eleitores residentes no estado de Mato Grosso do Sul, com 16 anos ou mais.
A coleta de dados será realizada por meio de metodologia híbrida, combinando entrevistas presenciais domiciliares (face a face) e telefônicas assistidas por computador (CATI ¿ Computer Assisted Telephone Interviewing) no município de Campo Grande e entrevistas presenciais domiciliares (face a face) nos demais 16 municípios de maior eleitorado do estado. As entrevistas presenciais serão conduzidas por entrevistadores devidamente treinados pelo Instituto de Pesquisa Resultado (IPR), utilizando questionário estruturado. O plano amostral foi definido em quatro estágios:1º estágio ¿ Estratificação: divisão dos municípios do estado de acordo com as Regiões Geográficas Imediatas definidas pelo IBGE. 2º estágio ¿ Seleção dos municípios: dentro de cada estrato regional, os municípios foram selecionados aleatoriamente pelo método de Probabilidade Proporcional ao Tamanho (PPT), considerando o peso do eleitorado. 3º estágio ¿ Seleção dos domicílios: nos municípios selecionados para entrevistas presenciais, foi realizado sorteio aleatório dos domicílios a serem entrevistados. 4º estágio ¿ Controle de cotas: a amostra final foi controlada por cotas proporcionais de sexo, faixa etária e grau de escolaridade, com base nos dados do Tribunal Regional Eleitoral de Mato Grosso do Sul (TRE-MS), atualizados em 31/05/2026. Também foram consideradas cotas de renda média familiar, definidas com base nos dados da Pesquisa Nacional por Amostra de Domicílios (PNAD/IBGE). Os parâmetros socioeconômicos utilizados foram tratados a partir das bases do Banco de Dados do Estado ¿ SEMADE, conforme informações disponíveis no Perfil Estatístico de Mato Grosso do Sul (2019). Fonte: https://www.semadesc.ms.gov.br/wp-content/uploads/2019/12/Perfil-Estat%C3%ADstico-de-MS-2019.pdf
";"Universo: Eleitores dos municípios de maior eleitorado de Mato Grosso do Sul dentro das 12 Regiões Imediatas referenciadas pelo IBGE: Amambai, Aquidauana ¿ Anastácio, Campo Grande, Corumbá, Coxim, Dourados, Jardim, Naviraí - Mundo Novo, Nova Andradina, Paranaíba - Chapadão do Sul ¿ Cassilândia, Ponta Porã e Três Lagoas, com 16 anos ou mais. Tamanho da amostra: A amostra prevista é de 784 entrevistas. Plano Amostral: Quotas proporcionais às existentes no universo de acordo com as variáveis, Regiões Imediatas referenciadas pelo IBGE, Sexo, Faixa Etária, Grau de Escolaridade e Renda Familiar. Os dados utilizados para definição e seleção da amostra são baseados nos dados oficiais do TRE/MS de 31/05/2026 (Região Imediata(IBGE), Sexo, Faixa Etária e Grau de Escolaridade) e IBGE (PNAD)/SEMADE (2019). Percentuais por Região Imediata - Amambai:3,14%, Aquidauana ¿ Anastácio:4,01%, Campo Grande:39,08%, Corumbá:4,02%, Coxim:4,29%, Dourados:15,86%, Jardim:4,25%, Naviraí - Mundo Novo:4,62%, Nova Andradina:4,34%, Paranaíba - Chapadão do Sul ¿ Cassilândia:4,99%, Ponta Porã:4,26%, Três Lagoas:7,13%. %. Percentuais de sexo - Feminino:54%. Masculino: 46%. Percentuais quanto a faixa etária: 16 a 34 anos: 32%. 35 a 69 anos: 58%. 70 anos ou mais: 10%. Percentuais quanto ao grau de instrução: Analfabeto/ Médio Incompleto: 49%. Médio Completo/Superior Incompleto: 35%. Superior Completo: 17%. Percentuais em relação ao nível econômico: Até 1 S.M.: 24%. De 1 a 2 S.M.: 39%. De 2 a 5 S.M.: 26%. De 5 a 10 S.M.: 8%. Acima de 10 S.M.: 3%. Ponderação dos resultados: No processamento dos dados é realizada ponderação referente à proporção dos setores censitários para correta representação da área estudada. Área física: Serão realizadas entrevistas na área urbana dos municípios: Amambai, Aquidauana, Bonito, Campo Grande, Corumbá, Coxim, Dourados, Jardim, Maracaju, Naviraí, Nova Andradina, Paranaíba, Ponta Porã, Rio Brilhante, São Gabriel do Oeste, Sidrolândia, Três Lagoas. Devido à metodologia amostral adotada, os fatores de ponderação a serem aplicados em todas as variáveis (município, sexo, faixa etária, grau de instrução e renda familiar), assumem valor igual a 1(um). A relação completa das regiões e suas respectivas localidades será encaminhada a esse tribunal posteriormente até o sétimo dia seguinte à data de registro da pesquisa, conforme §7º. do art. 2º. da Resolução-TSE nº. 23.600/2019. Margem de erro: Para uma amostra de 784 entrevistas estima-se uma margem de erro máxima total de 3,5 pontos percentuais para mais ou para menos, considerando-se um nível de confiança de 95%, numa hipótese de p=q=50%.";"Os questionários serão aplicados por meio digital, através de smartsphones. O trabalho de coleta de dados é acompanhado in loco por supervisores de campo e feito crítica de 100% dos questionários. São selecionados aleatoriamente 20% (vinte por cento) dos questionários de cada entrevistador, para uma checagem posterior através de ligações telefônicas para os números indicados nos formulários, para verificação da consistência das respostas e da adequação dos entrevistados aos parâmetros amostrais. Em caso de dúvida, o formulário é descartado e o entrevistador chamado para esclarecimentos.";"Dados relativos aos municípios e bairros abrangidos pela pesquisa. Na ausência de delimitação do bairro, será identificada a área em que foi realizada a pesquisa (conforme §7º. do art. 2º. da Resolução-TSE nº. 23.600/2019, A partir do dia em que a pesquisa puder ser divulgada e até o dia seguinte, o registro deverá ser complementado, sob pena de ser a pesquisa considerada não registrada; na ausência de delimitação do bairro, será identificada a área em que foi realizada):"
"07/08/2026";"05:47:04";2026;81;"Eleições Gerais 2026";"MS";"MS";"MATO GROSSO DO SUL";"MS004902026";"2026-04-13 21:59:54";"S";"00654576000172";"INSTITUTO VERITA LTDA";"VERITA";"Governador, Senador, Deputado Federal, Deputado Estadual";"2026-04-14 00:00:00";"2026-04-18 00:00:00";"2026-04-19 00:00:00";1220;"10699";"GUILHERME ALVARENGA LAIA";"93940,00";"Pesquisa quantitativa, que consiste na realização de entrevistas, com a aplicação de questionário estruturado junto a uma amostra representativa do eleitorado desta Unidade da Federação.";"ESTUDO REPRESENTATIVO DO ELEITORADO DO ESTADO DO MATO GROSSO DO SUL - MÉTODO PPT (Probabilidade Proporcional ao Tamanho) - PLANO AMOSTRAL E PONDERAÇÃO QUANTO A SEXO, IDADE, GRAU DE INSTRUÇÃO E NÍVEL ECONÔMICO DO ENTREVISTADO; INTERVALO DE CONFIANÇA E MARGEM DE ERRO: Representativo do eleitorado da área em estudo, elaborada, em vários estágios, da seguinte forma: - 1. Divisão da UF em estratos proporcionais de municípios. 2. Ordenação dos municípios de cada estrato segundo o porte. 3. Sorteio dos municípios de cada estrato. 4. Os respondentes são selecionados através de quotas amostrais proporcionais em função de variáveis significativas, a saber: GÊNERO / FAIXA ETÁRIA - FEMININO E MASCULINO 16 A 34 ANOS 16,6% E 15%, 35 A 54 ANOS 20,2% E 18,1%, 55 ANOS OU MAIS 16,1% E 14%. GRAU DE INSTRUÇÃO ¿ FEMININO E MASCULINO Sem instrução até Ensino Médio completo 59,4%, Ensino superior incompleto e completo 40,6% NÍVEL ECONÔMICO - FEMININO população não economicamente ativa 46,5% população economicamente ativa 53,5% MASCULINO população não economicamente ativa 27,2% população economicamente ativa 72,8%. RENDA FAMILIAR DO DOMICÍLIO renda familiar de até 2 salários-mínimos 30,7%; de 2 a 5 salários-mínimos 44,2%, acima de 5 salários-mínimos 25,1%. Está prevista eventual ponderação para correção das variáveis, com base nos percentuais anteriormente mencionados, caso ocorram diferenças superiores a margem de erro da pesquisa previsto entre a amostra e a coleta de dados realizada. O fator previsto para ponderação é 1 (resultados obtidos na coleta de dados). O intervalo de confiança estimado é de 95% e a margem de erro máxima estimada considerando um modelo de amostragem aleatório simples, é de aproximadamente 3 pontos percentuais para mais ou para menos sobre os resultados encontrados no total da amostra. FONTE DOS DADOS: IBGE/Censo 2022 para fins de densidade demográfica, setores censitários e alocação da amostra. IBGE/PNAD/PNADC/MEC/INEP para fins de Nível Econômico e Escolaridade. TSE FEVEREIRO/2026 para fins de Sexo, Faixa Etária e eleitorado por município ou regiões previamente definidas (importante ressaltar para o público leigo que os dados do TSE são os únicos corretos para gênero, idade dos eleitores e quantitativo de eleitores por municípios já que a base de dados se atualiza automaticamente, PORÉM, dados de escolaridade e nível econômico NÃO são corretos e confiáveis devido a desatualização que ocorre naturalmente com o passar dos anos). Definição de margem de erro e intervalo de confiança: Margem de erro e intervalo de confiança não são grandezas diretamente proporcionais. A SOMA NÃO TEM QUE RESULTAR 100%. ";"Após os trabalhos de coleta de dados, os questionários são submetidos a uma fiscalização, conferência e checagem de cerca de 20% (vinte por cento) dos questionários aplicados.";"A relação dos municípios sorteados ou selecionados para esta pesquisa será apresentada em arquivo anexo até 1 (um) dia após a divulgação desta pesquisa conforme §7º. do art. 2º. da Resolução-TSE nº. 23.600/2019. A área de abrangência desta pesquisa é o Estado DO MATO GROSSO DO SUL."
"07/08/2026";"05:47:04";2026;81;"Eleições Gerais 2026";"MS";"MS";"MATO GROSSO DO SUL";"MS021392026";"2026-05-24 18:59:12";"N";"18697679000185";"OPINIAO ESTATISTICA EIRELI";"INSTITUTO OPINIAO";"Governador, Senador";"2026-05-25 00:00:00";"2026-05-27 00:00:00";"2026-05-30 00:00:00";1000;"10752";"CLAUDIO RUI DOS SANTOS E SILVA";"76000,00";"Pesquisa quantitativa; Amostral; Entrevistas individuais no domicílio por meio de questionários estruturados.
Universo: Eleitores do Estado de Mato Grosso do Sul (MS); 1.992.004 eleitores (unidade amostral) em março de 2026 (TSE). https://sig.tse.jus.br/ords/dwapr/r/seai/sig-eleitor-eleitorado-mensal/home?p0_uf=MS&session=315754669205363
";"Plano amostral:
Amostra estratificada pelas 12 Regiões Imediatas do estado do Mato Grsso do Sul (IBGE). https://www.ibge.gov.br/geociencias/organizacao-do-territorio/malhas-territoriais/15774-malhas.html;
1.000 entrevistas alocadas nos estratos proporcionalmente ao eleitorado, em março de 2026, dos municípios que compõem os respectivos estratos (TSE). https://sig.tse.jus.br/ords/dwapr/r/seai/sig-eleitor-eleitorado-mensal/cruzamento-eleitorado-mensal?p24_metricas=E&p24_back=1&clear=24&session=315754669205363;
Seleção em 3 estágios:
1-Amostragem Aleatória por Conglomerados, definidos como os setores censitários estabelecidos na Malha Censitária 2022 para o estado (IBGE). https://www.ibge.gov.br/geociencias/organizacao-do-territorio/malhas-territoriais/26565-malhas-de-setores-censitarios-divisoes-intramunicipais.html;
2-Amostragem Aleatória Sistemática, com intervalo de amostragem fixo, nas residências dos conglomerados sorteados;
3-Amostragem Aleatória Simples dos eleitores em cada residência sorteada.
Distribuindo o total de eleitores no total de residências de cada estrato (Nh/Rh), a probabilidade de inclusão de um eleitor na amostra é de Rh.ch/(Nh.(K+1).Ch); Nh-total de eleitores no estrato h; Rh-total de residências no estrato h; ch-número de conglomerados sorteados no estrato h; K-intervalo de amostragem; Ch-total de conglomerados no estrato h.
Estimadores, margem de erro e confiança:
Estimadores de proporção; Nível de confiança-95%; Margem de Erro ~ 3,10% ~ 3,1%. ~ 3% Ponderações: Amostra monitorada por gênero, faixa etária, grau de instrução, renda domiciliar mensal e local.
Gênero: 47,2%, 472 entrevistas (masculino) e 52,7%, 316 entrevistas (feminino) (TSE). https://sig.tse.jus.br/ords/dwapr/r/seai/sig-eleitor-eleitorado-mensal/cruzamento-eleitorado-mensal?p24_metricas=E&p24_back=1&clear=24&session=3564418499389 https://sig.tse.jus.br/ords/dwapr/r/seai/sig-eleitor-eleitorado-mensal/genero?session=11053509710334
Faixa etária: 0,9%, 9 entrevistas (até 17 anos); 11,3%, 113 entrevistas (18 a 24 anos); 19,7%, 197 entrevistas (25 a 34 anos); 20,1%, 201 entrevistas (35 a 44 anos); 25,6%, 256 entrevistas (45 a 59 anos) e 22,4%, 224 entrevistas (60 anos em diante) (TSE). https://sig.tse.jus.br/ords/dwapr/r/seai/sig-eleitor-eleitorado-mensal/cruzamento-eleitorado-mensal?p24_metricas=E&p24_back=1&clear=24&session=3564418499389
Grau de instrução: 8,6%, 86 entrevistas (analfabetos/leem ou escrevem); 5,8%, 58 entrevistas (EF Completo); 23,9%, 239 entrevistas (EF Incompleto); 24,1%, 241 entrevistas (EM Completo); 16,0%, 160 entrevistas (EM Incompleto); 14,2%, 142 entrevistas (ES Completo) e; 7,4%, 74 entrevistas (ES Incompleto) (TSE). https://sig.tse.jus.br/ords/dwapr/r/seai/sig-eleitor-eleitorado-mensal/cruzamento-eleitorado-mensal?p24_metricas=E&p24_back=1&clear=24&session=3564418499389
Renda domiciliar mensal: 1,4%, 14 entrevistas (sem rendimento); 1,7%, 17 entrevistas (até 1/2 sm); 10,3%, 103 entrevistas (de 1/2 até 1 sm); 22,7%, 227 entrevistas (de 1 até 2 sm); 40,8%, 408 entrevistas (de 2 até 5 sm); 16,6%, 166 entrevistas (de 5 até 10 sm); 5,2%, 52 entrevistas (de 10 até 20 sm) e; 1,3%, 13 entrevistas (mais de 20 sm) https://sidra.ibge.gov.br/tabela/3268#resultado
";"Sistema interno de controle e verificação da coleta e campo: Pesquisadores devidamente identificados e treinados, acompanhados em campo por supervisor, com função de controlar e fiscalizar a aplicação dos questionários, cumprindo-se a estratificação disponibilizada no plano amostral. Cada supervisor é responsável por um máximo de 4 entrevistadores. Questionários aplicados com a utilização de tablet e software próprio. Entrevistas gravadas, além dos questionários, os áudios e os pontos de localização geográficos pelo GPS. A Equipe de Verificação confere no mínimo 30% dos endereços. Durante a coleta, ao menos 60% dos questionários de cada entrevistador são submetidos a checagem com audição das entrevistas, verificando a aplicação correta e orientando o supervisor em caso de inconformidade. Os dados serão compilados, analisados e validados no cumprimento das cotas (local, gênero, faixa etária, grau de instrução e renda domiciliar mensal).


";"Dados relativos aos municípios e bairros abrangidos pela pesquisa. Na ausência de delimitação do bairro, será identificada a área em que foi realizada a pesquisa(conforme §7º. do art. 2º. da Resolução-TSE nº. 23.600/2019, A partir do dia em que a pesquisa puder ser divulgada e até o dia seguinte, o registro deverá ser complementado, sob pena de ser a pesquisa considerada não registrada; na ausência de delimitação do bairro, será identificada a área em que foi realizada):
COMPLEMENTAÇÃO DOS LOCAIS:
Áreas definidas com as Regiões Imediatas do estado de Mato Grosso do Sul (IBGE). https://www.ibge.gov.br/geociencias/organizacao-do-territorio/malhas-territoriais/15774-malhas.html. "
"07/08/2026";"05:47:04";2026;81;"Eleições Gerais 2026";"MS";"MS";"MATO GROSSO DO SUL";"MS071902026";"2026-07-25 15:55:51";"N";"42098826000185";"NOVA IBRAPE PESQUISAS DE OPINIAO PUBLICA LTDA";"NOVO IBRAPE";"Governador, Senador";"2026-07-25 00:00:00";"2026-07-29 00:00:00";"2026-07-31 00:00:00";1000;"5451";"IVAN FERREIRA DOMINGUES";"29000,00";"Pesquisa quantitativa de opinião pública, com realização de entrevistas pessoais e presenciais, mediante aplicação de questionário estruturado a uma amostra representativa de eleitores com 16 anos ou mais residentes no Estado de Mato Grosso do Sul. A coleta de dados será realizada por entrevistadores treinados, em abordagem face a face, abrangendo 18 municípios do estado. As entrevistas serão realizadas em domicílios e em pontos de fluxo populacional, de forma a assegurar a representatividade e a diversidade do perfil dos eleitores entrevistados.";"A amostra será composta por 1.000 eleitores com 16 anos ou mais, residentes na área urbana do Estado de Mato Grosso do Sul, distribuídos em 18 municípios. Para fins de estratificação geográfica, serão consideradas as Regiões Geográficas Imediatas do IBGE 2022 correspondentes a Amambai; Aquidauana-Anastácio; Campo Grande; Corumbá; Coxim; Dourados; Jardim; Naviraí-Mundo Novo; Nova Andradina; Paranaíba-Chapadão do Sul-Cassilândia; Ponta Porã; e Três Lagoas. A pesquisa adota desenho amostral em múltiplos estágios, combinando seleção por conglomerados nas etapas geográficas e preenchimento por cotas na etapa final de seleção do entrevistado. No primeiro estágio, o número de entrevistas atribuído a cada Região Geográfica Imediata é proporcional ao seu peso no eleitorado total do Estado. No segundo estágio, dentro de cada região, os municípios que comporão a amostra são selecionados e têm suas entrevistas distribuídas pelo método de Probabilidade Proporcional ao Tamanho (PPT), considerando o peso do eleitorado de cada município. No estágio final, em cada município, a abordagem é realizada em domicílios e em pontos de fluxo populacional, definidos por procedimento sistemático, e os entrevistados são selecionados mediante sistema de cotas proporcionais. Os setores censitários e os dados geográficos utilizados têm como base o IBGE 2022. Os entrevistados serão selecionados com cotas proporcionais de sexo e faixa etária, com base na última atualização disponível do TRE-MS, e de escolaridade e renda domiciliar, com base na PNAD 2024-1, considerando universo correspondente ao público-alvo da pesquisa. A distribuição das cotas observará os seguintes parâmetros: feminino, 52,8%, e masculino, 47,2%; de 16 a 34 anos, 32,3%, de 35 a 59 anos, 45,4%, e 60 anos ou mais, 22,3%; até o ensino fundamental (completo ou incompleto), 36,3%, ensino médio (completo ou incompleto), 37,5%, e ensino superior (completo ou incompleto), 26,2%; sem rendimento e até 2 salários mínimos, 29,3%, de 2 a 5 salários mínimos, 48,1%, e mais de 5 salários mínimos, 22,6%, podendo ocorrer pequenas variações em razão de arredondamentos estatísticos. A escolaridade será definida com base na PNAD 2024-1, por se tratar de fonte mais atual para essa variável, considerando que não há obrigatoriedade de atualização periódica dessa informação junto à Justiça Eleitoral. A renda domiciliar também será definida com base na PNAD 2024-1, por ser a fonte oficial de referência para essa variável, considerando os rendimentos mensais domiciliares habituais e efetivos. A relação completa dos municípios, bairros e áreas pesquisadas será encaminhada posteriormente à Justiça Eleitoral, na forma da Resolução TSE nº 23.600/2019. A amostra final poderá ser ponderada, se necessário, mediante aplicação de pesos estatísticos calculados por pós-estratificação iterativa (raking), com base em parâmetros oficiais do universo pesquisado relativos a sexo, idade, escolaridade e renda, com o objetivo de corrigir eventuais discrepâncias entre a composição observada da amostra e a distribuição real do eleitorado. A margem de erro máxima estimada para o total da amostra é de aproximadamente 3,1 pontos percentuais, para mais ou para menos, considerando um nível de confiança de 95%.";"A coleta será realizada por entrevistadores treinados e supervisionados, com aplicação presencial de
questionário estruturado. O trabalho de campo será submetido a controle interno de verificação, conferência
e fiscalização, com checagem da correta aplicação dos questionários, acompanhamento da equipe,
conferência das informações de campo e crítica dos materiais coletados. Será realizada auditoria em 20%
dos questionários aplicados, com a finalidade de assegurar o cumprimento do plano amostral e a
consistência dos dados apurados.";"A pesquisa será realizada no Estado de Mato Grosso do Sul, abrangendo os municípios de Amambai,
Aquidauana, Campo Grande, Sidrolândia, São Gabriel do Oeste, Corumbá, Coxim, Dourados, Maracaju,
Rio Brilhante, Jardim, Bonito, Naviraí, Nova Andradina, Paranaíba, Chapadão do Sul, Ponta Porã e Três
Lagoas. As informações complementares referentes às áreas em que a pesquisa for realizada serão
apresentadas posteriormente, dentro do prazo legal aplicável, nos termos da Resolução TSE nº 23.600/2019
e das alterações promovidas pela Resolução TSE nº 23.747/2026."
