"DT_GERACAO";"HH_GERACAO";"AA_ELEICAO";"CD_ELEICAO";"NM_ELEICAO";"SG_UF";"SG_UE";"NM_UE";"NR_PROTOCOLO_REGISTRO";"DT_REGISTRO";"ST_PESQUISA_PROPRIA";"NR_CNPJ_EMPRESA";"NM_EMPRESA";"NM_EMPRESA_FANTASIA";"DS_CARGO";"DT_INICIO_PESQUISA";"DT_FIM_PESQUISA";"DT_DIVULGACAO";"QT_ENTREVISTADO";"CD_CONRE";"NM_ESTATISTICO_RESP";"VR_PESQUISA";"DS_METODOLOGIA_PESQUISA";"DS_PLANO_AMOSTRAL";"DS_SISTEMA_CONTROLE";"DS_DADO_MUNICIPIO"
"21/07/2026";"05:46:28";2026;81;"Eleições Gerais 2026";"PA";"PA";"PARÁ";"PA037252026";"2026-03-23 23:34:06";"S";"00654576000172";"INSTITUTO VERITA LTDA";"VERITA";"Governador, Senador, Deputado Federal, Deputado Estadual";"2026-03-24 00:00:00";"2026-03-30 00:00:00";"2026-03-29 00:00:00";1525;"10699";"GUILHERME ALVARENGA LAIA";"117425,00";"Pesquisa quantitativa, que consiste na realização de entrevistas, com a aplicação de questionário estruturado junto a uma amostra representativa do eleitorado desta Unidade da Federação.";"ESTUDO REPRESENTATIVO DO ELEITORADO DO ESTADO DO PARÁ - MÉTODO PPT (Probabilidade Proporcional ao Tamanho) - PLANO AMOSTRAL E PONDERAÇÃO QUANTO A SEXO, IDADE, GRAU DE INSTRUÇÃO E NÍVEL ECONÔMICO DO ENTREVISTADO; INTERVALO DE CONFIANÇA E MARGEM DE ERRO: Representativo do eleitorado da área em estudo, elaborada, em vários estágios, da seguinte forma: - 1. Divisão da UF em estratos proporcionais de municípios. 2. Ordenação dos municípios de cada estrato segundo o porte. 3. Sorteio dos municípios de cada estrato. 4. Os respondentes são selecionados através de quotas amostrais proporcionais em função de variáveis significativas, a saber: GÊNERO / FAIXA ETÁRIA - FEMININO E MASCULINO 16 A 34 ANOS 19,5% E 18,9%, 35 A 54 ANOS 19,3% E 18,7%, 55 ANOS OU MAIS 12% E 11,6%. GRAU DE INSTRUÇÃO - FEMININO Sem instrução até Ensino Médio completo 70,3%, Ensino superior incompleto e completo % NÍVEL ECONÔMICO - FEMININO população não economicamente ativa 46,5% população economicamente ativa 53,5% MASCULINO população não economicamente ativa 27,2% população economicamente ativa 72,8%. RENDA FAMILIAR DO DOMICÍLIO renda familiar de até 2 salários-mínimos 30,7%; de 2 a 5 salários-mínimos 44,2%, acima de 5 salários-mínimos 25,1%. Está prevista eventual ponderação para correção das variáveis, com base nos percentuais anteriormente mencionados, caso ocorram diferenças superiores a margem de erro da pesquisa previsto entre a amostra e a coleta de dados realizada. O fator previsto para ponderação é 1 (resultados obtidos na coleta de dados). O intervalo de confiança estimado é de 95% e a margem de erro máxima estimada considerando um modelo de amostragem aleatório simples, é de aproximadamente 3 pontos percentuais para mais ou para menos sobre os resultados encontrados no total da amostra. FONTE DOS DADOS: IBGE/Censo 2022 para fins de densidade demográfica, setores censitários e alocação da amostra. IBGE/PNAD/PNADC/MEC/INEP para fins de Nível Econômico e Escolaridade. TSE FEVEREIRO/2026 para fins de Sexo, Faixa Etária e eleitorado por município ou regiões previamente definidas (importante ressaltar para o público leigo que os dados do TSE são os únicos corretos para gênero, idade dos eleitores e quantitativo de eleitores por municípios já que a base de dados se atualiza automaticamente, PORÉM, dados de escolaridade e nível econômico NÃO são corretos e confiáveis devido a desatualização que ocorre naturalmente com o passar dos anos). Definição de margem de erro e intervalo de confiança: Margem de erro e intervalo de confiança não são grandezas diretamente proporcionais. A SOMA NÃO TEM QUE RESULTAR 100%. ";"Após os trabalhos de coleta de dados, os questionários são submetidos a uma fiscalização, conferência e checagem de cerca de 20% (vinte por cento) dos questionários aplicados.";"A relação dos municípios sorteados ou selecionados para esta pesquisa será apresentada em arquivo anexo até 1 (um) dia após a divulgação desta pesquisa conforme §7º. do art. 2º. da Resolução-TSE nº. 23.600/2019. A área de abrangência desta pesquisa é o Estado DO PARÁ."
"21/07/2026";"05:46:28";2026;81;"Eleições Gerais 2026";"PA";"PA";"PARÁ";"PA064302026";"2026-06-09 15:34:51";"N";"07317438000147";"DOXA ARTE & COMUNICAO S/S LTDA";"DOXA";"Governador, Senador";"2026-06-08 00:00:00";"2026-06-14 00:00:00";"2026-06-15 00:00:00";2000;"8010";"JADSON FERNANDES CHAVES ";"60000,00";"Pesquisa do tipo quantitativo, por amostragem, com aplicação de questionário estruturado e abordagem pessoal junto a uma amostra representativa do eleitorado conforme fonte de dados do TSE maio/2026, IBGE, CENSO 2010/2022, FAPESPA 2000/2010. O conjunto do eleitorado apto a votar na próxima eleição em 2026 no estado do Pará com idade de 16 anos ou mais foi tomado como universo da pesquisa. O levantamento será realizado pela equipe DOXA ARTE & COMUNICAO S/S LTDA.";"A seleção obterá o quantitativo representativo do eleitorado do estado do Pará que até maio de 2026 alcançava 6.270.106 eleitores que estavam aptos a participar/votar nas eleições do ano de 2026, respeitando os conglomerados urbanos em único estágio. O estágio é feito a partir de sorteio probabilístico dos bairros/áreas/comunidades, reconhecidamente no município e que não possui bairros definidos em Lei Municipal ou órgão oficial municipal/estadual, onde as entrevistas serão realizadas e com sub amostragem pelo método PPT (Probabilidade Proporcional ao Tamanho), se possível com respaldado de fonte secundária municipal para tal procedimento ou embasado por informações do IBGE, tomando como referência a população de 16 anos ou mais, residentes nos setores como base para tal seleção prevista no TSE. Os respondentes serão selecionados através de quotas amostrais proporcionais dos estratos reconhecidos pelo TSE 2026 e CENSO 2010/2022 em função de algumas variáveis, agrupando-as conforme a natureza do levantamento por: SEXO: masculino 49%, feminino 51%; GRAU DE INSTRUÇÃO: Sem escolaridade: 4,28%, Fundamental Completo: 5,51%, Fundamental Incompleto: 25%; Médio Completo: 26,42%; Médio Incompleto: 18,99%; Lê e Escreve: 8,05%; Superior Completo: 7,47%; Superior Incompleto: 4,28%; FAIXA ETÁRIA/IDADE: 16 a 24 anos: 17,19%; 25 a 34 anos: 22%; 35 a 59 anos: 43,78%; 60 a 69 anos: 9,48%; superior a 70 anos: 7,55%; NÍVEL DE RENDA DO ENTREVISTADO: Até 1 SM, 40,21%; De 01 a 02 SM, 28,19%; De 02 a 03 SM, 9,29%; De 03 a 05 SM, 8,16%; acima de 5 SM 11,84%; Sem rendimento: 2,31%. Fonte: TSE maio/2026, IBGE, CENSO 2010/2022, FAPESPA 2000/2010. A amostra total corresponde 2.000 entrevistas. A margem de erro máxima prevista para o total da amostra é de 3,1 pontos percentuais para mais ou para menos, considerando um nível de confiança de 95%. Os intervalos de confiança serão calculados considerando os resultados obtidos para um nível de confiança de 95%. Fonte: VICENTE (2012), TAYLOR, H. (1995), VICENTE et. al. (2001) e SUDMAN (1983) Referências bibliográficas referente aos estudos do cálculo amostral realizado: [1] VICENTE, P. Estudos de Mercado e de Opinião. Princípios e Aplicações de Amostragem. Edições Sílabo. LDA. 1ª edição, 228pg, Lisboa, 2012. [2] TAYLO, H. (1995) Horses for courses: how survey firms in diferent methods, Jounal of the Market Research Society, 37,3, 211-219. [3] VICENTE, P., REIS, E., FERRÃO, F. (2001) Sondagens: A amostragem como Fator Decisivo de Qualidade. 2ª edição Sílabo, Lisboa. [4] SUDMAN, S. (1983) Applid sampling, in Handbook of survey research, P. Rossi, J.Wright, A. Anderson (Editores), Academic Press, Inc.,145- 194.";"Os pesquisadores envolvidos na realização desta pesquisa são treinados de forma contínua pelo Instituto DOXA ARTE & COMUNICAÇÃO S/S LTDA e recebem instruções específicas para cada projeto de pesquisa realizado. A equipe de trabalho de campo é formada por trinta e cinco pesquisadores de campo e quatro coordenadores. Os entrevistadores fazem as entrevistas individuais, enquanto os supervisores de campo fiscalizam o trabalho. Sendo dever do supervisor de campo: a) zelar pelo cumprimento e quantidade correta das entrevistas; b) anular questionários preenchidos incorretamente ou que estejam fora do padrão de conduta técnica da pesquisa; c) anular questionários que não cumpram a amostra determinada de dentro da área prevista no plano; d) zelar pelo andamento do trabalho de campo dentro do tempo especificado; e) inspecionar os questionários aplicados e sua validade; f) conferir no final do trabalho o preenchimento e zelo da amostra prevista. A coleta será realizada com a utilização de tablete/smartfone ou celular androide e o questionário com formato eletrônico e visualização, via, ferramenta, sistema Questionpro. Os dados são checados, no mínimo, 20% dos questionários de cada pesquisador envolvido na pesquisa, seja in loco por supervisores de campo ou, posteriormente, por telefone indicado pelo entrevistado. Internamente, todo o material é verificado e codificado. Antes do processamento final e emissão dos resultados, realiza-se processo de consistência dos dados para garantir a segurança e lisura das informações.";"Os dados serão inseridos conforme §7º. do art. 2º. da Resolução-TSE nº. 23.600/2019, A partir do dia em que a pesquisa puder ser divulgada e até o dia seguinte, o registro deverá ser complementado, sob pena de ser a pesquisa considerada não registrada; na ausência de delimitação do bairro, será identificada a área em que foi realizada."
"21/07/2026";"05:46:28";2026;81;"Eleições Gerais 2026";"PA";"PA";"PARÁ";"PA056232026";"2026-06-30 22:12:28";"S";"00654576000172";"INSTITUTO VERITA LTDA";"VERITA";"Governador, Senador";"2026-07-01 00:00:00";"2026-07-05 00:00:00";"2026-07-06 00:00:00";1525;"10699";"Guilherme Alvarenga Laia";"117425,00";"Pesquisa quantitativa, que consiste na realização de entrevistas, com a aplicação de questionário estruturado junto a uma amostra representativa do eleitorado desta Unidade da Federação.";"ESTUDO REPRESENTATIVO DO ELEITORADO DO ESTADO DO PARÁ - MÉTODO PPT (Probabilidade Proporcional ao Tamanho) - PLANO AMOSTRAL E PONDERAÇÃO QUANTO A SEXO, IDADE, GRAU DE INSTRUÇÃO E NÍVEL ECONÔMICO DO ENTREVISTADO; INTERVALO DE CONFIANÇA E MARGEM DE ERRO: Representativo do eleitorado da área em estudo, elaborada, em vários estágios, da seguinte forma: - 1. Divisão da UF em estratos proporcionais de municípios. 2. Ordenação dos municípios de cada estrato segundo o porte. 3. Sorteio dos municípios de cada estrato. 4. Os respondentes são selecionados através de quotas amostrais proporcionais em função de variáveis significativas, a saber: GÊNERO / FAIXA ETÁRIA - FEMININO E MASCULINO 16 A 34 ANOS 19,5% E 18,9%, 35 A 54 ANOS 19,3% E 18,7%, 55 ANOS OU MAIS 12% E 11,6%. GRAU DE INSTRUÇÃO ¿ FEMININO E MASCULINO Sem instrução até Ensino Médio completo 67,8%, Ensino superior incompleto e completo 32,2% NÍVEL ECONÔMICO - FEMININO população não economicamente ativa 46,5% população economicamente ativa 53,5% MASCULINO população não economicamente ativa 27,2% população economicamente ativa 72,8%. RENDA FAMILIAR DO DOMICÍLIO renda familiar de até 2 salários-mínimos 30,7%; de 2 a 5 salários-mínimos 44,2%, acima de 5 salários-mínimos 25,1%. Está prevista eventual ponderação para correção das variáveis, com base nos percentuais anteriormente mencionados, caso ocorram diferenças superiores a margem de erro da pesquisa previsto entre a amostra e a coleta de dados realizada. O fator previsto para ponderação é 1 (resultados obtidos na coleta de dados). O intervalo de confiança estimado é de 95% e a margem de erro máxima estimada considerando um modelo de amostragem aleatório simples, é de aproximadamente 2,5 pontos percentuais para mais ou para menos sobre os resultados encontrados no total da amostra. FONTE DOS DADOS: IBGE/Censo 2022 para fins de densidade demográfica, setores censitários e alocação da amostra. IBGE/PNAD/PNADC/MEC/INEP para fins de Nível Econômico e Escolaridade. TSE FEVEREIRO/2026 para fins de Sexo, Faixa Etária e eleitorado por município ou regiões previamente definidas (importante ressaltar para o público leigo que os dados do TSE são os únicos corretos para gênero, idade dos eleitores e quantitativo de eleitores por municípios já que a base de dados se atualiza automaticamente, PORÉM, dados de escolaridade e nível econômico NÃO são corretos e confiáveis devido a desatualização que ocorre naturalmente com o passar dos anos). Definição de margem de erro e intervalo de confiança: Margem de erro e intervalo de confiança não são grandezas diretamente proporcionais. A SOMA NÃO TEM QUE RESULTAR 100%. ";"Após os trabalhos de coleta de dados, os questionários são submetidos a uma fiscalização, conferência e checagem de cerca de 20% (vinte por cento) dos questionários aplicados.";"A relação dos municípios sorteados ou selecionados para esta pesquisa será apresentada em arquivo anexo até 1 (um) dia após a divulgação desta pesquisa conforme §7º. do art. 2º. da Resolução-TSE nº. 23.600/2019. A área de abrangência desta pesquisa é o Estado DO PARÁ."
"21/07/2026";"05:46:28";2026;81;"Eleições Gerais 2026";"PA";"PA";"PARÁ";"PA057982026";"2026-05-18 22:03:32";"N";"54464321000176";"AMPLA PESQUISA DE OPINIAO PUBLICA LTDA";"AMPLA VOX";"Governador, Senador";"2026-05-20 00:00:00";"2026-05-24 00:00:00";"2026-05-24 00:00:00";1500;"8010";"JADSON FERNANDES CHAVES";"50000,00";"Pesquisa quantitativa, através de entrevistas pessoais e domiciliares, com aplicação de questionário estruturado e padronizado, junto a uma amostra representativa do conjunto do eleitorado apto a votar no Estado do Pará com 16 anos ou mais foi tomado como universo da pesquisa. O objetivo principal é aferir indicativos e potencialidade de intenção de voto no Estado do Pará em 2026. O levantamento será realizado pela equipe de pesquisadores da empresa AMPLA.";"A seleção obterá o quantitativo representativo do eleitorado do estado do Pará que até abril de 2026 alcançava 6.217.772 eleitores que estavam aptos a participar/votar nas eleições do ano de 2026, respeitando os conglomerados residenciais em único estágio. O estágio é feito a partir de sorteio probabilístico dos bairros/áreas/comunidades, reconhecidamente no município e que não possui bairros definidos em Lei Municipal ou órgão oficial municipal/estadual, onde as entrevistas serão realizadas e com sub amostragem pelo método PPT (Probabilidade Proporcional ao Tamanho), se possível com respaldado de fonte secundária municipal para tal procedimento ou embasado por informações do IBGE, tomando como referência a população de 16 anos ou mais votante, residentes nos setores censitários/2022, como base para tal seleção prevista no TSE. A amostra é estratificada para 12 regiões de integração, conforme Decreto Estadual nº 1.066/2008, este ato normativo central que criou originalmente as 12 Regiões de Integração, com o objetivo de reduzir as desigualdades regionais e integrar os espaços para o desenvolvimento social e econômico. As regiões de integração estão divididas da seguinte maneira; (Guajará, Araguaia, Carajás, Marajó, Lago Tucuruí, Baixo Amazonas, Guamá, Rio Caeté, Rio Capim, Xingú, Tapajós e Tocantins) e divididos por dimensões como porte e grandeza dos municípios (grande, médio e pequeno). Os respondentes serão selecionados através de quotas amostrais proporcionais dos estratos reconhecidos pelo TSE/2026 e CENSO 2010/2022/setor censitário/2022, em função de algumas variáveis, agrupando-as conforme a natureza do levantamento por: SEXO: masculino 49%, feminino 51%; GRAU DE INSTRUÇÃO: De analfabeto até ensino fundamental completo: 43%|; Ensino Médio completo ou incompleto: 45%| Ensino Superior completo ou incompleto 12%|
FAIXA ETÁRIA/IDADE: 16 a 24 anos: 16,2%; 25 a 34 anos: 22,3%; 35 a 44 anos: 20,9%; 45 a 59 anos: 23,4%; 60 a 69 anos: 17,2% NÍVEL DE RENDA OU ECONÔMICO DO ENTREVISTADO: Sem rendimentos até 2 salários mínimos: 70% |; Mais de 2 a 5 salários mínimos: 18%| Mais de 5 salários mínimos: 12%|. Fonte: TSE março/2026, IBGE, CENSO 2010/2022, FAPESPA 2000/2010. A amostra total corresponde 1.500 entrevistas. A margem de erro máxima prevista para o total da amostra é de 2,6% pontos percentuais para mais ou para menos, considerando um nível de confiança de 95%. Os intervalos de confiança serão calculados considerando os resultados obtidos para um nível de confiança de 95%. Fonte: VICENTE (2012), TAYLOR, H. (1995), VICENTE et. al. (2001) e SUDMAN (1983) Referências bibliográficas referente aos estudos do cálculo amostral realizado: [1] VICENTE, P. Estudos de Mercado e de Opinião. Princípios e Aplicações de Amostragem. Edições Sílabo. LDA. 1ª edição, 228pg, Lisboa, 2012. [2] TAYLO, H. (1995) Horses for courses: how survey firms in diferent methods, Jounal of the Market Research Society, 37,3, 211-219. [3] VICENTE, P., REIS, E., FERRÃO, F. (2001) Sondagens: A amostragem como FatorDecisivo de Qualidade. 2ª edição Sílabo, Lisboa. [4] SUDMAN, S. (1983) Applid sampling, in Handbook of survey research, P. Rossi, J.Wright, A. Anderson(Editores), Academic Press, Inc.,145- 194.


";"Os pesquisadores envolvidos na realização desta pesquisa são treinados de forma contínua pela equipe de pesquisa do Instituto AMPLA e recebem instruções específicas para cada projeto de pesquisa realizado. A equipe de trabalho de campo é formada por pesquisadores de campo e supervisores. Os entrevistadores fazem as entrevistas individuais, enquanto os supervisores de campo fiscalizam o trabalho. Sendo dever do supervisor de campo: a) zelar pelo cumprimento e quantidade correta das entrevistas; b) anular questionários preenchidos incorretamente ou que estejam fora do padrão de conduta técnica da pesquisa; c) anular questionários que não cumpram a amostra determinada de dentro da área prevista no plano; d) zelar pelo andamento do trabalho de campo dentro do tempo especificado; e) inspecionar os questionários aplicados e sua validade; f) conferir no final do trabalho o preenchimento e zelo da amostra prevista. A coleta será realizada com a utilização de tablet/smartfone ou celular androide, sendo acompanhadas pelas coordenadas geográficas de localização, latitude e longitude e os questionários com o formato eletrônico e visualização, via, ferramenta, sistema DATAGOAL, funcionado de forma on-line e off-line. Os dados serão checados, no mínimo, 20% dos questionários de cada pesquisador envolvido na pesquisa, seja in loco por supervisores de campo ou, posteriormente, por telefone indicado pelo entrevistado. Internamente, todo o material é verificado e codificado. Antes do processamento final e emissão dos resultados, realiza-se processo de consistência dos dados e auditoria para garantir a segurança e lisura das informações.  
Na pesquisa de campo estarão dois Estatísticos supervisionando os trabalhos de campo para que tudo ocorra dentro na normalidade estatística.
";"Em anexo, todas as informações referente a bairros e delimitações da pesquisa."
"21/07/2026";"05:46:28";2026;81;"Eleições Gerais 2026";"PA";"PA";"PARÁ";"PA030722026";"2026-03-17 17:26:18";"S";"81908345000140";"INSTITUTO PARANA DE PESQUISAS E ANALISE DE CONSUMIDOR LTDA";"#NULO#";"Governador, Senador";"2026-03-18 00:00:00";"2026-03-21 00:00:00";"2026-03-23 00:00:00";1400;"10245 - 4ª Região";"Tatiani Cristina Ara";"35000,00";"Pesquisa com metodologia quantitativa, com a realização de entrevistas pessoais, domiciliares e presenciais, utilizando questionário estruturado junto a uma amostra representativa do eleitorado do Estado do Pará.


";"""A amostra será representativa do eleitorado da área pesquisada e será selecionada em três etapas. Na primeira etapa realiza-se um sorteio probabilístico dos municípios onde as entrevistas serão realizadas através do método PPT (Probabilidade Proporcional ao Tamanho), considerando a população eleitora com 16 anos ou mais residente nos municípios como base para essa seleção. Na segunda etapa, faz-se um sorteio probabilístico das localidades, onde as entrevistas serão realizadas, através do método PPT (Probabilidade Proporcional ao Tamanho), tomando a população eleitora de 16 anos ou mais residente nas localidades como base para essa seleção. Na terceira etapa, a seleção do entrevistado dentro da localidade, será feita utilizando-se quotas amostrais proporcionais, em função das seguintes variáveis:
GÊNERO: TSE Fevereiro 2026 (https://sig.tse.jus.br/ords/dwapr/r/seai/sig-eleitor-eleitorado-mensal/cruzamento-eleitorado-mensal?p24_metricas=E&p24_back=22&p24_cruzamento_1=ds_sexo&clear=24&p0_uf=PA&p0_mes=2&debug=LEVEL5&session=312990078978641)
Masculino - 49%; |
Feminino - 51%; |
FAIXA ETÁRIA: TSE Fevereiro 2026 (https://sig.tse.jus.br/ords/dwapr/r/seai/sig-eleitor-eleitorado-mensal/cruzamento-eleitorado-mensal?p24_cruzamento_1=ds_faixa_etaria&p24_metricas=E&p24_back=22&clear=24&p0_uf=PA&p0_mes=2&debug=LEVEL5&session=8904950028837)
Entre 16 e 24 anos: 16%; |
Entre 25 e 34 anos: 22%; |
Entre 35 e 44 anos: 21%; |
Entre 45 e 59 anos: 24%; |
Com 60 anos ou mais: 17%; |
ESCOLARIDADE: TSE Fevereiro 2026 (https://sig.tse.jus.br/ords/dwapr/r/seai/sig-eleitor-eleitorado-mensal/cruzamento-eleitorado-mensal?p24_cruzamento_1=ds_grau_instrucao&p24_metricas=E&p24_back=22&clear=24&p0_uf=PA&p0_mes=2&debug=LEVEL5&session=309383598034615)
De analfabeto até ensino fundamental completo: 43%; |
Ensino médio incompleto ou completo: 45% |
Ensino superior incompleto ou completo: 12% |
RENDA DOMICILIAR MENSAL:  (https://cidades.ibge.gov.br/brasil/pa/pesquisa/23/24304) IBGE - Censo 2010. Observação: Conforme informações obtidas do Instituto Brasileiro de Geografia e Estatística, o IBGE, não divulgou - e não tem previsão - de data para divulgação do perfil econômico (nível econômico) da população brasileira; portanto, os dados quanto ao nível econômico obtidos no Censo 2022, não podem ser utilizados, pois não foram publicados. (https://censo2022.ibge.gov.br/panorama/)
Sem rendimentos até 2 salários mínimos: 62% |
Mais de 2 a 5 salários mínimos: 26% |
Mais de 5 salários mínimos: 12% |
Está prevista eventual ponderação para correção das variáveis gênero e faixa etária, com base nos percentuais acima apresentados, caso ocorram diferenças superiores a 3,0 (três) pontos percentuais entre o previsto na amostra e a coleta realizada; para as variáveis escolaridade e renda domiciliar mensal, o fator de ponderação é igual a 1 (resultados obtidos no campo). O nível de confiança estimado é de 95% (noventa e cinco por cento) para uma margem de erro estimada, considerando uma técnica de amostragem aleatória simples, de aproximadamente 2,7 (dois vírgula sete) pontos percentuais para mais ou para menos sobre os resultados obtidos.""





";"""As entrevistas serão conduzidas por uma equipe de entrevistadores e supervisores devidamente qualificados pelo Instituto Paraná Pesquisas, todos com experiência e treinamento específico em pesquisas de opinião pública. 
Controle: O controle do processo será realizado por meio de um software de coleta de dados, o qual permitirá o monitoramento garantindo o cumprimento das cotas amostrais.
Conferência e Fiscalização: Durante a coleta de dados os questionários aplicados são fiscalizados e conferidos através de um supervisor.   
Adicionalmente, pelo menos 30% dos questionários passarão por uma verificação posterior, que avaliará a precisão na aplicação e a adequação dos entrevistados às variáveis das quotas amostrais. Ou seja, no mínimo 420 entrevistas desta pesquisa serão auditadas pela equipe de qualidade do Instituto Paraná Pesquisas, podendo essa auditoria ser solicitada ao Instituto a qualquer momento.
Verificação: Após a coleta, os questionários passam por uma etapa de verificação e validação dos dados, para garantir a integridade e precisão dos dados coletados.""





";" ""A pesquisa será realizada no Estado do Pará, a relação dos dados relativos aos municípios e às localidades será apresentado até o dia seguinte à data a partir da qual a pesquisa puder ser divulgada, conforme §7º do art. 2º da Resolução-TSE nº. 23.600/2019""





"
"21/07/2026";"05:46:28";2026;81;"Eleições Gerais 2026";"PA";"PA";"PARÁ";"PA038782026";"2026-07-09 12:45:17";"S";"07317438000147";"DOXA ARTE & COMUNICAO S/S LTDA";"DOXA";"Governador, Senador, Deputado Federal, Deputado Estadual";"2026-07-08 00:00:00";"2026-07-12 00:00:00";"2026-07-15 00:00:00";2000;"8010";"JADSON FERNANDES CHAVES";"30000,00";"Pesquisa do tipo quantitativo, por amostragem, com aplicação de questionário estruturado e abordagem pessoal junto a uma amostra representativa do eleitorado conforme fonte de dados do TSE junho/2026, IBGE, CENSO 2010/2022, FAPESPA 2000/2010. O conjunto do eleitorado apto a votar na próxima eleição em 2026 no estado do Pará com idade de 16 anos ou mais foi tomado como universo da pesquisa. O levantamento será realizado pela equipe DOXA ARTE & COMUNICAO S/S LTDA.";"A seleção obterá o quantitativo representativo do eleitorado do estado do Pará que até junho de 2026 alcançava 6.267.105 eleitores que estavam aptos a participar/votar nas eleições do ano de 2026, respeitando os conglomerados urbanos em único estágio. O estágio é feito a partir de sorteio probabilístico dos bairros/áreas/comunidades, reconhecidamente no município e que não possui bairros definidos em Lei Municipal ou órgão oficial municipal/estadual, onde as entrevistas serão realizadas e com sub amostragem pelo método PPT (Probabilidade Proporcional ao Tamanho), se possível com respaldado de fonte secundária municipal para tal procedimento ou embasado por informações do IBGE, tomando como referência a população de 16 anos ou mais, residentes nos setores como base para tal seleção prevista no TSE. Os respondentes serão selecionados através de quotas amostrais proporcionais dos estratos reconhecidos pelo TSE 2026 e CENSO 2010/2022 em função de algumas variáveis, agrupando-as conforme a natureza do levantamento por: SEXO: masculino 49%, feminino 51%; GRAU DE INSTRUÇÃO: Analfabeto/não lê e nem escreve: 12,33; Fundamental completo/incompleto: 30,51; Ensino médio completo/incompleto: 45,42; Superior completo/incompleto: 11,74; FAIXA ETÁRIA/IDADE: 16 a 24 anos: 17%; 25 a 34 anos: 22,02%; 35 a 44 anos: 20,58%; 45 a 59 anos: 23,28%; 60 anos ou mais: 17,12%; NÍVEL ECONÔMICO (RENDA) NÍVEL DE RENDA DO ENTREVISTADO: Sem rendimento até 2 SM: 68,40; De 02 a 05 SM: 19,76; Mais de 5 SM 11,84%. Fonte: TSE junho/2026, IBGE, CENSO 2010/2022, FAPESPA 2000/2010. A amostra total corresponde 2.000 entrevistas. A margem de erro máxima prevista para o total da amostra é de 3,1 pontos percentuais para mais ou para menos, considerando um nível de confiança de 95%. Os intervalos de confiança serão calculados considerando os resultados obtidos para um nível de confiança de 95%. Fonte: VICENTE (2012), TAYLOR, H. (1995), VICENTE et. al. (2001) e SUDMAN (1983) Referências bibliográficas referente aos estudos do cálculo amostral realizado: [1] VICENTE, P. Estudos de Mercado e de Opinião. Princípios e Aplicações de Amostragem. Edições Sílabo. LDA. 1ª edição, 228pg, Lisboa, 2012. [2] TAYLO, H. (1995) Horses for courses: how survey firms in diferent methods, Jounal of the Market Research Society, 37,3, 211-219. [3] VICENTE, P., REIS, E., FERRÃO, F. (2001) Sondagens: A amostragem como Fator Decisivo de Qualidade. 2ª edição Sílabo, Lisboa. [4] SUDMAN, S. (1983) Applid sampling, in Handbook of survey research, P. Rossi, J.Wright, A. Anderson (Editores), Academic Press, Inc.,145- 194.";"Os pesquisadores envolvidos na realização desta pesquisa são treinados de forma contínua pelo Instituto DOXA ARTE & COMUNICAÇÃO S/S LTDA e recebem instruções específicas para cada projeto de pesquisa realizado. A equipe de trabalho de campo é formada por trinta e cinco pesquisadores de campo e quatro coordenadores. Os entrevistadores fazem as entrevistas individuais, enquanto os supervisores de campo fiscalizam o trabalho. Sendo dever do supervisor de campo: a) zelar pelo cumprimento e quantidade correta das entrevistas; b) anular questionários preenchidos incorretamente ou que estejam fora do padrão de conduta técnica da pesquisa; c) anular questionários que não cumpram a amostra determinada de dentro da área prevista no plano; d) zelar pelo andamento do trabalho de campo dentro do tempo especificado; e) inspecionar os questionários aplicados e sua validade; f) conferir no final do trabalho o preenchimento e zelo da amostra prevista. A coleta será realizada com a utilização de tablete/smartfone ou celular androide e o questionário com formato eletrônico e visualização, via, ferramenta, sistema Questionpro. Os dados são checados, no mínimo, 20% dos questionários de cada pesquisador envolvido na pesquisa, seja in loco por supervisores de campo ou, posteriormente, por telefone indicado pelo entrevistado. Internamente, todo o material é verificado e codificado. Antes do processamento final e emissão dos resultados, realiza-se processo de consistência dos dados para garantir a segurança e lisura das informações.

";"Os dados serão inseridos conforme §7º. do art. 2º. da Resolução-TSE nº. 23.600/2019, A partir do dia em que a pesquisa puder ser divulgada e até o dia seguinte, o registro deverá ser complementado, sob pena de ser a pesquisa considerada não registrada; na ausência de delimitação do bairro, será identificada a área em que foi realizada."
"21/07/2026";"05:46:28";2026;81;"Eleições Gerais 2026";"PA";"PA";"PARÁ";"PA093052026";"2026-04-21 15:57:40";"N";"22445600000104";"QUAEST PESQUISAS, CONSULTORIA E PROJETOS LTDA.";"#NULO#";"Governador, Senador";"2026-04-21 00:00:00";"2026-04-25 00:00:00";"2026-04-27 00:00:00";900;"6731";"Margarida Maria de Mendonça";"181155,18";"Pesquisa quantitativa, de survey, que consiste na realização de entrevistas pessoais, domiciliares e presenciais, conduzidas por profissionais treinados, com a aplicação de questionários estruturados a uma amostra representativa da população votante de 16 anos ou mais residente no estado do Pará. O desenho amostral aplicado combina sorteio probabilístico de municípios e de setores censitários fornecidos pelo IBGE (unidades territoriais homogêneas, de tamanho similar a quadras ou blocos), dentro dos quais serão selecionadas pessoas respondentes por meio de cotas amostrais.";"O público pesquisado é composto por eleitores de 16 anos ou mais residentes na área de abrangência da pesquisa. Para produzir uma amostra representativa desse público-alvo, utilizamos um desenho amostral por conglomerados que prevê três estágios. No primeiro estágio, é feito um sorteio probabilístico de municípios para comporem a amostra por meio do método PPT (Probabilidade Proporcional ao Tamanho) a partir de suas populações votantes acima de 16 anos. Dentro da lista de municípios sorteados, no segundo estágio, é realizado um sorteio probabilístico por meio do método PPT (Probabilidade Proporcional ao Tamanho) de setores censitários a serem visitados pelos entrevistadores, sorteio que tem como base o total de habitantes residentes nos setores de acordo com dados do Censo de 2022, o que garante a dispersão aleatória e estatística da amostra dentro dos territórios municipais, independentemente de divisões administrativas. Finalmente, dentro da lista de setores censitários sorteados, no último estágio são selecionados domicílios e pessoas a serem entrevistadas utilizando-se cotas amostrais para as seguintes variáveis: sexo, idade, renda familiar e escolaridade. O perfil da amostra, definido pelas cotas previstas, é o seguinte:

Sexo: Masculino (49%); Feminino (51%). 
Faixa etária: 16-34 anos (38%); 35-59 anos (44%); 60 ou mais (18%). 
Renda domiciliar total, incluindo pensões, benefícios e rendimentos de trabalhos informais: Até 2 salários-mínimos (40%); Mais de 2 a 5 salários-mínimos (41%); Mais de 5 salários-mínimos (19%). 
Nível de instrução: Até Fundamental completo ou médio incompleto (51%); Médio completo ou superior incompleto (38%); Superior completo ou mais (11%). 

Fonte dos dados: para a distribuição de sexo e idade, TSE-Tribunal Superior Eleitoral - março/2026; para a malha de setores censitários, Censo 2022 (IBGE); para a distribuição de renda domiciliar, PNADc Anual 2024, 5a visita (IBGE); e, para a distribuição de escolaridade/instrução, PNADc trimestral 4-2025 (IBGE). A PNADc é utilizada por ser a fonte oficial mais atualizada de rendimentos do país, incluindo rendimentos informais, pensões, entre outros, e corrigindo as defasagens temporais do Censo 2022, além de ser a fonte mais atualizada de nível de instrução da população com 16 anos ou mais dada ausência de atualização obrigatória da escolaridade no registro de eleitores do TSE.

Está prevista eventual pós-estratificação da amostra, por meio de algoritmos de calibração (rake) e modelos (MrP), para correção de estimativas e das distribuições das variáveis sexo, idade, renda familiar e escolaridade, com base nos percentuais anteriormente mencionados, caso ocorram diferenças entre os percentuais previstos na amostra e a coleta de dados realizada. 

Dentro do público-alvo anteriormente descrito, serão realizadas 900 entrevistas. O nível de confiança das estimativas é de 95% e a margem de erro máxima prevista, atendendo às diretivas do TSE e usando o cálculo para amostra aleatória simples (AAS) como aproximação, é de cerca de 3 pontos percentuais para mais ou para menos em relação aos totais da amostra.";"As entrevistas serão realizadas por uma equipe de entrevistadores devidamente qualificada, com experiência e treinamento em pesquisa de opinião pública. Todo trabalho é feito em tablets ou outros dispositivos eletrônicos. Após a realização da coleta de dados, as entrevistas junto aos respondentes são checadas por meio de procedimentos de consistência e de georreferenciamento dos locais de aplicação em tempo real. Adicionalmente, ao longo e após os trabalhos de campo, é realizada uma fiscalização que consiste na checagem de áudio de uma amostra de 30% dos questionários aplicados para verificação das respostas e da adequação dos entrevistados aos parâmetros amostrais.";"A área de abrangência da coleta é o território do estado do Pará. A relação do número de pessoas pesquisadas nas áreas de aplicação da pesquisa, discriminadas por município, bairros e setores censitários a partir dos identificadores utilizados pelo IBGE, além da composição do eleitorado entrevistado na área de abrangência quanto a gênero, idade, grau de instrução e nível econômico, constará em anexo. O mapa com os códigos destes setores censitários e as áreas que delimitam no país todo podem ser conferidos na seguinte fonte oficial: https://censo2022.ibge.gov.br/panorama/mapas.html?localidade=&recorte=setores_censitarios"
"21/07/2026";"05:46:28";2026;81;"Eleições Gerais 2026";"PA";"PA";"PARÁ";"PA079652026";"2026-03-17 15:51:27";"S";"22345021000181";"REAL TIME MIDIA LTDA";"REAL TIME BIG DATA";"Governador, Senador";"2026-03-20 00:00:00";"2026-03-21 00:00:00";"2026-03-23 00:00:00";1600;"10839";"Isabela Zara Cremoneze";"64000,00";"Pesquisa quantitativa, que consiste na realização de entrevistas pessoais, com a aplicação de questionário estruturado junto a uma amostra representativa do eleitorado em estudo. Pesquisa realizada no Estado do Pará (PA).";"Representativo do eleitorado da área em estudo, elaborada em três estágios. 
No primeiro estágio, realiza-se um sorteio probabilístico dos municípios onde as entrevistas serão realizadas, pelo método PPT (Probabilidade Proporcional ao Tamanho), tomando a população eleitora de 16 anos ou mais residente nos municípios como base para essa seleção.
No segundo estágio, efetua-se um sorteio probabilístico das localidades dentro dos municípios selecionados, também pelo método PPT (Probabilidade Proporcional ao Tamanho), considerando a população eleitora de 16 anos ou mais residente nessas localidades como base para a seleção.
No terceiro e último estágio, dentro das localidades sorteadas, os respondentes são selecionados por meio de quotas amostrais proporcionais, em função de variáveis significativas, a saber:

GÊNERO:
Feminino: 50,8%;
Masculino: 49,2%.
(Fonte: TSE (Fevereiro/2026) - https://sig.tse.jus.br/ords/dwapr/r/seai/sig-eleitor-eleitorado-mensal/cruzamento-eleitorado-mensal?session=303903859831873) 
FAIXA ETÁRIA:
16 anos: 0,3%;
17 anos: 0,9%;
18 a 20 anos: 5,9%;
21 a 24 anos: 8,9%;
25 a 34 anos: 22,4%;
35 a 44 anos: 21,0%;
45 a 59 anos: 23,5%;
60 a 69 anos: 9,6%;
70 a 79 anos: 5,3%;
Superior a 79 anos: 2,3%.
(Fonte: TSE (Fevereiro/2026) - https://sig.tse.jus.br/ords/dwapr/r/seai/sig-eleitor-eleitorado-mensal/cruzamento-eleitorado-mensal?p24_cruzamento_1=ds_faixa_etaria&p24_metricas=E&p24_back=22&clear=24&session=303903859831873)
ESCOLARIDADE:
Analfabeto: 4,3%;
Lê e Escreve: 8,2%;
Ensino Fundamental Incompleto: 25,4%;
Ensino Fundamental Completo: 5,6%;
Ensino Médio Incompleto: 18,4%;
Ensino Médio Completo: 26,4%;
Ensino Superior Incompleto: 4,2%;
Ensino Superior Completo: 7,5%.
(Fonte: TSE (Fevereiro/2026) - https://sig.tse.jus.br/ords/dwapr/r/seai/sig-eleitor-eleitorado-mensal/cruzamento-eleitorado-mensal?p24_cruzamento_1=ds_grau_instrucao&p24_metricas=E&p24_back=22&clear=24&session=303903859831873)
RENDA DOMICILIAR MENSAL:
Sem rendimento: 6,6%;
Até 1/2 Salário Mínimo: 7,9%;
Mais de 1/2 a 1 Salário Mínimo: 21,0%;
Mais de 1 a 2 Salários Mínimos: 26,7%;
Mais de 2 a 5 Salários Mínimos: 25,7%;
Mais de 5 a 10 Salários Mínimos: 8,0%;
Mais de 10 a 20 Salários Mínimos: 2,9%;
Mais de 20 Salários Mínimos: 1,2%.
(Fonte: IBGE (Censo 2010) - https://cidades.ibge.gov.br/brasil/pa/pesquisa/23/24304?detalhes=true)
Observação: De acordo com informações do Instituto Brasileiro de Geografia e Estatística (IBGE), não há previsão de data para a divulgação do perfil econômico da população brasileira do CENSO 2022. Portanto, os dados sobre o nível econômico obtidos no Censo 2022 não podem ser utilizados, pois ainda não foram publicados.
Está prevista eventual ponderação para correção das variáveis sexo e idade, com base nos percentuais anteriormente mencionados, caso ocorram diferenças superiores a 3 pontos percentuais entre o previsto na amostra e a coleta de dados realizada. Para as variáveis de grau de instrução e nível econômico do entrevistado, o fator previsto para ponderação é 1 (resultados obtidos em campo). O nível de confiança estimado é de 95% e a margem de erro máxima estimada considerando um modelo de amostragem aleatório simples, é de aproximadamente 2 (dois) pontos percentuais para mais ou para menos sobre os resultados encontrados no total da amostra.
";"O trabalho de coleta de dados é acompanhado presencialmente por supervisores. São selecionados aleatoriamente 15% (quinze por cento) dos questionários para uma verificação posterior com ligações telefônicas para os números indicados nos formulários, em caso de dúvida, o formulário é descartado e o entrevistador chamado para esclarecimentos.";"O anexo do arquivo com os bairros será realizado até o dia seguinte da divulgação conforme indicado no §7º. do art. 2º. da Resolução-TSE nº. 23.600/2019."
"21/07/2026";"05:46:28";2026;81;"Eleições Gerais 2026";"PA";"PA";"PARÁ";"PA024412026";"2026-06-08 20:32:30";"N";"54464321000176";"AMPLA PESQUISA DE OPINIAO PUBLICA LTDA";"AMPLA VOX";"Governador, Senador, Deputado Federal, Deputado Estadual";"2026-06-09 00:00:00";"2026-06-12 00:00:00";"2026-06-14 00:00:00";400;"8010";"JADSON  FERNANDES CHAVES";"10000,00";"Pesquisa do tipo quantitativo, por amostragem, com aplicação de questionário estruturado e abordagem pessoal junto a uma amostra representativa do eleitorado conforme fonte de dados do TSE, 2026 e IBGE. O conjunto do eleitorado apto a votar na próxima eleição em 2026 no município de ITUPIRANGA/PA, no Pará, com idade de 16 anos ou mais foi tomado como universo da pesquisa. O levantamento será realizado pela equipe AMPLA PESQUISA DE OPINIÃO PÚBLICA.";"A seleção obterá o quantitativo representativo do eleitorado municipal em ITUPIRANGA-PA no Estado do Pará, que até maio de 2026 alcançava 32.794 eleitores que estavam aptos a participar/votar nas eleições do ano de 2026, respeitando os conglomerados urbanos e rurais em único estágio. O estágio é feito a partir de sorteio probabilístico dos bairros/áreas/comunidades/vilas, reconhecidamente no município ou que não possui bairros definidos em Lei Municipal ou órgão oficial municipal/estadual, onde as entrevistas serão realizadas e com sub amostragem pelo método PPT (Probabilidade Proporcional ao Tamanho), se possível com respaldado de fonte secundária municipal para tal procedimento ou embasado por informações do IBGE e Setor Censitário, tomando como referência a população de 16 anos ou mais, residentes nos setores como base para tal seleção prevista no TSE. Os respondentes serão selecionados através de quotas amostrais proporcionais dos estratos reconhecidos pelo TSE 2026 e CENSO 2010/2022 em função de algumas variáveis, agrupando-as conforme a natureza do levantamento por: SEXO: masculino 51%, feminino 49%; GRAU DE INSTRUÇÃO: De analfabeto até o Ensino Fundamental completo: 56,76%, Ensino Médio completo ou incompleto : 35,56%; Ensino Superior completo ou incompleto: 7,68%; FAIXA ETÁRIA/IDADE: 16 a 24 anos: 19,95%, 25 a 34 anos: 21,92%, 35 a 44 anos: 19,65%, 45 a 59 anos: 21,60%, acima de 59 anos: 16,88%; NÍVEL DE RENDA OU ECONÔMICO: Sem rendimentos até 2 salários-mínimos: 84,04%; Mais de 2 a 5 salários-mínimos: 9,85%; Mais de 5 salários-mínimos: 6,11%. Fonte: TSE maio/2026, IBGE, CENSO 2010/2022. A amostra total corresponde a 400 entrevistas. A margem de erro máxima prevista para o total da amostra é de 4,9% pontos percentuais para mais ou para menos, considerando um nível de confiança de 95%. Os intervalos de confiança serão calculados considerando os resultados obtidos para um nível de confiança de 95%. Fonte: VICENTE (2012), TAYLOR, H. (1995), VICENTE et. al. (2001) e SUDMAN (1983) Referências bibliográficas referente aos estudos do cálculo amostral realizado: [1] VICENTE, P. Estudos de Mercado e de Opinião. Princípios e Aplicações de Amostragem. Edições Sílabo. LDA. 1ª edição, 228pg, Lisboa, 2012. [2] TAYLO, H. (1995) Horses for courses: how survey firms in diferent methods, Jounal of the Market Research Society, 37,3, 211-219. [3] VICENTE, P., REIS, E., FERRÃO, F. (2001) Sondagens: A amostragem como Fator Decisivo de Qualidade. 2ª edição Sílabo, Lisboa. [4] SUDMAN, S. (1983) Applid sampling, in Handbook of survey research, P. Rossi, J.Wright, A. Anderson (Editores), Academic Press, Inc.,145- 194. [5] QUEIROZ, W. T, Amostragem em Inventário Florestal. Edufpa, Belém, 2012, 441p.";"Os pesquisadores envolvidos na realização desta pesquisa são treinados de forma contínua pelo Instituto, AMPLA PESQUISA DE OPINIÃO PÚBLICA, recebem instruções específicas para cada projeto de pesquisa realizado. A equipe de trabalho de campo é formada por 08 (OITO) pesquisadores de campo e 02 (dois) supervisores e 02 (dois) fiscais de campo devidamente treinados para este tipo de pesquisa. Os entrevistadores fazem as entrevistas individuais, enquanto os supervisores de campo fiscalizam o trabalho. Sendo dever do supervisor de campo: a) zelar pelo cumprimento e quantidade correta das entrevistas; b) anular questionários preenchidos incorretamente ou que estejam fora do padrão de conduta técnica da pesquisa; c) anular questionários que não cumpram a amostra determinada de dentro da área prevista no plano; d) zelar pelo andamento do trabalho de campo dentro do tempo especificado; e) inspecionar os questionários aplicados e sua validade; f) conferir no final do trabalho o preenchimento e zelo da amostra prevista. A coleta será realizada com a utilização de tablet/smartfone ou celular androide e o questionário com formato eletrônico e visualização, via, ferramenta, sistema DATA GOAL. Os dados são checados, no mínimo, 20% dos questionários de cada pesquisador envolvido na pesquisa, seja in loco por supervisores de campo ou, posteriormente, por telefone indicado pelo entrevistado. Internamente, todo o material é verificado e codificado. Antes do processamento final e emissão dos resultados, realiza-se processo de consistência dos dados para garantir a segurança e lisura das informações.";"As informações sobre delimitação de bairros e outras informações estão em anexo."
"21/07/2026";"05:46:28";2026;81;"Eleições Gerais 2026";"PA";"PA";"PARÁ";"PA038002026";"2026-04-29 22:30:22";"N";"02070887000110";"SIMETRIA CONSULTORIA E PESQUISA LTDA";"SIMETRIA";"Governador, Senador";"2026-04-30 00:00:00";"2026-05-04 00:00:00";"2026-05-05 00:00:00";1200;"6221";"RUI DA COSTA ABRANTES";"30000,00";"Pesquisa quantitativa, de survey, que consiste na realização de entrevistas pessoais, domiciliares e presenciais, conduzidas por profissionais treinados, com a aplicação de questionários estruturados a uma amostra representativa da população votante de 16 anos ou mais residente no estado do Pará. O desenho amostral aplicado constituiu em selecionar os 11 municípios do Estado com maior representatividade de eleitores nas 5 regiões e combina sorteio probabilístico de setores censitários fornecidos pelo IBGE (unidades territoriais homogêneas, de tamanho similar a quadras ou blocos), dentro dos quais serão selecionadas pessoas respondentes por meio de cotas amostrais.";"O público pesquisado é composto por eleitores de 16 anos ou mais residentes na área de abrangência da pesquisa. Para produzir uma amostra representativa desse público-alvo, utilizamos um desenho amostral por conglomerados que prevê três estágios. No primeiro estágio, é feito a seleção dos municípios com maior representatividade eleitoral nas regiões do Estado, onde se definiu a amostra por meio do método PPT (Probabilidade Proporcional ao Tamanho) a partir de suas populações votantes acima de 16 anos. Dentro da lista de municípios selecionados, no segundo estágio, é realizado um sorteio probabilístico por meio do método PPT (Probabilidade Proporcional ao Tamanho) de setores censitários a serem visitados pelos entrevistadores, sorteio que tem como base o total de habitantes residentes nos setores de acordo com dados do Censo de 2022, o que garante a dispersão aleatória e estatística da amostra dentro dos territórios municipais, independentemente de divisões administrativas. Finalmente, dentro da lista de setores censitários sorteados, no último estágio são selecionados domicílios e pessoas a serem entrevistadas utilizando-se cotas amostrais para as seguintes variáveis: sexo, idade, renda familiar e escolaridade. O perfil da amostra, definido pelas cotas previstas, é o seguinte: Sexo: Masculino (49%); Feminino (51%). Faixa etária: 16-24 anos (16%); 25-34 anos (22%); 35-44 anos (21%); 45-59 anos (23%), 60 ou mais (18%). Nível de instrução: Analfabeto/Lê e escreve (12,58%); fundamental incompleto e completo (30,92%); Médio incompleto e completo (44,83%) e Superior incompleto e completo (11,67%). Fonte dos dados: para a distribuição de sexo, idade e escolaridade, TSE-Tribunal Superior Eleitoral - março/2026; para a malha de setores censitários, Censo 2022 (IBGE). Está prevista eventual pós-estratificação da amostra, por meio de algoritmos de calibração (rake) e modelos (MrP), para correção de estimativas e das distribuições das variáveis sexo, idade e escolaridade, com base nos percentuais anteriormente mencionados, caso ocorram diferenças entre os percentuais previstos na amostra e a coleta de dados realizada. Dentro do público-alvo anteriormente descrito, serão realizadas 1.200 entrevistas. O nível de confiança das estimativas é de 95% e a margem de erro máxima prevista, atendendo às diretivas do TSE e usando o cálculo para amostra aleatória simples (AAS) como aproximação, é de cerca de 3 pontos percentuais para mais ou para menos em relação aos totais da amostra.";"As entrevistas serão realizadas por uma equipe de entrevistadores devidamente qualificada, com experiência e treinamento em pesquisa de opinião pública. Todo trabalho é feito em tablets ou outros dispositivos eletrônicos. Após a realização da coleta de dados, as entrevistas junto aos respondentes são checadas por meio de procedimentos de consistência e de georreferenciamento dos locais de aplicação em tempo real. Adicionalmente, ao longo e após os trabalhos de campo, é realizada uma fiscalização que consiste na checagem de áudio de uma amostra de 20% dos questionários aplicados para verificação das respostas e da adequação dos entrevistados aos parâmetros amostrais.";"A área de abrangência da coleta é o território do estado do Pará. A relação do número de pessoas pesquisadas nas áreas de aplicação da pesquisa, discriminadas por município e setores censitários a partir de sorteio dos setores identificadores utilizados pelo IBGE."
"21/07/2026";"05:46:28";2026;81;"Eleições Gerais 2026";"PA";"PA";"PARÁ";"PA051632026";"2026-04-26 21:51:50";"N";"54464321000176";"AMPLA PESQUISA DE OPINIAO PUBLICA LTDA";"AMPLA VOX";"Governador, Senador";"2026-04-25 00:00:00";"2026-04-29 00:00:00";"2026-05-02 00:00:00";1500;"8010";"JADSON FERNANDES CHAVES";"50000,00";"Pesquisa quantitativa, através de entrevistas pessoais e domiciliares, com aplicação de questionário estruturado e padronizado, junto a uma amostra representativa do conjunto do eleitorado apto a votar no Estado do Pará com 16 anos ou mais foi tomado como universo da pesquisa. O objetivo principal é aferir indicativos e potencialidade de intenção de voto no Estado do Pará em 2026. O levantamento será realizado pela equipe de pesquisadores da empresa AMPLA.";"A seleção obterá o quantitativo representativo do eleitorado do estado do Pará que até março de 2026 alcançava 6.173.150 eleitores que estavam aptos a participar/votar nas eleições do ano de 2026, respeitando os conglomerados residenciais em único estágio. O estágio é feito a partir de sorteio probabilístico dos bairros/áreas/comunidades, reconhecidamente no município e que não possui bairros definidos em Lei Municipal ou órgão oficial municipal/estadual, onde as entrevistas serão realizadas e com sub amostragem pelo método PPT (Probabilidade Proporcional ao Tamanho), se possível com respaldado de fonte secundária municipal para tal procedimento ou embasado por informações do IBGE, tomando como referência a população de 16 anos ou mais votante, residentes nos setores censitários/2022, como base para tal seleção prevista no TSE. A amostra é estratificada para 12 regiões de integração, conforme Decreto Estadual nº 1.066/2008, este ato normativo central que criou originalmente as 12 Regiões de Integração, com o objetivo de reduzir as desigualdades regionais e integrar os espaços para o desenvolvimento social e econômico. As regiões de integração estão divididas da seguinte maneira; (Guajará, Araguaia, Carajás, Marajó, Lago Tucuruí, Baixo Amazonas, Guamá, Rio Caeté, Rio Capim, Xingú, Tapajós e Tocantins) e divididos por dimensões como porte e grandeza dos municípios (grande, médio e pequeno). Os respondentes serão selecionados através de quotas amostrais proporcionais dos estratos reconhecidos pelo TSE/2026 e CENSO 2010/2022/setor censitário/2022, em função de algumas variáveis, agrupando-as conforme a natureza do levantamento por: SEXO: masculino 49%, feminino 51%; GRAU DE INSTRUÇÃO: De analfabeto até ensino fundamental completo: 43%|; Ensino Médio completo ou incompleto: 45%| Ensino Superior completo ou incompleto 12%|
FAIXA ETÁRIA/IDADE: 16 a 24 anos: 16,2%; 25 a 34 anos: 22,3%; 35 a 44 anos: 20,9%; 45 a 59 anos: 23,4%; 60 a 69 anos: 17,2% NÍVEL DE RENDA OU ECONÔMICO DO ENTREVISTADO: Sem rendimentos até 2 salários mínimos: 70% |; Mais de 2 a 5 salários mínimos: 18%| Mais de 5 salários mínimos: 12%|. Fonte: TSE março/2026, IBGE, CENSO 2010/2022, FAPESPA 2000/2010. A amostra total corresponde 1.500 entrevistas. A margem de erro máxima prevista para o total da amostra é de 2,6% pontos percentuais para mais ou para menos, considerando um nível de confiança de 95%. Os intervalos de confiança serão calculados considerando os resultados obtidos para um nível de confiança de 95%. Fonte: VICENTE (2012), TAYLOR, H. (1995), VICENTE et. al. (2001) e SUDMAN (1983) Referências bibliográficas referente aos estudos do cálculo amostral realizado: [1] VICENTE, P. Estudos de Mercado e de Opinião. Princípios e Aplicações de Amostragem. Edições Sílabo. LDA. 1ª edição, 228pg, Lisboa, 2012. [2] TAYLO, H. (1995) Horses for courses: how survey firms in diferent methods, Jounal of the Market Research Society, 37,3, 211-219. [3] VICENTE, P., REIS, E., FERRÃO, F. (2001) Sondagens: A amostragem como FatorDecisivo de Qualidade. 2ª edição Sílabo, Lisboa. [4] SUDMAN, S. (1983) Applid sampling, in Handbook of survey research, P. Rossi, J.Wright, A. Anderson(Editores), Academic Press, Inc.,145- 194.


";"Os pesquisadores envolvidos na realização desta pesquisa são treinados de forma contínua pela equipe de pesquisa do Instituto AMPLA e recebem instruções específicas para cada projeto de pesquisa realizado. A equipe de trabalho de campo é formada por pesquisadores de campo e supervisores. Os entrevistadores fazem as entrevistas individuais, enquanto os supervisores de campo fiscalizam o trabalho. Sendo dever do supervisor de campo: a) zelar pelo cumprimento e quantidade correta das entrevistas; b) anular questionários preenchidos incorretamente ou que estejam fora do padrão de conduta técnica da pesquisa; c) anular questionários que não cumpram a amostra determinada de dentro da área prevista no plano; d) zelar pelo andamento do trabalho de campo dentro do tempo especificado; e) inspecionar os questionários aplicados e sua validade; f) conferir no final do trabalho o preenchimento e zelo da amostra prevista. A coleta será realizada com a utilização de tablet/smartfone ou celular androide, sendo acompanhadas pelas coordenadas geográficas de localização, latitude e longitude e os questionários com o formato eletrônico e visualização, via, ferramenta, sistema DATAGOAL, funcionado de forma on-line e off-line. Os dados serão checados, no mínimo, 20% dos questionários de cada pesquisador envolvido na pesquisa, seja in loco por supervisores de campo ou, posteriormente, por telefone indicado pelo entrevistado. Internamente, todo o material é verificado e codificado. Antes do processamento final e emissão dos resultados, realiza-se processo de consistência dos dados e auditoria para garantir a segurança e lisura das informações.  
Na pesquisa de campo estarão dois Estatísticos supervisionando os trabalhos de campo para que tudo ocorra dentro na normalidade estatística.
";"Os dados da pesquisa relativos aos bairros estão em anexo, conforme é delimitado pelo TSE."
"21/07/2026";"05:46:28";2026;81;"Eleições Gerais 2026";"PA";"PA";"PARÁ";"PA008992026";"2026-04-09 17:29:00";"N";"07317438000147";"DOXA ARTE & COMUNICAO S/S LTDA";"DOXA";"Governador, Senador, Deputado Federal, Deputado Estadual";"2026-04-09 00:00:00";"2026-04-14 00:00:00";"2026-04-15 00:00:00";2000;"8010";"JADSON FERNANDES CHAVES ";"60000,00";"Pesquisa do tipo quantitativo, por amostragem, com aplicação de questionário estruturado e abordagem pessoal junto a uma amostra representativa do eleitorado conforme fonte de dados do TSE março/2026, IBGE, CENSO 2010/2022, FAPESPA 2000/2010. O conjunto do eleitorado apto a votar na próxima eleição em 2026 no estado do Pará com idade de 16 anos ou mais foi tomado como universo da pesquisa. O levantamento será realizado pela equipe DOXA ARTE & COMUNICAO S/S LTDA.";"A seleção obterá o quantitativo representativo do eleitorado do estado do Pará que até março de 2026 alcançava 6.173.150 eleitores que estavam aptos a participar/votar nas eleições do ano de 2026, respeitando os conglomerados urbanos em único estágio. O estágio é feito a partir de sorteio probabilístico dos bairros/áreas/comunidades, reconhecidamente no município e que não possui bairros definidos em Lei Municipal ou órgão oficial municipal/estadual, onde as entrevistas serão realizadas e com sub amostragem pelo método PPT (Probabilidade Proporcional ao Tamanho), se possível com respaldado de fonte secundária municipal para tal procedimento ou embasado por informações do IBGE, tomando como referência a população de 16 anos ou mais, residentes nos setores como base para tal seleção prevista no TSE. Os respondentes serão selecionados através de quotas amostrais proporcionais dos estratos reconhecidos pelo TSE 2026 e CENSO 2010/2022 em função de algumas variáveis, agrupando-as conforme a natureza do levantamento por: SEXO: masculino 49%, feminino 51%; GRAU DE INSTRUÇÃO: Sem escolaridade: 4,33%, Fundamental Completo: 5,59%, Fundamental Incompleto: 25,32%; Médio Completo: 26,42%; Médio Incompleto: 18,45%; Lê e Escreve: 8,21%; Superior Completo: 7,48%; Superior Incompleto: 4,20%; FAIXA ETÁRIA/IDADE: 16 a 24 anos: 17,18; 25 a 34 anos: 22,33%; 35 a 59 anos: 44,32%; 60 a 69 anos: 9,56%; superior a 70 anos: 6,61%; NÍVEL DE RENDA OU ECONÔMICO DO ENTREVISTADO: Até 1 SM, 40,21%; De 01 a 02 SM, 28,19%; De 02 a 03 SM, 9,29%; De 03 a 05 SM, 8,16%; acima de 5 SM 11,84%; Sem rendimento: 2,31%. Fonte: TSE março/2026, IBGE, CENSO 2010/2022, FAPESPA 2000/2010. A amostra total corresponde 2.000 entrevistas. A margem de erro máxima prevista para o total da amostra é de 3,1 pontos percentuais para mais ou para menos, considerando um nível de confiança de 95%. Os intervalos de confiança serão calculados considerando os resultados obtidos para um nível de confiança de 95%. Fonte: VICENTE (2012), TAYLOR, H. (1995), VICENTE et. al. (2001) e SUDMAN (1983) Referências bibliográficas referente aos estudos do cálculo amostral realizado: [1] VICENTE, P. Estudos de Mercado e de Opinião. Princípios e Aplicações de Amostragem. Edições Sílabo. LDA. 1ª edição, 228pg, Lisboa, 2012. [2] TAYLO, H. (1995) Horses for courses: how survey firms in diferent methods, Jounal of the Market Research Society, 37,3, 211-219. [3] VICENTE, P., REIS, E., FERRÃO, F. (2001) Sondagens: A amostragem como Fator Decisivo de Qualidade. 2ª edição Sílabo, Lisboa. [4] SUDMAN, S. (1983) Applid sampling, in Handbook of survey research, P. Rossi, J.Wright, A. Anderson (Editores), Academic Press, Inc.,145- 194.";"Os pesquisadores envolvidos na realização desta pesquisa são treinados de forma contínua pelo Instituto DOXA ARTE & COMUNICAÇÃO S/S LTDA e recebem instruções específicas para cada projeto de pesquisa realizado. A equipe de trabalho de campo é formada por trinta e cinco pesquisadores de campo e quatro coordenadores. Os entrevistadores fazem as entrevistas individuais, enquanto os supervisores de campo fiscalizam o trabalho. Sendo dever do supervisor de campo: a) zelar pelo cumprimento e quantidade correta das entrevistas; b) anular questionários preenchidos incorretamente ou que estejam fora do padrão de conduta técnica da pesquisa; c) anular questionários que não cumpram a amostra determinada de dentro da área prevista no plano; d) zelar pelo andamento do trabalho de campo dentro do tempo especificado; e) inspecionar os questionários aplicados e sua validade; f) conferir no final do trabalho o preenchimento e zelo da amostra prevista. A coleta será realizada com a utilização de tablete/smartfone ou celular androide e o questionário com formato eletrônico e visualização, via, ferramenta, sistema Hashdata. Os dados são checados, no mínimo, 20% dos questionários de cada pesquisador envolvido na pesquisa, seja in loco por supervisores de campo ou, posteriormente, por telefone indicado pelo entrevistado. Internamente, todo o material é verificado e codificado. Antes do processamento final e emissão dos resultados, realiza-se processo de consistência dos dados para garantir a segurança e lisura das informações.

";"Os dados serão inseridos conforme §7º. do art. 2º. da Resolução-TSE nº. 23.600/2019, A partir do dia em que a pesquisa puder ser divulgada e até o dia seguinte, o registro deverá ser complementado, sob pena de ser a pesquisa considerada não registrada; na ausência de delimitação do bairro, será identificada a área em que foi realizada."
"21/07/2026";"05:46:28";2026;81;"Eleições Gerais 2026";"PA";"PA";"PARÁ";"PA039512026";"2026-07-03 21:29:01";"N";"05255333000185";"V. C. H. A. SERVICOS LTDA.";"VERITATE";"Governador, Senador";"2026-07-02 00:00:00";"2026-07-07 00:00:00";"2026-07-09 00:00:00";1400;"7883";"Demetrio Alcone Peres";"60000,00";"Metodologia da pesquisa: 
A presente pesquisa quantitativa adota o método de levantamento estatístico por amostragem, com a realização de entrevistas pessoais e individuais, conduzidas por meio de questionário estruturado. A coleta de dados ocorre de forma presencial em domicílios e pontos de fluxo, assegurando a abrangência e a integridade da coleta A técnica utiliza amostragem probabilística nos estágios iniciais e seleção por cotas no estágio final, garantindo a representatividade da população do Estado do Pará com idade igual ou superior a 16 anos.
";"Plano amostral e ponderação quanto a sexo, idade, grau de instrução e nível econômico do entrevistado; intervalo de confiança e margem de erro:
Universo: População do Estado do Pará com idade a partir de 16 anos. Tamanho da amostra: 1400 entrevistas, a amostra é representativa da população em estudo. A amostragem é realizada em três estágios: Primeiro Estágio: Sorteio probabilístico dos municípios via método PPT (Probabilidade Proporcional ao Tamanho), utilizando o eleitorado como base de seleção dentro das mesorregiões geográficas do Estado; Segundo Estágio: Seleção aleatória dos setores censitários dentro dos municípios sorteados, também pelo método PPT, baseando-se na densidade populacional; Terceiro Estágio: Seleção dos respondentes por cotas amostrais proporcionais às variáveis de: Sexo: Masculino (49,25%), Feminino (50,75%); Faixa Etária: 16 a 24 anos (17,1%), 25 a 44 anos (42,6%) e 45 anos ou mais (40,3%); Escolaridade: Até Ensino Fundamental Completo (43%) e Ensino Médio Incompleto ou mais (57%); Nível Econômico: Estruturado em renda familiar de até 2 salários mínimos (78,4%) e superior a 2 salários mínimos (21,6%). Ponderação e Margem de Erro: Está prevista eventual ponderação para correção de desvios que ultrapassem a margem de erro, utilizando os mesmos pesos das variáveis mencionadas. O nível de confiança é de 95%, com margem de erro máxima estimada em 2,6 pontos percentuais para mais ou para menos sobre os resultados encontrados no total da amostra. Fontes de Dados: Os parâmetros foram extraídos da PNAD Contínua (IBGE), atualizada para o ano de 2026, e das estatísticas do eleitorado do TSE (julho/2026). A justificativa para o uso da base de 16 anos ou mais visa alinhar a demografia ao eleitorado apto, garantindo a eficácia preditiva do estudo.
";"Sistema interno de controle e verificação, conferência e fiscalização da coleta de dados e do trabalho de campo:
Sistema de Controle e Verificação: Fiscalização em campo e por telefone em, no mínimo, 20% da amostra total, mediante conferência de dados de identificação e consistência de respostas por equipe de supervisão independente
";"Dados relativos aos municípios e bairros abrangidos pela pesquisa				
MESORREGIÃO	MUNICÍPIOS	1400		ENTREVISTADOS
Baixo Amazonas	ALENQUER	22		Entrevistas
Baixo Amazonas	SANTARÉM	123		Entrevistas
Marajó	BREVES	60		Entrevistas
Marajó	SALVATERRA	16		Entrevistas
Marajó	SOURE	18		Entrevistas
Metropolitana de Belém	ANANINDEUA	83		Entrevistas
Metropolitana de Belém	BARCARENA	24		Entrevistas
Metropolitana de Belém	BELÉM	244		Entrevistas
Metropolitana de Belém	BENEVIDES	11		Entrevistas
Metropolitana de Belém	CASTANHAL	33		Entrevistas
Metropolitana de Belém	MARITUBA	21		Entrevistas
Metropolitana de Belém	SANTA ISABEL DO PARÁ	11		Entrevistas
Nordeste Paraense	ABAETETUBA	50		Entrevistas
Nordeste Paraense	AURORA DO PARÁ	8		Entrevistas
Nordeste Paraense	BRAGANÇA	39		Entrevistas
Nordeste Paraense	CAMETÁ	43		Entrevistas
Nordeste Paraense	CAPANEMA	22		Entrevistas
Nordeste Paraense	CURUÇÁ	15		Entrevistas
Nordeste Paraense	IGARAPÉ-AÇU	13		Entrevistas
Nordeste Paraense	IGARAPÉ-MIRI	22		Entrevistas
Nordeste Paraense	IPIXUNA DO PARÁ	10		Entrevistas
Nordeste Paraense	MÃE DO RIO	10		Entrevistas
Nordeste Paraense	MARAPANIM	10		Entrevistas
Nordeste Paraense	MOJU	23		Entrevistas
Nordeste Paraense	NOVA TIMBOTEUA	6		Entrevistas
Nordeste Paraense	SANTA LUZIA DO PARÁ	8		Entrevistas
Nordeste Paraense	SANTA MARIA DO PARÁ	10		Entrevistas
Nordeste Paraense	SÃO FRANCISCO DO PARÁ	6		Entrevistas
Nordeste Paraense	SÃO MIGUEL DO GUAMÁ	17		Entrevistas
Nordeste Paraense	TAILÂNDIA	23		Entrevistas
Nordeste Paraense	TERRA ALTA	6		Entrevistas
Nordeste Paraense	TRACUATEUA	10		Entrevistas
Sudeste Paraense	BREU BRANCO	11		Entrevistas
Sudeste Paraense	CANAÃ DOS CARAJÁS	25		Entrevistas
Sudeste Paraense	CURIONÓPOLIS	6		Entrevistas
Sudeste Paraense	DOM ELISEU	10		Entrevistas
Sudeste Paraense	GOIANÉSIA DO PARÁ	7		Entrevistas
Sudeste Paraense	MARABÁ	62		Entrevistas
Sudeste Paraense	PARAGOMINAS	26		Entrevistas
Sudeste Paraense	PARAUAPEBAS	69		Entrevistas
Sudeste Paraense	REDENÇÃO	22		Entrevistas
Sudeste Paraense	RONDON DO PARÁ	9		Entrevistas
Sudeste Paraense	TUCURUÍ	25		Entrevistas
Sudeste Paraense	ULIANÓPOLIS	7		Entrevistas
Sudeste Paraense	XINGUARA	12		Entrevistas
Sudoeste Paraense	ALTAMIRA	46		Entrevistas
Sudoeste Paraense	ITAITUBA	46		Entrevistas
"
"21/07/2026";"05:46:28";2026;81;"Eleições Gerais 2026";"PA";"PA";"PARÁ";"PA025492026";"2026-04-25 20:47:19";"S";"00654576000172";"INSTITUTO VERITA LTDA";"VERITA";"Governador, Senador";"2026-04-26 00:00:00";"2026-04-30 00:00:00";"2026-05-01 00:00:00";1525;"10699";"GUILHERME ALVARENGA LAIA";"117425,00";"Pesquisa quantitativa, que consiste na realização de entrevistas, com a aplicação de questionário estruturado junto a uma amostra representativa do eleitorado desta Unidade da Federação.";"ESTUDO REPRESENTATIVO DO ELEITORADO DO ESTADO DO PARÁ - MÉTODO PPT (Probabilidade Proporcional ao Tamanho) - PLANO AMOSTRAL E PONDERAÇÃO QUANTO A SEXO, IDADE, GRAU DE INSTRUÇÃO E NÍVEL ECONÔMICO DO ENTREVISTADO; INTERVALO DE CONFIANÇA E MARGEM DE ERRO: Representativo do eleitorado da área em estudo, elaborada, em vários estágios, da seguinte forma: - 1. Divisão da UF em estratos proporcionais de municípios. 2. Ordenação dos municípios de cada estrato segundo o porte. 3. Sorteio dos municípios de cada estrato. 4. Os respondentes são selecionados através de quotas amostrais proporcionais em função de variáveis significativas, a saber: GÊNERO / FAIXA ETÁRIA - FEMININO E MASCULINO 16 A 34 ANOS 19,5% E 18,9%, 35 A 54 ANOS 19,3% E 18,7%, 55 ANOS OU MAIS 12% E 11,6%. GRAU DE INSTRUÇÃO ¿ FEMININO E MASCULINO Sem instrução até Ensino Médio completo 67,8%, Ensino superior incompleto e completo 32,2% NÍVEL ECONÔMICO - FEMININO população não economicamente ativa 46,5% população economicamente ativa 53,5% MASCULINO população não economicamente ativa 27,2% população economicamente ativa 72,8%. RENDA FAMILIAR DO DOMICÍLIO renda familiar de até 2 salários-mínimos 30,7%; de 2 a 5 salários-mínimos 44,2%, acima de 5 salários-mínimos 25,1%. Está prevista eventual ponderação para correção das variáveis, com base nos percentuais anteriormente mencionados, caso ocorram diferenças superiores a margem de erro da pesquisa previsto entre a amostra e a coleta de dados realizada. O fator previsto para ponderação é 1 (resultados obtidos na coleta de dados). O intervalo de confiança estimado é de 95% e a margem de erro máxima estimada considerando um modelo de amostragem aleatório simples, é de aproximadamente 2,5 pontos percentuais para mais ou para menos sobre os resultados encontrados no total da amostra. FONTE DOS DADOS: IBGE/Censo 2022 para fins de densidade demográfica, setores censitários e alocação da amostra. IBGE/PNAD/PNADC/MEC/INEP para fins de Nível Econômico e Escolaridade. TSE FEVEREIRO/2026 para fins de Sexo, Faixa Etária e eleitorado por município ou regiões previamente definidas (importante ressaltar para o público leigo que os dados do TSE são os únicos corretos para gênero, idade dos eleitores e quantitativo de eleitores por municípios já que a base de dados se atualiza automaticamente, PORÉM, dados de escolaridade e nível econômico NÃO são corretos e confiáveis devido a desatualização que ocorre naturalmente com o passar dos anos). Definição de margem de erro e intervalo de confiança: Margem de erro e intervalo de confiança não são grandezas diretamente proporcionais. A SOMA NÃO TEM QUE RESULTAR 100%. ";"Após os trabalhos de coleta de dados, os questionários são submetidos a uma fiscalização, conferência e checagem de cerca de 20% (vinte por cento) dos questionários aplicados.";"A relação dos municípios sorteados ou selecionados para esta pesquisa será apresentada em arquivo anexo até 1 (um) dia após a divulgação desta pesquisa conforme §7º. do art. 2º. da Resolução-TSE nº. 23.600/2019. A área de abrangência desta pesquisa é o Estado DO PARÁ"
"21/07/2026";"05:46:28";2026;81;"Eleições Gerais 2026";"PA";"PA";"PARÁ";"PA087282026";"2026-04-08 10:12:46";"S";"02070887000110";"SIMETRIA CONSULTORIA E PESQUISA LTDA";"SIMETRIA";"Senador";"2026-04-08 00:00:00";"2026-04-11 00:00:00";"2026-04-14 00:00:00";600;"6221";"RUI DA COSTA ABRANTES";"8000,00";"A pesquisa é de cunho quantitativo, que consiste na realização de entrevistas pessoais, com a aplicação de questionário estruturado junto a uma amostra representativa do eleitorado conforme fonte de dados do TSE.";"A seleção obterá o quantitativo representativo do eleitorado municipal que está apto a participar das eleições/2026, elaborada respeitando os conglomerados urbano e rural em único estágio. O estágio faz-se um sorteio probabilístico dos bairros/áreas/comunidades reconhecidamente no município e que não possui bairros definidos em Lei Municipal ou órgão oficial municipal/estadual, onde as entrevistas serão realizadas, com sub amostragem pelo método PPT (Probabilidade Proporcional ao Tamanho) se possível com respaldo de fonte secundária municipal para tal procedimento ou embasamento pelo IBGE, tomando como referência a população de 16 anos ou mais residente nos setores como base para tal seleção prevista no TSE. Os respondentes serão selecionados através de quotas amostrais proporcionais dos estratos reconhecidos pelo TSE em função de variáveis, agrupando-as conforme a natureza do levantamento: Sexo masculino: 46,01%, feminino 53,99%; Analfabeto/Lê escreve:2,53%, Fundamental Incompleto/Completo: 21,72%, Médio Incompleto/Completo: 51,68%; Superior Incompleto/Completo: 24,08%; 16 a 24 anos: 11,96%, 25 a 34 anos: 19,46%, 35 a 44 anos: 19,87%, 45 a 59 anos: 26,86%, acima de 59 anos: 21,85%; A margem de erro amostral: respeitando o intervalo de confiança estimada foi de 95%, tendo a margem de erro amostral de 4 pontos percentuais para mais ou para menos na amostra.";"Os pesquisadores contratados para aplicação dos formulários desta pesquisa foram treinados pela equipe técnica da SIMETRIA com instruções adequadas para atingir a meta e o objetivo do cliente. Quanto aos supervisores de campo, possuem a meta de atingir no mínimo 20% dos questionários dos pesquisadores indo ao local indicado ou por telefone. A validação do formulário somente será confirmada com o colhimento da ponderação previsto pela legislação eleitoral e todo o material após codificação e processamento dos dados das variáveis contidas no questionário.";"A área física da pesquisa se exclusivamente na cidade de Belém/PA, onde foi dividida em cinco distritos administrativos, a saber: 1) DABEL (Distrito Administrativo de Belém agrupa 9 bairros), 2) DABEN (Distrito Administrativo do Benguí agrupa 09 bairros), 3) DAENT (Distrito Administrativo do Entroncamento agrupa 9 bairros) 4) DAGUA (Distrito Administrativo do Guamá agrupa 7 bairros), 5) DAICO (Distrito Administrativo de Icoaraci agrupa 08 bairros) e 6) DASAC (Distrito Administrativo da Sacramenta agrupa 06 bairros) e 7) DAOUT (Distrito Administrativo do Outeiro agrupa 04 bairros)."
"21/07/2026";"05:46:28";2026;81;"Eleições Gerais 2026";"PA";"PA";"PARÁ";"PA027772026";"2026-05-09 17:33:04";"N";"07317438000147";"DOXA ARTE & COMUNICAO S/S LTDA";"DOXA";"Governador, Senador";"2026-05-09 00:00:00";"2026-05-14 00:00:00";"2026-05-15 00:00:00";2000;"8010";"JADSON FERNANDES CHAVES ";"60000,00";"Pesquisa do tipo quantitativo, por amostragem, com aplicação de questionário estruturado e abordagem pessoal junto a uma amostra representativa do eleitorado conforme fonte de dados do TSE abril/2026, IBGE, CENSO 2010/2022, FAPESPA 2000/2010. O conjunto do eleitorado apto a votar na próxima eleição em 2026 no estado do Pará com idade de 16 anos ou mais foi tomado como universo da pesquisa. O levantamento será realizado pela equipe DOXA ARTE & COMUNICAO S/S LTDA.";"A seleção obterá o quantitativo representativo do eleitorado do estado do Pará que até abril de 2026 alcançava 6.217.772 eleitores que estavam aptos a participar/votar nas eleições do ano de 2026, respeitando os conglomerados urbanos em único estágio. O estágio é feito a partir de sorteio probabilístico dos bairros/áreas/comunidades, reconhecidamente no município e que não possui bairros definidos em Lei Municipal ou órgão oficial municipal/estadual, onde as entrevistas serão realizadas e com sub amostragem pelo método PPT (Probabilidade Proporcional ao Tamanho), se possível com respaldado de fonte secundária municipal para tal procedimento ou embasado por informações do IBGE, tomando como referência a população de 16 anos ou mais, residentes nos setores como base para tal seleção prevista no TSE. Os respondentes serão selecionados através de quotas amostrais proporcionais dos estratos reconhecidos pelo TSE 2026 e CENSO 2010/2022 em função de algumas variáveis, agrupando-as conforme a natureza do levantamento por: SEXO: masculino 49%, feminino 51%; GRAU DE INSTRUÇÃO: Sem escolaridade: 4,31%, Fundamental Completo: 5,55%, Fundamental Incompleto: 25,17%; Médio Completo: 26,44%; Médio Incompleto: 18,68%; Lê e Escreve: 8,13%; Superior Completo: 7,48%; Superior Incompleto: 4,24%; FAIXA ETÁRIA/IDADE: 16 a 24 anos: 16,64%; 25 a 34 anos: 22,18%; 35 a 59 anos: 44,06%; 60 a 69 anos: 9,53%; superior a 70 anos: 7,59%; NÍVEL DE RENDA OU ECONÔMICO DO ENTREVISTADO: Até 1 SM, 40,21%; De 01 a 02 SM, 28,19%; De 02 a 03 SM, 9,29%; De 03 a 05 SM, 8,16%; acima de 5 SM 11,84%; Sem rendimento: 2,31%. Fonte: TSE abril/2026, IBGE, CENSO 2010/2022, FAPESPA 2000/2010. A amostra total corresponde 2.000 entrevistas. A margem de erro máxima prevista para o total da amostra é de 3,1 pontos percentuais para mais ou para menos, considerando um nível de confiança de 95%. Os intervalos de confiança serão calculados considerando os resultados obtidos para um nível de confiança de 95%. Fonte: VICENTE (2012), TAYLOR, H. (1995), VICENTE et. al. (2001) e SUDMAN (1983) Referências bibliográficas referente aos estudos do cálculo amostral realizado: [1] VICENTE, P. Estudos de Mercado e de Opinião. Princípios e Aplicações de Amostragem. Edições Sílabo. LDA. 1ª edição, 228pg, Lisboa, 2012. [2] TAYLO, H. (1995) Horses for courses: how survey firms in diferent methods, Jounal of the Market Research Society, 37,3, 211-219. [3] VICENTE, P., REIS, E., FERRÃO, F. (2001) Sondagens: A amostragem como Fator Decisivo de Qualidade. 2ª edição Sílabo, Lisboa. [4] SUDMAN, S. (1983) Applid sampling, in Handbook of survey research, P. Rossi, J.Wright, A. Anderson (Editores), Academic Press, Inc.,145- 194.";"Os pesquisadores envolvidos na realização desta pesquisa são treinados de forma contínua pelo Instituto DOXA ARTE & COMUNICAÇÃO S/S LTDA e recebem instruções específicas para cada projeto de pesquisa realizado. A equipe de trabalho de campo é formada por trinta e cinco pesquisadores de campo e quatro coordenadores. Os entrevistadores fazem as entrevistas individuais, enquanto os supervisores de campo fiscalizam o trabalho. Sendo dever do supervisor de campo: a) zelar pelo cumprimento e quantidade correta das entrevistas; b) anular questionários preenchidos incorretamente ou que estejam fora do padrão de conduta técnica da pesquisa; c) anular questionários que não cumpram a amostra determinada de dentro da área prevista no plano; d) zelar pelo andamento do trabalho de campo dentro do tempo especificado; e) inspecionar os questionários aplicados e sua validade; f) conferir no final do trabalho o preenchimento e zelo da amostra prevista. A coleta será realizada com a utilização de tablete/smartfone ou celular androide e o questionário com formato eletrônico e visualização, via, ferramenta, sistema 	questionpro. Os dados são checados, no mínimo, 20% dos questionários de cada pesquisador envolvido na pesquisa, seja in loco por supervisores de campo ou, posteriormente, por telefone indicado pelo entrevistado. Internamente, todo o material é verificado e codificado. Antes do processamento final e emissão dos resultados, realiza-se processo de consistência dos dados para garantir a segurança e lisura das informações.";"Os dados serão inseridos conforme §7º. do art. 2º. da Resolução-TSE nº. 23.600/2019, A partir do dia em que a pesquisa puder ser divulgada e até o dia seguinte, o registro deverá ser complementado, sob pena de ser a pesquisa considerada não registrada; na ausência de delimitação do bairro, será identificada a área em que foi realizada."
"21/07/2026";"05:46:28";2026;81;"Eleições Gerais 2026";"PA";"PA";"PARÁ";"PA077342026";"2026-06-22 14:40:31";"N";"02070887000110";"SIMETRIA CONSULTORIA E PESQUISA LTDA";"SIMETRIA";"Governador, Senador";"2026-06-23 00:00:00";"2026-06-25 00:00:00";"2026-06-28 00:00:00";1200;"6221";"RUI DA COSTA ABRANTES";"30000,00";"Pesquisa quantitativa, de survey, que consiste na realização de entrevistas pessoais, domiciliares e presenciais, conduzidas por profissionais treinados, com a aplicação de questionários estruturados a uma amostra representativa da população votante de 16 anos ou mais residente no estado do Pará. O desenho amostral aplicado constituiu em selecionar os 11 municípios do Estado com maior representatividade de eleitores nas 5 regiões e combina sorteio probabilístico de setores censitários fornecidos pelo IBGE (unidades territoriais homogêneas, de tamanho similar a quadras ou blocos), dentro dos quais serão selecionadas pessoas respondentes por meio de cotas amostrais. Plano amostral e ponderação quanto a sexo, idade e grau de instrução do entrevistado; intervalo de confiança e margem de erro: O público pesquisado é composto por eleitores de 16 anos ou mais residentes na área de abrangência da pesquisa. Para produzir uma amostra representativa desse público-alvo, utilizamos um desenho amostral por conglomerados que prevê três estágios. No primeiro estágio, é feito a seleção dos municípios com maior representatividade eleitoral nas regiões do Estado, onde se definiu a amostra por meio do método PPT (Probabilidade Proporcional ao Tamanho) a partir de suas populações votantes acima de 16 anos. Dentro da lista de municípios selecionados, no segundo estágio, é realizado um sorteio probabilístico por meio do método PPT (Probabilidade Proporcional ao Tamanho) de setores censitários a serem visitados pelos entrevistadores, sorteio que tem como base o total de habitantes residentes nos setores de acordo com dados do Censo de 2022, o que garante a dispersão aleatória e estatística da amostra dentro dos territórios municipais, independentemente de divisões administrativas. Finalmente, dentro da lista de setores censitários sorteados, no último estágio são selecionados domicílios e pessoas a serem entrevistadas utilizando-se cotas amostrais para as seguintes variáveis: sexo, idade e escolaridade.";"O perfil da amostra, definido pelas cotas previstas, é o seguinte: Sexo: Masculino (49%); Feminino (51%). Faixa etária: 16-24 anos (17,19%); 25-34 anos (22%); 35-44 anos (20,57%); 45-59 anos (23,21%), 60 ou mais (17,03%). Nível de instrução: Analfabeto/Lê e escreve (12,33%); fundamental incompleto e completo (30,51%); Médio incompleto e completo (45,41%) e superior incompleto e completo (11,75%). Fonte dos dados: para a distribuição de sexo, idade e escolaridade, TSE-Tribunal Superior Eleitoral - maio/2026; para a malha de setores censitários, Censo 2022 (IBGE). Está prevista eventual pós-estratificação da amostra, por meio de algoritmos de calibração (rake) e modelos (MrP), para correção de estimativas e das distribuições das variáveis sexo, idade e escolaridade, com base nos percentuais anteriormente mencionados, caso ocorram diferenças entre os percentuais previstos na amostra e a coleta de dados realizada. Dentro do público-alvo anteriormente descrito, serão realizadas 1.200 entrevistas. O nível de confiança das estimativas é de 95% e a margem de erro máxima prevista, atendendo às diretivas do TSE e usando o cálculo para amostra aleatória simples (AAS) como aproximação, é de cerca de 3 pontos percentuais para mais ou para menos em relação aos totais da amostra.";"As entrevistas serão realizadas por uma equipe de entrevistadores devidamente qualificada, com experiência e treinamento em pesquisa de opinião pública. Todo trabalho é feito em tablets ou outros dispositivos eletrônicos. Após a realização da coleta de dados, as entrevistas junto aos respondentes são checadas por meio de procedimentos de consistência e de georreferenciamento dos locais de aplicação em tempo real. Adicionalmente, ao longo e após os trabalhos de campo, é realizada uma fiscalização que consiste na checagem de áudio de uma amostra de 20% dos questionários aplicados para verificação das respostas e da adequação dos entrevistados aos parâmetros amostrais.";"A área de abrangência da coleta é o território do estado do Pará. A relação do número de pessoas pesquisadas nas áreas de aplicação da pesquisa, discriminadas por município e setores censitários a partir de sorteio dos setores identificadores utilizados pelo IBGE.
A área física da pesquisa, exclusivamente na cidade de Belém/PA, foi dividida em cinco distritos administrativos, a saber: 1) DABEL (Distrito Administrativo de Belém agrupa 9 bairros), 2) DABEN (Distrito Administrativo do Benguí agrupa 09 bairros), 3) DAENT (Distrito Administrativo do Entroncamento agrupa 9 bairros) 4) DAGUA (Distrito Administrativo do Guamá agrupa 7 bairros), 5) DAICO (Distrito Administrativo de Icoaraci agrupa 08 bairros) e 6) DASAC (Distrito Administrativo da Sacramenta agrupa 06 bairros) e 7) DAOUT (Distrito Administrativo do Outeiro agrupa 04 bairros).
Para os demais municípios selecionados para o estudo a área de abrangência da coleta é o território deles, através de sorteios dos setores censitários. A relação do número de pessoas pesquisadas nas áreas de aplicação da pesquisa, discriminadas por município e setores censitários a partir de sorteio dos setores identificadores utilizados pelo IBGE.
Foram sorteados também, Setores Reservas para cada municípios, onde serão utilizados, caso não se consiga, por alguma hipótese, realizar o campo no setor principal.
Os Setores Censitários principal e reservas estão no anexo a este registro
"
"21/07/2026";"05:46:28";2026;81;"Eleições Gerais 2026";"PA";"PA";"PARÁ";"PA069642026";"2026-01-27 15:44:47";"S";"07317438000147";"DOXA ARTE & COMUNICAO S/S LTDA";"DOXA";"Governador, Senador, Deputado Federal, Deputado Estadual";"2026-01-26 00:00:00";"2026-01-30 00:00:00";"2026-02-02 00:00:00";2000;"9477";"LUIZ CARLOS FERREIRA FEITOSA";"50000,00";"Pesquisa do tipo quantitativo, por amostragem, com aplicação de questionário estruturado e abordagem pessoal junto a uma amostra representativa do eleitorado conforme fonte de dados do TSE janeiro/2026, IBGE, CENSO 2010/2022, FAPESPA 2000/2010. O conjunto do eleitorado apto a votar na próxima eleição em 2026 no estado do Pará com idade de 16 anos ou mais foi tomado como universo da pesquisa. O levantamento será realizado pela equipe DOXA ARTE & COMUNICAO S/S LTDA.";"A seleção obterá o quantitativo representativo do eleitorado do estado do PARÁ que até janeiro de 2026 alcançava 6.123.067 eleitores que estavam aptos a participar/votar nas eleições do ano de 2026, respeitando os conglomerados urbanos em único estágio. O estágio é feito a partir de sorteio probabilístico dos bairros/áreas/comunidades, reconhecidamente no município e que não possui bairros definidos em Lei Municipal ou órgão oficial municipal/estadual, onde as entrevistas serão realizadas e com sub amostragem pelo método PPT (Probabilidade Proporcional ao Tamanho), se possível com respaldado de fonte secundária municipal para tal procedimento ou embasado por informações do IBGE, tomando como referência a população de 16 anos ou mais, residentes nos setores como base para tal seleção prevista no TSE. Os respondentes serão selecionados através de quotas amostrais proporcionais dos estratos reconhecidos pelo TSE 2026 e CENSO 2010/2022 em função de algumas variáveis, agrupando-as conforme a natureza do levantamento por: SEXO: masculino 49,20%, feminino 50,80%; GRAU DE INSTRUÇÃO: Analfabeto: 4,35%, Fundamental Completo: 5,61%, Fundamental Incompleto: 25,51%; Médio Completo: 26,28%; Médio Incompleto: 18,28%; Lê e Escreve: 8,3%; Superior Completo: 7,48%; Superior Incompleto: 4,19%; FAIXA ETÁRIA/IDADE: 16 anos: 0,19%; 17 anos: 0,94%; 18 a 20 anos: 5,88%; 21 a 24 anos: 8,97%; 25 a 34 anos: 22,4%; 35 a 44 anos: 21,07%; 45 a 59 anos: 23,44%; 60 a 69 anos: 9,54%; 70 a 79 anos: 5,3%; superior a 79 anos: 2,27%; NÍVEL DE RENDA OU ECONÔMICO DO ENTREVISTADO: Até 1 SM, 40,21%; De 01 a 02 SM, 28,19%; De 02 a 03 SM, 9,29%; De 03 a 05 SM, 8,16%; acima de 5 SM 11,84%; Sem rendimento: 2,31%. Fonte: TSE janeiro/2026, IBGE, CENSO 2010/2022, FAPESPA 2000/2010. A amostra total corresponde 2.000 entrevistas. A margem de erro máxima prevista para o total da amostra é de 3,1 pontos percentuais para mais ou para menos, considerando um nível de confiança de 95%. Os intervalos de confiança serão calculados considerando os resultados obtidos para um nível de confiança de 95%. Fonte: VICENTE (2012), TAYLOR, H. (1995), VICENTE et. al. (2001) e SUDMAN (1983) Referências bibliográficas referente aos estudos do cálculo amostral realizado: [1] VICENTE, P. Estudos de Mercado e de Opinião. Princípios e Aplicações de Amostragem. Edições Sílabo. LDA. 1ª edição, 228pg, Lisboa, 2012. [2] TAYLO, H. (1995) Horses for courses: how survey firms in diferent methods, Jounal of the Market Research Society, 37,3, 211-219. [3] VICENTE, P., REIS, E., FERRÃO, F. (2001) Sondagens: A amostragem como Fator Decisivo de Qualidade. 2ª edição Sílabo, Lisboa. [4] SUDMAN, S. (1983) Applid sampling, in Handbook of survey research, P. Rossi, J.Wright, A. Anderson (Editores), Academic Press, Inc.,145- 194.";"Os pesquisadores envolvidos na realização desta pesquisa são treinados de forma contínua pelo Instituto DOXA ARTE & COMUNICAÇÃO S/S LTDA e recebem instruções específicas para cada projeto de pesquisa realizado. A equipe de trabalho de campo é formada por trinta pesquisadores de campo e três supervisores. Os entrevistadores fazem as entrevistas individuais, enquanto os supervisores de campo fiscalizam o trabalho. Sendo dever do supervisor de campo: a) zelar pelo cumprimento e quantidade correta das entrevistas; b) anular questionários preenchidos incorretamente ou que estejam fora do padrão de conduta técnica da pesquisa; c) anular questionários que não cumpram a amostra determinada de dentro da área prevista no plano; d) zelar pelo andamento do trabalho de campo dentro do tempo especificado; e) inspecionar os questionários aplicados e sua validade; f) conferir no final do trabalho o preenchimento e zelo da amostra prevista. A coleta será realizada com a utilização de tablete/smartfone ou celular androide e o questionário com formato eletrônico e visualização, via, ferramenta, sistema Hashdata. Os dados são checados, no mínimo, 20% dos questionários de cada pesquisador envolvido na pesquisa, seja in loco por supervisores de campo ou, posteriormente, por telefone indicado pelo entrevistado. Internamente, todo o material é verificado e codificado. Antes do processamento final e emissão dos resultados, realiza-se processo de consistência dos dados para garantir a segurança e lisura das informações.";"Os dados serão inseridos conforme §7º. do art. 2º. da Resolução-TSE nº. 23.600/2019, A partir do dia em que a pesquisa puder ser divulgada e até o dia seguinte, o registro deverá ser complementado, sob pena de ser a pesquisa considerada não registrada; na ausência de delimitação do bairro, será identificada a área em que foi realizada."
"21/07/2026";"05:46:28";2026;81;"Eleições Gerais 2026";"PA";"PA";"PARÁ";"PA073152026";"2026-05-30 13:13:05";"S";"07317438000147";"DOXA ARTE & COMUNICAO S/S LTDA";"DOXA";"Deputado Federal, Deputado Estadual";"2026-05-27 00:00:00";"2026-06-03 00:00:00";"2026-06-05 00:00:00";2000;"8010";"JADSON FERNANDES CHAVES ";"30000,00";"Pesquisa do tipo quantitativo, por amostragem, com aplicação de questionário estruturado e abordagem pessoal junto a uma amostra representativa do eleitorado conforme fonte de dados do TSE abril/2026, IBGE, CENSO 2010/2022, FAPESPA 2000/2010. O conjunto do eleitorado apto a votar na próxima eleição em 2026 no estado do Pará com idade de 16 anos ou mais foi tomado como universo da pesquisa. O levantamento será realizado pela equipe DOXA ARTE & COMUNICAO S/S LTDA.";"A seleção obterá o quantitativo representativo do eleitorado do estado do Pará que até abril de 2026 alcançava 6.217.772 eleitores que estavam aptos a participar/votar nas eleições do ano de 2026, respeitando os conglomerados urbanos em único estágio. O estágio é feito a partir de sorteio probabilístico dos bairros/áreas/comunidades, reconhecidamente no município e que não possui bairros definidos em Lei Municipal ou órgão oficial municipal/estadual, onde as entrevistas serão realizadas e com sub amostragem pelo método PPT (Probabilidade Proporcional ao Tamanho), se possível com respaldado de fonte secundária municipal para tal procedimento ou embasado por informações do IBGE, tomando como referência a população de 16 anos ou mais, residentes nos setores como base para tal seleção prevista no TSE. Os respondentes serão selecionados através de quotas amostrais proporcionais dos estratos reconhecidos pelo TSE 2026 e CENSO 2010/2022 em função de algumas variáveis, agrupando-as conforme a natureza do levantamento por: SEXO: masculino 49%, feminino 51%; GRAU DE INSTRUÇÃO: Sem escolaridade: 4,31%, Fundamental Completo: 5,55%, Fundamental Incompleto: 25,17%; Médio Completo: 26,44%; Médio Incompleto: 18,68%; Lê e Escreve: 8,13%; Superior Completo: 7,48%; Superior Incompleto: 4,24%; FAIXA ETÁRIA/IDADE: 16 a 24 anos: 16,64%; 25 a 34 anos: 22,18%; 35 a 59 anos: 44,06%; 60 a 69 anos: 9,53%; superior a 70 anos: 7,59%; NÍVEL DE RENDA DO ENTREVISTADO: Até 1 SM, 40,21%; De 01 a 02 SM, 28,19%; De 02 a 03 SM, 9,29%; De 03 a 05 SM, 8,16%; acima de 5 SM 11,84%; Sem rendimento: 2,31%. Fonte: TSE abril/2026, IBGE, CENSO 2010/2022, FAPESPA 2000/2010. A amostra total corresponde 2.000 entrevistas. A margem de erro máxima prevista para o total da amostra é de 3,1 pontos percentuais para mais ou para menos, considerando um nível de confiança de 95%. Os intervalos de confiança serão calculados considerando os resultados obtidos para um nível de confiança de 95%. Fonte: VICENTE (2012), TAYLOR, H. (1995), VICENTE et. al. (2001) e SUDMAN (1983) Referências bibliográficas referente aos estudos do cálculo amostral realizado: [1] VICENTE, P. Estudos de Mercado e de Opinião. Princípios e Aplicações de Amostragem. Edições Sílabo. LDA. 1ª edição, 228pg, Lisboa, 2012. [2] TAYLO, H. (1995) Horses for courses: how survey firms in diferent methods, Jounal of the Market Research Society, 37,3, 211-219. [3] VICENTE, P., REIS, E., FERRÃO, F. (2001) Sondagens: A amostragem como Fator Decisivo de Qualidade. 2ª edição Sílabo, Lisboa. [4] SUDMAN, S. (1983) Applid sampling, in Handbook of survey research, P. Rossi, J.Wright, A. Anderson (Editores), Academic Press, Inc.,145- 194.";"Os pesquisadores envolvidos na realização desta pesquisa são treinados de forma contínua pelo Instituto DOXA ARTE & COMUNICAÇÃO S/S LTDA e recebem instruções específicas para cada projeto de pesquisa realizado. A equipe de trabalho de campo é formada por trinta e cinco pesquisadores de campo e quatro coordenadores. Os entrevistadores fazem as entrevistas individuais, enquanto os supervisores de campo fiscalizam o trabalho. Sendo dever do supervisor de campo: a) zelar pelo cumprimento e quantidade correta das entrevistas; b) anular questionários preenchidos incorretamente ou que estejam fora do padrão de conduta técnica da pesquisa; c) anular questionários que não cumpram a amostra determinada de dentro da área prevista no plano; d) zelar pelo andamento do trabalho de campo dentro do tempo especificado; e) inspecionar os questionários aplicados e sua validade; f) conferir no final do trabalho o preenchimento e zelo da amostra prevista. A coleta será realizada com a utilização de tablete/smartfone ou celular androide e o questionário com formato eletrônico e visualização, via, ferramenta, sistema Hashdata. Os dados são checados, no mínimo, 20% dos questionários de cada pesquisador envolvido na pesquisa, seja in loco por supervisores de campo ou, posteriormente, por telefone indicado pelo entrevistado. Internamente, todo o material é verificado e codificado. Antes do processamento final e emissão dos resultados, realiza-se processo de consistência dos dados para garantir a segurança e lisura das informações.

";"Os dados serão inseridos conforme §7º. do art. 2º. da Resolução-TSE nº. 23.600/2019, A partir do dia em que a pesquisa puder ser divulgada e até o dia seguinte, o registro deverá ser complementado, sob pena de ser a pesquisa considerada não registrada; na ausência de delimitação do bairro, será identificada a área em que foi realizada."
"21/07/2026";"05:46:28";2026;81;"Eleições Gerais 2026";"PA";"PA";"PARÁ";"PA096742026";"2026-07-06 21:13:46";"S";"00654576000172";"INSTITUTO VERITA LTDA";"VERITA";"Governador, Senador";"2026-07-07 00:00:00";"2026-07-11 00:00:00";"2026-07-12 00:00:00";1525;"10699";"Guilherme Alvarenga Laia";"117425,00";"Pesquisa quantitativa, que consiste na realização de entrevistas, com a aplicação de questionário estruturado junto a uma amostra representativa do eleitorado desta Unidade da Federação.";"ESTUDO REPRESENTATIVO DO ELEITORADO DO ESTADO DO PARÁ - MÉTODO PPT (Probabilidade Proporcional ao Tamanho) - PLANO AMOSTRAL E PONDERAÇÃO QUANTO A SEXO, IDADE, GRAU DE INSTRUÇÃO E NÍVEL ECONÔMICO DO ENTREVISTADO; INTERVALO DE CONFIANÇA E MARGEM DE ERRO: Representativo do eleitorado da área em estudo, elaborada, em vários estágios, da seguinte forma: - 1. Divisão da UF em estratos proporcionais de municípios. 2. Ordenação dos municípios de cada estrato segundo o porte. 3. Sorteio dos municípios de cada estrato. 4. Os respondentes são selecionados através de quotas amostrais proporcionais em função de variáveis significativas, a saber: GÊNERO / FAIXA ETÁRIA - FEMININO E MASCULINO 16 A 34 ANOS 19,9% E 19,2%, 35 A 54 ANOS 18,9% E 18,4%, 55 ANOS OU MAIS 12% E 11,6%. GRAU DE INSTRUÇÃO ¿ FEMININO E MASCULINO Sem instrução até Ensino Médio completo 67,8%, Ensino superior incompleto e completo 32,2% NÍVEL ECONÔMICO - FEMININO população não economicamente ativa 46,5% população economicamente ativa 53,5% MASCULINO população não economicamente ativa 27,2% população economicamente ativa 72,8%. RENDA FAMILIAR DO DOMICÍLIO renda familiar de até 2 salários-mínimos 30,7%; de 2 a 5 salários-mínimos 44,2%, acima de 5 salários-mínimos 25,1%. Está prevista eventual ponderação para correção das variáveis, com base nos percentuais anteriormente mencionados, caso ocorram diferenças superiores a margem de erro da pesquisa previsto entre a amostra e a coleta de dados realizada. O fator previsto para ponderação é 1 (resultados obtidos na coleta de dados). O intervalo de confiança estimado é de 95% e a margem de erro máxima estimada considerando um modelo de amostragem aleatório simples, é de aproximadamente 2,5 pontos percentuais para mais ou para menos sobre os resultados encontrados no total da amostra. FONTE DOS DADOS: IBGE/Censo 2022 para fins de densidade demográfica, setores censitários e alocação da amostra. IBGE/PNAD/PNADC/MEC/INEP para fins de Nível Econômico e Escolaridade. TSE JUNHO/2026 para fins de Sexo, Faixa Etária e eleitorado por município ou regiões previamente definidas (importante ressaltar para o público leigo que os dados do TSE são os únicos corretos para gênero, idade dos eleitores e quantitativo de eleitores por municípios já que a base de dados se atualiza automaticamente, PORÉM, dados de escolaridade e nível econômico NÃO são corretos e confiáveis devido a desatualização que ocorre naturalmente com o passar dos anos). Definição de margem de erro e intervalo de confiança: Margem de erro e intervalo de confiança não são grandezas diretamente proporcionais. A SOMA NÃO TEM QUE RESULTAR 100%. ";"Após os trabalhos de coleta de dados, os questionários são submetidos a uma fiscalização, conferência e checagem de cerca de 20% (vinte por cento) dos questionários aplicados.";"A relação dos municípios sorteados ou selecionados para esta pesquisa será apresentada em arquivo anexo até 1 (um) dia após a divulgação desta pesquisa conforme §7º. do art. 2º. da Resolução-TSE nº. 23.600/2019. A área de abrangência desta pesquisa é o Estado DO PARÁ."
"21/07/2026";"05:46:28";2026;81;"Eleições Gerais 2026";"PA";"PA";"PARÁ";"PA037982026";"2026-05-01 22:19:02";"N";"05255333000185";"V. C. H. A. SERVICOS LTDA.";"VERITATE";"Governador, Senador, Deputado Federal, Deputado Estadual";"2026-04-29 00:00:00";"2026-05-03 00:00:00";"2026-05-07 00:00:00";1500;"7883";"Demétrio Alcone Peres";"60000,00";"A presente pesquisa quantitativa adota o método de levantamento estatístico por amostragem, com a realização de entrevistas pessoais e individuais, conduzidas por meio de questionário estruturado. A coleta de dados ocorre de forma presencial em domicílios e pontos de fluxo, assegurando a abrangência e a integridade da coleta A técnica utiliza amostragem probabilística nos estágios iniciais e seleção por cotas no estágio final, garantindo a representatividade da população do Estado do Pará com idade igual ou superior a 16 anos.";"Universo: População do Estado do Pará com idade a partir de 16 anos. Tamanho da amostra: 1500 entrevistas, a amostra é representativa da população em estudo. A amostragem é realizada em três estágios: Primeiro Estágio: Sorteio probabilístico dos municípios via método PPT (Probabilidade Proporcional ao Tamanho), utilizando o eleitorado como base de seleção dentro das mesorregiões geográficas do Estado; Segundo Estágio: Seleção aleatória dos setores censitários dentro dos municípios sorteados, também pelo método PPT, baseando-se na densidade populacional; Terceiro Estágio: Seleção dos respondentes por cotas amostrais proporcionais às variáveis de: Sexo: Masculino (49,2%) e Feminino (50,8%); Faixa Etária: 16 a 24 anos (16,1%), 25 a 44 anos (43,2%) e 45 anos ou mais (40,6%); Escolaridade: Até Ensino Fundamental Completo (43%) e Ensino Médio Incompleto ou mais (57%); Nível Econômico: Estruturado em renda familiar de até 2 salários mínimos (78,4%) e superior a 2 salários mínimos (21,6%). Ponderação e Margem de Erro: Está prevista eventual ponderação para correção de desvios que ultrapassem a margem de erro, utilizando os mesmos pesos das variáveis mencionadas. O nível de confiança é de 95%, com margem de erro máxima estimada em 2,5 pontos percentuais para mais ou para menos sobre os resultados encontrados no total da amostra. Fontes de Dados: Os parâmetros foram extraídos da PNAD Contínua (IBGE), atualizada para o ano de 2026, e das estatísticas do eleitorado do TSE (abril/2026). A justificativa para o uso da base de 16 anos ou mais visa alinhar a demografia ao eleitorado apto, garantindo a eficácia preditiva do estudo.";"Sistema de Controle e Verificação: Fiscalização em campo e por telefone em, no mínimo, 20% da amostra total, mediante conferência de dados de identificação e consistência de respostas por equipe de supervisão independente";"MESORREGIÃO	MUNICÍPIOS	1500	ENTREVISTADOS
Baixo Amazonas	ALENQUER	24	Entrevistas
Baixo Amazonas	SANTARÉM	131	Entrevistas
Marajó	SOURE	19	Entrevistas
Marajó	SALVATERRA	17	Entrevistas
Marajó	BREVES	65	Entrevistas
Metropolitana de Belém	BELÉM	261	Entrevistas
Metropolitana de Belém	ANANINDEUA	89	Entrevistas
Metropolitana de Belém	BARCARENA	26	Entrevistas
Metropolitana de Belém	MARITUBA	23	Entrevistas
Metropolitana de Belém	BENEVIDES	12	Entrevistas
Metropolitana de Belém	CASTANHAL	36	Entrevistas
Metropolitana de Belém	SANTA ISABEL DO PARÁ	12	Entrevistas
Nordeste Paraense	BRAGANÇA	41	Entrevistas
Nordeste Paraense	CAPANEMA	24	Entrevistas
Nordeste Paraense	IGARAPÉ-AÇU	14	Entrevistas
Nordeste Paraense	TRACUATEUA	11	Entrevistas
Nordeste Paraense	SANTA MARIA DO PARÁ	10	Entrevistas
Nordeste Paraense	SÃO FRANCISCO DO PARÁ	7	Entrevistas
Nordeste Paraense	NOVA TIMBOTEUA	5	Entrevistas
Nordeste Paraense	ABAETETUBA	54	Entrevistas
Nordeste Paraense	CAMETÁ	46	Entrevistas
Nordeste Paraense	IGARAPÉ-MIRI	23	Entrevistas
Nordeste Paraense	SÃO MIGUEL DO GUAMÁ	18	Entrevistas
Nordeste Paraense	MÃE DO RIO	11	Entrevistas
Nordeste Paraense	IPIXUNA DO PARÁ	11	Entrevistas
Nordeste Paraense	SANTA LUZIA DO PARÁ	8	Entrevistas
Nordeste Paraense	AURORA DO PARÁ	8	Entrevistas
Nordeste Paraense	CURUÇÁ	16	Entrevistas
Nordeste Paraense	MARAPANIM	11	Entrevistas
Nordeste Paraense	TERRA ALTA	6	Entrevistas
Nordeste Paraense	MOJU	25	Entrevistas
Nordeste Paraense	TAILÂNDIA	24	Entrevistas
Sudeste Paraense	MARABÁ	66	Entrevistas
Sudeste Paraense	PARAGOMINAS	28	Entrevistas
Sudeste Paraense	DOM ELISEU	11	Entrevistas
Sudeste Paraense	RONDON DO PARÁ	11	Entrevistas
Sudeste Paraense	GOIANÉSIA DO PARÁ	8	Entrevistas
Sudeste Paraense	ULIANÓPOLIS	7	Entrevistas
Sudeste Paraense	PARAUAPEBAS	74	Entrevistas
Sudeste Paraense	CANAÃ DOS CARAJÁS	27	Entrevistas
Sudeste Paraense	CURIONÓPOLIS	6	Entrevistas
Sudeste Paraense	REDENÇÃO	23	Entrevistas
Sudeste Paraense	XINGUARA	13	Entrevistas
Sudeste Paraense	TUCURUÍ	27	Entrevistas
Sudeste Paraense	BREU BRANCO	12	Entrevistas
Sudoeste Paraense	ALTAMIRA	50	Entrevistas
Sudoeste Paraense	ITAITUBA	49	Entrevistas
"
"21/07/2026";"05:46:28";2026;81;"Eleições Gerais 2026";"PA";"PA";"PARÁ";"PA088802026";"2026-07-05 16:48:18";"N";"54464321000176";"AMPLA PESQUISA DE OPINIAO PUBLICA LTDA";"AMPLA VOX";"Governador, Senador, Deputado Federal, Deputado Estadual";"2026-07-06 00:00:00";"2026-07-10 00:00:00";"2026-07-11 00:00:00";1500;"8010";"Jadson Fernandes Chaves";"50000,00";"Pesquisa quantitativa, através de entrevistas pessoais e domiciliares, com aplicação de questionário estruturado e padronizado, junto a uma amostra representativa do conjunto do eleitorado apto a votar no Estado do Pará com 16 anos ou mais foi tomado como universo da pesquisa. O objetivo principal é aferir indicativos e potencialidade de intenção de voto no Estado do Pará em 2026. O levantamento será realizado pela equipe de pesquisadores da empresa AMPLA.";"A seleção obterá o quantitativo representativo do eleitorado do estado do Pará que até junho de 2026 alcançava 6.267.105 eleitores que estavam aptos a participar/votar nas eleições do ano de 2026, respeitando os conglomerados residenciais em único estágio. O estágio é feito a partir de sorteio probabilístico dos bairros/áreas/comunidades, reconhecidamente no município e que não possui bairros definidos em Lei Municipal ou órgão oficial municipal/estadual, onde as entrevistas serão realizadas e com sub amostragem pelo método PPT (Probabilidade Proporcional ao Tamanho), se possível com respaldado de fonte secundária municipal para tal procedimento ou embasado por informações do IBGE, tomando como referência a população de 16 anos ou mais votante, residentes nos setores censitários/2022, como base para tal seleção prevista no TSE. A amostra é estratificada para 12 regiões de integração, conforme Decreto Estadual nº 1.066/2008, este ato normativo central que criou originalmente as 12 Regiões de Integração, com o objetivo de reduzir as desigualdades regionais e integrar os espaços para o desenvolvimento social e econômico. As regiões de integração estão divididas da seguinte maneira; (Guajará, Araguaia, Carajás, Marajó, Lago Tucuruí, Baixo Amazonas, Guamá, Rio Caeté, Rio Capim, Xingú, Tapajós e Tocantins) e divididos por dimensões como porte e grandeza dos municípios (grande, médio e pequeno). Os respondentes serão selecionados através de quotas amostrais proporcionais dos estratos reconhecidos pelo TSE/2026 e CENSO 2010/2022/setor censitário/2022, em função de algumas variáveis, agrupando-as conforme a natureza do levantamento por: SEXO: masculino 49%, feminino 51%; GRAU DE INSTRUÇÃO: De analfabeto até ensino fundamental completo: 43%|; Ensino Médio completo ou incompleto: 45%| Ensino Superior completo ou incompleto 12%|
FAIXA ETÁRIA/IDADE: 16 a 24 anos: 16,2%; 25 a 34 anos: 22,3%; 35 a 44 anos: 20,9%; 45 a 59 anos: 23,4%; 60 a 69 anos: 17,2% NÍVEL DE RENDA OU ECONÔMICO DO ENTREVISTADO: Sem rendimentos até 2 salários mínimos: 70% |; Mais de 2 a 5 salários mínimos: 18%| Mais de 5 salários mínimos: 12%|. Fonte: TSE junho/2026, IBGE, CENSO 2010/2022. A amostra total corresponde 1.500 entrevistas. A margem de erro máxima prevista para o total da amostra é de 2,6% pontos percentuais para mais ou para menos, considerando um nível de confiança de 95%. Os intervalos de confiança serão calculados considerando os resultados obtidos para um nível de confiança de 95%. Fonte: VICENTE (2012), TAYLOR, H. (1995), VICENTE et. al. (2001) e SUDMAN (1983) Referências bibliográficas referente aos estudos do cálculo amostral realizado: [1] VICENTE, P. Estudos de Mercado e de Opinião. Princípios e Aplicações de Amostragem. Edições Sílabo. LDA. 1ª edição, 228pg, Lisboa, 2012. [2] TAYLO, H. (1995) Horses for courses: how survey firms in diferent methods, Jounal of the Market Research Society, 37,3, 211-219. [3] VICENTE, P., REIS, E., FERRÃO, F. (2001) Sondagens: A amostragem como FatorDecisivo de Qualidade. 2ª edição Sílabo, Lisboa. [4] SUDMAN, S. (1983) Applid sampling, in Handbook of survey research, P. Rossi, J.Wright, A. Anderson(Editores), Academic Press, Inc.,145- 194.


";"Os pesquisadores envolvidos na realização desta pesquisa são treinados de forma contínua pela equipe de pesquisa do Instituto AMPLA e recebem instruções específicas para cada projeto de pesquisa realizado. A equipe de trabalho de campo é formada por pesquisadores de campo e supervisores. Os entrevistadores fazem as entrevistas individuais, enquanto os supervisores de campo fiscalizam o trabalho. Sendo dever do supervisor de campo: a) zelar pelo cumprimento e quantidade correta das entrevistas; b) anular questionários preenchidos incorretamente ou que estejam fora do padrão de conduta técnica da pesquisa; c) anular questionários que não cumpram a amostra determinada de dentro da área prevista no plano; d) zelar pelo andamento do trabalho de campo dentro do tempo especificado; e) inspecionar os questionários aplicados e sua validade; f) conferir no final do trabalho o preenchimento e zelo da amostra prevista. A coleta será realizada com a utilização de tablet/smartfone ou celular androide, sendo acompanhadas pelas coordenadas geográficas de localização, latitude e longitude e os questionários com o formato eletrônico e visualização, via, ferramenta, sistema DATAGOAL, funcionado de forma on-line e off-line. Os dados serão checados, no mínimo, 20% dos questionários de cada pesquisador envolvido na pesquisa, seja in loco por supervisores de campo ou, posteriormente, por telefone indicado pelo entrevistado. Internamente, todo o material é verificado e codificado. Antes do processamento final e emissão dos resultados, realiza-se processo de consistência dos dados e auditoria para garantir a segurança e lisura das informações.  
Na pesquisa de campo estarão dois Estatísticos supervisionando os trabalhos de campo para que tudo ocorra dentro na normalidade estatística.
";"Em anexo as informações relativas a delimitação conforme resolução correspondente à Eleição de 2026."
"21/07/2026";"05:46:28";2026;81;"Eleições Gerais 2026";"PA";"PA";"PARÁ";"PA005402026";"2026-05-22 18:36:49";"N";"13475743000160";"BOAS IDEIAS INTELIGENCIA EM PESQUISA E ESTRATEGIA DIGITAL LTDA";"BOAS IDEIAS, ESTRATEGIA E INTELIGENCIA DIGITAL.";"Governador, Senador";"2026-05-23 00:00:00";"2026-05-27 00:00:00";"2026-05-28 00:00:00";1000;"10524";"ADRIANA APARECIDA MARCAL";"37553,00";"Pesquisa quantitativa com aplicação de questionário estruturado, através pesquisa telefônica, junto a uma parcela representativa do eleitorado do estado do Pará.";"Representativo do eleitorado da área em estudo selecionado por amostragem através do método de probabilidade proporcional ao tamanho (PPT), com a técnica de Random Digit Dialing (RDD), que consiste na geração aleatória de números de telefone, assegurando que todos os indivíduos da população-alvo tenham probabilidade conhecida e diferente de zero de serem selecionados, o que permite o cálculo estatístico do tamanho da amostra, da margem de erro e dos intervalos de confiança. Considerando a população com 16 anos ou mais residente na localidade pesquisada em função das seguintes variáveis: Gênero: Masculino: 50%; Feminino: 50%; Grupos de idade: 16-24: 18%; 25-34: 23%; 35-44: 21%; 45-59: 23%; 60 anos e mais: 16%; Nível de escolaridade: Fundamental: 45%; Médio: 44% e Superior: 11%; Nível Econômico: Economicamente Ativo: 58%, Não Economicamente Ativo: 42%. Ponderação dos resultados: Está prevista eventual ponderação para correção das variáveis sexo e idade com base nos percentuais anteriormente mencionados, caso ocorram diferenças superiores a 3,1 pontos percentuais entre o previsto na amostra e a coleta de dados realizada. Para as variáveis de grau de instrução e nível econômico do entrevistado, o fator previsto para ponderação é 1 (resultados obtidos em campo). Margem de Erro: A margem de erro máxima estimada, considerando um modelo de amostragem aleatório simples, é de 3,1% para mais ou para menos e o nível de confiança é de 95%. Fonte dos dados: As proporções das variáveis são definidas a partir das pesquisas PNAD 2025 e Censo 2022/IBGE, TSE 2025.";"Os pesquisadores envolvidos na realização desta pesquisa são devidamente treinados para aplicação da técnica e deste tipo de questionário, recebendo instruções específicas para cada projeto. A coleta será feita por telefone. São checados 30% dos questionários de cada pesquisador, posteriormente, por telefone. Há monitoramento de contatos telefônicos. Internamente, todo o material é verificado e codificado. Antes do processamento final e emissão dos resultados, realiza-se processo de consistência dos dados.";"A área de abrangência da coleta é o estado do Pará. A relação das localidades selecionadas para aplicação da amostra será apresentada até o dia seguinte ao registro da pesquisa, conforme expresso no art. 2º, §7º da Resolução 23.600/2019 do TSE."
"21/07/2026";"05:46:28";2026;81;"Eleições Gerais 2026";"PA";"PA";"PARÁ";"PA038302026";"2026-06-30 22:18:35";"S";"07317438000147";"DOXA ARTE & COMUNICAO S/S LTDA";"DOXA";"Governador, Senador, Deputado Federal, Deputado Estadual";"2026-06-30 00:00:00";"2026-07-04 00:00:00";"2026-07-06 00:00:00";2000;"8010";"Jadson Fernandes Chaves";"30000,00";"Pesquisa do tipo quantitativo, por amostragem, com aplicação de questionário estruturado e abordagem pessoal junto a uma amostra representativa do eleitorado conforme fonte de dados do TSE junho/2026, IBGE, CENSO 2010/2022, FAPESPA 2000/2010. O conjunto do eleitorado apto a votar na próxima eleição em 2026 no estado do Pará com idade de 16 anos ou mais foi tomado como universo da pesquisa. O levantamento será realizado pela equipe DOXA ARTE & COMUNICAO S/S LTDA.";"A seleção obterá o quantitativo representativo do eleitorado do estado do Pará que até junho de 2026 alcançava 6.270.106 eleitores que estavam aptos a participar/votar nas eleições do ano de 2026, respeitando os conglomerados urbanos em único estágio. O estágio é feito a partir de sorteio probabilístico dos bairros/áreas/comunidades, reconhecidamente no município e que não possui bairros definidos em Lei Municipal ou órgão oficial municipal/estadual, onde as entrevistas serão realizadas e com sub amostragem pelo método PPT (Probabilidade Proporcional ao Tamanho), se possível com respaldado de fonte secundária municipal para tal procedimento ou embasado por informações do IBGE, tomando como referência a população de 16 anos ou mais, residentes nos setores como base para tal seleção prevista no TSE. Os respondentes serão selecionados através de quotas amostrais proporcionais dos estratos reconhecidos pelo TSE 2026 e CENSO 2010/2022 em função de algumas variáveis, agrupando-as conforme a natureza do levantamento por: SEXO: masculino 49%, feminino 51%; GRAU DE INSTRUÇÃO: Analfabeto/não lê e nem escreve: 12,33; Fundamental completo/incompleto: 30,51; Ensino médio completo/incompleto: 45,51; Superior completo/incompleto: 11,75; FAIXA ETÁRIA/IDADE: 16 a 24 anos: 17,19%; 25 a 34 anos: 22%; 35 a 44 anos: 20,57%; 45 a 59 anos: 23,21%; 60 anos ou mais: 17,03%; NÍVEL ECONÔMICO (RENDA) NÍVEL DE RENDA DO ENTREVISTADO: Sem rendimento até 2 SM: 68,40; De 02 a 05 SM: 19,76; Mais de 5 SM 11,84%. Fonte: TSE junho/2026, IBGE, CENSO 2010/2022, FAPESPA 2000/2010. A amostra total corresponde 2.000 entrevistas. A margem de erro máxima prevista para o total da amostra é de 3,1 pontos percentuais para mais ou para menos, considerando um nível de confiança de 95%. Os intervalos de confiança serão calculados considerando os resultados obtidos para um nível de confiança de 95%. Fonte: VICENTE (2012), TAYLOR, H. (1995), VICENTE et. al. (2001) e SUDMAN (1983) Referências bibliográficas referente aos estudos do cálculo amostral realizado: [1] VICENTE, P. Estudos de Mercado e de Opinião. Princípios e Aplicações de Amostragem. Edições Sílabo. LDA. 1ª edição, 228pg, Lisboa, 2012. [2] TAYLO, H. (1995) Horses for courses: how survey firms in diferent methods, Jounal of the Market Research Society, 37,3, 211-219. [3] VICENTE, P., REIS, E., FERRÃO, F. (2001) Sondagens: A amostragem como Fator Decisivo de Qualidade. 2ª edição Sílabo, Lisboa. [4] SUDMAN, S. (1983) Applid sampling, in Handbook of survey research, P. Rossi, J.Wright, A. Anderson (Editores), Academic Press, Inc.,145- 194.";"Os pesquisadores envolvidos na realização desta pesquisa são treinados de forma contínua pelo Instituto DOXA ARTE & COMUNICAÇÃO S/S LTDA e recebem instruções específicas para cada projeto de pesquisa realizado. A equipe de trabalho de campo é formada por trinta e cinco pesquisadores de campo e quatro coordenadores. Os entrevistadores fazem as entrevistas individuais, enquanto os supervisores de campo fiscalizam o trabalho. Sendo dever do supervisor de campo: a) zelar pelo cumprimento e quantidade correta das entrevistas; b) anular questionários preenchidos incorretamente ou que estejam fora do padrão de conduta técnica da pesquisa; c) anular questionários que não cumpram a amostra determinada de dentro da área prevista no plano; d) zelar pelo andamento do trabalho de campo dentro do tempo especificado; e) inspecionar os questionários aplicados e sua validade; f) conferir no final do trabalho o preenchimento e zelo da amostra prevista. A coleta será realizada com a utilização de tablete/smartfone ou celular androide e o questionário com formato eletrônico e visualização, via, ferramenta, sistema Questionpro. Os dados são checados, no mínimo, 20% dos questionários de cada pesquisador envolvido na pesquisa, seja in loco por supervisores de campo ou, posteriormente, por telefone indicado pelo entrevistado. Internamente, todo o material é verificado e codificado. Antes do processamento final e emissão dos resultados, realiza-se processo de consistência dos dados para garantir a segurança e lisura das informações.";"Os dados serão inseridos conforme §7º. do art. 2º. da Resolução-TSE nº. 23.600/2019, A partir do dia em que a pesquisa puder ser divulgada e até o dia seguinte."
"21/07/2026";"05:46:28";2026;81;"Eleições Gerais 2026";"PA";"PA";"PARÁ";"PA018452026";"2026-05-29 11:19:41";"S";"00654576000172";"INSTITUTO VERITA LTDA";"VERITA";"Governador, Senador";"2026-05-27 00:00:00";"2026-05-31 00:00:00";"2026-06-04 00:00:00";1525;"10699";"GUILHERME ALVARENGA LAIA";"117425,00";"Pesquisa quantitativa, que consiste na realização de entrevistas, com a aplicação de questionário estruturado junto a uma amostra representativa do eleitorado desta Unidade da Federação.";"ESTUDO REPRESENTATIVO DO ELEITORADO DO ESTADO DO PARÁ - MÉTODO PPT (Probabilidade Proporcional ao Tamanho) - PLANO AMOSTRAL E PONDERAÇÃO QUANTO A SEXO, IDADE, GRAU DE INSTRUÇÃO E NÍVEL ECONÔMICO DO ENTREVISTADO; INTERVALO DE CONFIANÇA E MARGEM DE ERRO: Representativo do eleitorado da área em estudo, elaborada, em vários estágios, da seguinte forma: - 1. Divisão da UF em estratos proporcionais de municípios. 2. Ordenação dos municípios de cada estrato segundo o porte. 3. Sorteio dos municípios de cada estrato. 4. Os respondentes são selecionados através de quotas amostrais proporcionais em função de variáveis significativas, a saber: GÊNERO / FAIXA ETÁRIA - FEMININO E MASCULINO 16 A 34 ANOS 19,5% E 18,9%, 35 A 54 ANOS 19,3% E 18,7%, 55 ANOS OU MAIS 12% E 11,6%. GRAU DE INSTRUÇÃO ¿ FEMININO E MASCULINO Sem instrução até Ensino Médio completo 67,8%, Ensino superior incompleto e completo 32,2% NÍVEL ECONÔMICO - FEMININO população não economicamente ativa 46,5% população economicamente ativa 53,5% MASCULINO população não economicamente ativa 27,2% população economicamente ativa 72,8%. RENDA FAMILIAR DO DOMICÍLIO renda familiar de até 2 salários-mínimos 30,7%; de 2 a 5 salários-mínimos 44,2%, acima de 5 salários-mínimos 25,1%. Está prevista eventual ponderação para correção das variáveis, com base nos percentuais anteriormente mencionados, caso ocorram diferenças superiores a margem de erro da pesquisa previsto entre a amostra e a coleta de dados realizada. O fator previsto para ponderação é 1 (resultados obtidos na coleta de dados). O intervalo de confiança estimado é de 95% e a margem de erro máxima estimada considerando um modelo de amostragem aleatório simples, é de aproximadamente 2,5 pontos percentuais para mais ou para menos sobre os resultados encontrados no total da amostra. FONTE DOS DADOS: IBGE/Censo 2022 para fins de densidade demográfica, setores censitários e alocação da amostra. IBGE/PNAD/PNADC/MEC/INEP para fins de Nível Econômico e Escolaridade. TSE FEVEREIRO/2026 para fins de Sexo, Faixa Etária e eleitorado por município ou regiões previamente definidas (importante ressaltar para o público leigo que os dados do TSE são os únicos corretos para gênero, idade dos eleitores e quantitativo de eleitores por municípios já que a base de dados se atualiza automaticamente, PORÉM, dados de escolaridade e nível econômico NÃO são corretos e confiáveis devido a desatualização que ocorre naturalmente com o passar dos anos). Definição de margem de erro e intervalo de confiança: Margem de erro e intervalo de confiança não são grandezas diretamente proporcionais. A SOMA NÃO TEM QUE RESULTAR 100%. ";"Após os trabalhos de coleta de dados, os questionários são submetidos a uma fiscalização, conferência e checagem de cerca de 20% (vinte por cento) dos questionários aplicados.";"A relação dos municípios sorteados ou selecionados para esta pesquisa será apresentada em arquivo anexo até 1 (um) dia após a divulgação desta pesquisa conforme §7º. do art. 2º. da Resolução-TSE nº. 23.600/2019. A área de abrangência desta pesquisa é o Estado DO PARÁ"
"21/07/2026";"05:46:28";2026;81;"Eleições Gerais 2026";"PA";"PA";"PARÁ";"PA040892026";"2026-01-30 20:56:05";"S";"22345021000181";"REAL TIME MIDIA LTDA";"REAL TIME BIG DATA";"Governador, Senador";"2026-02-03 00:00:00";"2026-02-04 00:00:00";"2026-02-05 00:00:00";2000;"10839";"Isabela Zara Cremoneze";"80000,00";"Pesquisa quantitativa, que consiste na realização de entrevistas pessoais, com a aplicação de questionário estruturado junto a uma amostra representativa do eleitorado em estudo. Pesquisa realizada no Estado do Pará (PA).";"Representativo do eleitorado da área em estudo, elaborada em três estágios. 
No primeiro estágio, realiza-se um sorteio probabilístico dos municípios onde as entrevistas serão realizadas, pelo método PPT (Probabilidade Proporcional ao Tamanho), tomando a população eleitora de 16 anos ou mais residente nos municípios como base para essa seleção.
No segundo estágio, efetua-se um sorteio probabilístico das localidades dentro dos municípios selecionados, também pelo método PPT (Probabilidade Proporcional ao Tamanho), considerando a população eleitora de 16 anos ou mais residente nessas localidades como base para a seleção.
No terceiro e último estágio, dentro das localidades sorteadas, os respondentes são selecionados por meio de quotas amostrais proporcionais, em função de variáveis significativas, a saber:

GÊNERO:
Feminino: 50,8%;
Masculino: 49,2%.
(Fonte: TSE (Dezembro/2025)  - https://sig.tse.jus.br/ords/dwapr/r/seai/sig-eleitor-eleitorado-mensal/cruzamento-eleitorado-mensal?p24_metricas=E&p24_back=22&p24_cruzamento_1=ds_sexo&clear=24)

FAIXA ETÁRIA:
16 anos: 0,2%;
17 anos: 0,9%;
18 a 20 anos: 5,9%;
21 a 24 anos: 9,0%;
25 a 34 anos: 22,4%;
35 a 44 anos: 21,1%;
45 a 59 anos: 23,5%;
60 a 69 anos: 9,5%;
70 a 79 anos: 5,3%;
Superior a 79 anos: 2,2%.
(Fonte: TSE (Dezembro/2025)  - https://sig.tse.jus.br/ords/dwapr/r/seai/sig-eleitor-eleitorado-mensal/cruzamento-eleitorado-ensal?p24_metricas=E&p24_back=22&p24_cruzamento_1=ds_faixa_etaria&clear=24)

ESCOLARIDADE:
Analfabeto: 8,3%;
Lê e Escreve: 4,4%;
Ensino Fundamental Incompleto: 25,5%;
Ensino Fundamental Completo: 5,6%;
Ensino Médio Incompleto: 18,3%;
Ensino Médio Completo: 26,3%;
Ensino Superior Incompleto: 4,2%;
Ensino Superior Completo: 7,5%.
(Fonte: TSE (Dezembro/2025) - https://sig.tse.jus.br/ords/dwapr/r/seai/sig-eleitor-eleitorado-mensal/cruzamento-eleitorado-mensal?p24_metricas=E&p24_back=22&p24_cruzamento_1=ds_grau_escolaridade&clear=24)

RENDA DOMICILIAR MENSAL:
Sem rendimento: 6,6%;
Até 1/2 Salário Mínimo: 7,9%;
Mais de 1/2 a 1 Salário Mínimo: 21,0%;
Mais de 1 a 2 Salários Mínimos: 26,7%;
Mais de 2 a 5 Salários Mínimos: 25,7%;
Mais de 5 a 10 Salários Mínimos: 8,0%;
Mais de 10 a 20 Salários Mínimos: 2,9%;
Mais de 20 Salários Mínimos: 1,2%.
(Fonte: IBGE (Censo 2010) - https://cidades.ibge.gov.br/brasil/pa/pesquisa/23/24304?detalhes=true)

Observação: De acordo com informações do Instituto Brasileiro de Geografia e Estatística (IBGE), não há previsão de data para a divulgação do perfil econômico da população brasileira do CENSO 2022. Portanto, os dados sobre o nível econômico obtidos no Censo 2022 não podem ser utilizados, pois ainda não foram publicados.
Está prevista eventual ponderação para correção das variáveis sexo e idade, com base nos percentuais anteriormente mencionados, caso ocorram diferenças superiores a 3 pontos percentuais entre o previsto na amostra e a coleta de dados realizada. Para as variáveis de grau de instrução e nível econômico do entrevistado, o fator previsto para ponderação é 1 (resultados obtidos em campo). O nível de confiança estimado é de 95% e a margem de erro máxima estimada considerando um modelo de amostragem aleatório simples, é de aproximadamente 2 (dois) pontos percentuais para mais ou para menos sobre os resultados encontrados no total da amostra.
";"O trabalho de coleta de dados é acompanhado presencialmente por supervisores. São selecionados aleatoriamente 15% (quinze por cento) dos questionários para uma verificação posterior com ligações telefônicas para os números indicados nos formulários, em caso de dúvida, o formulário é descartado e o entrevistador chamado para esclarecimentos.";"O anexo do arquivo com os bairros será realizado até o dia seguinte da divulgação conforme indicado no §7º. do art. 2º. da Resolução-TSE nº. 23.600/2019."
"21/07/2026";"05:46:28";2026;81;"Eleições Gerais 2026";"PA";"PA";"PARÁ";"PA008282026";"2026-02-02 12:29:34";"N";"04717077000138";"INSTITUTO ACERTAR PESQUISA DE MERCADO E DE OPINIAO PUBLICA LTDA.";"INSTITUTO ACERTAR";"Governador, Senador";"2026-02-02 00:00:00";"2026-02-06 00:00:00";"2026-02-08 00:00:00";1536;"7932";"SILVANILDO BAIA DA SILVA";"25000,00";"Pesquisa realizada no município de Belém. Pesquisa do tipo quantitativa, através de entrevistas pessoais e domiciliares, com aplicação de questionário estruturado e padronizado, junto a uma amostra representativa do eleitorado do município de Belém/Pa.
As informações de campo serão coletadas através de aplicativo de coleta de dados on-line e off-line, com a utilização de tablets.";"Composta por 1.536 entrevistas, a amostra é do tipo representativa. Sendo calculada de forma proporcional e estratificada em cotas segundo combinação das variáveis área de moradia (Distritos Administrativos ¿ Dados do Censo de 2022 e estimativas do Instituto Brasileiro de Geografia e Estatística - IBGE), sexo, faixa etária e escolaridade do eleitorado de acordo com o perfil do eleitorado (1.024.427 eleitores) do município de Belém/PA (Cadastro Eleitoral do TSE dezembro/2025), a saber: Sexo: Masculino 46,26% e feminino 53,74%. Idade: 16 anos 0,07%, 17 anos 0,34%, 18 a 20 anos 3,88%, 21 a 24 anos 7,12%, 25 a 34 anos 19,31%, 35 a 44 anos 19,94%, 45 a 59 anos 26,71%, 60 a 69 anos 12,53%, 70 a 79 anos 7,39% e superior a 79 anos 2,71%. Grau de instrução: Analfabeto 0,82%, Lê e escreve 1,71%, Ensino fundamental incompleto 16,35%, Ensino fundamental completo 5,53%, Ensino médio incompleto 15,93%, Ensino médio completo 35,50%, Superior incompleto 7,82% e superior completo 16,34%. Para a variável nível econômico do entrevistado (renda familiar mensal), será adotada a distribuição das classes de rendimentos do Censo de 2022 e estimativas de rendimentos realizados pelo Instituto Brasileiro de Geografia e Estatística ¿ IBGE, a saber: Sem renda (rendimentos), 3,84%, Até 1 SM, 17,61%, Mais de 1 SM a 02 SM, 21,04%, Mais de 02 a 05 SM, 32,16%, Mais de 05 SM a 10 SM, 16,22% e Mais de 10 SM a mais 9,13%.
A margem de erro é de 2,5 pontos percentuais para mais ou para menos. Intervalo de confiança 95%.
Ponderação dos resultados: Está prevista eventual ponderação para correção nos tamanhos dos estratos, considerando as variáveis área de moradia, sexo, faixa etária, escolaridade e renda familiar de acordo com os percentuais detalhados anteriormente, caso as diferenças sejam maiores que 2,5 pontos percentuais.
Adotou-se 2 estágios para distribuição da amostra. No primeiro, foram sorteados os setores censitários (IBGE), quarteirões e domicílios, onde as entrevistas serão realizadas. No segundo estágio as pessoas a serem entrevistadas serão selecionadas, de forma aleatória, dentro dos setores censitários, em 128 pontos de abordagem sorteados aleatoriamente em todas as áreas de moradia do município (área física), utilizando um quadro de cotas preestabelecido.";"Para a realização da pesquisa será utilizada uma equipe formada por 35 (trinta e cinco) pesquisadores e 03 (três) supervisor operacional, devidamente treinados para este tipo de pesquisa. Durante o trabalho de campo, os questionários serão submetidos a um acompanhamento, que consiste na checagem de 30,0% dos questionários aplicados por cada entrevistador in loco por supervisores de campo através de uma planilha de checagem ou, posteriormente, por telefone. Internamente, verificação das respostas e da adequação das entrevistas aos parâmetros amostrais. Em uma segunda etapa, todos os questionários aplicados serão novamente criticados e submetidos à consistência, a fim de detectar falhas ou erros, evitando informações confusas, distorcidas, incompletas, ou incoerências de qualquer espécie.";"A área física da pesquisa abrangerá 128 pontos, sendo distribuídos entre as áreas de moradia (Distritos Administrativos), a saber: 
1) DABEL - Distrito Administrativo de Belém agrupa 11 bairros
2) BENGUI - Distrito Administrativo do Bengui agrupa 09 bairros
3) DAENT - Distrito Administrativo do Entroncamento agrupa 10 bairros
4) DAGUA - Distrito Administrativo do Guamá agrupa 10 bairros
5) DAICO - Distrito Administrativo de Icoaraci agrupa 09 bairros
6) DASAC - Distrito Administrativo da Sacramenta agrupa 11 bairros
7) DAOUT - Distrito Administrativo do Outeiro agrupa 05 bairros)
8) DAMOS - Distrito Administrativo do Mosqueiro agrupa 19 bairros."
"21/07/2026";"05:46:28";2026;81;"Eleições Gerais 2026";"PA";"PA";"PARÁ";"PA060562026";"2026-03-25 15:26:38";"S";"07317438000147";"DOXA ARTE & COMUNICAO S/S LTDA";"DOXA";"Deputado Federal, Deputado Estadual";"2026-03-26 00:00:00";"2026-03-30 00:00:00";"2026-03-31 00:00:00";2000;"8010";"JADSON FERNANDES CHAVES ";"30000,00";"Pesquisa do tipo quantitativo, por amostragem, com aplicação de questionário estruturado e abordagem pessoal junto a uma amostra representativa do eleitorado conforme fonte de dados do TSE fevereiro/2026, IBGE, CENSO 2010/2022, FAPESPA 2000/2010. O conjunto do eleitorado apto a votar na próxima eleição em 2026 no estado do Pará com idade de 16 anos ou mais foi tomado como universo da pesquisa. O levantamento será realizado pela equipe DOXA ARTE & COMUNICAO S/S LTDA.";"A seleção obterá o quantitativo representativo do eleitorado do estado do Pará que até fevereiro de 2026 alcançava 6.149.758 eleitores que estavam aptos a participar/votar nas eleições do ano de 2026, respeitando os conglomerados urbanos em único estágio. O estágio é feito a partir de sorteio probabilístico dos bairros/áreas/comunidades, reconhecidamente no município e que não possui bairros definidos em Lei Municipal ou órgão oficial municipal/estadual, onde as entrevistas serão realizadas e com sub amostragem pelo método PPT (Probabilidade Proporcional ao Tamanho), se possível com respaldado de fonte secundária municipal para tal procedimento ou embasado por informações do IBGE, tomando como referência a população de 16 anos ou mais, residentes nos setores como base para tal seleção prevista no TSE. Os respondentes serão selecionados através de quotas amostrais proporcionais dos estratos reconhecidos pelo TSE 2026 e CENSO 2010/2022 em função de algumas variáveis, agrupando-as conforme a natureza do levantamento por: SEXO: masculino 49%, feminino 51%; GRAU DE INSTRUÇÃO: Sem escolaridade: 4,34%, Fundamental Completo: 5,6%, Fundamental Incompleto: 25,41%; Médio Completo: 26,38%; Médio Incompleto: 18,36%; Lê e Escreve: 8,25%; Superior Completo: 7,48%; Superior Incompleto: 4,18%; FAIXA ETÁRIA/IDADE: 16 a 24 anos: 16,06; 25 a 34 anos: 22,37%; 35 a 44 anos: 20,96%; 45 a 59 anos: 23,45%; 60 a 69 anos: 9,57%; superior a 70 anos: 7,59%; NÍVEL DE RENDA OU ECONÔMICO DO ENTREVISTADO: Até 1 SM, 40,21%; De 01 a 02 SM, 28,19%; De 02 a 03 SM, 9,29%; De 03 a 05 SM, 8,16%; acima de 5 SM 11,84%; Sem rendimento: 2,31%. Fonte: TSE fevereiro/2026, IBGE, CENSO 2010/2022, FAPESPA 2000/2010. A amostra total corresponde 2.000 entrevistas. A margem de erro máxima prevista para o total da amostra é de 3,1 pontos percentuais para mais ou para menos, considerando um nível de confiança de 95%. Os intervalos de confiança serão calculados considerando os resultados obtidos para um nível de confiança de 95%. Fonte: VICENTE (2012), TAYLOR, H. (1995), VICENTE et. al. (2001) e SUDMAN (1983) Referências bibliográficas referente aos estudos do cálculo amostral realizado: [1] VICENTE, P. Estudos de Mercado e de Opinião. Princípios e Aplicações de Amostragem. Edições Sílabo. LDA. 1ª edição, 228pg, Lisboa, 2012. [2] TAYLO, H. (1995) Horses for courses: how survey firms in diferent methods, Jounal of the Market Research Society, 37,3, 211-219. [3] VICENTE, P., REIS, E., FERRÃO, F. (2001) Sondagens: A amostragem como Fator Decisivo de Qualidade. 2ª edição Sílabo, Lisboa. [4] SUDMAN, S. (1983) Applid sampling, in Handbook of survey research, P. Rossi, J.Wright, A. Anderson (Editores), Academic Press, Inc.,145- 194.";"Os pesquisadores envolvidos na realização desta pesquisa são treinados de forma contínua pelo Instituto DOXA ARTE & COMUNICAÇÃO S/S LTDA e recebem instruções específicas para cada projeto de pesquisa realizado. A equipe de trabalho de campo é formada por trinta e cinco pesquisadores de campo e quatro coordenadores. Os entrevistadores fazem as entrevistas individuais, enquanto os supervisores de campo fiscalizam o trabalho. Sendo dever do supervisor de campo: a) zelar pelo cumprimento e quantidade correta das entrevistas; b) anular questionários preenchidos incorretamente ou que estejam fora do padrão de conduta técnica da pesquisa; c) anular questionários que não cumpram a amostra determinada de dentro da área prevista no plano; d) zelar pelo andamento do trabalho de campo dentro do tempo especificado; e) inspecionar os questionários aplicados e sua validade; f) conferir no final do trabalho o preenchimento e zelo da amostra prevista. A coleta será realizada com a utilização de tablete/smartfone ou celular androide e o questionário com formato eletrônico e visualização, via, ferramenta, sistema Hashdata. Os dados são checados, no mínimo, 20% dos questionários de cada pesquisador envolvido na pesquisa, seja in loco por supervisores de campo ou, posteriormente, por telefone indicado pelo entrevistado. Internamente, todo o material é verificado e codificado. Antes do processamento final e emissão dos resultados, realiza-se processo de consistência dos dados para garantir a segurança e lisura das informações.";"Os dados serão inseridos conforme §7º. do art. 2º. da Resolução-TSE nº. 23.600/2019, A partir do dia em que a pesquisa puder ser divulgada e até o dia seguinte, o registro deverá ser complementado, sob pena de ser a pesquisa considerada não registrada; na ausência de delimitação do bairro, será identificada a área em que foi realizada."
"21/07/2026";"05:46:28";2026;81;"Eleições Gerais 2026";"PA";"PA";"PARÁ";"PA073212026";"2026-04-29 12:34:54";"S";"07317438000147";"DOXA ARTE & COMUNICAO S/S LTDA";"DOXA";"Deputado Federal, Deputado Estadual";"2026-04-29 00:00:00";"2026-05-04 00:00:00";"2026-05-05 00:00:00";2000;"8010";"JADSON FERNANDES CHAVES ";"30000,00";"Pesquisa do tipo quantitativo, por amostragem, com aplicação de questionário estruturado e abordagem pessoal junto a uma amostra representativa do eleitorado conforme fonte de dados do TSE março/2026, IBGE, CENSO 2010/2022, FAPESPA 2000/2010. O conjunto do eleitorado apto a votar na próxima eleição em 2026 no estado do Pará com idade de 16 anos ou mais foi tomado como universo da pesquisa. O levantamento será realizado pela equipe DOXA ARTE & COMUNICAO S/S LTDA.";"A seleção obterá o quantitativo representativo do eleitorado do estado do Pará que até março de 2026 alcançava 6.173.150 eleitores que estavam aptos a participar/votar nas eleições do ano de 2026, respeitando os conglomerados urbanos em único estágio. O estágio é feito a partir de sorteio probabilístico dos bairros/áreas/comunidades, reconhecidamente no município e que não possui bairros definidos em Lei Municipal ou órgão oficial municipal/estadual, onde as entrevistas serão realizadas e com sub amostragem pelo método PPT (Probabilidade Proporcional ao Tamanho), se possível com respaldado de fonte secundária municipal para tal procedimento ou embasado por informações do IBGE, tomando como referência a população de 16 anos ou mais, residentes nos setores como base para tal seleção prevista no TSE. Os respondentes serão selecionados através de quotas amostrais proporcionais dos estratos reconhecidos pelo TSE 2026 e CENSO 2010/2022 em função de algumas variáveis, agrupando-as conforme a natureza do levantamento por: SEXO: masculino 49%, feminino 51%; GRAU DE INSTRUÇÃO: Sem escolaridade: 4,33%, Fundamental Completo: 5,59%, Fundamental Incompleto: 25,32%; Médio Completo: 26,42%; Médio Incompleto: 18,45%; Lê e Escreve: 8,21%; Superior Completo: 7,48%; Superior Incompleto: 4,20%; FAIXA ETÁRIA/IDADE: 16 a 24 anos: 17,18%; 25 a 34 anos: 22,33%; 35 a 59 anos: 44,32%; 60 a 69 anos: 9,56%; superior a 70 anos: 6,61%; NÍVEL DE RENDA OU ECONÔMICO DO ENTREVISTADO: Até 1 SM, 40,21%; De 01 a 02 SM, 28,19%; De 02 a 03 SM, 9,29%; De 03 a 05 SM, 8,16%; acima de 5 SM 11,84%; Sem rendimento: 2,31%. Fonte: TSE março/2026, IBGE, CENSO 2010/2022, FAPESPA 2000/2010. A amostra total corresponde 2.000 entrevistas. A margem de erro máxima prevista para o total da amostra é de 3,1 pontos percentuais para mais ou para menos, considerando um nível de confiança de 95%. Os intervalos de confiança serão calculados considerando os resultados obtidos para um nível de confiança de 95%. Fonte: VICENTE (2012), TAYLOR, H. (1995), VICENTE et. al. (2001) e SUDMAN (1983) Referências bibliográficas referente aos estudos do cálculo amostral realizado: [1] VICENTE, P. Estudos de Mercado e de Opinião. Princípios e Aplicações de Amostragem. Edições Sílabo. LDA. 1ª edição, 228pg, Lisboa, 2012. [2] TAYLO, H. (1995) Horses for courses: how survey firms in diferent methods, Jounal of the Market Research Society, 37,3, 211-219. [3] VICENTE, P., REIS, E., FERRÃO, F. (2001) Sondagens: A amostragem como Fator Decisivo de Qualidade. 2ª edição Sílabo, Lisboa. [4] SUDMAN, S. (1983) Applid sampling, in Handbook of survey research, P. Rossi, J.Wright, A. Anderson (Editores), Academic Press, Inc.,145- 194.";"Os pesquisadores envolvidos na realização desta pesquisa são treinados de forma contínua pelo Instituto DOXA ARTE & COMUNICAÇÃO S/S LTDA e recebem instruções específicas para cada projeto de pesquisa realizado. A equipe de trabalho de campo é formada por trinta e cinco pesquisadores de campo e quatro coordenadores. Os entrevistadores fazem as entrevistas individuais, enquanto os supervisores de campo fiscalizam o trabalho. Sendo dever do supervisor de campo: a) zelar pelo cumprimento e quantidade correta das entrevistas; b) anular questionários preenchidos incorretamente ou que estejam fora do padrão de conduta técnica da pesquisa; c) anular questionários que não cumpram a amostra determinada de dentro da área prevista no plano; d) zelar pelo andamento do trabalho de campo dentro do tempo especificado; e) inspecionar os questionários aplicados e sua validade; f) conferir no final do trabalho o preenchimento e zelo da amostra prevista. A coleta será realizada com a utilização de tablete/smartfone ou celular androide e o questionário com formato eletrônico e visualização, via, ferramenta, sistema Questionpro. Os dados são checados, no mínimo, 20% dos questionários de cada pesquisador envolvido na pesquisa, seja in loco por supervisores de campo ou, posteriormente, por telefone indicado pelo entrevistado. Internamente, todo o material é verificado e codificado. Antes do processamento final e emissão dos resultados, realiza-se processo de consistência dos dados para garantir a segurança e lisura das informações.";"Os dados serão inseridos conforme §7º. do art. 2º. da Resolução-TSE nº. 23.600/2019, A partir do dia em que a pesquisa puder ser divulgada e até o dia seguinte, o registro deverá ser complementado, sob pena de ser a pesquisa considerada não registrada; na ausência de delimitação do bairro, será identificada a área em que foi realizada."
"21/07/2026";"05:46:28";2026;81;"Eleições Gerais 2026";"PA";"PA";"PARÁ";"PA027892026";"2026-06-17 20:22:45";"N";"36433619000137";"INSTITUTO DE PESQUISAS DE MERCADO E DE OPINIAO PUBLICA DO PARA - IPEP LTDA";"DATA POPULI";"Governador, Senador, Deputado Federal, Deputado Estadual";"2026-06-18 00:00:00";"2026-06-20 00:00:00";"2026-06-23 00:00:00";780;"10172";"David Leal de Carvalho";"15000,00";"Pesquisa quantitativa, que consiste na realização de entrevistas pessoais em visitas domiciliares, com a aplicação de questionário estruturado junto a uma amostra representativa do eleitorado de Parauapebas - PA (201.043 eleitores de 16 anos ou mais de idade até maio de 2026). ";"Representativo do eleitorado do município em estudo. Esta pesquisa será realizada por amostragem estratificada na qual haverá entrevistas nos setores censitários sorteados. Desse modo, o número de entrevistas será proporcional ao tamanho destes setores, tomando a população residente de 16 anos ou mais como base para tal seleção. Por fim, dentro de cada setor censitário sorteado, os respondentes são selecionados através de quotas amostrais proporcionais em função de variáveis significativas, a saber:
GÊNERO: feminino (49,91%) e masculino (50,09%). FAIXA ETÁRIA: 16-24 (16,68%), 25-34 (24,50%), 35-44 (26,84%), 45-59 (22,00%) e 60 ou mais (9,97%). GRAU DE INSTRUÇÃO: analfabeto (2,19%), lê e escreve (5,54%), ensino fundamental incompleto (16,16%), ensino fundamental completo (6,69%), ensino médio incompleto (20,62%), ensino médio completo (38,67%), ensino superior incompleto (3,27%) e superior completo (6,86%). RENDA FAMILIAR: até 1 salário (22,96%), 1 a 2 salários (44,26%), 2 a 5 salários (28,57%), 5 a 10 salários (3,32%) e acima de 10 salários (0,89%). 
Estão previstas eventuais ponderações para correção das variáveis gênero, faixa etária, grau de instrução e renda com base nos percentuais anteriormente mencionados, caso ocorram diferenças superiores a 3,50 pontos percentuais entre o previsto na amostra e a coleta de dados realizada. O nível de confiança adotado é de 95%, variância robusta (p=0,50), e a margem de erro máxima estipulada, considerando um modelo de amostragem aleatório, é de 3,50 pontos percentuais para mais ou para menos. Dessa forma, tem-se 780 entrevistas. 
Fonte dos dados: TSE maio 2026 e IBGE Censo 2022.";"Para a realização da pesquisa, utiliza-se uma equipe de entrevistadores e supervisores contratados pela empresa devidamente treinados para o trabalho. Após os trabalhos de campo, os questionários são submetidos a uma fiscalização de cerca de 20% (vinte por cento) dos questionários aplicados pelos entrevistadores; para verificação das respostas e da adequação dos entrevistados aos parâmetros amostrais.";"Em cumprimento à Resolução TSE número 23.600/2019, conforme expresso no Art. 2º, §7º, incisos I, II e III, a partir do dia em que a pesquisa puder ser divulgada o registro será complementado com os dados relativos à sua abrangência quanto à delimitação relativa às áreas geográficas do município que foram abrangidas pela pesquisa."
