"DT_GERACAO";"HH_GERACAO";"AA_ELEICAO";"CD_ELEICAO";"NM_ELEICAO";"SG_UF";"SG_UE";"NM_UE";"NR_PROTOCOLO_REGISTRO";"DT_REGISTRO";"ST_PESQUISA_PROPRIA";"NR_CNPJ_EMPRESA";"NM_EMPRESA";"NM_EMPRESA_FANTASIA";"DS_CARGO";"DT_INICIO_PESQUISA";"DT_FIM_PESQUISA";"DT_DIVULGACAO";"QT_ENTREVISTADO";"CD_CONRE";"NM_ESTATISTICO_RESP";"VR_PESQUISA";"DS_METODOLOGIA_PESQUISA";"DS_PLANO_AMOSTRAL";"DS_SISTEMA_CONTROLE";"DS_DADO_MUNICIPIO"
"07/08/2026";"05:47:04";2026;81;"Eleições Gerais 2026";"RN";"RN";"RIO GRANDE DO NORTE";"RN094712026";"2026-01-07 17:50:22";"S";"59809758000118";"INSPPE - INSTITUTO POTIGUAR DE PESQUISAS ESTATISTICAS LTDA";"INSPPE - INSTITUTO POTIGUAR DE PESQUISAS ESTATISTICAS";"Governador, Senador, Deputado Federal, Deputado Estadual";"2026-01-07 00:00:00";"2026-01-09 00:00:00";"2026-01-13 00:00:00";1048;"CONRE-5ª Região nº 10977";"Ábia Mariane Aquino do Nascimento";"20000,00";"Pesquisa de opinião pública de natureza quantitativa, do tipo survey, realizada por meio de entrevistas presenciais com aplicação de questionário estruturado. O universo da pesquisa é composto por 1.077.370 eleitores, correspondentes a aproximadamente 41,3% do eleitorado do Estado do Rio Grande do Norte, residentes nos 15 municípios da Região Metropolitana de Natal e aptos a votar nas Eleições Gerais de 2026. A coleta de dados será realizada entre os dias 7 e 9 de janeiro de 2026, por entrevistadores devidamente treinados, utilizando dispositivos eletrônicos para registro das respostas, com controle de geolocalização (GPS), assegurando a padronização, a rastreabilidade e o controle do processo de coleta.";"O universo da pesquisa é composto pelos eleitores da Região Metropolitana de Natal, com 16 anos ou mais, conforme dados do Tribunal Superior Eleitoral (TSE) de dezembro de 2025. Para a produção de uma amostra representativa desse público-alvo, será adotado um delineamento amostral probabilístico em múltiplos estágios. No primeiro estágio, os 15 municípios da Região Metropolitana de Natal serão considerados estratos geográficos, com alocação amostral proporcional ao tamanho do eleitorado de cada município. No segundo estágio, dentro de cada município, os setores censitários serão sorteados de forma probabilística, por meio do método de Probabilidade Proporcional ao Tamanho (PPT), tendo como base a população residente com 16 anos ou mais. No último estágio, nos setores censitários sorteados, os entrevistados serão selecionados por meio de cotas amostrais, aplicadas em entrevistas presenciais, respeitando os parâmetros populacionais definidos para sexo, faixa etária, escolaridade e renda domiciliar. As cotas de sexo serão definidas da seguinte forma: feminino, 54,2%, e masculino, 45,8%. As cotas etárias seguirão a distribuição: até 34 anos, 31,6%; de 35 a 59 anos, 46,4%; e 60 anos ou mais, 22,0%. Quanto à escolaridade, serão consideradas as proporções de até o Ensino Fundamental completo, 42,0%; Ensino Médio completo ou incompleto, 35,9%; e Ensino Superior completo ou incompleto, 22,1%. A renda domiciliar mensal será distribuída nas seguintes faixas: até 3 salários mínimos, 63,6%; mais de 3 até 7 salários mínimos, 21,8%; e mais de 7 salários mínimos, 14,6%. As proporções adotadas têm como referência os dados do TSE (dezembro de 2025), da Pesquisa Nacional por Amostra de Domicílios (PNAD) Anual de 2024 e da PNAD Contínua do terceiro trimestre de 2025. Está prevista eventual calibração estatística da amostra por meio de algoritmos de pós-estratificação do tipo rake, exclusivamente para as variáveis sexo e faixa etária, caso a diferença observada entre a distribuição da amostra coletada e os parâmetros populacionais de referência seja superior à margem de erro estimada da pesquisa. Para as variáveis escolaridade e renda domiciliar, será adotado fator de ponderação igual a 1, sendo respeitadas as proporções observadas em campo. Serão realizadas 1.048 entrevistas. O nível de confiança das estimativas é de 95%. A margem de erro máxima estimada é de aproximadamente 3,0 pontos percentuais, para mais ou para menos, calculada com base na aproximação de amostragem aleatória simples, com correção para população finita, segundo a fórmula E = z × [(p(1-p)/n) × ((N-n)/(N-1))]^(1/2), em que z = 1,96, p = 0,5, n corresponde ao tamanho da amostra e N ao total de eleitores do universo pesquisado.";"O trabalho de campo será acompanhado por sistema interno de controle e fiscalização, compreendendo treinamento prévio das equipes, supervisão contínua e procedimentos de checagem de consistência dos dados coletados. Todas as entrevistas contarão com registro automático de GPS no momento da aplicação, permitindo a validação espacial da coleta. Adicionalmente, será realizada auditoria técnica sobre uma amostra mínima de 20% dos questionários aplicados, por meio de análise de consistência das respostas, verificação de padrões de preenchimento e conformidade com os parâmetros amostrais estabelecidos, assegurando a qualidade e a confiabilidade das informações obtidas.";"A pesquisa abrangerá os municípios integrantes da Região Metropolitana de Natal, no estado do Rio Grande do Norte, compreendendo Natal, Parnamirim, São Gonçalo do Amarante, Ceará-Mirim, Macaíba, Extremoz, São José de Mipibu, Nísia Floresta, Goianinha, Arez, Bom Jesus, Ielmo Marinho, Maxaranguape, Monte Alegre e Vera Cruz. A coleta de dados será realizada com base em setores censitários previamente selecionados de forma probabilística, conforme o plano amostral definido. A relação detalhada dos setores censitários em que a pesquisa foi realizada será informada à Justiça Eleitoral até um dia após a divulgação dos resultados, nos termos do disposto no §7º do art. 2º da Resolução TSE nº 23.600/2019."
"07/08/2026";"05:47:04";2026;81;"Eleições Gerais 2026";"RN";"RN";"RIO GRANDE DO NORTE";"RN030022026";"2026-07-22 16:25:54";"N";"61362466000121";"MEDIA - INTELIGENCIA EM PESQUISA LTDA";"MEDIA - INTELIGENCIA EM PESQUISA";"Governador, Senador, Deputado Federal, Deputado Estadual";"2026-07-23 00:00:00";"2026-07-24 00:00:00";"2026-07-28 00:00:00";500;"7655";"AUGUSTO DA SILVA ROCHA";"5000,00";"A pesquisa cobrirá o município envolvendo todas regiões do município de Caicó/RN Universo da pesquisa será dos eleitores com 16 anos ou mais. A amostra representará os eleitores do Município, selecionados em 2(dois) estágios. No primeiro estágio, os setores censitários, onde as entrevistas serão realizadas, foram selecionadas, probabilisticamente, através do método PPT - Probabilidade Proporcional ao Tamanho, tomando o número de eleitores como base para seleção. No segundo estágio, a seleção do entrevistado, dentro do setor censitário, será feita utilizando-se quotas proporcionais, e a abordagem será domiciliar.
";"Utilizamos quotas proporcionais, em função das seguintes variáveis: 
Gênero: FEMININO	53,82%	;
MASCULINO	46,18%	;


Faixa etária: 16 a 24 anos	11,50%	;
25 a 34 anos	17,45%	;
35 a 44 anos	19,62%	;
45 a 59 anos	25,85%	;
60 anos ou mais	25,58%	;


Grau de instrução: ANALFABETO	5,53%	;
ENSINO FUNDAMENTAL COMPLETO	4,47%	;
ENSINO FUNDAMENTAL INCOMPLETO	21,76%	;
ENSINO MÉDIO COMPLETO	27,16%	;
ENSINO MÉDIO INCOMPLETO	16,95%	;
LÊ E ESCREVE	7,19%	;
SUPERIOR COMPLETO	10,80%	;
SUPERIOR INCOMPLETO	6,14%	;

 

Renda familiar: Até 1/2 salário mínimo	3,73%	;
Mais de 1/2 a 1 salário mínimo	17,82%	;
Mais de 1 a 2 salários mínimos	28,99%	;
Mais de 2 a 5 salários mínimos	32,88%	;
Mais de 5 a 10 salários mínimos	10,17%	;
Mais de 10 a 20 salários mínimos	3,09%	;
Mais de 20 salários mínimos	0,97%	;
Sem rendimento	2,35%	;


 Fonte dos dados: TSE-Tribunal Superior Eleitoral/ junho2026; IBGE-Censo 2010-IBGE-CENSO 2022 (IBGE/Censo 2010 - Classe de rendimento nominal mensal domiciliar) ;

 https://cidades.ibge.gov.br/brasil/rn/caico/pesquisa/23/24304; https://sig.tse.jus.br/ords/dwapr/r/seai/sig-eleitor-eleitorado-mensal/cruzamento-eleitorado-mensal?p24_metricas=E&p24_back=22&p24_cruzamento_1=ds_sexo&clear=24&session=307022087961906;  


https://sig.tse.jus.br/ords/dwapr/r/seai/sig-eleitor-eleitorado-mensal/cruzamento-eleitorado-mensal?p24_cruzamento_1=ds_faixa_etaria&p24_metricas=E&p24_back=22&clear=24&session=307022087961906;  
https://sig.tse.jus.br/ords/dwapr/r/seai/sig-eleitor-eleitorado-mensal/cruzamento-eleitorado-mensal?p24_cruzamento_1=ds_grau_instrucao&p24_metricas=E&p24_back=22&clear=24&session=307022087961906;
Ano=2026; Mês = JUNHO; UF= MT; Observação: Conforme informações disponibilizadas pelo Instituto Brasileiro de Geografia e Estatística (IBGE), não houve nem há previsão de divulgação do perfil econômico (nível econômico) da população brasileira no âmbito do Censo Demográfico de 2022 (https://censo2022.ibge.gov.br/panorama/), para essa variável será adotado o fator de ponderação igual a 1, correspondente aos resultados obtidos em campo, caso seja verificada diferença superior à margem de erro prevista no estudo entre a projeção da amostra baseada nos dados do IBGE 2010 e os dados efetivamente coletados. Para as variáveis de sexo, idade e grau de instrução, está previsto uma eventual ponderação, nos limites da margem de erro, para correção nos tamanhos das variáveis, caso ocorra uma diferença entre a previsão da amostra e a coleta dos dados realizados sobre a faixa de eleitores acima de 16 anos. Margem de Erro: A margem de erro máxima prevista é de 4,4 pontos percentuais para mais ou para menos, considerando um nível de confiança de 95%.


";"Para a realização da pesquisa, utiliza-se uma equipe de entrevistadores e supervisores credenciados devidamente treinados pela empresa para esse tipo de pesquisa. Após os trabalhos de campo, 100% dos questionários são criticados e passam por uma fiscalização de cerca de 20% (vinte por cento) dos questionários aplicados por cada entrevistador; para verificação da consistência das respostas e da adequação dos entrevistados aos parâmetros amostrais.";"#NULO#"
"07/08/2026";"05:47:04";2026;81;"Eleições Gerais 2026";"RN";"RN";"RIO GRANDE DO NORTE";"RN076152026";"2026-06-27 05:55:10";"N";"47683946000163";"PNH PESQUISA DE MERCADO E OPINIAO PUBLICA LTDA.";"AFFARE INSTITUTE";"Governador, Senador";"2026-06-26 00:00:00";"2026-07-01 00:00:00";"2026-07-03 00:00:00";1500;"9924";"Emidio Cavalcanti de Albuquerque";"22500,00";"Pesquisa quantitativa, realizada por meio de entrevistas telefônicas automatizadas, com utilização de questionário estruturado. O universo corresponde aos eleitores com 16 anos de idade ou mais, residentes e aptos a votar no Estado do Rio Grande do Norte. Os números telefônicos são contatados automaticamente pelo sistema, sem interferência humana na escolha individual dos entrevistados durante a coleta.
A participação dos entrevistados é voluntária, precedida de mensagem informativa e de aceite eletrônico, sendo registrada eletronicamente a manifestação de concordância do entrevistado para a sequência da entrevista. São aplicados filtros fechados de elegibilidade no início da entrevista, incluindo idade mínima, residência no Estado do Rio Grande do Norte e aptidão eleitoral na unidade da Federação pesquisada.
A pesquisa possui abrangência estadual, com controle territorial por município, e é ajustada por técnicas estatísticas de pós-estratificação e ponderação, de modo a refletir as características do eleitorado estadual. A pesquisa não se destina à produção de estimativas representativas para municípios isoladamente considerados. Nas perguntas estimuladas de intenção de voto, é adotada alternância da ordem de apresentação dos nomes, preservado o mesmo conteúdo das opções de resposta, com o objetivo de reduzir possíveis efeitos de posição nas respostas.
A coleta é realizada mediante discagem sobre base de contatos telefônicos apta a alcançar eleitores do Estado do Rio Grande do Norte, observada a distribuição territorial prevista no plano amostral., com distribuição territorial da coleta proporcional à participação de cada município no eleitorado estadual segundo a participação de cada localidade no eleitorado estadual (TSE), admitido o agrupamento de municípios contíguos exclusivamente para fins de distribuição estatística da amostra, sem prejuízo da abrangência estadual da pesquisa. Os questionamentos feitos aos eleitores em relação à eleição presidencial foram registrados no Tribunal Superior Eleitoral sob o nº BR-06026/2026, tendo em vista que o Sistema PesqEle não permite, nos registros de âmbito estadual, a inclusão do campo Presidente no momento do registro da pesquisa. [Inserir o número do registro nacional antes do protocolo.]
";"Universo: eleitoras e eleitores com 16 anos ou mais, residentes e aptos a votar no Rio Grande do Norte. Tamanho da amostra: 1.500 entrevistas. Nível de confiança: 95%. Margem de erro máxima estimada: ±2,58 pontos percentuais, para mais ou para menos, considerando hipótese conservadora de máxima variabilidade (p=0,5) e modelo calculado segundo a aproximação da amostragem aleatória simples. A amostra é distribuída por município conforme as Estatísticas do Eleitorado do TSE (maio/2026). As variáveis de gênero, faixa etária, grau de instrução e nível econômico (renda domiciliar), coletadas no curso da entrevista, integram o procedimento de pós-estratificação. Ao final da coleta, são aplicados fatores de ponderação que reconduzem as distribuições observadas aos respectivos parâmetros populacionais de referência, tendo como base as Estatísticas do Eleitorado do Tribunal Superior Eleitoral ¿ TSE (maio/2026) para gênero, faixa etária e grau de instrução, e o IBGE/Censo Demográfico 2010 ¿ rendimento nominal mensal domiciliar ¿ para o nível econômico. Quando, por razões operacionais, determinado município não atingir integralmente a quantidade prevista de entrevistas, eventual complementação ocorrerá preferencialmente mediante redistribuição dentro do mesmo conglomerado territorial previamente definido no plano amostral, preservando-se a participação relativa do conjunto no eleitorado estadual e procedendo-se, ao final da coleta, aos ajustes por pós-estratificação previstos neste plano. Além das variáveis demográficas, se necessário, poderá ser aplicada ponderação territorial destinada a reconduzir a participação relativa dos conglomerados territoriais previamente definidos aos respectivos parâmetros do plano amostral, tomando como referência a distribuição do eleitorado constante das Estatísticas do Eleitorado do Tribunal Superior Eleitoral. Fonte (Gênero, faixa etária e grau de instrução): TSE ¿ Estatísticas do Eleitorado, consolidação de maio de 2026 (selecionar UF = RN no cruzamento de dados). Gênero: Masculino: 47,2%, Feminino: 52,8%; Faixa etária: 16 a 24 anos; 13,4%, 25 a 44 anos: 39,8%, 45 a 59 anos: 24,8%, 60 anos ou mais: 22,0%; Grau de instrução: Analfabeto: 5,7%, Lê e escreve: 8,8%, Ensino Fundamental: 28,4%, Ensino Médio: 43,1%, Ensino Superior: 13,9%. Nível econômico ¿ renda domiciliar (fonte: IBGE/Censo Demográfico 2010- https://cidades.ibge.gov.br/brasil/rn/pesquisa/23/24304): Renda domiciliar: Sem rendimento até 1 salário-mínimo: 32%, Mais de 1 a 2 salários-mínimos: 28%, Mais de 2 a 5 salários-mínimos: 26%, Acima de 5 salários-mínimos: 14%.
";"A coleta de dados é realizada por sistema eletrônico automatizado de entrevistas telefônicas, sob supervisão técnica de equipe qualificada do Instituto, responsável pela configuração, monitoramento, conferência e validação do processo de coleta. São aplicados controles de elegibilidade, consistência e integridade da amostra, bem como verificação de duplicidade e rastreabilidade das respostas, preservando logs auditáveis da coleta. O controle do processo é realizado por meio de software de coleta de dados, com registro eletrônico de data e hora das entrevistas, que monitora o cumprimento das distribuições amostrais. Adicionalmente, no mínimo 30% (trinta por cento) dos questionários ¿ não menos de 450 (quatrocentas e cinquenta) entrevistas ¿ passam por verificação posterior quanto à precisão na aplicação e à adequação às variáveis das cotas. Os registros eletrônicos da coleta permanecem preservados para fins de auditoria e fiscalização, observado o prazo legal aplicável. Após a coleta, os dados são submetidos a procedimentos de validação, processamento estatístico e verificação de consistência, assegurada a aderência da amostra aos parâmetros populacionais definidos, a preservação da identidade dos respondentes e a proteção dos dados pessoais eventualmente tratados, nos termos da Lei Geral de Proteção de Dados (LGPD).
";"Dados relativos aos municípios, bairros ou áreas abrangidas, nos termos do art. 2º, § 7º, inciso III, da Resolução-TSE nº 23.600/2019: a pesquisa é realizada em âmbito estadual, compreendendo o Estado do Rio Grande do Norte. A relação dos municípios e bairros abrangidos ou, na ausência de delimitação de bairro, das áreas de realização das entrevistas será apresentada em complementação ao registro a partir do dia em que a pesquisa puder ser divulgada e até o dia seguinte."
"07/08/2026";"05:47:04";2026;81;"Eleições Gerais 2026";"RN";"RN";"RIO GRANDE DO NORTE";"RN010452026";"2026-05-29 22:49:30";"N";"36443750000185";"EXATUS CONSULTORIA E PESQUISA LTDA";"EXATUS CONSULTORIA E PESQUISA";"Governador, Senador, Deputado Federal, Deputado Estadual";"2026-05-26 00:00:00";"2026-05-29 00:00:00";"2026-06-04 00:00:00";1500;"10663";"Ythalo Hugo da Silva Santos";"30000,00";"Pesquisa quantitativa, com aplicação de entrevistas presenciais, realizadas por meio de questionário estruturado, padronizado e previamente testado. A coleta de dados foi realizada por entrevistadores treinados, mediante abordagem direta aos eleitores em domicílios, conforme planejamento operacional. O universo da pesquisa é composto por eleitores com 16 anos ou mais residentes no estado do Rio Grande do Norte. Para definição da distribuição territorial da amostra, adotou-se como referência as Regiões Geográficas Imediatas do estado, conforme classificação do Instituto Brasileiro de Geografia e Estatística, sendo os municípios agregados para fins operacionais de amostragem. As entrevistas foram realizadas em áreas urbanas e rurais dos municípios selecionados, incluindo bairros, localidades e setores censitários previamente definidos no plano amostral.";"Público pesquisado: eleitores do estado do Rio Grande do Norte. A amostra é definida por procedimento probabilístico, com alocação proporcional segundo o método de Probabilidade Proporcional ao Tamanho (PPT), tomando como referência a distribuição do eleitorado nas regiões do estado, conforme dados oficiais do TSE e do IBGE, de modo a assegurar representatividade estadual. A distribuição da amostra por região observa a proporcionalidade do eleitorado, conforme estrutura definida no plano amostral, permitindo a verificação da composição territorial da amostra. Os entrevistados são selecionados diretamente nos domicílios, sendo aplicado filtro de elegibilidade no momento da entrevista para confirmação do domicílio eleitoral e da aptidão para o exercício do voto, sendo considerados apenas eleitores aptos a votar no estado do Rio Grande do Norte. Em cada município selecionado, foi adotado plano amostral por conglomerados em dois estágios, com seleção probabilística nas etapas iniciais e controle por cotas na etapa final, assegurando representatividade geográfica e distribuição adequada do eleitorado. No primeiro estágio, os municípios foram estratificados por regiões geográficas e, dentro destes, foram selecionados setores censitários com probabilidade proporcional ao tamanho (PPT), tomando como base o número de domicílios particulares permanentes, conforme dados do Instituto Brasileiro de Geografia e Estatística (Censo 2022). No segundo estágio, foram selecionados domicílios dentro dos setores sorteados, seguindo procedimento sistemático de abordagem. Em cada domicílio, o entrevistado foi selecionado com base em cotas proporcionais às características do eleitorado, considerando variáveis como sexo, faixa etária, grau de instrução e nível econômico. Na apresentação final dos resultados, os dados são ponderados para ajuste aos parâmetros populacionais conhecidos, utilizando como fontes públicas o Tribunal Superior Eleitoral (TSE, março de 2026) para sexo, faixa etária e escolaridade (Masculino: 47%; Feminino: 53%; 16 a 24 anos: 13%; 25 a 34 anos: 20%; 35 a 44 anos: 21%; 45 a 59 anos: 25%; 60 anos ou mais: 22%; Analfabeto/lê e escreve: 15%; Ensino Fundamental: 29%; Ensino Médio: 43%; Ensino Superior: 14%) e o Instituto Brasileiro de Geografia e Estatística (IBGE, Censo 2022) para classe de rendimento mensal domiciliar (sem rendimentos ou até 2 salários mínimos: 79%; de 2 a 5 salários mínimos: 15%; superior a 5 salários mínimos: 6%), sempre que identificadas discrepâncias relevantes entre a amostra coletada e os parâmetros do universo pesquisado. Ressalta-se que a variável de nível econômico (renda), embora coletada para fins de caracterização do perfil da amostra, não será utilizada no processo de ponderação dos dados, em razão das limitações inerentes à mensuração dessa variável em pesquisas domiciliares e da ausência de parâmetros específicos consolidados para o eleitorado. O cálculo do tamanho da amostra considera a estimativa de proporções populacionais sob variância máxima (p = 0,5), resultando em margem de erro de aproximadamente 2,53 pontos percentuais para os resultados globais, para mais ou para menos, com nível de confiança de 95%. A relação dos municípios contemplados será anexada até o dia seguinte à divulgação dos resultados, nos termos da Resolução TSE nº 23.600/2019.";"Os pesquisadores envolvidos na realização desta pesquisa são treinados e recebem instruções específicas para cada projeto realizado. O trabalho é realizado por equipes de pesquisadores, cada uma com um coordenador de campo. Após a coleta de dados, os questionários passam por uma conferência e uma ponderação entre a amostra planejada e a amostra alcançada. Em que, uma nova amostragem, com 15% do total da amostra alcançada é feita por um supervisor para verificação. Utiliza-se um software que permite o georreferenciamento das entrevistas, permitindo o controle e monitoramento sobre a aplicação dos questionários.";"#NULO#"
"07/08/2026";"05:47:04";2026;81;"Eleições Gerais 2026";"RN";"RN";"RIO GRANDE DO NORTE";"RN040282026";"2026-06-10 21:55:11";"S";"41744280000120";"METADATA SOLUCOES INTELIGENTES LTDA";"METADATA";"Governador, Senador, Deputado Federal, Deputado Estadual";"2026-06-12 00:00:00";"2026-06-14 00:00:00";"2026-06-16 00:00:00";1550;"CONRE-5 nº:11197";"Karine Symonir de Brito Pessoa";"50000,00";"A presente pesquisa caracteriza-se como um estudo quantitativo, do tipo survey transversal, realizado por meio da aplicação de questionário estruturado e padronizado. A coleta de dados primários será conduzida junto a uma amostra representativa do universo de eleitores aptos a votar em municípios do Estado do Rio Grande do Norte. A pesquisa refere-se aos seguintes cargos em disputa nas Eleições Gerais de 2026: Presidente e Vice-Presidente da República, Governador e Vice-Governador do Estado do Rio Grande do Norte, Senador e Suplentes, Deputado Federal e Deputado Estadual pelo Rio Grande do Norte (art. 2º, X, da Resolução TSE nº 23.600/2019, com redação da Resolução TSE nº 23.747/2026).
O delineamento metodológico baseia-se em entrevistas individuais e pessoais, realizadas face a face. Para garantir a aleatoriedade e a representatividade espacial, a seleção da unidade amostral final (o eleitor) obedece a critérios técnicos rigorosos definidos no plano amostral, sendo selecionado apenas um eleitor por domicílio. A coleta é operacionalizada com apoio de dispositivo portátil, garantindo a rastreabilidade espacial e temporal das entrevistas realizadas e permitindo o cruzamento do ponto de coleta com município de votação declarado pelo entrevistado. Esse procedimento assegura a padronização das abordagens, o controle de vieses de seleção e a fidedignidade dos dados coletados, refletindo o real comportamento do eleitorado local.
";"O desenho amostral adotado é o de amostragem estratificada com alocação proporcional, complementada por cotas de sexo, faixa etária, grau de instrução e nível econômico na etapa final de seleção. O universo da pesquisa é composto pelo eleitorado apto do estado do Rio Grande do Norte, com base nos dados oficiais do Tribunal Superior Eleitoral (TSE) de 01 de junho de 2026 (N = 2.662.777 eleitores). O tamanho da amostra foi dimensionado em 1.550 entrevistas, o que garante um nível de confiança estatística de 95% (Z aproximadamente 1,96), com uma margem de erro máxima estimada de ± 2,5 pontos percentuais para os resultados globais, assumindo a premissa de máxima variância populacional (p = q = 0,50) para proporções binomiais.
A distribuição das entrevistas obedece ao princípio da proporcionalidade populacional nas quatro mesorregiões do estado, conforme definição do IBGE. A estratificação garante a representatividade regional e assegura que nenhuma região seja super ou sub-representada na amostra. O dimensionamento das cotas utilizou como parâmetros as estatísticas oficiais (IBGE e TSE) mais recentes, em cumprimento ao disposto no art. 2º, inciso IV, da Resolução TSE nº 23.600/2019, com a redação conferida pela Resolução TSE nº 23.747/2026:
Gênero e Faixa Etária: Dados do TSE (atualizado em 01/06/2026) - https://www.tse.jus.br/eleicoes/estatisticas/estatisticas 
A distribuição da amostra foi realizada de acordo com as informações do Tribunal Superior Eleitoral (atualizado em 01/06/2026), considerando o eleitorado do sexo masculino (47,24%) e do sexo feminino (52,76%); distribuída nas idades (faixa etária): Até 24 anos (13,53%), De 25 a 34 anos (19,39%), De 35 a 44 anos (20,34%), De 45 a 59 anos (24,75%) e 60 anos ou mais (21,99%). 
Grau de Instrução: Dados do TSE (atualizado em 01/06/2026) - https://www.tse.jus.br/eleicoes/estatisticas/estatisticas.
Tendo grau de Instrução: Analfabeto e/ou que lê e escreve (14,55%); Ensino fundamental incompleto e/ou completo (28,38%); Ensino médio incompleto e/ou completo (43,15%), Ensino superior incompleto e/ou completo (13,93%). 
Nível Econômico: Dados do Censo Demográfico 2022 do IBGE - https://sidra.ibge.gov.br/Tabela/10296 
Vale ressaltar que o TSE não fornece dados sobre o nível econômico do eleitorado. Deste modo, foram utilizados como os dados do Censo do IBGE 2022, referente ao rendimento domiciliar per capita em salários mínimos, distribuída da seguinte forma: Até 1 salário-mínimo (74,96%); Mais de 1 a 2 salários-mínimos (14,85%); Mais de 2 a 3 salários-mínimos (4,47%); Mais de 3 a 5 salários-mínimos (3,34%); Mais de 5 a 10 salários-mínimos (1,87%) e Mais de 10 salários-mínimos (0,52%). 
Procedimentos de Ponderação: A execução do trabalho de campo busca o preenchimento exato das cotas previamente estabelecidas. Contudo, está prevista a aplicação de técnicas de ponderação estatística (pós-estratificação) caso sejam identificadas divergências entre a distribuição da amostra empírica e os parâmetros populacionais que ultrapassem o limite da margem de erro. 
Os fatores de ponderação para as variáveis de sexo e faixa etária serão calculados pela razão entre a proporção populacional teórica e a proporção amostral obtida em campo (W_i = P_i / p_i). 
Para a variável de grau de instrução, a ponderação pós-estratificada será aplicada exclusivamente como medida corretiva residual, caso o desvio entre a distribuição amostral observada e os parâmetros populacionais de referência supere a margem de erro da pesquisa (± 2,5 p.p.) em qualquer categoria, situação em que o fator será calculado por W_i = P_i / p_i. Para a variável de nível econômico, o fator de ponderação adotado será igual a 1 (peso unitário), preservando-se a distribuição observada em campo, em razão da defasagem temporal dos dados do Censo Demográfico 2022 do IBGE em relação ao ano eleitoral de 2026, o que inviabiliza tecnicamente a correção amostral por essa variável sem introdução de viés sistemático.
";"A METADATA adota um protocolo de controle de qualidade (Quality Assurance) rigoroso para garantir a integridade dos dados coletados. O trabalho de campo é coordenado por uma equipe de supervisores experientes, incluindo o estatístico Adryan Fernandes Rocha de Brito, inscrito no Conselho de Estatística da 5ª Região sob o nº 11203, responsáveis pelo acompanhamento sistemático das rotas de entrevistas e pela verificação do desempenho dos pesquisadores. A profissional responsável técnica pela pesquisa é Karine Symonir de Brito Pessoa, inscrita no Conselho de Estatística da 5ª Região sob o nº 11197. A referida profissional assina digitalmente o presente registro, declarando: (i) o compromisso de manter a documentação auditável exigida pela Resolução TSE nº 23.600/2019; e (ii) a ciência de que a prestação de informação falsa ou a conivência com a divulgação de pesquisa fraudulenta sujeitam o declarante às sanções legais e profissionais cabíveis, nos termos do art. 2º, IX, da Resolução TSE nº 23.600/2019, com redação da Resolução TSE nº 23.747/2026. 
O sistema de fiscalização abrange os seguintes procedimentos:
- Monitoramento Tecnológico: Utilização de sistema de coleta de dados operando em dispositivos eletrônicos móveis (CAPI - Computer-Assisted Personal Interviewing). O sistema é equipado com georreferenciamento (GPS) e registro de data/hora (time-stamp), garantindo a rastreabilidade espacial e temporal de 100% das entrevistas realizadas.
- Auditoria de Campo: Checagem presencial contínua e acompanhamento simultâneo de abordagens para certificar a correta leitura do questionário, a adequada seleção do respondente no domicílio e a neutralidade do pesquisador.
- Consistência Lógica e Estatística: Validação eletrônica das respostas por meio de algoritmos de consistência (filtros de pulo obrigatórios, controle de tempo mínimo de resposta e detecção de padrões anômalos).
- Auditoria Amostral (Back-check): Verificação de consistência estatística e confirmação de, no mínimo, 15% dos questionários aplicados por cada pesquisador. 
Esse conjunto de procedimentos assegura um elevado padrão de confiabilidade, precisão metodológica e total transparência dos resultados obtidos, em estrita conformidade com as exigências da Justiça Eleitoral.
";"Em conformidade com a Lei nº 9.504/1997 (Lei das Eleições) e a Resolução TSE nº 23.600/2019, com as atualizações conferidas pela Resolução TSE nº 23.747/2026, a pesquisa abrange a área física do Estado do Rio Grande do Norte. A distribuição espacial das entrevistas engloba os seguintes 62 (sessenta e dois) municípios selecionados a partir de amostragem aleatória estratificada pelas mesorregiões e considerando o peso de representatividade eleitoral, distribuídos de forma representativa nas mesorregiões do estado: 
Acari, Afonso Bezerra, Alexandria, Alto do Rodrigues, Apodi, Areia Branca, Arez, Assú, Baraúna, Brejinho, Caicó, Campo Grande, Canguaretama, Caraúbas, Ceará-Mirim, Currais Novos, Extremoz, Goianinha, Governador Dix-Sept Rosado, Guamaré, Ielmo Marinho, Ipanguaçu, Jardim de Piranhas, João Câmara, Jucurutu, Lagoa Nova, Lajes, Luís Gomes, Macaíba, Macau, Maxaranguape, Monte Alegre, Mossoró, Natal, Nísia Floresta, Nova Cruz, Parelhas, Parnamirim, Patu, Pau dos Ferros, Pedro Velho, Pendências, Poço Branco, Rio do Fogo, Santa Cruz, Santana do Matos, Santo Antônio, São Gonçalo do Amarante, São José de Mipibu, São José do Campestre, São Miguel, São Paulo do Potengi, São Tomé, Serra do Mel, Taipu, Tangará, Tenente Ananias, Tibau do Sul, Touros, Umarizal, Upanema e Vera Cruz. 
Nos termos do art. 2º, §7º-F, da Resolução TSE nº 23.600/2019 (incluído pela Resolução TSE nº 23.747/2026), adota-se como unidade territorial alternativa o município de realização da entrevista, com controle de proporcionalidade eleitoral por mesorregião do IBGE. Após a divulgação, o registro será complementado com o número de eleitores pesquisados por município, conforme art. 2º, §7º, III e IV, da mesma Resolução.
"
"07/08/2026";"05:47:04";2026;81;"Eleições Gerais 2026";"RN";"RN";"RIO GRANDE DO NORTE";"RN022672026";"2026-05-22 17:23:23";"N";"19259002000128";"ATLASINTEL TECNOLOGIA DE DADOS LTDA";"ATLASINTEL";"Governador, Senador";"2026-05-22 00:00:00";"2026-05-27 00:00:00";"2026-05-28 00:00:00";1000;"11220";"ANDREI CAMILO DOS SANTOS";"60000,00";"Pesquisa quantitativa com coleta aleatória via questionário estruturado web e pós-estratificação da amostra de acordo com as características do eleitorado de Rio Grande do Norte.";"Amostra aleatória pós-estratificada via algoritmo iterativo com quotas proporcionais, representando características do eleitorado de Rio Grande do Norte: SEXO: Masculino: 47.2%; Feminino: 52.8%. FAIXA ETÁRIA: Entre 16 a 24 anos: 12.9%; Entre 25 a 34 anos: 19.6%; Entre 35 a 44 anos: 20.5%; Entre 45 a 59 anos: 24.9%; 60 ou mais: 22.1%. ESCOLARIDADE: Ensino Fundamental completo ou incompleto e eleitores sem educação formal: 39.4%; Ensino Médio completo ou incompleto: 41.2%; Ensino Superior completo ou incompleto: 19.4%. NÍVEL ECONÔMICO: Renda familiar mensal até R$2000: 33.6%; Mais de R$2.000 a R$3.000: 22.7%; Mais de R$3.000 a R$5.000: 21.5%; Mais de R$5.000 a R$10.000: 13.6%; Mais de R$10.000: 8.6%. OBS.: devido ao arredondamento, a soma dos percentuais pode variar de 99% a 101%. Na agregação final, para cada variável de ponderação, serão admissíveis desvios de até 3.0 pontos percentuais em relação às quotas estipuladas. Confiança estimada: 95%, margem de erro: +/- 3.0 pontos percentuais. FONTE DOS DADOS: PNADC 2024 para escolaridade e nível econômico | TSE 2026 para sexo e faixa etária.";"Coleta feita com a utilização de questionário eletrônico com procedimentos específicos para o armazenamento seguro dos dados. São checados manualmente no mínimo 15% dos questionários para detectar possíveis anomalias. Pesquisadores especializados realizam internamente uma verificação exaustiva da consistência dos dados antes da divulgação dos resultados finais.";"#NULO#"
"07/08/2026";"05:47:04";2026;81;"Eleições Gerais 2026";"RN";"RN";"RIO GRANDE DO NORTE";"RN085782026";"2026-01-12 20:04:14";"N";"43941908000102";"DATAVERO PESQUISA E CONSULTORIA LTDA";"DATAVERO INSTITUTO DE PESQUISAS";"Governador, Senador, Deputado Federal, Deputado Estadual";"2026-01-10 00:00:00";"2026-01-11 00:00:00";"2026-01-18 00:00:00";800;"9835";"PATRICIA VIANA DE LIMA";"6000,00";"A pesquisa foi quantitativa. Utilizou-se como instrumento de coleta um questionário estruturado com questões abertas e fechadas. As entrevistas foram individuais aplicadas aos eleitores, residentes em domicílios do município de Natal/RN. As entrevistas foram individuais presenciais do tipo face a face, realizadas com eleitores nos seus próprios domicílios. Em cada domicílio apenas um eleitor é selecionado para as entrevistas, obedecendo aos critérios específicos de pesquisa.";"A pesquisa foi estratificada, utilizou-se uma amostra de 800 eleitores, distribuída por toda área geográfica do município, compreendendo os bairros oficiais do município. A distribuição da amostra foi realizada de acordo com as informações do Tribunal Superior Eleitoral (TSE), considerando o eleitorado do sexo masculino (45,1%) e do sexo feminino (54,9%); distribuída na faixa etária de 16-24 anos (10,7%), 25-34 anos (19,6%), 35-44 anos (21,3%), 45-59 anos (24,9%) e 60 anos ou mais (23,4%). Tendo grau de Instrução analfabeto e que lê e escreve (5,5%), ensino fundamental incompleto e completo (22,6%), ensino médio incompleto ou completo (46,0%), ensino superior incompleto e completo (25,9%). Vale ressaltar que o TSE não fornece dados sobre o nível econômico do eleitorado. Deste modo, foram utilizados como estimativa os dados do Censo do IBGE, sendo até 1 salário-mínimo (57,6%), mais de 1 a 3 salários-mínimos (27,4%), mais de 3 a 5 salários-mínimos (6,8%), mais de 5 a 10 salários-mínimos (5,6%) e mais de 10 salários-mínimos (2,5%). Para a variável Nível Econômico será considerado o que for coletado em campo, pois os dados oficiais disponíveis no IBGE estão desatualizados. Para variações maiores que a margem de erro entre a amostra coletada e os parâmetros previstos das variáveis sexo, faixa etária, escolaridade e renda, é possível utilizar fator de ponderação igual a 1, garantindo que os resultados de campo reflitam fielmente a composição da população-alvo. A margem de erro da pesquisa é de 3,5 pontos percentuais e o nível de confiança é de 95%.";"O sistema de controle do trabalho de campo foi executado por supervisores que em campo fazem checagem das entrevistas realizadas, além disso, o Instituto DataVero possui seu próprio sistema de verificação, onde os pesquisadores são monitorados em tempo real via georreferenciamento. O controle de qualidade interna consiste na verificação da consistência estatística dos questionários aplicados feita, através do cruzamento do código do entrevistador com os códigos das questões da pesquisa, possibilitando assim avaliar a confiabilidade dos resultados da pesquisa com total precisão. ";"Os bairros, distritos e comunidades pesquisadas foram: Potengi, Salinas, Igapó, Nossa Senhora da Apresentação, Lagoa Azul, Pajuçara, Redinha, Lagoa Nova, Nova Descoberta, Ponta Negra, Neópolis, Pitimbu, Candelária, Capim Macio, Cidade Alta, Ribeira, Rocas, Santos Reis, Praia do Meio, Areia Preta, Mãe Luiza, Petrópolis, Tirol, Barro Vermelho, Lagoa Seca, Alecrim, Cidade da Esperança, Cidade Nova, Planalto, Guarapes, Felipe Camarão, Bom Pastor, Bairro Nordeste, Quintas, Dix-Sept Rosado e Nossa Senhora de Nazaré."
"07/08/2026";"05:47:04";2026;81;"Eleições Gerais 2026";"RN";"RN";"RIO GRANDE DO NORTE";"RN018092026";"2026-05-02 21:11:01";"S";"10783981000144";"SETA INSTITUTO DE PESQUISA LTDA";"INSTITUTO SETA DE PESQUISA";"Governador, Senador, Deputado Federal, Deputado Estadual";"2026-05-03 00:00:00";"2026-05-05 00:00:00";"2026-05-08 00:00:00";1500;"8954";"Galttieri Ferreira Tavares";"15000,00";"Pesquisa com metodologia quantitativa, com a realização de entrevistas pessoais utilizando questionário estruturado junto a uma amostra representativa do eleitorado do estado do RN.
";"A amostra será representativa dos eleitores das áreas pesquisadas e será selecionada em duas etapas. Na primeira etapa realiza-se um sorteio probabilístico das localidades onde as entrevistas serão realizadas através do método PPT (Probabilidade Proporcional ao Tamanho), considerando a população com 16 anos ou mais residente nas localidades como base para essa seleção. Na segunda etapa, a seleção do entrevistado dentro da localidade será feita utilizando-se quotas amostrais proporcionais, em função das seguintes variáveis: Gênero: Masculino (47.23%); Feminino (52.77%); ; Faixa etária: De 16 a 20 anos: (5.99%); Entre 21 e 24 anos: (7.00%); Entre 25 e 34 anos: (19.56%); Entre 35 e 44 anos: (20.51%); 45 a 59 anos: (24.88%); Com 60 anos ou mais: (22.06%); ; ESCOLARIDADE: De analfabeto até ensino fundamental completo (Contêm eleitores que apenas Lê e escrevem, Analfabetos e que cursaram Ensino Fundamental Incompleto e Completo): 43,19%; Ensino médio incompleto ou completo: 42,84%; Ensino superior incompleto ou completo: 13,97% ; RENDA DOMICILIAR MENSAL: Sem rendimento: (2,29%); Até 1 Salário Minimo: (72,67%); Mais de 1 a 2 salários mínimos: (14,85%); Mais de 2 a 5 salários mínimos: (7,81%); Mais de 5 a 10 salários mínimos: (1,87%); Mais de 10 salários mínimos: (0,52%). . Está prevista eventual ponderação para correção das variáveis gênero e faixa etária, com base nos percentuais acima apresentados, caso ocorram diferenças superiores a 4,5 (quatro vírgula cinco) pontos percentuais entre o previsto na amostra e a coleta realizada, para as variáveis escolaridade e renda domiciliar mensal, o fator de ponderação é igual a 1 (resultados obtidos no campo). O nível de confiança estimado é de 95% (noventa e cinco por cento) para uma margem de erro estimada, considerando uma técnica de amostragem aleatória simples, de aproximadamente 2,5 pontos percentuais para mais ou para menos sobre os resultados obtidos. Fonte de Dados: TSE - Abril/2026 e dados do IBGE.
";"As entrevistas serão realizadas por uma equipe de entrevistadores e supervisores devidamente qualificada pelo Instituto, com experiência e treinamento em pesquisas de opinião pública. No decorrer do trabalho de coleta de dados, os questionários aplicados, serão auditados em no mínimo 20% (vinte por cento) para verificação quanto ao cuidado na sua aplicação, bem como a adequação do entrevistado às variáveis das quotas amostrais.
";"Dados relativos aos municípios e bairros abrangidos pela pesquisa. Na ausência de delimitação do bairro, será identificada a área em que foi realizada a pesquisa (conforme §7º do art. 2º da Resolução-TSE nº 23.600/2019). A partir do dia em que a pesquisa puder ser divulgada e até o dia seguinte, o registro deverá ser complementado, sob pena de ser a pesquisa considerada não registrada; na ausência de delimitação do bairro, será identificada a área em que foi realizada.
"
"07/08/2026";"05:47:04";2026;81;"Eleições Gerais 2026";"RN";"RN";"RIO GRANDE DO NORTE";"RN095202026";"2026-06-19 17:45:13";"N";"64500153000180";"LAIS CRISTINA RODRIGUES DE OLIVEIRA LTDA";"IPSENSUS PESQUISAS";"Governador, Senador, Deputado Federal, Deputado Estadual";"2026-06-18 00:00:00";"2026-06-22 00:00:00";"2026-06-25 00:00:00";1500;"11564";"GIOVANA RILLARY DA SILVA ROCHA";"15000,00";"Pesquisa quantitativa, com realização de entrevistas pessoais e aplicação de
questionário estruturado junto a uma amostra representativa do eleitorado
do Estado do Rio Grande do Norte.";"A amostra será representativa do eleitorado da área de abrangência da
pesquisa e será selecionada em três estágios. No primeiro estágio, será
realizado o sorteio probabilístico dos municípios onde as entrevistas serão
realizadas, por meio do método PPT (Probabilidade Proporcional ao Tamanho),
considerando a população eleitora com 16 anos ou mais residente nos
municípios como base para essa seleção. No segundo estágio, será realizado o
sorteio probabilístico dos setores censitários onde as entrevistas serão
realizadas, também por meio do método PPT (Probabilidade Proporcional ao Tamanho), tomando como base a população eleitora de 16 anos ou mais
residente nos respectivos setores censitários. No terceiro estágio, a seleção do
entrevistado dentro de cada setor censitário será feito por meio de cotas
amostrais proporcionais, considerando as seguintes variáveis : GÊNERO: FEMININO 52,77%; MASCULINO 47,23% ; Faixa Etária: 16 a 24 anos 13,0% ; 25 a 34 anos 19,6% ; 35 a 44 anos 20,5% ; 45 a 59 anos 24,9% ; 60 anos ou mais 22,0% ; ; Grau de instrução: ANALFABETO 5,75% ; LÊ E ESCREVE 8,92% ; ENSINO FUNDAMENTAL INCOMPLETO 24,33% ; ENSINO FUNDAMENTAL COMPLETO 4,19% ; ENSINO MÉDIO INCOMPLETO 18,12% ; ENSINO MÉDIO COMPLETO 24,72% ; SUPERIOR INCOMPLETO 5,04% ; SUPERIOR COMPLETO 8,93% ;  
 Fonte de dados: TSE e TRE - RN, abril de 2026 (https://cidades.ibge.gov.br/brasil/rn//pesquisa/23/24304 ; https://sig.tse.jus.br/ords/dwapr/r/seai/sig-eleitor-eleitorado-mensal/cruzamento-eleitorado-mensal?p24_metricas=E&p24_back=22&p24_cruzamento_1=ds_sexo&clear=24&session=114977019083086 ; https://sig.tse.jus.br/ords/dwapr/r/seai/sig-eleitor-eleitorado-mensal/cruzamento-eleitorado-mensal?p24_cruzamento_1=ds_faixa_etaria&p24_metricas=E&p24_back=22&clear=24&session=114977019083086 ; https://sig.tse.jus.br/ords/dwapr/r/seai/sig-eleitor-eleitorado-mensal/cruzamento-eleitorado-mensal?p24_cruzamento_1=ds_grau_instrucao&p24_metricas=E&p24_back=22&clear=24&session=114977019083086 ; Ano=2026; Mês = ABRIL; UF= RN; ).    

 Renda familiar (Classe de rendimento nominal mensal domiciliar IBGE): Até 1/2 salário mínimo 8,10% ; Mais de 1/2 a 1 salário mínimo 20,05% ; Mais de 1 a 2 salários mínimos 27,93% ; Mais de 2 a 5 salários mínimos 26,31% ; Mais de 5 a 10 salários mínimos 8,34% ; Mais de 10 a 20 salários mínimos 3,58% ; Mais de 20 salários mínimos 1,65% ; Sem rendimento 4,04% ;
Fonte de dados IBGE 2010 (https://cidades.ibge.gov.br/brasil/rn/pesquisa/23/22787?detalhes=true ) 
 e IBGE 2022 (https://www.ibge.gov.br/estatisticas/sociais/populacao/22827-censo-demografico-2022.html?edicao=41852&t=resultados) para os dados da população. Tamanho da amostra: 1500 entrevistas. 
Intervalo de Confiança/Margem de Erro: O intervalo de confiança estimado é de 95,0% e a margem de erro máxima estimada é de 2,5 pontos percentuais para mais ou para menos sobre os resultados encontrados no total da amostra.  Observação:
Conforme informações obtidas do Instituto Brasileiro de Geografia e Estatística
- IBGE, o instituto não divulgou e não tem previsão de data para divulgação do
perfil econômico (nível econômico) da população brasileira; portanto, os dados
quanto ao nível econômico obtidos no Censo 2022 não podem ser utilizados,
pois não foram publicados. (https://censo2022.ibge.gov.br/panorama/). Está
prevista eventual ponderação para correção das variáveis gênero e faixa etária,
com base nos percentuais acima apresentados, caso ocorram diferenças
superiores a 3,0 (três) pontos percentuais entre a amostra prevista e a coleta
realizada. Para as variáveis escolaridade e renda domiciliar mensal, o fator de
ponderação será igual a 1, considerando-se os resultados obtidos em campo.";"Para a realização da pesquisa, serão conduzidas uma equipe de entrevistadores
e supervisores credenciados e devidamente treinados pela empresa para esse
tipo de pesquisa. Após os trabalhos de coleta dos dados, 100% dos
questionários são criticados e passam por uma fiscalização de cerca de 20%
(vinte por cento) dos questionários aplicados por cada entrevistador; passam
por uma etapa de verificação da consistência das respostas e da adequação dos
entrevistados aos parâmetros amostrais.";"A relação dos municípios e das localidades abrangidos pela coleta, com a
respectiva distribuição das entrevistas, será apresentada a partir do dia em que
a pesquisa puder ser divulgada e até o dia seguinte, nos termos §7º do art. 2º
da Resolução TSE nº. 23.600/2019."
"07/08/2026";"05:47:04";2026;81;"Eleições Gerais 2026";"RN";"RN";"RIO GRANDE DO NORTE";"RN069332026";"2026-06-23 19:27:58";"N";"47798321000147";"INSTITUTO DATA CENSUS POTIGUAR LTDA";"#NULO#";"Governador, Senador, Deputado Federal, Deputado Estadual";"2026-06-25 00:00:00";"2026-06-29 00:00:00";"2026-06-29 00:00:00";2000;"9620";"KALLINE FABIANA SILVEIRA MARINHO";"10000,00";"A pesquisa é do tipo quantitativa e será realizada mediante entrevistas presenciais domiciliares com aplicação de questionário estruturado junto a eleitores residentes no Estado do Rio Grande do Norte, aptos ao exercício do voto na data da coleta.
A coleta dos dados será realizada por entrevistadores previamente treinados e supervisionados, utilizando sistema eletrônico de coleta de dados (CAPI ¿ Computer Assisted Personal Interviewing), por meio de dispositivos móveis, permitindo o registro digital das respostas, da data e horário da entrevista, do tempo de aplicação e da geolocalização do ponto de coleta, assegurando a rastreabilidade e auditabilidade integral do trabalho de campo.
O plano amostral adotado é probabilístico, estratificado e realizado em múltiplos estágios. Inicialmente, o Estado do Rio Grande do Norte foi estratificado por regiões geográficas e áreas de representatividade eleitoral. Em seguida, os municípios integrantes da amostra foram selecionados por procedimento probabilístico com Probabilidade Proporcional ao Tamanho (PPT), tomando-se como referência o número de eleitores constantes do cadastro oficial do Tribunal Superior Eleitoral, de forma a assegurar adequada representação das diferentes regiões do Estado.
No segundo estágio, são selecionados setores censitários constantes da malha territorial oficial do Instituto Brasileiro de Geografia e Estatística (IBGE), mediante procedimento probabilístico. No terceiro estágio, os domicílios são selecionados sistematicamente dentro dos setores censitários sorteados. No estágio final, o entrevistado é selecionado mediante procedimento aleatório baseado no método do último aniversário, assegurando igualdade de probabilidade de seleção entre os eleitores elegíveis residentes no domicílio.
A pesquisa observa procedimentos estatísticos compatíveis com as normas técnicas aplicáveis às pesquisas de opinião pública e eleitoral, assegurando representatividade do universo pesquisado e aderência aos parâmetros demográficos, socioeconômicos e territoriais da população eleitoral do Estado.
";"A população-alvo da pesquisa é composta pelos eleitores regularmente inscritos no Estado do Rio Grande do Norte, totalizando 2.649.282 eleitores, conforme dados oficiais do Tribunal Superior Eleitoral.
A amostra é composta por 2.000 entrevistas distribuídas em municípios selecionados por procedimento probabilístico com Probabilidade Proporcional ao Tamanho (PPT), observando-se a distribuição do eleitorado estadual e a representação das diferentes regiões geográficas do Estado.
A estrutura amostral foi definida com base em parâmetros oficiais do Tribunal Superior Eleitoral (TSE) e do Instituto Brasileiro de Geografia e Estatística (IBGE), observando-se os seguintes controles:
Sexo
¿	Feminino: 53% 
¿	Masculino: 47% 
Faixa etária
¿	16 a 20 anos: 6% 
¿	21 a 24 anos: 7% 
¿	25 a 34 anos: 20% 
¿	35 a 44 anos: 21% 
¿	45 a 59 anos: 25% 
¿	60 anos ou mais: 21% 
Escolaridade
¿	Analfabeto/lê e escreve: 15% 
¿	Ensino Fundamental incompleto: 25% 
¿	Ensino Fundamental completo: 4% 
¿	Ensino Médio incompleto: 18% 
¿	Ensino Médio completo: 24% 
¿	Ensino Superior incompleto: 5% 
¿	Ensino Superior completo: 9% 
Renda familiar
¿	Menos de 1 salário mínimo: 56% 
¿	De 1 a 3 salários mínimos: 32% 
¿	Mais de 3 salários mínimos: 12% 
Situação do domicílio
¿	Zona urbana: 82% 
¿	Zona rural: 18% 
Concluída a coleta, poderão ser aplicados procedimentos estatísticos de ponderação para ajuste da composição final da amostra aos parâmetros populacionais oficiais, considerando sexo, faixa etária, escolaridade, renda e distribuição geográfica, utilizando-se como referência dados do Tribunal Superior Eleitoral e do Instituto Brasileiro de Geografia e Estatística.
Considerando-se nível de confiança de 95%, proporção máxima de variabilidade e o desenho amostral adotado, a margem máxima estimada de erro para o total da amostra é de aproximadamente 2,2 pontos percentuais para mais ou para menos.
";"A pesquisa será submetida a sistema interno permanente de controle, verificação, conferência, supervisão e auditoria, destinado a assegurar a qualidade, autenticidade, integridade e rastreabilidade dos dados coletados.
Todos os entrevistadores receberão treinamento prévio padronizado, abrangendo os procedimentos de abordagem, aplicação do questionário, registro das respostas, critérios de seleção dos entrevistados e observância das regras estabelecidas no plano amostral.
As entrevistas serão realizadas exclusivamente por meio de sistema eletrônico de coleta de dados (CAPI), com registro automático e auditável de data, horário de início e término da entrevista, duração da aplicação, identificação do entrevistador e coordenadas geográficas do local de realização.
O sistema eletrônico utilizado possui mecanismos automáticos de validação e consistência, destinados a identificar e impedir registros incompletos, inconsistentes ou incompatíveis com os parâmetros definidos para a pesquisa.
Será realizada supervisão direta de, no mínimo, 20% das entrevistas efetuadas em campo, mediante acompanhamento presencial ou remoto das atividades dos entrevistadores.
Adicionalmente, será efetuada verificação posterior de, no mínimo, 30% das entrevistas realizadas, por meio de procedimentos de conferência destinados a confirmar a realização da coleta e a consistência das informações registradas.
Serão monitorados indicadores operacionais relacionados ao trabalho de campo, incluindo tempo de aplicação, distribuição geográfica das entrevistas e aderência ao plano amostral.
Após a conclusão da coleta, os dados serão submetidos a auditoria interna para verificação da consistência estatística, integridade das bases de dados e conformidade com o plano amostral registrado.
Todos os registros permanecerão armazenados em ambiente eletrônico seguro, preservando sua integridade e disponibilidade para eventual fiscalização pela Justiça Eleitoral e demais legitimados, nos termos da legislação vigente e resguardado o sigilo dos entrevistados.
";"A pesquisa possui abrangência estadual e será realizada em municípios selecionados por procedimento probabilístico com Probabilidade Proporcional ao Tamanho (PPT), tomando-se como referência o eleitorado constante do cadastro oficial do Tribunal Superior Eleitoral, observada a representação das diferentes regiões geográficas do Estado do Rio Grande do Norte.
A distribuição das entrevistas será realizada mediante seleção probabilística de setores censitários urbanos e rurais constantes da malha territorial oficial do Instituto Brasileiro de Geografia e Estatística (IBGE), observando-se rigorosamente o plano amostral registrado.
A relação completa dos municípios abrangidos, bairros, localidades, áreas pesquisadas, setores censitários selecionados e respectivos quantitativos de entrevistas será apresentada à Justiça Eleitoral na forma, nos prazos e com o nível de detalhamento exigidos pela Resolução TSE nº 23.600/2019 e alterações posteriores.
As informações disponibilizadas permitirão a plena identificação das áreas pesquisadas, a verificação da distribuição amostral e a fiscalização da execução do trabalho de campo pelos órgãos competentes e pelos demais legitimados, observadas as garantias legais de sigilo e proteção dos entrevistados.
"
"07/08/2026";"05:47:04";2026;81;"Eleições Gerais 2026";"RN";"RN";"RIO GRANDE DO NORTE";"RN003372026";"2026-07-23 17:41:09";"N";"40808743000107";"PERFIL PESQUISAS TECNICAS LTDA";"PERFIL PESQUISAS TECNICAS";"Governador, Senador, Deputado Federal, Deputado Estadual";"2026-07-23 00:00:00";"2026-07-26 00:00:00";"2026-07-29 00:00:00";1600;"5727 ";"AMAURY MACEDO DO NASCIMENTO";"15000,00";"Pesquisa quantitativa consistindo da realização de entrevistas pessoais, através da aplicação de formulários estruturados e padronizados junto a uma amostra representativa da população pesquisada.";"Foi retirada uma amostra aleatória simples de 1.600 (um mil e seiscentos) entrevistados do universo composto pelos eleitores do estado do Rio Grande do Norte, a aleatorização da amostra foi planejada sobre a cobertura geográfica do Estado dividido em onze regiões geográficas imediatas (fonte IBGE - https://geoftp.ibge.gov.br/organizacao_do_territorio/divisao_regional/divisao_regional_do_brasil/divisao_regional_do_brasil_em_regioes_geograficas_2017/mapas/24_regioes_geograficas_rio_grande_do_norte.pdf), quais sejam: Região de Natal, Região de Mossoró, Região de João Câmara, Região de São Paulo do Potengi, Região de Santa Cruz, Região de Santo Antônio ¿ Passa E Fica ¿ Nova Cruz, Região de Caicó, Região de Currais Novos, Região de Pau dos Ferros, Região de Açu, Região de Canguaretama, utilizando-se dados do TSE para proporcionalização entre as referidas regiões de acordo com seu potencial eleitoral, abrangendo 58 (cinquenta e oito) municípios. 

Foram utilizadas informações do TSE (junho 2026 para proporcionalização do sexo (Feminino 52,77% Masculino 47,23%) e idade (16 a 24 anos 13,37%, 25 a 44 anos 39,71% 45 a 59 anos 24,81% e 60 anos ou mais 22,09%) (O total pode dar mais/menos de 100% por arredondamento do TSE), quanto a Grau de Instrução, a estimativa também seguem dados de Junho/26 do TSE, atingindo eleitores Analfabetos/Lê e Escreve (14,53%), Com Nível de Ensino Fundamental Completo/Incompleto (28,37%), Com Nível de Ensino Médio Completo/Incompleto (43,16%), e com Nível de Ensino Superior Completo/Incompleto (13,94%) (O total pode dar mais/menos de 100% por arredondamento do TSE). Com relação ao Nível Econômico dos entrevistados, são tomados como referência dados do IBGE (Tabela SIDRA 10292 ¿ Censo 2022), com a divisão de até 02 SM (79,09%), 02 a 05 SM (15,37%), 05 a 10SM (03,72%) e mais de 10SM (1,80%) (total menor que 100% de acordo com arredondamento e dados do IBGE). Está prevista eventual pós-estratificação da amostra, para correção de estimativas e das distribuições das variáveis sexo, idade, escolaridade e renda familiar, com base nos percentuais apresentados, caso ocorram diferenças acima da margem de erro entre os percentuais previstos na amostra e a coleta de dados realizada. 


O erro amostral máximo calculado para o tamanho da amostra em relação ao total dos eleitores é de 02,45% (dois pontos percentuais e quarenta e cinco centésimos) e o intervalo de confiança de 95%. Isto significa que poderá ocorrer uma variação máxima para mais ou para menos nos percentuais levantados, dentro da citada margem de erro.  
";"A partir do inicio do trabalho de campo os pesquisadores serão fiscalizados permanentemente por três coordenadores que se responsabilizarão pela checagem do material coletado (10% no mínimo) verificando a consistência interna dos dados e a adequação aos parâmetros amostrais.";"Região de Natal: Natal (4 regiões administrativas), Ceara Mirim, São Gonçalo do Amarante, Macaiba, Parnamirim, Pureza, Touros, Maxaranguape,  Extremoz, Brejinho, São José de Mipibu e Nisia Floresta,;

Região de Mossoró: Mossoró, Caraúbas, Apodi, Felipe Guerra, Baraúna e Areia Branca;

			
Região de João Câmara: João Câmara, Pedro Avelino e Jandaíra.

Região de São Paulo do Potengi: São Paulo do Potengi, Barcelona e Riachuelo;
			
Região de Santa Cruz: Santa Cruz, Campo Redondo e Tangará;

Região de Santo Antônio ¿ Passa e Fica ¿ Nova Cruz: Santo Antônio, Passa e Fica, Nova Cruz e São José de Campestre.

Região de Caicó: Caicó, Jucurutu, Jardim de Piranhas, Jardim do Seridó e Parelhas;

Região de Currais Novos: Currais Novos, Acari e Lagoa Nova;

Região de Pau dos Ferros: Pau dos Ferros, Patu, Martins, Portalegre, Rafael Fernandes, Doutor Severiano, São Miguel, Marcelino Vieira e Alexandria.

Região de Assu: Assu, Lajes, Angicos, Alto do Rodrigues, Macau e Guamaré.

Região de Canguaretama: Canguaretama, Goianinha, Tibau do Sul e Pedro Velho.
"
"07/08/2026";"05:47:04";2026;81;"Eleições Gerais 2026";"RN";"RN";"RIO GRANDE DO NORTE";"RN070322026";"2026-08-06 23:24:22";"S";"10783981000144";"SETA INSTITUTO DE PESQUISA LTDA";"INSTITUTO SETA DE PESQUISA";"Governador, Senador, Deputado Federal, Deputado Estadual";"2026-08-07 00:00:00";"2026-08-09 00:00:00";"2026-08-12 00:00:00";1500;"8954";"Galttieri Ferreira Tavares";"15000,00";"Pesquisa com metodologia quantitativa, com a realização de entrevistas pessoais utilizando questionário estruturado junto a uma amostra representativa do eleitorado do estado do RN.";"A amostra será representativa dos eleitores das áreas pesquisadas e será selecionada em duas etapas. Na primeira etapa realiza-se um sorteio probabilístico das localidades onde as entrevistas serão realizadas através do método PPT (Probabilidade Proporcional ao Tamanho), considerando a população com 16 anos ou mais residente nas localidades como base para essa seleção. Na segunda etapa, a seleção do entrevistado dentro da localidade será feita utilizando-se quotas amostrais proporcionais, em função das seguintes variáveis: Gênero: Masculino (47.23%); Feminino (52.77%); ; Faixa etária: De 16 a 20 anos: (5.94%); Entre 21 e 24 anos: (6.98%); Entre 25 e 34 anos: (19.38%); Entre 35 e 44 anos: (20.24%); 45 a 59 anos: (25.00%); Com 60 anos ou mais: (22.46%); ; ESCOLARIDADE: De analfabeto até ensino fundamental completo (Contêm eleitores que apenas Lê e escrevem, Analfabetos e que cursaram Ensino Fundamental Incompleto e Completo): 42,90%; Ensino médio incompleto ou completo: 43,16%; Ensino superior incompleto ou completo: 13,94% ; RENDA DOMICILIAR MENSAL: Sem rendimento: (1,28%); Até 1 Salário Minimo: (54,38%); Mais de 1 a 2 salários mínimos: (23,43%); Mais de 2 a 5 salários mínimos: (15,37%); Mais de 5 a 10 salários mínimos: (3,72%); Mais de 10 salários mínimos: (1,80%). . Está prevista eventual ponderação para correção das variáveis gênero e faixa etária, com base nos percentuais acima apresentados, caso ocorram diferenças superiores a 4,5 (quatro vírgula cinco) pontos percentuais entre o previsto na amostra e a coleta realizada, para as variáveis escolaridade e renda domiciliar mensal, o fator de ponderação é igual a 1 (resultados obtidos no campo). O nível de confiança estimado é de 95% (noventa e cinco por cento) para uma margem de erro estimada, considerando uma técnica de amostragem aleatória simples, de aproximadamente 2,5 pontos percentuais para mais ou para menos sobre os resultados obtidos. Fonte de Dados: TSE - Julho/2026 e dados do IBGE, Censo, 2022.";"As entrevistas serão realizadas por uma equipe de entrevistadores e supervisores devidamente qualificada pelo Instituto, com experiência e treinamento em pesquisas de opinião pública. No decorrer do trabalho de coleta de dados, os questionários aplicados, serão auditados em no mínimo 20% (vinte por cento) para verificação quanto ao cuidado na sua aplicação, bem como a adequação do entrevistado às variáveis das quotas amostrais.";"Dados relativos aos municípios e bairros abrangidos pela pesquisa. Na ausência de delimitação do bairro, será identificada a área em que foi realizada a pesquisa (conforme §7º do art. 2º da Resolução-TSE nº 23.600/2019). A partir do dia em que a pesquisa puder ser divulgada e até o dia seguinte, o registro deverá ser complementado, sob pena de ser a pesquisa considerada não registrada; na ausência de delimitação do bairro, será identificada a área em que foi realizada."
"07/08/2026";"05:47:04";2026;81;"Eleições Gerais 2026";"RN";"RN";"RIO GRANDE DO NORTE";"RN083072026";"2026-07-14 10:04:42";"N";"47798321000147";"INSTITUTO DATA CENSUS POTIGUAR LTDA";"#NULO#";"Governador, Senador, Deputado Federal, Deputado Estadual";"2026-07-15 00:00:00";"2026-07-19 00:00:00";"2026-07-20 00:00:00";2000;"9620";"KALLINE FABIANA SILVEIRA MARINHO";"10000,00";"A pesquisa é do tipo quantitativa e será realizada mediante entrevistas presenciais domiciliares com aplicação de questionário estruturado junto a eleitores residentes no Estado do Rio Grande do Norte, aptos ao exercício do voto na data da coleta.
A coleta dos dados será realizada por entrevistadores previamente treinados e supervisionados, utilizando sistema eletrônico de coleta de dados (CAPI ¿ Computer Assisted Personal Interviewing), por meio de dispositivos móveis, permitindo o registro digital das respostas, da data e horário da entrevista, do tempo de aplicação e da geolocalização do ponto de coleta, assegurando a rastreabilidade e auditabilidade integral do trabalho de campo.
O plano amostral adotado é probabilístico, estratificado e realizado em múltiplos estágios. Inicialmente, o Estado do Rio Grande do Norte foi estratificado por regiões geográficas e áreas de representatividade eleitoral. Em seguida, os municípios integrantes da amostra foram selecionados por procedimento probabilístico com Probabilidade Proporcional ao Tamanho (PPT), tomando-se como referência o número de eleitores constantes do cadastro oficial do Tribunal Superior Eleitoral, de forma a assegurar adequada representação das diferentes regiões do Estado.
No segundo estágio, são selecionados setores censitários constantes da malha territorial oficial do Instituto Brasileiro de Geografia e Estatística (IBGE), mediante procedimento probabilístico. No terceiro estágio, os domicílios são selecionados sistematicamente dentro dos setores censitários sorteados. No estágio final, o entrevistado é selecionado mediante procedimento aleatório baseado no método do último aniversário, assegurando igualdade de probabilidade de seleção entre os eleitores elegíveis residentes no domicílio.
A pesquisa observa procedimentos estatísticos compatíveis com as normas técnicas aplicáveis às pesquisas de opinião pública e eleitoral, assegurando representatividade do universo pesquisado e aderência aos parâmetros demográficos, socioeconômicos e territoriais da população eleitoral do Estado.
";"A população-alvo da pesquisa é composta pelos eleitores regularmente inscritos no Estado do Rio Grande do Norte, totalizando 2.649.282 eleitores, conforme dados oficiais do Tribunal Superior Eleitoral.
A amostra é composta por 2.000 entrevistas distribuídas em municípios selecionados por procedimento probabilístico com Probabilidade Proporcional ao Tamanho (PPT), observando-se a distribuição do eleitorado estadual e a representação das diferentes regiões geográficas do Estado.
A estrutura amostral foi definida com base em parâmetros oficiais do Tribunal Superior Eleitoral (TSE) e do Instituto Brasileiro de Geografia e Estatística (IBGE), observando-se os seguintes controles:
Sexo
¿	Feminino: 53% 
¿	Masculino: 47% 
Faixa etária
¿	16 a 20 anos: 6% 
¿	21 a 24 anos: 7% 
¿	25 a 34 anos: 20% 
¿	35 a 44 anos: 21% 
¿	45 a 59 anos: 25% 
¿	60 anos ou mais: 21% 
Escolaridade
¿	Analfabeto/lê e escreve: 15% 
¿	Ensino Fundamental incompleto: 25% 
¿	Ensino Fundamental completo: 4% 
¿	Ensino Médio incompleto: 18% 
¿	Ensino Médio completo: 24% 
¿	Ensino Superior incompleto: 5% 
¿	Ensino Superior completo: 9% 
Renda familiar
¿	Menos de 1 salário mínimo: 56% 
¿	De 1 a 3 salários mínimos: 32% 
¿	Mais de 3 salários mínimos: 12% 
Situação do domicílio
¿	Zona urbana: 82% 
¿	Zona rural: 18% 
Concluída a coleta, poderão ser aplicados procedimentos estatísticos de ponderação para ajuste da composição final da amostra aos parâmetros populacionais oficiais, considerando sexo, faixa etária, escolaridade, renda e distribuição geográfica, utilizando-se como referência dados do Tribunal Superior Eleitoral e do Instituto Brasileiro de Geografia e Estatística.
Considerando-se nível de confiança de 95%, proporção máxima de variabilidade e o desenho amostral adotado, a margem máxima estimada de erro para o total da amostra é de aproximadamente 2,2 pontos percentuais para mais ou para menos.
";"A pesquisa será submetida a sistema interno permanente de controle, verificação, conferência, supervisão e auditoria, destinado a assegurar a qualidade, autenticidade, integridade e rastreabilidade dos dados coletados.
Todos os entrevistadores receberão treinamento prévio padronizado, abrangendo os procedimentos de abordagem, aplicação do questionário, registro das respostas, critérios de seleção dos entrevistados e observância das regras estabelecidas no plano amostral.
As entrevistas serão realizadas exclusivamente por meio de sistema eletrônico de coleta de dados (CAPI), com registro automático e auditável de data, horário de início e término da entrevista, duração da aplicação, identificação do entrevistador e coordenadas geográficas do local de realização.
O sistema eletrônico utilizado possui mecanismos automáticos de validação e consistência, destinados a identificar e impedir registros incompletos, inconsistentes ou incompatíveis com os parâmetros definidos para a pesquisa.
Será realizada supervisão direta de, no mínimo, 20% das entrevistas efetuadas em campo, mediante acompanhamento presencial ou remoto das atividades dos entrevistadores.
Adicionalmente, será efetuada verificação posterior de, no mínimo, 20% das entrevistas realizadas, por meio de procedimentos de conferência destinados a confirmar a realização da coleta e a consistência das informações registradas.
Serão monitorados indicadores operacionais relacionados ao trabalho de campo, incluindo tempo de aplicação, distribuição geográfica das entrevistas e aderência ao plano amostral.
Após a conclusão da coleta, os dados serão submetidos a auditoria interna para verificação da consistência estatística, integridade das bases de dados e conformidade com o plano amostral registrado.
Todos os registros permanecerão armazenados em ambiente eletrônico seguro, preservando sua integridade e disponibilidade para eventual fiscalização pela Justiça Eleitoral e demais legitimados, nos termos da legislação vigente e resguardado o sigilo dos entrevistados.
";"A pesquisa possui abrangência estadual e será realizada em municípios selecionados por procedimento probabilístico com Probabilidade Proporcional ao Tamanho (PPT), tomando-se como referência o eleitorado constante do cadastro oficial do Tribunal Superior Eleitoral, observada a representação das diferentes regiões geográficas do Estado do Rio Grande do Norte.
A distribuição das entrevistas será realizada mediante seleção probabilística de setores censitários urbanos e rurais constantes da malha territorial oficial do Instituto Brasileiro de Geografia e Estatística (IBGE), observando-se rigorosamente o plano amostral registrado.
A relação completa dos municípios abrangidos, bairros, localidades, áreas pesquisadas, setores censitários selecionados e respectivos quantitativos de entrevistas será apresentada à Justiça Eleitoral na forma, nos prazos e com o nível de detalhamento exigidos pela Resolução TSE nº 23.600/2019 e alterações posteriores.
As informações disponibilizadas permitirão a plena identificação das áreas pesquisadas, a verificação da distribuição amostral e a fiscalização da execução do trabalho de campo pelos órgãos competentes e pelos demais legitimados, observadas as garantias legais de sigilo e proteção dos entrevistados.
"
"07/08/2026";"05:47:04";2026;81;"Eleições Gerais 2026";"RN";"RN";"RIO GRANDE DO NORTE";"RN075292026";"2026-03-14 18:50:42";"S";"10783981000144";"SETA INSTITUTO DE PESQUISA LTDA";"INSTITUTO SETA DE PESQUISA";"Governador, Senador, Deputado Federal, Deputado Estadual";"2026-03-07 00:00:00";"2026-03-09 00:00:00";"2026-03-20 00:00:00";1500;"8954";"Galttieri Ferreira Tavares";"15000,00";"Pesquisa com metodologia quantitativa, com a realização de entrevistas pessoais utilizando questionário estruturado junto a uma amostra representativa do eleitorado do RN.
";"A amostra será representativa dos eleitores das áreas pesquisadas e será selecionada em duas etapas. Na primeira etapa realiza-se um sorteio probabilístico das localidades onde as entrevistas serão realizadas através do método PPT (Probabilidade Proporcional ao Tamanho), considerando a população com 16 anos ou mais residente nas localidades como base para essa seleção. Na segunda etapa, a seleção do entrevistado dentro da localidade será feita utilizando-se quotas amostrais proporcionais, em função das seguintes variáveis: Gênero: Masculino (47.2%); Feminino (52.8%); ; Faixa etária: De 16 a 20 anos: (5.5%); Entre 21 e 24 anos: (7.0%); Entre 25 e 34 anos: (19.7%); Entre 35 e 44 anos: (20.7%); 45 a 59 anos: (25.0%); Com 60 anos ou mais: (21.8%); ; ESCOLARIDADE: De analfabeto até ensino fundamental completo (Contêm eleitores que apenas Lê e escrevem, Analfabetos e que cursaram Ensino Fundamental Incompleto e Completo): 43,5%; Ensino médio incompleto ou completo: 42,6%; Ensino superior incompleto ou completo: 13,9% ; RENDA DOMICILIAR MENSAL: Sem rendimento: (2,29%); Até 1 Salário Minimo: (72,67%); Mais de 1 a 2 salários mínimos: (14,85%); Mais de 2 a 5 salários mínimos: (7,81%); Mais de 5 a 10 salários mínimos: (1,87%); Mais de 10 salários mínimos: (0,52%). . Está prevista eventual ponderação para correção das variáveis gênero e faixa etária, com base nos percentuais acima apresentados, caso ocorram diferenças superiores a 4,5 (quatro vírgula cinco) pontos percentuais entre o previsto na amostra e a coleta realizada, para as variáveis escolaridade e renda domiciliar mensal, o fator de ponderação é igual a 1 (resultados obtidos no campo). O nível de confiança estimado é de 95% (noventa e cinco por cento) para uma margem de erro estimada, considerando uma técnica de amostragem aleatória simples, de aproximadamente 2,5 pontos percentuais para mais ou para menos sobre os resultados obtidos. Fonte de Dados: TSE - Fevereiro/2026 e dados do IBGE.
";"As entrevistas serão realizadas por uma equipe de entrevistadores e supervisores devidamente qualificada pelo Instituto, com experiência e treinamento em pesquisas de opinião pública. No decorrer do trabalho de coleta de dados, os questionários aplicados, serão auditados em no mínimo 20% (vinte por cento) para verificação quanto ao cuidado na sua aplicação, bem como a adequação do entrevistado às variáveis das quotas amostrais.
";"Na ausência de delimitação do bairro, será identificada a área em que foi realizada a pesquisa (conforme §7º do art. 2º da Resolução-TSE nº 23.600/2019). A partir do dia em que a pesquisa puder ser divulgada e até o dia seguinte, o registro deverá ser complementado, sob pena de ser a pesquisa considerada não registrada; na ausência de delimitação do bairro, será identificada a área em que foi realizada.
"
"07/08/2026";"05:47:04";2026;81;"Eleições Gerais 2026";"RN";"RN";"RIO GRANDE DO NORTE";"RN063282026";"2026-03-21 15:22:29";"N";"36461578000192";"QUALITTA EMPREEDIMENTOS LTDA";"QUALITTA EMPREENDIMENTOS";"Governador, Senador";"2026-03-22 00:00:00";"2026-03-25 00:00:00";"2026-03-27 00:00:00";1200;"7655";"AUGUSTO DA SILVA ROCHA";"18000,00";"Pesquisa em 30 municípios representativos do Estado de Rio Grande do Norte, do tipo quantitativa, com aplicação de questionário estruturado, abordagem pessoal em ponto de fluxo populacional e domiciliar. O conjunto da população eleitora dos municípios com 16 anos ou mais foi tomado como universo da pesquisa.";"O público alvo do estudo é a população do estado residente na área urbana com 16 anos ou mais. Pesquisa em 30 municípios representativos do Estado de Rio Grande do Norte. 

Fonte: O desenho da amostra será realizado de acordo com os dados populacionais disponibilizados pelo Instituto Brasileiro de Geografia e Estatística (IBGE) referentes ao Censo 2010/2022 e TSE/TRE dez/25. 
https://sidra.ibge.gov.br/tabela/3268 https://www.tse.jus.br/eleitor/estatisticas-de-eleitorado/consulta-quantitativo 

Em cada município Amostragem probabilística por conglomerados em dois estágios, assegurando a representatividade geográfica e a aleatoriedade em todas as etapas.

1.  Primeiro Estágio (Seleção de Setores Censitários): O município será estratificado pelas regiões administrativas ou zonas (urbana/rural) para garantir a cobertura de toda a área. Dentro de cada estrato, serão sorteados setores censitários com probabilidade proporcional ao tamanho (PPT), utilizando como medida de tamanho o número de domicílios particulares permanentes do Censo 2022 do IBGE.
2.  Segundo Estágio (Seleção dos Entrevistados): Em cada setor censitário sorteado, os entrevistados serão selecionados por meio de cotas proporcionais às características do eleitorado local. 


Os entrevistados são selecionados aleatoriamente segundo as cotas do estudo em função de variáveis significativas, a saber: 
Gênero: FEMININO	52,8%;
MASCULINO	47,2%
; 
Faixa Etária:  16 a 24 anos	12,46%	;
25 a 34 anos	19,78%	;
35 a 44 anos	20,82%	;
45 a 59 anos	24,99%	;
60 anos ou mais	21,95%	;

Grau de instrução:  ANALFABETO	5,80%	;
ENSINO FUNDAMENTAL COMPLETO	4,23%	;
ENSINO FUNDAMENTAL INCOMPLETO	24,55%	;
ENSINO MÉDIO COMPLETO	24,64%	;
ENSINO MÉDIO INCOMPLETO	17,75%	;
LÊ E ESCREVE	9,11%	;
SUPERIOR COMPLETO	8,95%	;
SUPERIOR INCOMPLETO	4,97%	;

Renda familiar: Até 1/2 salário mínimo	8,10%	;
Mais de 1/2 a 1 salário mínimo	20,05%	;
Mais de 1 a 2 salários mínimos	27,93%	;
Mais de 2 a 5 salários mínimos	26,31%	;
Mais de 5 a 10 salários mínimos	8,34%	;
Mais de 10 a 20 salários mínimos	3,58%	;
Mais de 20 salários mínimos	1,65%	;
Sem rendimento	4,04%	;


Para um intervalo de confiança de 95% a margem de erro máxima estimada foi de 2.8 pontos percentuais, para mais ou para menos.
";"O sistema de controle interno ocorre a partir do início da etapa de campo, onde os entrevistadores,
 exclusivos do próprio Instituto, são treinados para cada pesquisa a ser realizada, são fiscalizados permanentemente por coordenadores de campo, e são realizadas abordagens pós-entrevistas (in loco), e visitas ou abordagem retorno sobre 15% da amostra. Internamente, são feitas críticas em todos os questionários, e são codificados. Em uma última etapa é verificado a consistência dos dados.";"#NULO#"
"07/08/2026";"05:47:04";2026;81;"Eleições Gerais 2026";"RN";"RN";"RIO GRANDE DO NORTE";"RN006842026";"2026-03-31 14:51:51";"S";"10783981000144";"SETA INSTITUTO DE PESQUISA LTDA";"INSTITUTO SETA DE PESQUISA";"Governador, Senador, Deputado Federal, Deputado Estadual";"2026-03-31 00:00:00";"2026-04-02 00:00:00";"2026-04-06 00:00:00";1500;"8954";"Galttieri Ferreira Tavares";"15000,00";"Pesquisa com metodologia quantitativa, com a realização de entrevistas pessoais utilizando questionário estruturado junto a uma amostra representativa do eleitorado do RN.
";"A amostra será representativa dos eleitores das áreas pesquisadas e será selecionada em duas etapas. Na primeira etapa realiza-se um sorteio probabilístico das localidades onde as entrevistas serão realizadas através do método PPT (Probabilidade Proporcional ao Tamanho), considerando a população com 16 anos ou mais residente nas localidades como base para essa seleção. Na segunda etapa, a seleção do entrevistado dentro da localidade será feita utilizando-se quotas amostrais proporcionais, em função das seguintes variáveis: Gênero: Masculino (47.2%); Feminino (52.8%); ; Faixa etária: De 16 a 20 anos: (5.5%); Entre 21 e 24 anos: (7.0%); Entre 25 e 34 anos: (19.7%); Entre 35 e 44 anos: (20.7%); 45 a 59 anos: (25.0%); Com 60 anos ou mais: (21.8%); ; ESCOLARIDADE: De analfabeto até ensino fundamental completo (Contêm eleitores que apenas Lê e escrevem, Analfabetos e que cursaram Ensino Fundamental Incompleto e Completo): 43,5%; Ensino médio incompleto ou completo: 42,6%; Ensino superior incompleto ou completo: 13,9% ; RENDA DOMICILIAR MENSAL: Sem rendimento: (2,29%); Até 1 Salário Minimo: (72,67%); Mais de 1 a 2 salários mínimos: (14,85%); Mais de 2 a 5 salários mínimos: (7,81%); Mais de 5 a 10 salários mínimos: (1,87%); Mais de 10 salários mínimos: (0,52%). . Está prevista eventual ponderação para correção das variáveis gênero e faixa etária, com base nos percentuais acima apresentados, caso ocorram diferenças superiores a 4,5 (quatro vírgula cinco) pontos percentuais entre o previsto na amostra e a coleta realizada, para as variáveis escolaridade e renda domiciliar mensal, o fator de ponderação é igual a 1 (resultados obtidos no campo). O nível de confiança estimado é de 95% (noventa e cinco por cento) para uma margem de erro estimada, considerando uma técnica de amostragem aleatória simples, de aproximadamente 2,5 pontos percentuais para mais ou para menos sobre os resultados obtidos. Fonte de Dados: TSE - Fevereiro/2026 e dados do IBGE.
";"As entrevistas serão realizadas por uma equipe de entrevistadores e supervisores devidamente qualificada pelo Instituto, com experiência e treinamento em pesquisas de opinião pública. No decorrer do trabalho de coleta de dados, os questionários aplicados, serão auditados em no mínimo 20% (vinte por cento) para verificação quanto ao cuidado na sua aplicação, bem como a adequação do entrevistado às variáveis das quotas amostrais.
";"Na ausência de delimitação do bairro, será identificada a área em que foi realizada a pesquisa (conforme §7º do art. 2º da Resolução-TSE nº 23.600/2019). A partir do dia em que a pesquisa puder ser divulgada e até o dia seguinte, o registro deverá ser complementado, sob pena de ser a pesquisa considerada não registrada; na ausência de delimitação do bairro, será identificada a área em que foi realizada.
"
"07/08/2026";"05:47:04";2026;81;"Eleições Gerais 2026";"RN";"RN";"RIO GRANDE DO NORTE";"RN022772026";"2026-07-21 19:25:13";"N";"38061259000115";"TS2 SOLUCOES EMPRESARIAL LTDA";"TS2 SOLUCOES";"Governador, Senador, Deputado Federal, Deputado Estadual";"2026-07-22 00:00:00";"2026-07-27 00:00:00";"2026-07-27 00:00:00";1800;"10820";"Izabelly Cristina Mendes Tinoco";"46204,00";"Pesquisa quantitativa, de survey, que consiste na realização de entrevistas pessoais (domiciliares e em lugares preestabelecidos de fluxo populacional), presenciais e de interação face a face, com aplicação de questionário estruturado e abordagem junto a uma amostra representativa do eleitorado do estado do Rio Grande do Norte. ";"O público-alvo é composto pelos eleitores a partir de 16 anos, residentes no estado do Rio Grande do Norte e distribuídos segundo o método PPT (Probabilidade Proporcional ao Tamanho), considerando a densidade eleitoral de cada região geográfica.
 
O plano amostral é definido da seguinte forma: (1) A distribuição espacial da amostra segue a Divisão Regional do Brasil em Regiões Geográficas Imediatas e Intermediárias, estabelecida pelo IBGE em 2017 e atualizada em 2018, em conformidade com o art. 2º, §7º, da Resolução TSE nº 23.600/2019 (com redação dada pela Resolução TSE nº 23.747/2026), que exige a observância de divisão político-administrativa estabelecida em ato normativo oficial vigente do respectivo ente federativo. Ou seja, as entrevistas são distribuídas de acordo com a densidade eleitoral de cada região geográfica. (2) Em seguida, realiza-se distribuição proporcional junto aos municípios que representarão cada região geográfica, considerando a densidade eleitoral. (3) Nos municípios selecionados, as entrevistas são realizadas, tanto quanto possível, considerando os bairros e/ou localidades com maior densidade populacional para assegurar a adequada dispersão espacial da amostra.

Serão entrevistados 1.800 eleitores, selecionados nos setores amostrais definidos pelo plano de amostragem e abordados mediante controle de cotas/segmentos demográficos de gênero, idade/faixa etária e escolaridade (Fonte dos dados: TSE, junho/2026), conforme disposto a seguir: gênero, (53%) feminino e (47%) masculino; faixa etária, 16 a 24 anos (13%), 25 a 34 anos (19%), 35 a 44 anos (20%), 45 a 59 anos (25%), 60 anos ou mais (22%); escolaridade, analfabeto/lê e escreve (15%), ensino fundamental incompleto/completo (28%), ensino médio incompleto/completo (43%) e ensino superior incompleto/completo (14%). 

Considerando que o TSE não disponibiliza os dados referentes ao nível econômico do eleitorado, bem como os aspectos de sazonalidade dos dados ofertados pelo IBGE, para a variável de nível econômico do entrevistado o fator previsto para ponderação é igual a 1, ou seja, respeitará os resultados obtidos em campo. 

Quanto ao nível econômico, estabelecer-se-á o critério de renda, com subdivisão nas seguintes faixas salariais: não tem renda/sem renda, até 1 salário, mais que 1 até 2 salários, mais que 2 até 5 salários, mais que 5 até 10 salários e mais que 10 salários.

O nível de confiança estimado é de 95% e a margem de erro máxima estimada considerando o modelo adotado é de 2,3 pontos percentuais para mais ou para menos sobre os resultados encontrados no total da amostra.

Está prevista ponderação para correção das cotas de gênero,  escolaridade e faixa etária, considerando as estatísticas do eleitorado (TSE, junho de 2026), caso ocorram diferenças superiores a: 3% para gênero; 6% para 16 a 24 anos, 5% para 25 a 34 anos, 5% para 35 a 44 anos, 5% para 45 a 59 anos, e 5% para 60 anos ou mais; 6% para analfabeto/lê e escreve, 4% para ensino fundamental incompleto/completo, 4% para ensino médio incompleto/completo e 6% para ensino superior incompleto/completo.

Em razão dos arredondamentos, os percentuais poderão não totalizar exatamente 100%, variando entre 99% e 101%. O Agrupamento das cotas amostrais respeita os padrões de faixa etária e escolaridade de acordo com parâmetros científicos e jurisprudência da Justiça Eleitoral sobre o tema. 

Foram DESCONSIDERADOS para aferição do perfil do eleitorado os percentuais de eleitores com gênero, idade ou escolaridade classificadas como INVÁLIDA ou NÃO INFORMADO, de acordo com as estatísticas do eleitorado disponibilizadas pelo TSE.
";"Para a realização da pesquisa, a tsdois pesquisas utilizará equipe de entrevistadores treinados, com escolaridade mínima exigida, e devidamente supervisionados. Após a coleta de dados, até 20% dos questionários poderão ser auditados e submetidos à crítica de consistência dos dados e de adequação aos parâmetros amostrais em sistema. 

Todo e qualquer dado ou informação coletada será tratado sob as exigências da Lei Geral de Proteção de Dados Pessoais (LGPD), com garantia de sigilo e correto tratamento das informações.
";"Os municípios pesquisados são: Afonso Bezerra, Alexandria, Almino Afonso, Alto do Rodrigues, Angicos, Apodi, Areia Branca, Arez, Assú, Baraúna, Bom Jesus, Brejinho, Caicó, Campo Grande, Campo Redondo, Canguaretama, Caraúbas, Ceará-Mirim, Cerro Corá, Currais Novos, Extremoz, Goianinha, Guamaré, Ielmo Marinho, Ipanguaçu, Jandaíra, Jardim de Piranhas, Jardim do Seridó, João Câmara, Jucurutu, Lagoa Nova, Lagoa Salgada, Lajes, Luís Gomes, Macaíba, Macau, Marcelino Vieira, Martins, Maxaranguape, Monte Alegre, Mossoró, Natal, Nísia Floresta, Nova Cruz, Parelhas, Parnamirim, Passa e Fica, Patu, Pau dos Ferros, Pedro Velho, Pendências, Poço Branco, Rio do Fogo, Santa Cruz, Santana do Matos, Santo Antônio, São Gonçalo do Amarante, São José do Campestre, São José de Mipibu, São Miguel, São Paulo do Potengi, São Tomé, Serra Caiada, Tangará, Tibau do Sul, Touros, Umarizal, Upanema, Vera Cruz.

A relação dos dados relativos às áreas abrangidas pela pesquisa e seu detalhamento será  apresentada até o dia seguinte à data da divulgação da pesquisa, com fulcro no §7º do art. 2º da Resolução-TSE nº. 23.600/2019.
"
"07/08/2026";"05:47:04";2026;81;"Eleições Gerais 2026";"RN";"RN";"RIO GRANDE DO NORTE";"RN040972026";"2026-05-03 21:14:40";"S";"00654576000172";"INSTITUTO VERITA LTDA";"VERITA";"Governador, Senador";"2026-05-04 00:00:00";"2026-05-08 00:00:00";"2026-05-09 00:00:00";1220;"10699";"GUILHERME ALVARENGA LAIA";"93940,00";"Pesquisa quantitativa, que consiste na realização de entrevistas, com a aplicação de questionário estruturado junto a uma amostra representativa do eleitorado desta Unidade da Federação.";"ESTUDO REPRESENTATIVO DO ELEITORADO DO ESTADO DO RIO GRANDE DO NORTE - MÉTODO PPT (Probabilidade Proporcional ao Tamanho) - PLANO AMOSTRAL E PONDERAÇÃO QUANTO A SEXO, IDADE, GRAU DE INSTRUÇÃO E NÍVEL ECONÔMICO DO ENTREVISTADO; INTERVALO DE CONFIANÇA E MARGEM DE ERRO: Representativo do eleitorado da área em estudo, elaborada, em vários estágios, da seguinte forma: - 1. Divisão da UF em estratos proporcionais de municípios. 2. Ordenação dos municípios de cada estrato segundo o porte. 3. Sorteio dos municípios de cada estrato. 4. Os respondentes são selecionados através de quotas amostrais proporcionais em função de variáveis significativas, a saber: GÊNERO / FAIXA ETÁRIA - FEMININO E MASCULINO 16 A 34 ANOS 16,5% E 15,8%, 35 A 54 ANOS 20% E 18,2%, 55 ANOS OU MAIS 16,4% E 13,3%. GRAU DE INSTRUÇÃO ¿ FEMININO E MASCULINO Sem instrução até Ensino Médio completo 66%, Ensino superior incompleto e completo 34% NÍVEL ECONÔMICO - FEMININO população não economicamente ativa 46,5% população economicamente ativa 53,5% MASCULINO população não economicamente ativa 27,2% população economicamente ativa 72,8%. RENDA FAMILIAR DO DOMICÍLIO renda familiar de até 2 salários-mínimos 30,7%; de 2 a 5 salários-mínimos 44,2%, acima de 5 salários-mínimos 25,1%. Está prevista eventual ponderação para correção das variáveis, com base nos percentuais anteriormente mencionados, caso ocorram diferenças superiores a margem de erro da pesquisa previsto entre a amostra e a coleta de dados realizada. O fator previsto para ponderação é 1 (resultados obtidos na coleta de dados). O intervalo de confiança estimado é de 95% e a margem de erro máxima estimada considerando um modelo de amostragem aleatório simples, é de aproximadamente 3 pontos percentuais para mais ou para menos sobre os resultados encontrados no total da amostra. FONTE DOS DADOS: IBGE/Censo 2022 para fins de densidade demográfica, setores censitários e alocação da amostra. IBGE/PNAD/PNADC/MEC/INEP para fins de Nível Econômico e Escolaridade. TSE FEVEREIRO/2026 para fins de Sexo, Faixa Etária e eleitorado por município ou regiões previamente definidas (importante ressaltar para o público leigo que os dados do TSE são os únicos corretos para gênero, idade dos eleitores e quantitativo de eleitores por municípios já que a base de dados se atualiza automaticamente, PORÉM, dados de escolaridade e nível econômico NÃO são corretos e confiáveis devido a desatualização que ocorre naturalmente com o passar dos anos). Definição de margem de erro e intervalo de confiança: Margem de erro e intervalo de confiança não são grandezas diretamente proporcionais. A SOMA NÃO TEM QUE RESULTAR 100%. ";"Após os trabalhos de coleta de dados, os questionários são submetidos a uma fiscalização, conferência e checagem de cerca de 20% (vinte por cento) dos questionários aplicados.";"A relação dos municípios sorteados ou selecionados para esta pesquisa será apresentada em arquivo anexo até 1 (um) dia após a divulgação desta pesquisa conforme §7º. do art. 2º. da Resolução-TSE nº. 23.600/2019. A área de abrangência desta pesquisa é o Estado DO RIO GRANDE DO NORTE"
"07/08/2026";"05:47:04";2026;81;"Eleições Gerais 2026";"RN";"RN";"RIO GRANDE DO NORTE";"RN085952026";"2026-05-23 09:36:15";"N";"10307514000148";"ERIVALDO TRINDADE DE ARAUJO";"ITEM PESQUISAS TECNICAS";"Governador, Senador, Deputado Federal, Deputado Estadual";"2026-05-18 00:00:00";"2026-05-22 00:00:00";"2026-05-29 00:00:00";1250;"10682";"ALDINE ANDREA DE O SOUZA CABRAL";"15000,00";"Para realização desta pesquisa, a ITEM PESQUISAS TÉCNICAS utilizou como instrumento de coleta um questionário eletrônico estruturado com questões fechadas e abertas, respostas únicas para um modelo de pesquisa QUANTITATIVA. As entrevistas foram aplicadas com eleitores de 16 anos acima, residentes em domicílios do Estado do Rio Grande do Norte. As entrevistas foram individuais face a face realizadas com os entrevistados em seus próprios domicílios. Em cada domicílio, a entrevista seguiu aos critérios de quotas para Gênero, Grau de Instrução, Faixa Etária e Nível Econômico extraídas do banco de dados do próprio TSE e IBGE.";"A aplicação do Plano Amostral considerou a representação do eleitorado do Estado do Rio Grande do Norte, a partir da distribuição por microrregiões/municípios com amostra seguindo o método de Probabilidade Proporcional ao Tamanho (PPT), onde foram realizadas 1.250 entrevistas nos 61 municípios nos  eleitores com idade a partir de 16 anos, residentes nos setores selecionados e domicílios escolhidos aleatoriamente por sorteio através de cotas amostrais de gênero, faixa etária e escolaridade junto a fonte dos bancos de dados do TSE e IBGE, conforme o disposto a seguir: GÊNERO: 47,2% Masculino e 52,8% Feminino; FAIXA ETÁRIA: 16 a 24 anos (13,0%), 25 a 34 anos (19,6%), 35 a 44 anos (20,5%), 45 a 59 anos (24,9%), 60 anos ou mais (22,0%); GRAU DE INSTRUÇÃO: Analfabeto/Lê e Escreve (14,7%), Ensino fundamental incompleto(24,3%) Ensino fundamental completo (4,2%), Ensino médio incompleto(18,1%), Ensino Médio completo (24,7%), Ensino superior incompleto(5,0%), Ensino Superior Completo (9,0%). Para a variável de nível econômico do entrevistado, os índices são os seguintes: Até 1 salário mínimo 32,2% ; Mais de 1 a 2 salários mínimos 28,0% ; Mais de 2 a 5 salários mínimos 26,3% ; Mais de 5 a 10 salários mínimos 8,4% ; Mais de 10 a 20 salários mínimos 3,6% ; Mais de 20 salários mínimos 1,5%; Fonte de dados encontrados no site: TSE/Brasil e TRE do Rio Grande do Norte, do mês de abril de 2026 (https://cidades.ibge.gov.br/brasil/rn//pesquisa/23/24304 ; https://sig.tse.jus.br/ords/dwapr/r/seai/sig-eleitor-eleitorado-mensal/cruzamento-eleitorado-mensal. Para a variável de nível econômico, o fator de ponderação será igual a 1, respeitando os resultados obtidos em campo, de acordo com a possibilidade dentro do método PPT, O nível de confiança é de 95% e a margem de erro estimada é de 2,77% (Dois virgula setenta e sete/pp - pontos percentuais) para mais ou para menos sobre os resultados encontrados no total da amostra. Está prevista ponderação para correção das variáveis sexo, escolaridade e faixa etária, conforme estatísticas do eleitorado (TSE, IGBE), caso ocorram diferenças superiores a margem de erro, entre os dados previstos e a coleta realizada.";"A ITEM PESQUISAS, utilizou uma equipe de entrevistadores treinados e experientes em pesquisa de opinião pública, com escolaridade mínima compatível a função e devidamente supervisionada em campo e fora dele (Escritório). Após a coleta de dados, o mínimo de 10% dos questionários eletrônicos é auditado e submetido à crítica de consistência e compatibilidade aos parâmetros amostrais. Todo dado coletado tem acompanhamento pelo supervisor em campo e na Geo ¿ Localização por meio de aplicativo e são tratados conforme as exigências da LGPD, garantindo sigilo correto das informações. Assim sendo, não é exigido ou solicitado nenhum dado ou informação de caráter pessoal dos entrevistados, somente sua localização geográfica e os parâmetros exigidos ficam devidamente registrados em sistema, sob sigilo da empresa e a disposição de checagem ou auditoria, em conformidade com a Lei Geral de Proteção de Dados (LGPD).";"A pesquisa foi realizada em 12 setores do Estado do Rio Grande do Norte, nas áreas urbanas ou rurais, conforme a proporção da composição e ocupação dos respectivos territórios, subdivididas em micro regiões e bairros a partir das zonas censitárias do IBGE e distribuição do eleitorado com dados do TSE/TRE-RN, observando a densidade de cada área, aferida a partir de dados secundários. Os 61 municípios sorteados para visita dos entrevistadores em todo o estado do Rio Grande do Norte foram os seguintes: Monte Alegre, Brejinho, Nova Cruz, Santo Antônio, Várzea, Canguaretama, Goianinha, Baia Formosa, Riachuelo, Caiçara do Rio dos Ventos, Lajes, Bento Fernandes, Guamaré, Macau, João Câmara, Poço Branco, Jandaíra, Maxaranguape, Touros, Santa Cruz, Tangará, Coronel Ezequiel, São José do Campestre, Campo Redondo, Mossoró, Serra do Mel, Caicó, Jardim de Piranhas,  Timbaúba dos Batistas, Acari, Currais novos, Parelhas, Cerro Corá, Assú, Carnaubais, Alto do Rodrigues, Itajá, Pendencias, Caraúbas, Apodi, Patu, Martins, Umarizal, Messias Targino, Barcelona, São Tomé, São Paulo do Potengi, Santa Maria, Lagoa de Velhos, Pau dos Ferros, Alexandria, São Francisco do Oeste, Rafael Fernandes, Tenente Ananias, São Miguel, Macaíba, Extremoz, Parnamirim, Ceará Mirim, São Gonçalo do Amarante e a capital Natal. A complementação da pesquisa será feita até o dia seguinte à data da divulgação da pesquisa, conforme disposto no §7º do art. 2º da Resolução-TSE nº 23.600/2019."
"07/08/2026";"05:47:04";2026;81;"Eleições Gerais 2026";"RN";"RN";"RIO GRANDE DO NORTE";"RN071892026";"2026-03-22 13:02:53";"N";"47683946000163";"PNH PESQUISA DE MERCADO E OPINIAO PUBLICA LTDA.";"AFFARE INSTITUTE";"Governador, Senador";"2026-03-23 00:00:00";"2026-03-26 00:00:00";"2026-03-28 00:00:00";1500;"9924";"Emídio Cavalcanti de Albuquerque";"22500,00";"Pesquisa quantitativa, realizada por meio de amostragem probabilística estratificada por região do estado, com seleção aleatória de entrevistados dentro de cada estrato. As entrevistas são conduzidas por meio de contatos telefônicos a partir de base de números, com distribuição proporcional à população. A estratificação regional é definida com base na distribuição geográfica dos contatos. O instrumento de coleta é questionário estruturado. O universo da pesquisa corresponde aos eleitores com 16 anos ou mais aptos a votar no estado do Rio Grande do Norte.";"A amostra é do tipo probabilística, obtida por meio de sorteio aleatório de números de telefones celulares e fixos, a partir de banco de dados estruturado. O plano amostral é estratificado por mesorregião do estado, com base na distribuição populacional definida pelo Instituto Brasileiro de Geografia e Estatística (IBGE ¿ Censo 2022), considerando a proporcionalidade regional.

A alocação das entrevistas respeita a proporção da população em cada mesorregião (Oeste Potiguar: 27,0%; Central Potiguar: 14,0%; Agreste Potiguar: 14,0%; Leste Potiguar: 45,0%), garantindo representatividade territorial.

Na etapa de processamento, os dados serão ponderados por meio de pós-estratificação, com o objetivo de ajustar a amostra aos parâmetros populacionais. Serão utilizadas as seguintes variáveis de controle:

Sexo, faixa etária e escolaridade, com base em dados públicos disponíveis do eleitorado brasileiro, conforme registros do Tribunal Superior Eleitoral (TSE ¿ Janeiro de 2026): Masculino: 47,2%; Feminino: 52,8%; 16 a 24 anos: 12,5%; 25 a 44 anos: 40,6%; 45 a 59 anos: 25,0%; 60 anos ou mais: 21,9%;
Analfabeto: 5,8%; Ensino Fundamental: 37,9%; Ensino Médio: 42,4%; Ensino Superior: 13,9%. 
Nível econômico (rendimento domiciliar mensal), com base nos dados do IBGE ¿ Censo Demográfico 2010, última base oficial disponível com essa desagregação: Sem rendimento ou até 1 salário-mínimo: 73,9%; De 1 a 2 salários-mínimos: 14,7%; De 2 a 5 salários-mínimos: 7,4%; Acima de 5 salários-mínimos: 4,0%.

A ponderação será realizada por meio de fatores de expansão calculados a partir da razão entre a distribuição da população e a distribuição observada na amostra, de forma iterativa, até o ajuste simultâneo das variáveis de controle.

Serão realizadas entrevistas em todas as mesorregiões do estado. A relação dos municípios contemplados será disponibilizada até o dia seguinte à divulgação dos resultados, conforme previsto na Resolução nº 23.600/2019 do Tribunal Superior Eleitoral.

Para a amostra de 1500 entrevistas, a margem de erro máxima estimada para o total da amostra é de 2,58 pontos percentuais, para mais ou para menos, considerando um nível de confiança de 95%, sob hipótese de máxima variabilidade (p=0,5).
";"A coleta de dados é integralmente monitorada por sistema eletrônico, com registro automatizado das entrevistas realizadas, incluindo data, horário, duração e respostas obtidas. O controle de qualidade é efetuado por meio da análise dos bancos de dados e dos logs do sistema de telefonia, contemplando verificação dos números de destino (com mascaramento parcial), duração e status das chamadas. Adicionalmente, são realizados procedimentos de verificação de consistência das respostas, identificação de padrões atípicos, controle de duplicidade e monitoramento da distribuição da amostra, assegurando a rastreabilidade, integridade e confiabilidade das informações coletadas.";"A pesquisa é realizada em âmbito estadual. A relação dos municípios e dos bairros ou, na ausência de delimitação específica, das áreas de realização das entrevistas será apresentada em complementação ao registro até o dia seguinte à divulgação dos resultados, nos termos do §7º do art. 2º da Resolução nº 23.600/2019 do Tribunal Superior Eleitoral."
"07/08/2026";"05:47:04";2026;81;"Eleições Gerais 2026";"RN";"RN";"RIO GRANDE DO NORTE";"RN072402026";"2026-03-23 15:38:23";"N";"61362466000121";"MEDIA - INTELIGENCIA EM PESQUISA LTDA";"MEDIA - INTELIGENCIA EM PESQUISA";"Governador, Senador, Deputado Federal, Deputado Estadual";"2026-03-23 00:00:00";"2026-03-26 00:00:00";"2026-03-29 00:00:00";2000;"7655";"AUGUSTO DA SILVA ROCHA";"21000,00";"Pesquisa tipo quantitativa em municípios representativos do Estado do Rio Grande do Norte com aplicação de questionário estruturado, abordagem pessoal/em ponto de fluxo e domiciliar. O conjunto da população eleitora dos município representativos com 16 anos ou mais foi tomado como universo da pesquisa.";"A amostra é representativa do eleitorado do estado do Rio Grande do Norte, selecionadas em três estágios (Mesorregião/Município/Bairro e localidades): No primeiro estágio fez-se um sorteio probabilísticos dos municípios pesquisados dentro de cada mesorregião, pelo método da probabilidade proporcional ao tamanho (PPT), tomando a população de cada município, como base para tal seleção. No segundo estágio, dentro dos municípios sorteados serão selecionados aleatoriamente bairros e localidades onde as entrevistas serão realizadas. No terceiro estágio, dentro dos bairros selecionados, os entrevistados serão selecionados através de cotas proporcionais de Sexo, Faixa Etária e Escolaridade de acordo com o perfil do eleitorado em estudo. 
Fonte de dados: TSE e TRE - RN, Dezembro de 2025 (https://sig.tse.jus.br/ords/dwapr/r/seai/sig-eleitor-eleitorado-mensal/perfil-do-eleitorado-mensal?p0_uf=RN&session=206709422890225) e IBGE 2022 (https://www.ibge.gov.br/estatisticas/sociais/populacao/22827-censo-demografico-2022.html?edicao=41852&t=resultados) para os dados da população. 

Tamanho da amostra: 2000 entrevistas. Intervalo de Confiança/Margem de Erro: O intervalo de confiança estimado é de 95,0% e a margem de erro máxima estimada é de 2,2 pontos percentuais para mais ou para menos sobre os resultados encontrados no total da amostra.

Fonte de dados IBGE 2010 (https://cidades.ibge.gov.br/brasil/rn/pesquisa/23/22787?detalhes=true ) Observação: Conforme informações disponibilizadas pelo Instituto Brasileiro de Geografia e Estatística (IBGE), não houve nem há previsão  de divulgação do perfil econômico (nível econômico) da população brasileira no âmbito do Censo Demográfico de 2022 (https://censo2022.ibge.gov.br/panorama/), para essa variável será adotado o fator de ponderação igual a 1, correspondente aos resultados obtidos em campo, caso seja verificada diferença superior à margem de erro prevista no estudo entre a projeção da amostra baseada nos dados do IBGE 2010 e os dados efetivamente coletados. Para as variáveis de sexo, idade e grau de instrução, está previsto uma eventual ponderação, nos limites da margem de erro, para correção nos tamanhos das variáveis, caso ocorra uma diferença entre a previsão da amostra e a coleta dos dados realizados sobre a faixa de eleitores acima de 16 anos. 


Gênero: FEMININO 52,8%; MASCULINO 47,2% ; Faixa Etária: 16 a 24 anos 12,46% ; 25 a 34 anos 19,78% ; 35 a 44 anos 20,82% ; 45 a 59 anos 24,99% ; 60 anos ou mais 21,95% ; Grau de instrução: ANALFABETO 5,80% ; ENSINO FUNDAMENTAL COMPLETO 4,23% ; ENSINO FUNDAMENTAL INCOMPLETO 24,55% ; ENSINO MÉDIO COMPLETO 24,64% ; ENSINO MÉDIO INCOMPLETO 17,75% ; LÊ E ESCREVE 9,11% ; SUPERIOR COMPLETO 8,95% ; SUPERIOR INCOMPLETO 4,97% ; Renda familiar: Até 1/2 salário mínimo 8,10% ; Mais de 1/2 a 1 salário mínimo 20,05% ; Mais de 1 a 2 salários mínimos 27,93% ; Mais de 2 a 5 salários mínimos 26,31% ; Mais de 5 a 10 salários mínimos 8,34% ; Mais de 10 a 20 salários mínimos 3,58% ; Mais de 20 salários mínimos 1,65% ; Sem rendimento 4,04% ; ";"Para a realização da pesquisa utiliza-se uma equipe de entrevistadores e coordenadores de campo devidamente treinados para o trabalho do Instittto Media. As entrevistas são pessoais, domiciliares e em locais de fluxo, feitas por meio de questionário estruturado, aplicando-se apenas um questionário por domicílio, respeitando as cotas pré-determinadas. Durante a realização dos trabalhos de campo, os entrevistadores são submetidos a uma fiscalização permanente por parte dos coordenadores de campo e são realizadas checagem de 20% da amostra para atestar a realização das entrevistas e a fidedignidade dos dados apurados, garantindo-se dessa forma, o grau de precisão dos estimadores, em função dos parâmetros previamente estabelecidos.";"#NULO#"
"07/08/2026";"05:47:04";2026;81;"Eleições Gerais 2026";"RN";"RN";"RIO GRANDE DO NORTE";"RN071952026";"2026-06-25 18:25:44";"N";"67147202000131";"DATA CAPITAL PESQUISAS E CONSULTORIA LTDA";"DATA CAPITAL PESQUISAS E CONSULTORIA";"Governador, Senador, Deputado Federal, Deputado Estadual, Deputado Distrital";"2026-06-17 00:00:00";"2026-06-19 00:00:00";"2026-07-01 00:00:00";1900;"10748";"THIAGO MOTA CARNEIRO";"15000,00";"Pesquisa quantitativa, de natureza exploratório-descritiva, operacionalizada por meio da técnica M2M com aplicação de questionário estruturado. A coleta de dados será realizada exclusivamente por meio de entrevistas pessoais domiciliares, utilizando dispositivos eletrônicos (tablets) O universo é constituído pelos eleitores com 16 anos ou mais, regularmente inscritos no cadastro eleitoral e residentes no estado do RIO GRANDE DO NORTE.";"A amostra prevista é de 1.900 entrevistas. representativa do eleitorado em estudo, será selecionada mediante procedimento probabilístico em três estágios, garantindo rigor científico e conformidade com a legislação eleitoral (Lei 9.504/97 e Resoluções TSE 23.600/2019 e 23.727/2024): 1º Estagio - Escolha probabilístico dos municípios pelo método PPT (Probabilidade Proporcional ao Tamanho), tomando a população eleitoral de 16 anos ou mais como base. A probabilidade de inclusão de cada município é diretamente proporcional ao seu contingente eleitoral, assegurando representação adequada. 2º Estagio Nos municípios sorteados, sorteio probabilístico de localidades (bairros, distritos ou setores censitários) também pelo método PPT, considerando a população eleitoral residente como critério de ponderação, garantindo dispersão geográfica. 3º Estagio - Nas localidades sorteadas, os eleitores são selecionados por meio de quotas amostrais proporcionais, controladas ao nível do entrevistador, assegurando que a amostra final reflita as características do universo pesquisado. GENERO: MASCULINO 48% FEMININO 52% Fonte: https://sig.tse.jus.br/ords/dwapr/r/seai/sig-eleitor-eleitorado-mensal (consulta: TSE - Fevereiro/2026) FAIXA ETÁRIA 16 a 24 anos 13%, 25 a 34 anos 20%, 35 a 44 anos 19% 45 a 59 anos 26%, 60 anos ou mais 22% FONTE: https://sig.tse.jus.br/ords/dwapr/r/seai/sig-eleitor-eleitorado-mensal (consulta: TSE - Fevereiro/2026) GRAU DE INSTRUÇÃO FUNDAMENTAL INCOMPLETO 25%, FUNDAMENTAL COMPLETO 18%, MÉDIO COMPLETO 42%, SUPERIOR COMPLETO 15%, FONTE: https://sig.tse.jus.br/ords/dwapr/r/seai/sig-eleitor-eleitorado-mensal (consulta: TSE - Fevereiro/2026) De acordo com informações do IBGE, não há previsão de data para divulgação do perfil econômico do CENSO 2022. Portanto os dados de renda do Censo 2022 não podem ser utilizados por indisponibilidade pública oficial. Esta prática é adotada pelos principais institutos de pesquisa do país e está em conformidade com a jurisprudência do TSE. Está prevista eventual ponderação para correção das variáveis genero; faixa etária, grau de instrução e nível econômico; com base nos percentuais acima apresentados; caso ocorram diferenças entre o previsto na amostra e a coleta realizada. Margem de Erro máxima prevista é: 2,5% pontos percentuais para mais ou para menos, considerando um nível de confiança de 95% e baseada em uma amostra aleatória simples (AAS). Os intervalos de confiança serão calculados considerando os resultados obtidos para um nível de confiança de 95% Definição: Margem de erro e intervalo de confiança não são grandezas diretamente proprocionais.";"As entrevistas são realizadas por equipes devidamente treinadas e identificados, utilizando para a coleta dispositivo eletronico, as equipes serão acompanhadas por um coordenador / supervisor que atua como fiscal de campo fazendo o controle, a verificação e a fiscalização da coleta de dados. Após a coleta, a pesquisa será checada, criticada e codificada, internamente de acordo com o padrão estabelecido pela ABEP (Associação Brasileira de Empresas de Pesquisa). Todo o material será 100% criticado e 20% verificado, conforme procedimento padrão em pesquisa de opinião publica. As informações serão processadas por meio de programa especifico, para a tabulação e eleaboração dos resultados. Os dados serão gerados no formato de tabelas de frequencia, e analisados criteriosamente. Ao final sera elaborado um relatorio analitico- descritivo, contendo tabelas e graficos para o resultado de cada pergunta realizada no questionario, seguindo as exigencias do TSE. Os dados coletados e tratados nesta pesquisa atendem às exigências da LGPD, Lei Geral de Proteção de Dados garantindo ao respondente o sigilo de sua identidade e o correto tratamento de suas respostas.";"A área de abrangência da coleta é o ESTADO RIO GRANDE DO NORTE, A relação das localidades e setores censitários selecionadas para aplicação da amostra será apresentada a partir do dia em que a pesquisa puder ser divulgada e até o dia seguinte, conforme expresso no art. 2º, §7º da Resolução 23.600/2019 doTSE.

"
"07/08/2026";"05:47:04";2026;81;"Eleições Gerais 2026";"RN";"RN";"RIO GRANDE DO NORTE";"RN055622026";"2026-04-16 21:23:38";"N";"47798321000147";"INSTITUTO DATA CENSUS POTIGUAR LTDA";"#NULO#";"Governador, Senador, Deputado Federal, Deputado Estadual, Deputado Distrital";"2026-04-17 00:00:00";"2026-04-20 00:00:00";"2026-04-22 00:00:00";2000;"9620";"KALLINE FABIANA SILVEIRA MARINHO";"10000,00";"A presente pesquisa é do tipo quantitativa, com aplicação de entrevistas estruturadas, destinada a mensurar a intenção de voto e a opinião pública do eleitorado do Estado do Rio Grande do Norte.";"A pesquisa tem como população-alvo eleitores residentes no Estado do Rio Grande do Norte, aptos ao voto, conforme cadastro eleitoral do Tribunal Superior Eleitoral (TSE), totalizando 2.086.215 eleitores. 
A amostra é de 2.000 entrevistas, distribuídas proporcionalmente ao eleitorado dos municípios selecionados, com margem de erro máxima estimada de ±2,2 pontos percentuais e nível de confiança de 95%.
1.	ABRANGÊNCIA E REPRESENTATIVIDADE
A pesquisa possui abrangência estadual e contempla 71 municípios previamente selecionados, correspondentes aos maiores colégios eleitorais das 19 microrregiões do Estado do Rio Grande do Norte.
A seleção dos municípios foi realizada com base no critério de representatividade eleitoral (probabilidade proporcional ao tamanho do eleitorado ? PPT), assegurando cobertura integral das microrregiões e elevada aderência à distribuição real do eleitorado estadual.
Os municípios selecionados concentram a maior parte do eleitorado do Estado, garantindo representatividade estatística, geográfica e socioeconômica da população pesquisada.
2.	DISTRIBUIÇÃO DA AMOSTRA
A distribuição das entrevistas segue proporcionalidade direta ao número de eleitores por município, conforme dados oficiais do TSE.
Total da amostra: 2.000 entrevistas.

3.	DESENHO AMOSTRAL
A amostra é do tipo probabilística estratificada, com seleção em múltiplos estágios:
a)	Estratificação por microrregião do Estado;
b) Seleção dos municípios (maiores colégios eleitorais por microrregião);
c) Seleção aleatória de setores censitários (IBGE);
d) Seleção sistemática de domicílios dentro dos setores;
e) Seleção do entrevistado por método aleatório (último aniversário).

4.	ESTRATIFICAÇÃO E CONTROLE
A amostra é controlada por cotas proporcionais com base nas seguintes variáveis:
?	Sexo 
?	Faixa etária 
?	Escolaridade 
?	Nível econômico 
?	Região geográfica 
As cotas são definidas com base em dados públicos oficiais do IBGE (Censo 2022) e do TSE.

5.	PONDERAÇÃO DOS DADOS
Após a coleta, os dados serão, se necessário, ponderados para ajuste à composição real da população, considerando:
?	Sexo 
?	Idade 
?	Escolaridade 
?	Nível econômico 
?	Distribuição geográfica 
A ponderação utiliza como referência os dados do IBGE e do TSE, garantindo aderência estatística da amostra ao universo pesquisado.

6.	SETORES CENSITÁRIOS
A seleção dos setores censitários é realizada com base na malha oficial do IBGE, por meio de sorteio probabilístico.
Serão registrados:
?	Código do setor censitário 
?	Município 
?	Quantidade de entrevistas por setor 
As informações serão disponibilizadas conforme exigência do §7º do art. 2º da Resolução TSE nº 23.600/2019.

7.	METODOLOGIA DE COLETA
A coleta de dados será realizada por meio de entrevistas presenciais domiciliares, com aplicação de questionário estruturado.
Será utilizado sistema eletrônico (CAPI), por meio de dispositivos móveis, permitindo auditoria e rastreabilidade das entrevistas.

8.	SISTEMA DE CONTROLE E FISCALIZAÇÃO
O trabalho de campo será submetido aos seguintes controles:
?	Supervisão presencial mínima de 20% das entrevistas; 
?	Verificação posterior (back-check) de pelo menos 30% dos questionários; 
?	Registro de geolocalização dos pontos de coleta; 
?	Controle de tempo de aplicação; 
?	Auditoria interna dos dados coletados; 
?	Registro digital das entrevistas. 
Todos os dados serão auditáveis e passíveis de fiscalização pela Justiça Eleitoral, nos termos da legislação vigente.

9.	TRATAMENTO DE NÃO RESPOSTA
Em caso de recusas ou impossibilidade de entrevista:
?	Será realizada substituição controlada; 
?	Dentro do mesmo setor censitário; 
?	Respeitando as mesmas características da amostra; 
Garantindo manutenção da representatividade estatística.

10.	FONTE DOS DADOS
?	Tribunal Superior Eleitoral (TSE) ? cadastro eleitoral 
?	Instituto Brasileiro de Geografia e Estatística (IBGE) ? Censo 2022 
";"A coleta de dados será submetida a rigoroso sistema interno de controle, verificação, conferência e fiscalização, garantindo a qualidade, integridade e rastreabilidade das informações obtidas em campo.

O controle será realizado em múltiplos níveis, conforme descrito a seguir:

1.	Treinamento e padronização
Todos os entrevistadores passam por treinamento prévio obrigatório, com padronização dos procedimentos de abordagem, aplicação do questionário e registro das respostas, garantindo uniformidade metodológica. 
2.	Identificação e rastreabilidade
Cada entrevistador será devidamente identificado e vinculado às entrevistas realizadas, permitindo rastreabilidade individual de todas as coletas. 
3.	Coleta eletrônica auditável (CAPI)
As entrevistas serão realizadas por meio de dispositivos eletrônicos (tablets ou smartphones), com registro automático de: 
?	Data e horário da entrevista; 
?	Duração da aplicação; 
?	Coordenadas geográficas (geolocalização); 
Os dados coletados serão armazenados em sistema eletrônico seguro, permitindo auditoria integral.
4.	Controle de consistência em tempo real
O sistema eletrônico realizará críticas automáticas durante a coleta, impedindo: 
?	Respostas inconsistentes; 
?	Questionários incompletos; 
?	Preenchimentos fora dos parâmetros definidos; 
5.	Supervisão de campo
Será realizada supervisão direta de, no mínimo, 20% das entrevistas, com acompanhamento presencial ou remoto das atividades dos entrevistadores. 
6.	Verificação posterior (back-check)
Será efetuada checagem posterior de, no mínimo, 30% das entrevistas, por meio de contato telefônico ou retorno ao domicílio, com confirmação de: 
?	Realização da entrevista; 
?	Identidade do entrevistado; 
?	Coerência das respostas principais; 
7.	Controle de produtividade e tempo
Serão monitorados: 
?	Tempo médio de aplicação; 
?	Volume de entrevistas por entrevistador; 
Com identificação e bloqueio de padrões atípicos.
8.	Auditoria interna
Os dados coletados serão submetidos a auditoria interna, com verificação de: 
?	Consistência estatística; 
?	Distribuição amostral; 
?	Aderência ao plano amostral; 
9.	Armazenamento e integridade dos dados
Todos os registros serão mantidos em ambiente seguro, com controle de acesso, preservando a integridade e disponibilidade das informações para eventual fiscalização. 
10.	Disponibilidade para fiscalização externa
O sistema de controle, incluindo identificação dos entrevistadores, registros de campo, planilhas e banco de dados, será disponibilizado à Justiça Eleitoral, ao Ministério Público, partidos políticos e demais legitimados, nos termos da legislação vigente, resguardado o sigilo dos entrevistados.
";"Municipios da amostra:
Acari
Afonso Bezerra
Alexandria
Alto do Rodrigues
Angicos
Apodi
Areia Branca
Arez
Assú
Baraúna
Bom Jesus
Caicó
Campo Redondo
Canguaretama
Caraúbas
Carnaúba dos Dantas
Carnaubais
Ceará-Mirim
Cerro Corá
Currais Novos
Encanto
Extremoz
Felipe Guerra
Florânia
Goianinha
Grossos
Guamaré
Ipanguaçu
Jandaíra
Jardim de Piranhas
Jardim do Seridó
João Câmara
Jucurutu
Lagoa Nova
Lajes
Macaíba
Macau
Monte Alegre
Mossoró
Natal
Nísia Floresta
Nova Cruz
Olho-d'Água do Borges
Paraú
Parelhas
Parnamirim
Pau dos Ferros
Pedro Velho
Poço Branco
Rafael Fernandes
Rio do Fogo
Santa Cruz
Santana do Matos
Santo Antônio
São Gonçalo do Amarante
São João do Sabugi
São José de Mipibu
São Miguel
São Paulo do Potengi
Senador Elói de Souza
Serra Caiada
Serra do Mel
Serra Negra do Norte
Serrinha dos Pintos
Severiano Melo
Taipu
Tangará
Tibau do Sul
Touros
Triunfo Potiguar
Vera Cruz"
"07/08/2026";"05:47:04";2026;81;"Eleições Gerais 2026";"RN";"RN";"RIO GRANDE DO NORTE";"RN061722026";"2026-05-23 13:16:00";"N";"59809758000118";"INSPPE - INSTITUTO POTIGUAR DE PESQUISAS ESTATISTICAS LTDA";"INSPPE - INSTITUTO POTIGUAR DE PESQUISAS ESTATISTICAS";"Governador, Senador, Deputado Federal, Deputado Estadual";"2026-05-26 00:00:00";"2026-05-28 00:00:00";"2026-05-29 00:00:00";1500;"CONRE-5ª Região nº 10977";"Ábia Mariane Aquino do Nascimento";"15000,00";"Pesquisa de opinião pública de natureza quantitativa, do tipo survey, realizada por meio de entrevistas presenciais com aplicação de questionário estruturado junto a uma amostra representativa de eleitores residentes em domicílios de municípios do Rio Grande do Norte. As entrevistas serão individuais, do tipo face a face, realizadas com eleitores em seus próprios domicílios. Em cada domicílio, apenas um eleitor será selecionado para a entrevista, obedecendo aos critérios específicos da pesquisa. A coleta de dados será realizada por entrevistadores devidamente treinados, utilizando dispositivos eletrônicos para registro das respostas, com controle de geolocalização (GPS), assegurando a padronização, a rastreabilidade e o controle do processo de coleta.";"A pesquisa será estratificada, utilizando-se uma amostra de 1.500 eleitores, distribuída proporcionalmente por toda a área geográfica do Rio Grande do Norte, abrangendo mesorregiões representadas por 50 municípios do Estado, com participação proporcional por meio do método estatístico PPT (Probabilidade Proporcional ao Tamanho), considerando o número de eleitores de cada uma das mesorregiões e municípios. A distribuição da amostra será realizada de acordo com as informações do Tribunal Superior Eleitoral (TSE - maio de 2026), considerando o eleitorado do sexo masculino (47,23%) e do sexo feminino (52,77%), distribuído nas seguintes faixas etárias: 16 a 24 anos (12,99%), 25 a 34 anos (19,56%), 35 a 44 anos (20,51%), 45 a 59 anos (24,88%) e 60 anos ou mais (22,06%). Quanto ao grau de instrução, serão consideradas as proporções de analfabeto e/ou que lê e escreve (14,67%), ensino fundamental incompleto e/ou completo (28,52%), ensino médio incompleto e/ou completo (42,84%) e ensino superior incompleto e/ou completo (13,97%). Ressalta-se que o TSE não disponibiliza informações referentes ao nível econômico do eleitorado. Dessa forma, serão utilizados os dados do Censo Demográfico IBGE 2022, referentes ao rendimento domiciliar per capita em salários mínimos, distribuídos da seguinte forma: até 1 salário mínimo (74,96%), mais de 1 a 2 salários mínimos (14,85%), mais de 2 a 3 salários mínimos (4,47%), mais de 3 a 5 salários mínimos (3,34%), mais de 5 a 10 salários mínimos (1,87%) e mais de 10 salários mínimos (0,52%). Está prevista eventual calibração estatística da amostra, por meio de ponderação para correção das variáveis sexo e faixa etária, com base nos percentuais anteriormente mencionados, caso a diferença observada entre a distribuição da amostra coletada e os parâmetros populacionais de referência seja superior à margem de erro estimada da pesquisa. Para as variáveis grau de instrução e nível econômico do entrevistado, será adotado fator de ponderação igual a 1, respeitando-se os resultados obtidos em campo. O nível de confiança estimado será de 95% e a margem de erro máxima estimada será de aproximadamente 2,53 pontos percentuais, para mais ou para menos, sobre os resultados encontrados no total da amostra.";"O controle do trabalho de campo será realizado por equipe de supervisores responsáveis pelo acompanhamento sistemático das entrevistas, incluindo checagens presenciais, com o objetivo de validar a correta aplicação do questionário e a abordagem ao entrevistado. O Instituto dispõe de sistema próprio de monitoramento, permitindo o acompanhamento em tempo real da equipe por meio de georreferenciamento (GPS) e registro eletrônico de horário, assegurando a rastreabilidade de cada entrevista realizada. O controle de qualidade interna incluirá ainda procedimentos de auditoria técnica e verificação da consistência estatística de, no mínimo, 20% dos questionários aplicados, mediante análise de consistência das respostas, verificação de padrões de preenchimento e conformidade com os parâmetros amostrais estabelecidos, permitindo identificar eventuais inconsistências e desvios operacionais. Esse conjunto de procedimentos assegura elevado padrão de confiabilidade, precisão e transparência nos resultados apresentados.";"Afonso Bezerra, Alexandria, Angicos, Apodi, Areia Branca, Assu, Baraúna, Caicó, Campo Grande, Canguaretama, Caraúbas, Ceará-Mirim, Cerro Corá, Currais Novos, Extremoz, Goianinha, Guamaré, Ipanguaçu, Jardim de Piranhas, Jardim do Seridó, João Câmara, Jucurutu, Luís Gomes, Macaíba, Macau, Monte Alegre, Mossoró, Natal, Nova Cruz, Parelhas, Parnamirim, Patu, Pau dos Ferros, Poço Branco, Rio do Fogo, Santa Cruz, Santana do Matos, Santo Antônio, São Gonçalo do Amarante, São José de Mipibu, São Miguel, São Paulo do Potengi, Serra de São Bento, Tangará, Tenente Ananias, Tibau, Tibau do Sul, Touros, Umarizal e Upanema."
"07/08/2026";"05:47:04";2026;81;"Eleições Gerais 2026";"RN";"RN";"RIO GRANDE DO NORTE";"RN083842026";"2026-04-22 23:50:33";"N";"36443750000185";"EXATUS CONSULTORIA E PESQUISA LTDA";"EXATUS CONSULTORIA E PESQUISA";"Governador, Senador, Deputado Federal, Deputado Estadual";"2026-04-14 00:00:00";"2026-04-17 00:00:00";"2026-04-28 00:00:00";1518;"10663";"Ythalo Hugo da Silva Santos";"30000,00";"Pesquisa quantitativa, com aplicação de entrevistas presenciais, realizadas por meio de questionário estruturado, padronizado e previamente testado. A coleta de dados foi realizada por entrevistadores treinados, mediante abordagem direta aos eleitores em domicílios, conforme planejamento operacional. O universo da pesquisa é composto por eleitores com 16 anos ou mais residentes no estado do Rio Grande do Norte. Para definição da distribuição territorial da amostra, adotou-se como referência as Regiões Geográficas Imediatas do estado, conforme classificação do Instituto Brasileiro de Geografia e Estatística, sendo os municípios agregados para fins operacionais de amostragem. As entrevistas foram realizadas em áreas urbanas e rurais dos municípios selecionados, incluindo bairros, localidades e setores censitários previamente definidos no plano amostral.";"Público pesquisado: eleitores do estado do Rio Grande do Norte. A amostra é definida por procedimento probabilístico, com alocação proporcional segundo o método de Probabilidade Proporcional ao Tamanho (PPT), tomando como referência a distribuição do eleitorado nas regiões do estado, conforme dados oficiais do TSE e do IBGE, de modo a assegurar representatividade estadual. A distribuição da amostra por região observa a proporcionalidade do eleitorado, conforme estrutura definida no plano amostral, permitindo a verificação da composição territorial da amostra. Os entrevistados são selecionados diretamente nos domicílios, sendo aplicado filtro de elegibilidade no momento da entrevista para confirmação do domicílio eleitoral e da aptidão para o exercício do voto, sendo considerados apenas eleitores aptos a votar no estado do Rio Grande do Norte. Em cada município selecionado, foi adotado plano amostral por conglomerados em dois estágios, com seleção probabilística nas etapas iniciais e controle por cotas na etapa final, assegurando representatividade geográfica e distribuição adequada do eleitorado. No primeiro estágio, os municípios foram estratificados por regiões geográficas e, dentro destes, foram selecionados setores censitários com probabilidade proporcional ao tamanho (PPT), tomando como base o número de domicílios particulares permanentes, conforme dados do Instituto Brasileiro de Geografia e Estatística (Censo 2022). No segundo estágio, foram selecionados domicílios dentro dos setores sorteados, seguindo procedimento sistemático de abordagem. Em cada domicílio, o entrevistado foi selecionado com base em cotas proporcionais às características do eleitorado, considerando variáveis como sexo, faixa etária, grau de instrução e nível econômico. Na apresentação final dos resultados, os dados são ponderados para ajuste aos parâmetros populacionais conhecidos, utilizando como fontes públicas o Tribunal Superior Eleitoral (TSE, março de 2026) para sexo, faixa etária e escolaridade (Masculino: 47%; Feminino: 53%; 16 a 24 anos: 13%; 25 a 34 anos: 20%; 35 a 44 anos: 21%; 45 a 59 anos: 25%; 60 anos ou mais: 22%; Analfabeto/lê e escreve: 15%; Ensino Fundamental: 29%; Ensino Médio: 43%; Ensino Superior: 14%) e o Instituto Brasileiro de Geografia e Estatística (IBGE, Censo 2022) para classe de rendimento mensal domiciliar (sem rendimentos ou até 2 salários mínimos: 79%; de 2 a 5 salários mínimos: 15%; superior a 5 salários mínimos: 6%), sempre que identificadas discrepâncias relevantes entre a amostra coletada e os parâmetros do universo pesquisado. O cálculo do tamanho da amostra considera a estimativa de proporções populacionais sob variância máxima (p = 0,5), resultando em margem de erro de aproximadamente 2,51 pontos percentuais para os resultados globais, para mais ou para menos, com nível de confiança de 95%. A relação dos municípios contemplados será anexada até o dia seguinte à divulgação dos resultados, nos termos da Resolução TSE nº 23.600/2019.";"Os pesquisadores envolvidos na realização desta pesquisa são treinados e recebem instruções específicas para cada projeto realizado. O trabalho é realizado por equipes de pesquisadores, cada uma com um coordenador de campo. Após a coleta de dados, os questionários passam por uma conferência e uma ponderação entre a amostra planejada e a amostra alcançada. Em que, uma nova amostragem, com 15% do total da amostra alcançada é feita por um supervisor para verificação. Utiliza-se um software que permite o georreferenciamento das entrevistas, permitindo o controle e monitoramento sobre a aplicação dos questionários.";"#NULO#"
"07/08/2026";"05:47:04";2026;81;"Eleições Gerais 2026";"RN";"RN";"RIO GRANDE DO NORTE";"RN049892026";"2026-01-16 10:18:42";"N";"47683946000163";"PNH PESQUISA DE MERCADO E OPINIAO PUBLICA LTDA.";"AFFARE INSTITUTE";"Governador, Senador";"2026-01-08 00:00:00";"2026-01-12 00:00:00";"2026-01-22 00:00:00";1607;"9924";"Emidio Cavalcanti de Albuquerque";"16500,00";"Pesquisa quantitativa por amostragem aleatória simples realizada através de um questionário estruturado e aplicado a partir de contatos telefônicos de uma base própria do Rio Grande do Norte. A estratificação é por região realizada a partir do CEP associado a cada contato telefônico. O universo da pesquisa são os eleitores com 16 anos ou mais que votam no Rio Grande do Norte.";"Amostra aleatória simples a partir de banco de dados de números de telefones celulares e fixos. A amostra é estratificada por mesorregião com base no CEP associado a cada número telefônico, sendo assim associada a amostra a um setor censitário e sua respectiva população total com base nos dados do Instituto Brasileiro de Geografia e Estatística (IBGE, CENSO 2022).
¿	Na apresentação final do resultado da pesquisa os dados serão normalizados para os parâmetros populacionais através da técnica da ponderação: Fonte pública dos dados: TSE (Dezembro 2025) para sexo, faixa etária e escolaridade: Masculino: 47,2%; Feminino: 52,8%; 16 a 24 anos: 12,5%; 25 a 44 anos: 40,6%; 45 a 59 anos: 25,0%; 60 anos ou mais: 21,9%; Analfabeto: 5,8; Lê e escreve/ Ensino Fundamental: 37,9%; Ensino Médio: 42,4%; Ensino Superior: 13,9%. IBGE (CENSO 2010) para classe de rendimento mensal domiciliar: Se sem rendimentos ou até 1 salário-mínimo: 73,9%; 1 a 2 salários-mínimos por mês:14,7%; 2 a 5 salários-mínimos por mês: 7,4%; Superior a 5 salários-mínimos por mês: 4,0%. Observação: Até a presente data o IBGE, não divulgou o atual perfil econômico da população brasileira; portanto, os dados quanto ao nível econômico utilizados como referência serão do Censo 2010. Os valores da proporcionalidade de regiões serão de acordo com os dados divulgados pelo IBGE do CENSO 2022 ¿ Oeste Potiguar 27,0%; Central Potiguar 14,0%; Agreste Potiguar 14,0%; Leste Potiguar 45,0%.
¿	Serão realizadas entrevistas em todas as mesorregiões. A relação de todos os municípios contemplados pela pesquisa ou as regiões será anexada até o dia seguinte da divulgação dos resultados, de acordo com a Resolução 23.600/2019 do TSE. A margem de erro máxima prevista é de 2,49 pontos percentuais para mais ou para menos, considerando um nível de confiança de 95%.
";"A verificação e conferência é realizada no sistema através da análise dos bancos de dados de respostas dos entrevistados que completaram o questionário e dos logs do sistema telefonia com a verificação dos números de destino e duração de cada chamada.";"Pesquisa a nível estadual e a relação dos municípios contemplados com entrevistas será anexada ao registro após a divulgação dos resultados, conforme a Resolução 23.600/2019 do TSE."
"07/08/2026";"05:47:04";2026;81;"Eleições Gerais 2026";"RN";"RN";"RIO GRANDE DO NORTE";"RN048462026";"2026-07-03 22:47:12";"S";"10783981000144";"SETA INSTITUTO DE PESQUISA LTDA";"INSTITUTO SETA DE PESQUISA";"Governador, Senador, Deputado Federal, Deputado Estadual";"2026-07-04 00:00:00";"2026-07-06 00:00:00";"2026-07-09 00:00:00";1500;"8954";"Galttieri Ferreira Tavares";"15000,00";"Pesquisa com metodologia quantitativa, com a realização de entrevistas pessoais utilizando questionário estruturado junto a uma amostra representativa do eleitorado do estado do RN.
";"A amostra será representativa dos eleitores das áreas pesquisadas e será selecionada em duas etapas. Na primeira etapa realiza-se um sorteio probabilístico das localidades onde as entrevistas serão realizadas através do método PPT (Probabilidade Proporcional ao Tamanho), considerando a população com 16 anos ou mais residente nas localidades como base para essa seleção. Na segunda etapa, a seleção do entrevistado dentro da localidade será feita utilizando-se quotas amostrais proporcionais, em função das seguintes variáveis: Gênero: Masculino (47.23%); Feminino (52.77%); ; Faixa etária: De 16 a 20 anos: (6.40%); Entre 21 e 24 anos: (6.98%); Entre 25 e 34 anos: (19.39%); Entre 35 e 44 anos: (20.32%); 45 a 59 anos: (24.81%); Com 60 anos ou mais: (22.09%); ; ESCOLARIDADE: De analfabeto até ensino fundamental completo (Contêm eleitores que apenas Lê e escrevem, Analfabetos e que cursaram Ensino Fundamental Incompleto e Completo): 42,90%; Ensino médio incompleto ou completo: 43,16%; Ensino superior incompleto ou completo: 13,94% ; RENDA DOMICILIAR MENSAL: Sem rendimento: (1,28%); Até 1 Salário Minimo: (54,38%); Mais de 1 a 2 salários mínimos: (23,43%); Mais de 2 a 5 salários mínimos: (15,37%); Mais de 5 a 10 salários mínimos: (3,72%); Mais de 10 salários mínimos: (1,80%). . Está prevista eventual ponderação para correção das variáveis gênero e faixa etária, com base nos percentuais acima apresentados, caso ocorram diferenças superiores a 4,5 (quatro vírgula cinco) pontos percentuais entre o previsto na amostra e a coleta realizada, para as variáveis escolaridade e renda domiciliar mensal, o fator de ponderação é igual a 1 (resultados obtidos no campo). O nível de confiança estimado é de 95% (noventa e cinco por cento) para uma margem de erro estimada, considerando uma técnica de amostragem aleatória simples, de aproximadamente 2,5 pontos percentuais para mais ou para menos sobre os resultados obtidos. Fonte de Dados: TSE - Junho/2026 e dados do IBGE, Censo, 2022.";"As entrevistas serão realizadas por uma equipe de entrevistadores e supervisores devidamente qualificada pelo Instituto, com experiência e treinamento em pesquisas de opinião pública. No decorrer do trabalho de coleta de dados, os questionários aplicados, serão auditados em no mínimo 20% (vinte por cento) para verificação quanto ao cuidado na sua aplicação, bem como a adequação do entrevistado às variáveis das quotas amostrais.";"Dados relativos aos municípios e bairros abrangidos pela pesquisa. Na ausência de delimitação do bairro, será identificada a área em que foi realizada a pesquisa (conforme §7º do art. 2º da Resolução-TSE nº 23.600/2019). A partir do dia em que a pesquisa puder ser divulgada e até o dia seguinte, o registro deverá ser complementado, sob pena de ser a pesquisa considerada não registrada; na ausência de delimitação do bairro, será identificada a área em que foi realizada."
"07/08/2026";"05:47:04";2026;81;"Eleições Gerais 2026";"RN";"RN";"RIO GRANDE DO NORTE";"RN062762026";"2026-05-26 22:57:10";"S";"00654576000172";"INSTITUTO VERITA LTDA";"VERITA";"Governador, Senador";"2026-05-27 00:00:00";"2026-05-31 00:00:00";"2026-06-01 00:00:00";1220;"10699";"GUILHERME ALVARENGA LAIA";"93940,00";"Pesquisa quantitativa, que consiste na realização de entrevistas, com a aplicação de questionário estruturado junto a uma amostra representativa do eleitorado desta Unidade da Federação.";"ESTUDO REPRESENTATIVO DO ELEITORADO DO ESTADO DO RIO GRANDE DO NORTE - MÉTODO PPT (Probabilidade Proporcional ao Tamanho) - PLANO AMOSTRAL E PONDERAÇÃO QUANTO A SEXO, IDADE, GRAU DE INSTRUÇÃO E NÍVEL ECONÔMICO DO ENTREVISTADO; INTERVALO DE CONFIANÇA E MARGEM DE ERRO: Representativo do eleitorado da área em estudo, elaborada, em vários estágios, da seguinte forma: - 1. Divisão da UF em estratos proporcionais de municípios. 2. Ordenação dos municípios de cada estrato segundo o porte. 3. Sorteio dos municípios de cada estrato. 4. Os respondentes são selecionados através de quotas amostrais proporcionais em função de variáveis significativas, a saber: GÊNERO / FAIXA ETÁRIA - FEMININO E MASCULINO 16 A 34 ANOS 16,5% E 15,8%, 35 A 54 ANOS 20% E 18,2%, 55 ANOS OU MAIS 16,4% E 13,3%. GRAU DE INSTRUÇÃO ¿ FEMININO E MASCULINO Sem instrução até Ensino Médio completo 66%, Ensino superior incompleto e completo 34% NÍVEL ECONÔMICO - FEMININO população não economicamente ativa 46,5% população economicamente ativa 53,5% MASCULINO população não economicamente ativa 27,2% população economicamente ativa 72,8%. RENDA FAMILIAR DO DOMICÍLIO renda familiar de até 2 salários-mínimos 30,7%; de 2 a 5 salários-mínimos 44,2%, acima de 5 salários-mínimos 25,1%. Está prevista eventual ponderação para correção das variáveis, com base nos percentuais anteriormente mencionados, caso ocorram diferenças superiores a margem de erro da pesquisa previsto entre a amostra e a coleta de dados realizada. O fator previsto para ponderação é 1 (resultados obtidos na coleta de dados). O intervalo de confiança estimado é de 95% e a margem de erro máxima estimada considerando um modelo de amostragem aleatório simples, é de aproximadamente 3 pontos percentuais para mais ou para menos sobre os resultados encontrados no total da amostra. FONTE DOS DADOS: IBGE/Censo 2022 para fins de densidade demográfica, setores censitários e alocação da amostra. IBGE/PNAD/PNADC/MEC/INEP para fins de Nível Econômico e Escolaridade. TSE FEVEREIRO/2026 para fins de Sexo, Faixa Etária e eleitorado por município ou regiões previamente definidas (importante ressaltar para o público leigo que os dados do TSE são os únicos corretos para gênero, idade dos eleitores e quantitativo de eleitores por municípios já que a base de dados se atualiza automaticamente, PORÉM, dados de escolaridade e nível econômico NÃO são corretos e confiáveis devido a desatualização que ocorre naturalmente com o passar dos anos). Definição de margem de erro e intervalo de confiança: Margem de erro e intervalo de confiança não são grandezas diretamente proporcionais. A SOMA NÃO TEM QUE RESULTAR 100%. ";"Após os trabalhos de coleta de dados, os questionários são submetidos a uma fiscalização, conferência e checagem de cerca de 20% (vinte por cento) dos questionários aplicados.";"A relação dos municípios sorteados ou selecionados para esta pesquisa será apresentada em arquivo anexo até 1 (um) dia após a divulgação desta pesquisa conforme §7º. do art. 2º. da Resolução-TSE nº. 23.600/2019. A área de abrangência desta pesquisa é o Estado DO RIO GRANDE DO NORTE"
"07/08/2026";"05:47:04";2026;81;"Eleições Gerais 2026";"RN";"RN";"RIO GRANDE DO NORTE";"RN020352026";"2026-04-16 15:25:45";"N";"61407109000132";"PARLA MENTORS CONSULTORIA LTDA";"PARLA MENTORS CONSULTORIA";"Governador, Senador, Deputado Federal, Deputado Estadual";"2026-04-16 00:00:00";"2026-04-18 00:00:00";"2026-04-22 00:00:00";400;"10910";"Jéssica da Silva Braga";"8000,00";"Trata-se de uma pesquisa de natureza quantitativa, realizada por meio de entrevistas presenciais, conduzidas tanto em domicílios quanto em locais previamente definidos com significativo fluxo de pessoas. Para a coleta de dados, foi aplicado um questionário estruturado em formato digital junto a uma amostra representativa do eleitorado.";"Representação do eleitorado de Itaú/RN, com a realização de 400 entrevistas junto aos eleitores com idade a partir de 16 anos, residentes nos setores selecionados, escolhidos aleatoriamente através de cotas amostrais de sexo, idade/faixa etária, escolaridade/grau de instrução e nível econômico (Fonte dos dados: TSE, março de 2026 - https://sig.tse.jus.br/ords/dwapr/r/seai/sig-eleitor-eleitorado-mensal/home?session=115642611853325 e IBGE - https://sidra.ibge.gov.br/home/pmc/brasil), conforme disposto a seguir: sexo, 48,31% masculino e 51,69% feminino; Faixa etária, 16 a 24 anos (12,75%), 25 a 34 anos (18,38%), 35 a 44 anos (19,71%), 45 a 59 anos (25,19%), 60 anos ou mais (23,97%); Escolaridade, analfabeto/lê e escreve (17,60%), ensino fundamental incompleto/completo (30,50%), ensino médio incompleto/completo (39,79%) e ensino superior incompleto/completo (12,11%); nível econômico, até 1 salário mínimo (70,43%), de 1 a 2 salários mínimos (16,68%) e acima de 2 sálarios mínimos (12,89%). O nível de confiança estimado é de 95% e a margem de erro máxima estimada considerando o modelo aleatório simples é de 4,71 pontos percentuais para mais ou para menos sobre os resultados encontrados no total da amostra.";"Para a execução da pesquisa, a Parla Mentors Consultoria LTDA contou com uma equipe de entrevistadores previamente treinados, atendendo a requisitos mínimos de escolaridade, e submetidos à supervisão contínua. Durante a fase de coleta em campo, os supervisores realizaram a seleção aleatória de entrevistadores para fins de checagem, mediante contato com os respondentes, com o objetivo de validar a aplicação dos questionários e a veracidade das informações coletadas. Após a conclusão da coleta, procedeu-se à auditoria de parte dos questionários, os quais foram submetidos à análise crítica de consistência dos dados e à verificação de conformidade com os parâmetros definidos no plano amostral.";"Divisão em duas zonas, urbana (85%) e rural (15%), subdivididas em regiões e bairros a partir das zonas censitárias do IBGE (Angico Velho, Assentamento Paraná, Centro, Felicidade, Flores, Jitirana, Nossa Senhora das Dores, Provedor, São Dimas)."
"07/08/2026";"05:47:04";2026;81;"Eleições Gerais 2026";"RN";"RN";"RIO GRANDE DO NORTE";"RN035802026";"2026-05-16 06:16:47";"N";"47683946000163";"PNH PESQUISA DE MERCADO E OPINIAO PUBLICA LTDA.";"AFFARE INSTITUTE";"Governador, Senador";"2026-05-16 00:00:00";"2026-05-21 00:00:00";"2026-05-22 00:00:00";1500;"9924";"Emídio Cavalcanti de Albuquerque";"22500,00";"Pesquisa quantitativa, realizada por meio de entrevistas telefônicas automatizadas, com utilização de questionário estruturado. O universo da pesquisa corresponde aos eleitores com 16 anos de idade ou mais, residentes e aptos a votar no estado do Rio Grande do Norte. A participação dos entrevistados é voluntária, precedida de mensagem informativa e aceite eletrônico, com aplicação de filtros fechados de elegibilidade no início da entrevista, incluindo idade mínima, residência no Estado do Rio Grande do Norte e aptidão eleitoral na unidade da Federação pesquisada. A pesquisa possui abrangência estadual, com controle territorial por mesorregiões do Estado e é ajustada por técnicas estatísticas de pós-estratificação e ponderação, com controle de aderência aos parâmetros geográficos e demográficos para refletir as características do eleitorado estadual. A pesquisa possui abrangência estadual e não se destina à produção de estimativas representativas para municípios isoladamente considerados. Nas perguntas estimuladas de intenção de voto, será adotada alternância da ordem de apresentação dos nomes, preservado o mesmo conteúdo das opções de resposta, com o objetivo de reduzir possíveis efeitos de posição nas respostas.

";"Universo: eleitoras e eleitores com 16 anos de idade ou mais, residentes e aptos a votar no estado do Rio Grande do Norte. Tamanho da amostra: 1500 entrevistas. Nível de confiança: 95%. Margem de erro máxima estimada: 2,58 pontos percentuais, para mais ou para menos, considerando hipótese conservadora de máxima variabilidade (p=0,5). A amostra tem abrangência estadual e os dados são posteriormente ajustados por pós-estratificação interativa, mediante aplicação de fatores de ponderação que equilibram a distribuição observada na amostra em relação aos parâmetros populacionais de referência. Mesorregião (IBGE ? Censo Demográfico 2022 ? Tabela 9514): Oeste Potiguar: 27,0%; Central Potiguar: 10,0%; Agreste Potiguar: 14,0%; Leste Potiguar: 49,0%.  Sexo, faixa etária e escolaridade: (TSE ? Estatísticas do eleitorado ? Março de 2026): Sexo: Masculino: 47,2%; Feminino: 52,8%. Faixa etária: 16 a 24 anos: 12,7%; 25 a 44 anos: 40,3%; 45 a 59 anos: 25,0%; 60 anos ou mais: 22,1%. Escolaridade Analfabeto: 5,8%; Lê e escreve: 9,0%; Ensino Fundamental: 28,6%; Ensino Médio: 42,7%; Ensino Superior: 14,0%. Nível econômico (rendimento domiciliar mensal - IBGE ? Censo Demográfico 2010): Sem rendimento ou até 1 salário-mínimo: 73,9%; De 1 a 2 salários-mínimos: 14,7%; De 2 a 5 salários-mínimos: 7,4%; Acima de 5 salários-mínimos: 4,0%. A variável de nível econômico utiliza como referência os dados do IBGE ? Censo Demográfico 2010, última base pública oficial disponível com essa desagregação para o estado do Rio Grande do Norte. Devido à defasagem temporal da base, a variável possui caráter complementar na ponderação, sendo priorizados os parâmetros demográficos e territoriais mais atuais.

";"A coleta de dados é realizada por sistema eletrônico automatizado de entrevistas telefônicas, com registro digital das respostas e informações da entrevista. São aplicados controles de elegibilidade, consistência e integridade da amostra, bem como verificação de duplicidade e rastreabilidade das respostas, garantindo segurança e confiabilidade do levantamento. Os dados são submetidos a procedimentos de validação e processamento estatístico, e verificação de consistência, visando assegurar aderência da amostra aos parâmetros populacionais definidos no plano metodológico. Além de assegurar a preservação da identidade dos respondentes com proteção dos dados pessoais eventualmente tratados.";"Dados relativos aos municípios, bairros ou áreas abrangidas, nos termos do art. 2º, § 7º, inciso III, da Resolução TSE nº 23.600/2019: A pesquisa é realizada em âmbito estadual, compreendendo o Estado do Rio Grande do Norte. A relação dos municípios e bairros abrangidos ou, na ausência de delimitação de bairro, das áreas de realização das entrevistas será apresentada em complementação ao registro a partir do dia em que a pesquisa puder ser divulgada e até o dia seguinte.

"
"07/08/2026";"05:47:04";2026;81;"Eleições Gerais 2026";"RN";"RN";"RIO GRANDE DO NORTE";"RN077082026";"2026-03-26 16:56:49";"N";"41744280000120";"METADATA SOLUCOES INTELIGENTES LTDA";"METADATA";"Governador, Senador, Deputado Federal, Deputado Estadual";"2026-03-27 00:00:00";"2026-03-28 00:00:00";"2026-04-01 00:00:00";1000;"11197";"Karine Symonir de Brito Pessoa";"10000,00";"           A presente pesquisa caracteriza-se como um estudo quantitativo, do tipo survey transversal, realizado por meio da aplicação de questionário estruturado e padronizado. A coleta de dados primários será conduzida junto a uma amostra representativa do universo de eleitores residentes e aptos a votar no município de Natal/RN. 
           O delineamento metodológico baseia-se em entrevistas individuais e pessoais, realizadas face a face. Para garantir a aleatoriedade e a representatividade, a seleção da unidade amostral final (o eleitor) obedece a critérios técnicos rigorosos definidos no plano amostral, sendo selecionado apenas um eleitor por domicílio. Esse procedimento assegura a padronização das abordagens, o controle de vieses de seleção e a fidedignidade dos dados coletados, refletindo o real comportamento do eleitorado local.";"           O desenho amostral adotado é o de amostragem estratificada com alocação proporcional, complementada por cotas de sexo, faixa etária, grau de instrução e nível econômico na etapa final de seleção. O tamanho da amostra foi dimensionado em 1.000 entrevistas, o que garante um nível de confiança estatística de 95% (Z aproximadamente 1,96), com uma margem de erro máxima estimada de ± 3,1% pontos percentuais para os resultados globais, assumindo a premissa de máxima variância populacional (p = q = 0,50) para proporções binomiais.
           O universo da pesquisa é composto pelo eleitorado da cidade de Natal, estado Rio Grande do Norte. A distribuição das entrevistas obedece ao princípio da proporcionalidade populacional nas quatro regiões administrativas do município. O dimensionamento das cotas utilizou como parâmetros as estatísticas oficiais (IBGE e TSE) mais recentes:

Gênero e Faixa Etária: Dados do Tribunal Superior Eleitoral (Fonte: TSE ¿ https://www.tse.jus.br/eleicoes/estatisticas/estatisticas - consulta em 25 março de 2026)
Gênero: 
           Masculino (44,77%) e 
           Feminino (55,23%).
Faixa Etária: 
           16 a 24 anos (10,08%); 
           25 a 34 anos (18,92%); 
           35 a 44 anos (20,61%); 
           45 a 59 anos (25,33%); e 
           60 anos ou mais (25,06%).
Grau de Instrução: Dados do Tribunal Superior Eleitoral (Fonte: TSE ¿ https://www.tse.jus.br/eleicoes/estatisticas/estatisticas - consulta em 25 março de 2026).
           Analfabeto e/ou lê e escreve (5,39%);
           Ensino Fundamental incompleto e/ou completo (21,75%);
           Ensino Médio incompleto e/ou completo (46,61%);
           Ensino Superior incompleto e/ou completo (26,25%).
Nível Econômico: Tendo em vista a ausência de dados econômicos atualizados no cadastro de eleitores do TSE, o estrato econômico foi calibrado com base nos microdados do Censo Demográfico 2022 do IBGE (Fonte: IBGE - https://censo2022.ibge.gov.br/panorama/?localidade=BR ¿ consulta em 25 de março de 2026), utilizando o rendimento domiciliar per capita expresso em salários-mínimos:
           Até 1 salário-mínimo (61,01%);
           Mais de 1 a 2 salários-mínimos (18,86%);
           Mais de 2 a 3 salários-mínimos (6,93%);
           Mais de 3 a 5 salários-mínimos (6,71%);
           Mais de 5 a 10 salários-mínimos (4,76%);
           Mais de 10 salários-mínimos (1,73%).

Procedimentos de Ponderação: A execução do trabalho de campo busca o preenchimento exato das cotas previamente estabelecidas. Contudo, está prevista a aplicação de técnicas de ponderação estatística (pós-estratificação) caso sejam identificadas divergências entre a distribuição da amostra empírica e os parâmetros populacionais que ultrapassem o limite da margem de erro. 
           Os fatores de ponderação para as variáveis de sexo e faixa etária serão calculados pela razão entre a proporção populacional teórica e a proporção amostral obtida em campo (W_i = P_i / p_i). Para as variáveis de grau de instrução e nível econômico, o fator de ponderação adotado será, a priori, igual a 1 (peso unitário), preservando-se as frequências observadas na coleta, salvo distorções estatisticamente significativas que justifiquem correção para mitigação de viés de não resposta.";"A METADATA adota um protocolo de controle de qualidade (Quality Assurance) rigoroso para garantir a integridade dos dados coletados. O trabalho de campo é coordenado por uma equipe de supervisores experientes, responsáveis pelo acompanhamento sistemático das rotas de entrevistas e pela verificação do desempenho dos pesquisadores.

O sistema de fiscalização abrange os seguintes procedimentos:
           - Monitoramento Tecnológico: Utilização de sistema de coleta de dados operando em dispositivos eletrônicos móveis (CAPI - Computer-Assisted Personal Interviewing). O sistema é equipado com georreferenciamento (GPS) e registro de data/hora (time-stamp), garantindo a rastreabilidade espacial e temporal de 100% das entrevistas realizadas.
           - Auditoria de Campo: Checagem presencial contínua e acompanhamento simultâneo de abordagens para certificar a correta leitura do questionário, a adequada seleção do respondente no domicílio e a neutralidade do pesquisador.
           - Consistência Lógica e Estatística: Validação eletrônica das respostas por meio de algoritmos de consistência (filtros de pulo obrigatórios, controle de tempo mínimo de resposta e detecção de padrões anômalos).
           - Auditoria Amostral (Back-check): Verificação de consistência estatística e confirmação de, no mínimo, 15% dos questionários aplicados por cada pesquisador. Esta auditoria é realizada por meio de contato posterior com os entrevistados ou retorno ao local da entrevista para confirmar a sua realização e validar dados-chave.
           Esse conjunto de procedimentos assegura um elevado padrão de confiabilidade, precisão metodológica e total transparência dos resultados obtidos, em estrita conformidade com as exigências da Justiça Eleitoral.";"           Em conformidade com a Lei nº 9.504/1997 (Lei das Eleições) e a Resolução TSE nº 23.600/2019, com as atualizações conferidas pela Resolução TSE nº 23.747/2026, a pesquisa abrange a área física do município de Natal/RN. A distribuição espacial das entrevistas engloba os seguintes bairros/localidades, distribuídos de forma representativa nas quatro zonas administrativas da capital: Alecrim, Areia Preta, Barro Vermelho, Bom Pastor, Candelária, Capim Macio, Cidade da Esperança, Cidade Alta, Cidade Nova, Dix-Sept Rosado, Felipe Camarão, Guarapes, Igapó, Lagoa Azul, Lagoa Nova, Lagoa Seca, Mãe Luiza, Neópolis, Nordeste, Nossa Senhora da Apresentação, Nossa Senhora de Nazaré, Nova Descoberta, Pajuçara, Petrópolis, Pitimbu, Planalto, Ponta Negra, Potengi, Praia do Meio, Quintas, Redinha, Ribeira, Rocas, Salinas, Cidade Satélite, Santos Reis e Tirol.
"
"07/08/2026";"05:47:04";2026;81;"Eleições Gerais 2026";"RN";"RN";"RIO GRANDE DO NORTE";"RN064222026";"2026-05-23 19:49:18";"N";"61362466000121";"MEDIA - INTELIGENCIA EM PESQUISA LTDA";"MEDIA - INTELIGENCIA EM PESQUISA";"Governador, Senador, Deputado Federal, Deputado Estadual";"2026-05-21 00:00:00";"2026-05-27 00:00:00";"2026-05-29 00:00:00";2000;"7655";"AUGUSTO DA SILVA ROCHA";"20000,00";"Pesquisa tipo quantitativa em municípios representativos do Estado do Rio Grande do Norte com aplicação de questionário estruturado, abordagem pessoal/em ponto de fluxo e domiciliar. O conjunto da população eleitora dos município representativos com 16 anos ou mais foi tomado como universo da pesquisa.";"A amostra é representativa do eleitorado do estado do Rio Grande do Norte, selecionadas em três estágios (Mesorregião/Município/Bairro e localidades): No primeiro estágio fez-se um sorteio probabilísticos dos municípios pesquisados dentro de cada mesorregião, pelo método da probabilidade proporcional ao tamanho (PPT), tomando a população de cada município, como base para tal seleção. No segundo estágio, dentro dos municípios sorteados serão selecionados aleatoriamente bairros e localidades onde as entrevistas serão realizadas. No terceiro estágio, dentro dos bairros selecionados, os entrevistados serão selecionados através de cotas proporcionais de Sexo, Faixa Etária e Escolaridade de acordo com o perfil do eleitorado em estudo. 
 Distribuição dos eleitores: 
Gênero: FEMININO	52,77%;
MASCULINO	47,23%
 ; Faixa Etária: 16 a 24 anos	13,0%	;
25 a 34 anos	19,6%	;
35 a 44 anos	20,5%	;
45 a 59 anos	24,9%	;
60 anos ou mais	22,0%	;
 ; Grau de instrução: 
ANALFABETO	5,75%	;
LÊ E ESCREVE	8,92%	;
ENSINO FUNDAMENTAL INCOMPLETO	24,33%	;
ENSINO FUNDAMENTAL COMPLETO	4,19%	;
ENSINO MÉDIO INCOMPLETO	18,12%	;
ENSINO MÉDIO COMPLETO	24,72%	;
SUPERIOR INCOMPLETO	5,04%	;
SUPERIOR COMPLETO	8,93%	;
 

Renda familiar (Classe de rendimento nominal mensal domiciliar IBGE): Até 1/2 salário mínimo 8,10% ; Mais de 1/2 a 1 salário mínimo 20,05% ; Mais de 1 a 2 salários mínimos 27,93% ; Mais de 2 a 5 salários mínimos 26,31% ; Mais de 5 a 10 salários mínimos 8,34% ; Mais de 10 a 20 salários mínimos 3,58% ; Mais de 20 salários mínimos 1,65% ; Sem rendimento 4,04% ;
Fonte de dados: TSE e TRE - RN, abril de 2026
 (https://cidades.ibge.gov.br/brasil/rn//pesquisa/23/24304	;   
	
https://sig.tse.jus.br/ords/dwapr/r/seai/sig-eleitor-eleitorado-mensal/cruzamento-eleitorado-mensal?p24_metricas=E&p24_back=22&p24_cruzamento_1=ds_sexo&clear=24&session=114977019083086	;   
https://sig.tse.jus.br/ords/dwapr/r/seai/sig-eleitor-eleitorado-mensal/cruzamento-eleitorado-mensal?p24_cruzamento_1=ds_faixa_etaria&p24_metricas=E&p24_back=22&clear=24&session=114977019083086	;   
https://sig.tse.jus.br/ords/dwapr/r/seai/sig-eleitor-eleitorado-mensal/cruzamento-eleitorado-mensal?p24_cruzamento_1=ds_grau_instrucao&p24_metricas=E&p24_back=22&clear=24&session=114977019083086	;   
Ano=2026;	
Mês = ABRIL;	
UF= RN;	
) e IBGE 2022 (https://www.ibge.gov.br/estatisticas/sociais/populacao/22827-censo-demografico-2022.html?edicao=41852&t=resultados) para os dados da população. Tamanho da amostra: 2000 entrevistas. Intervalo de Confiança/Margem de Erro: O intervalo de confiança estimado é de 95,0% e a margem de erro máxima estimada é de 2,2 pontos percentuais para mais ou para menos sobre os resultados encontrados no total da amostra. Fonte de dados IBGE 2010 (https://cidades.ibge.gov.br/brasil/rn/pesquisa/23/22787?detalhes=true ) Observação: Conforme informações disponibilizadas pelo Instituto Brasileiro de Geografia e Estatística (IBGE), não houve nem há previsão de divulgação do perfil econômico (nível econômico) da população brasileira no âmbito do Censo Demográfico de 2022 (https://censo2022.ibge.gov.br/panorama/), para essa variável será adotado o fator de ponderação igual a 1, correspondente aos resultados obtidos em campo, caso seja verificada diferença superior à margem de erro prevista no estudo entre a projeção da amostra baseada nos dados do IBGE 2010 e os dados efetivamente coletados. Para as variáveis de sexo, idade e grau de instrução, está previsto uma eventual ponderação, nos limites da margem de erro, para correção nos tamanhos das variáveis, caso ocorra uma diferença entre a previsão da amostra e a coleta dos dados realizados sobre a faixa de eleitores acima de 16 anos. ";"Para a realização da pesquisa utiliza-se uma equipe de entrevistadores e coordenadores de campo devidamente treinados para o trabalho do Instittto Media. As entrevistas são pessoais, domiciliares e em locais de fluxo, feitas por meio de questionário estruturado, aplicando-se apenas um questionário por domicílio, respeitando as cotas pré-determinadas. Durante a realização dos trabalhos de campo, os entrevistadores são submetidos a uma fiscalização permanente por parte dos coordenadores de campo e são realizadas checagem de 20% da amostra para atestar a realização das entrevistas e a fidedignidade dos dados apurados, garantindo-se dessa forma, o grau de precisão dos estimadores, em função dos parâmetros previamente estabelecidos.";"#NULO#"
"07/08/2026";"05:47:04";2026;81;"Eleições Gerais 2026";"RN";"RN";"RIO GRANDE DO NORTE";"RN051942026";"2026-04-27 20:56:58";"N";"17159578000198";"M B BARROS CONSULTORIA LTDA - ME";"INSTITUTO DATASENSUS";"Governador, Senador, Deputado Federal, Deputado Estadual";"2026-04-30 00:00:00";"2026-05-02 00:00:00";"2026-05-03 00:00:00";800;"9596";"Lucemberg de Araújo Pedrosa";"20000,00";"Pesquisa quantitativa, por amostragem, com a aplicação, via abordagem pessoal em pontos de fluxo, de questionário estruturado junto a uma amostra representativa da população. A população do estado do Rio Grande do Norte, com 16 anos ou mais, foi tomada como universo da pesquisa.";"Universo: População com 16 anos ou mais, do estado do Rio Grande do Norte 
Tamanho da amostra: A amostra prevista é de 800 entrevistas. 
Técnica de amostragem: A amostra é estrati¿cada por Região Geográfica Imediata (RGI). Em cada estrato, num primeiro estágio, são sorteados com probabilidade proporcional ao tamanho (PPT) os municípios que farão parte do levantamento, utilizando o eleitorado como medida de tamanho. Para assegurar a cobertura dos principais centros demográficos, políticos e logísticos regionais, foi aplicada uma validação de inclusão garantida para as cidades polos de cada estrato, caso o ponto de partida aleatório não selecionasse alguma dessas unidades. Num segundo estágio, são sorteados os bairros e pontos de abordagem onde serão aplicadas as entrevistas. Por ¿m, os entrevistados são selecionados aleatoriamente para responder ao questionário, atendendo ao controle das seguintes variáveis amostrais: Sexo: Masculino: 47,2%, Feminino: 52,8%, Idade: 16-24 anos: 12,7%, 25-34 anos: 19,7%, 35-44 anos: 20,6%, 45-59 anos: 25,0% e 60 anos ou mais: 22,1%, Escolaridade: Até o ensino fundamental incompleto 39,1% (inclui os sem escolaridade e analfabetos), ensino fundamental completo até o ensino médio incompleto 15,3%, ensino médio completo até o superior incompleto 32,0%, ensino superior completo 13,6%. 
Ponderação dos resultados: Está prevista eventual ponderação para correção nos tamanhos dos estratos, considerando as variáveis: sexo, faixa etária e escolaridade, de acordo com os percentuais detalhados anteriormente, caso as diferenças sejam maiores que a margem de erro da pesquisa. 
Para o nível econômico dos entrevistados (renda familiar mensal aproximada declarada) os dados de referência são: até 2 S.M. (salários mínimos) = 68%, mais de 2 S.M. a 5 S.M. = 23%, mais de 5 S.M. = 9%. Para essa variável, o fator previsto para ponderação é 1 (resultados obtidos em campo). 
Área física da pesquisa: os municípios sorteados para a coleta são: Assú, Afonso Bezerra, Fernando Pedroza, Lajes, Pendências, Caicó, Jardim de Piranhas, Parelhas, Canguaretama, Goianinha, Currais Novos, Lagoa Nova, João Câmara, Mossoró, Apodi, Areia Branca, Caraúbas, Grossos, Serra do Mel, Natal, Parnamirim, São Gonçalo do Amarante, Ceará-Mirim, Macaíba, Extremoz, Jundiá, Nísia floresta, São Miguel do Gostoso, Vera Cruz, Pau dos Ferros, Encanto, Martins, São Miguel, Viçosa, Santa Cruz, Tangará, Nova cruz, Santo Antônio, Passa e Fica, São Paulo do Potengi.
O nível de confiança estimado é de 95% e a margem de erro é de 3,5 pontos percentuais para mais ou para menos sobre os resultados encontrados no total da amostra e baseada em uma amostra aleatória simples. 
Fonte: Os dados utilizados para de¿nição e seleção da amostra são baseados nos dados fornecidos pelo IBGE (Censo 2022 e PNADC 2024) e TSE (março/2026). 
";"Os entrevistadores envolvidos na realização desta pesquisa são treinados pelo Instituto DataSensus e recebem instruções especí¿cas para cada projeto realizado. A coleta será feita com a utilização de tablet e questionário eletrônico. Todo trabalho de coleta é supervisionado em tempo real e no mínimo 20% dos questionários de cada pesquisador são checados. Após os trabalhos de campo e antes do processamento dos resultados, realiza-se processo de checagem para verificação dos parâmetros amostrais e da consistência dos dados coletados. Os dados coletados e tratados nesta pesquisa atendem às exigências da Lei Geral de Proteção de Dados - LGPD, garantindo aos entrevistados o sigilo de suas identidades e o correto tratamento de suas respostas.";"A área de abrangência da coleta dos dados é o estado do Rio Grande do Norte. A relação completa dos municípios e bairros pesquisados será anexada ao registro até o dia seguinte à data de publicação da pesquisa, conforme Resolução 23.600/2019 do TSE, no art.2º §7º."
"07/08/2026";"05:47:04";2026;81;"Eleições Gerais 2026";"RN";"RN";"RIO GRANDE DO NORTE";"RN066482026";"2026-07-03 12:21:01";"N";"04843093000177";"CONSULTORIA E PESQUISA TECNICA LTDA";"CONSULT PESQUISA";"Governador, Senador, Deputado Federal, Deputado Estadual";"2026-07-03 00:00:00";"2026-07-05 00:00:00";"2026-07-09 00:00:00";1700;"7865";"Paulo de Tarso Teixeira Ferreira";"40000,00";"A Metodologia empregada  para  a  pesquisa segue a Técnica de  Observação  Direta, referente ao Método Quantitativo através da realização de survey de opinião, utilizando-se  como  instrumento  de  investigação   Formulário   Semiestruturado, para entrevistas individualizadas, domiciliares  e/ou locais preestabelecidos. O Universo da pesquisa é o conjunto da população eleitora do estado do Rio Grande do Norte, com idades de 16 anos ou mais.
";"Plano Amostral: Quanto ao Plano Amostral, foi utilizada uma Amostra Probabilística, Casual Simples de 1700 entrevistas, com a finalidade de cobertura geográfica no estado do RN, abrangendo as 12 áreas geográficas, representadas por 63 municípios, localizados em Natal, Terras Potiguares, Agreste/Litoral Sul, Mato Grande, Potengí, Central Cabugí/Litoral Norte, Trairí, Seridó, Assú/Mossoró, Mossoró, Sertão do Apodí e Alto Oeste,  com partilha proporcional (Método estatístico PPT = Partilha Proporcional ao Tamanho) sobre o potencial eleitoral de cada uma das regiões. 
A relação completa dos municípios será encaminhada ao TSE, conforme §7° do art. 2°, da Resolução-TSE n°. 23.600/2019.  
A Amostra é partilhada por regiões ou áreas do Estado. Em cada estrato são escolhidos os municípios que farão parte da representatividade da região. Na sequência escolha do bairro/conglomerado, rua,  domicílio/local  pré-estabelecido e ponto amostral.
A Partilha, através de cotas, com relação as variáveis gênero e idades seguem informações do TSE, sendo 47% do eleitorado do gênero masculino, e 53% do gênero feminino, e sobre as idades, sendo 13% dos eleitores até 24 anos, 20% de 25 a 34 anos, 20% de 35 a 44 anos,  25% de 45 a 59 anos, e 22% com mais de 59 anos. Estão previstas eventuais ponderações para as variáveis gênero e idade, caso a diferença entre o previsto na amostra e a coleta dos dados seja superior a 3 pontos percentuais.
   Quanto a Grau de Instrução, a estimativa também segue sobre informações do TSE, atingindo eleitores Analfabetos e que Lê e Escreve (15%), Com Nível de Ensino Fundamental (28%) (Completo ou incompleto), Com Nível de Ensino Médio (43%) (Completo ou incompleto), e Com Nível de Ensino Superior (14%) (Completo ou incompleto). A Ponderação para o Grau de Instrução ocorre sobre a coleta em campo com fator 1 (resultado obtido em campo).
Para o NÍVEL ECONÔMICO DO ENTREVISTADO (renda familiar mensal declarada pelo respondente), os dados tomados como referência são os do Censo Demográfico IBGE 2022 (módulo Trabalho e Rendimento, SIDRA Tabela 10.292), com distribuição por faixas de rendimento domiciliar per capita em salários mínimos, reagrupadas nas faixas de renda familiar mensal: CLASSE DE RENDIMENTO MENSAL DE TODOS OS TRABALHOS, em salários mínimos IBGE 2022. Obedecendo a seguinte distribuição Até 1 salário mínimo 55,68%, de 1 a 2 salários mínimos 23,43%, de 2 a 5 salários mínimos 15,37%, de 5 a 10 Salários Mínimos 3,72%, de 10 a 20 Salários Mínimos 1,36% e Mais de 20 salários Mínimos 0,44%
A Ponderação para o Nível Econômico dos entrevistados, ocorre sobre a coleta em campo, sendo atingida e identificada pela cobertura geográfica ampla da amostra através do seu Plano Amostral, e pela Técnica de coleta de dados que é de Sorteios Múltiplos Aleatórios nos municípios (bairro/conglomerado, rua, domicílio/local pré-estabelecido, ponto amostral), com entrevistas Presenciais, sobre as regiões em municípios definidos para a amostra. 
Também está prevista eventual pós-estratificação da amostra, para correção de estimativas e das distribuições das variáveis gênero, idade, escolaridade e renda familiar, com base nos percentuais apresentados, caso ocorram diferenças entre os percentuais previstos na amostra e a coleta de dados realizada. 
   Margem de Erro: O Erro Amostral máximo é de 2.37%, levando-se em consideração o tamanho da amostra, no uso do cálculo amostral pela proporção [estimador = p e (1-p)], usando variância máxima. Sobre as variáveis dos quesitos de interesse da pesquisa, esse erro deverá ser no máximo 2.37%, o que significa dizer que o percentual observado para as perguntas que representam o objetivo principal da pesquisa, pode variar para mais ou para menos em 2.37%, ou seja, um INTERVALO DE CONFIANÇA com esse percentual, tendo essa afirmação uma CONFIABILIDADE DE 95%.  

";"O sistema de controle interno ocorre a partir do início da etapa de campo, onde os entrevistadores, exclusivos do próprio Instituto, são treinados para cada pesquisa a ser realizada, são fiscalizados permanentemente por coordenadores de campo, como também são realizadas abordagens pós-entrevistas (in loco), e visitas ou abordagem retorno sobre 15% da amostra. Internamente, são feitas críticas em todos os questionários, e são codificados. Em uma última etapa é verificado a consistência dos dados. ";"PESQUISA RN:  REGIÕES E MUNICÍPIOS 

01) NATAL:

01) NATAL  

02) TERRAS POTIGUARES:                               
02) PARNAMIRIM                              
03) SÃO GONÇALO DO AMARANTE 
04) MACAÍBA                 
05) EXTREMOZ                                                                     

03) AGRESTE / LITORAL SUL:  
06) SÃO JOSÉ DE MIPIBÚ                        
07) NOVA CRUZ                   
08) GOIANINHA                                           
09) CANGUARETAMA       
10) MONTE ALEGRE                                
11) SANTO ANTÔNIO        
12) PEDRO VELHO                                  
13) TIBAU DO SUL            

04) MATO GRANDE: 
14) CEARÁ MIRIM                                 
15) JOÃO CÂMARA                     
16) TOUROS                 
17) POÇO BRANCO                       
18) MAXARANGUAPE  
19) RIO DO FOGO       
20) TAIPÚ                   

05)  POTENGI:  
21) SÃO PAULO DO POTENGI             
22) SÃO TOMÉ                             
23) IELMO MARINHO                            
24) BOM JESUS                           

06)  CENTRAL CABUGI / LITORAL NORTE: 
25) MACAU                                              
26) LAJES                          
27) AFONSO BEZERRA                        
28) PEDRO AVELINO     
29) ANGICOS                   

07) TRAIRI:   
30) SANTA CRUZ                                          
31) TANGARÁ               
32) SÃO JOSÉ DE CAMPESTRE               
33) CAMPO REDONDO    
34) PASSA E FICA              

08) SERIDÓ:   
35) CAICÓ                                                       
36) CURRAIS NOVOS    
37) PARELHAS                                             
38) JUCURUTÚ                  
39) JARDIM DE PIRANHAS                
40) LAGOA NOVA              
41) JARDIM DO SERIDÓ   
42) CERRO CORÁ               
43) ACARI                            

09) ASSÚ / MOSSORÓ:  
44) ASSÚ                                       
45) AREIA BRANCA     
46) BARAÚNA                              
47) IPANGUAÇÚ             
48) PENDÊNCIAS            
49) ALTO DO RODRIGUES  
50) GROSSOS                        

10) MOSSORÓ:                              
51)MOSSORÓ    

11) SERTÃO DO APODI: 
52) APODI                                     
53) CARAÚBAS          
54) GOVERNADOR DIX-SEPT ROSADO 
55) PATÚ                                         
56) CAMPO GRANDE    

12) ALTO OESTE:       
57) PAU DOS FERROS                          
58) SÃO MIGUEL                    
59) ALEXANDRIA                               
60) TENENTE ANANIAS         
61) UMARIZAL                          
62) MARCELINO VIEIRA        
63) DOUTOR SEVERIANO       
"
"07/08/2026";"05:47:04";2026;81;"Eleições Gerais 2026";"RN";"RN";"RIO GRANDE DO NORTE";"RN057922026";"2026-07-16 22:03:48";"S";"36461578000192";"QUALITTA EMPREEDIMENTOS LTDA";"QUALITTA EMPREENDIMENTOS";"Governador, Senador, Deputado Federal, Deputado Estadual";"2026-07-17 00:00:00";"2026-07-21 00:00:00";"2026-07-22 00:00:00";1200;"7655";"AUGUSTO DA SILVA ROCHA";"22000,00";"Pesquisa em 30 municípios representativos do Estado de Rio Grande do Norte, do tipo quantitativa, com aplicação de questionário estruturado, abordagem pessoal em ponto de fluxo populacional e domiciliar. O conjunto da população eleitora dos municípios com 16 anos ou mais foi tomado como universo da pesquisa.
";"O público alvo do estudo é a população do estado residente na área urbana com 16 anos ou mais. Pesquisa em 30 municípios representativos do Estado de Rio Grande do Norte. Fonte: O desenho da amostra será realizado de acordo com os dados populacionais disponibilizados pelo Instituto Brasileiro de Geografia e Estatística (IBGE) referentes ao Censo 2010/2022 e TSE/TRE abr/26. https://sidra.ibge.gov.br/tabela/3268 https://www.tse.jus.br/eleitor/estatisticas-de-eleitorado/consulta-quantitativo Em cada município Amostragem probabilística por conglomerados em dois estágios, assegurando a representatividade geográfica e a aleatoriedade em todas as etapas. 1. Primeiro Estágio (Seleção de Setores Censitários): O município será estratificado pelas regiões administrativas ou zonas (urbana/rural) para garantir a cobertura de toda a área. Dentro de cada estrato, serão sorteados setores censitários com probabilidade proporcional ao tamanho (PPT), utilizando como medida de tamanho o número de domicílios particulares permanentes do Censo 2022 do IBGE. 2. Segundo Estágio (Seleção dos Entrevistados): Em cada setor censitário sorteado, os entrevistados serão selecionados por meio de cotas proporcionais às características do eleitorado local. Os entrevistados são selecionados aleatoriamente segundo as cotas do estudo em função de variáveis significativas, a saber:  GÊNERO: FEMININO 52,77%; MASCULINO 47,23% ; Faixa Etária: 16 a 24 anos 13,0% ; 25 a 34 anos 19,6% ; 35 a 44 anos 20,5% ; 45 a 59 anos 24,9% ; 60 anos ou mais 22,0% ; ; Grau de instrução: ANALFABETO 5,75% ; LÊ E ESCREVE 8,92% ; ENSINO FUNDAMENTAL INCOMPLETO 24,33% ; ENSINO FUNDAMENTAL COMPLETO 4,19% ; ENSINO MÉDIO INCOMPLETO 18,12% ; ENSINO MÉDIO COMPLETO 24,72% ; SUPERIOR INCOMPLETO 5,04% ; SUPERIOR COMPLETO 8,93% ; Fonte de dados: TSE e TRE - RN, abril de 2026 (https://cidades.ibge.gov.br/brasil/rn//pesquisa/23/24304 ; https://sig.tse.jus.br/ords/dwapr/r/seai/sig-eleitor-eleitorado-mensal/cruzamento-eleitorado-mensal?p24_metricas=E&p24_back=22&p24_cruzamento_1=ds_sexo&clear=24&session=114977019083086 ; https://sig.tse.jus.br/ords/dwapr/r/seai/sig-eleitor-eleitorado-mensal/cruzamento-eleitorado-mensal?p24_cruzamento_1=ds_faixa_etaria&p24_metricas=E&p24_back=22&clear=24&session=114977019083086 ; https://sig.tse.jus.br/ords/dwapr/r/seai/sig-eleitor-eleitorado-mensal/cruzamento-eleitorado-mensal?p24_cruzamento_1=ds_grau_instrucao&p24_metricas=E&p24_back=22&clear=24&session=114977019083086 ; Ano=2026; Mês = ABRIL; UF= RN; ). Renda familiar (Classe de rendimento nominal mensal domiciliar IBGE): Até 1/2 salário mínimo 8,10% ; Mais de 1/2 a 1 salário mínimo 20,05% ; Mais de 1 a 2 salários mínimos 27,93% ; Mais de 2 a 5 salários mínimos 26,31% ; Mais de 5 a 10 salários mínimos 8,34% ; Mais de 10 a 20 salários mínimos 3,58% ; Mais de 20 salários mínimos 1,65% ; Sem rendimento 4,04% ; Fonte de dados IBGE 2010 (https://cidades.ibge.gov.br/brasil/rn/pesquisa/23/22787?detalhes=true ) e IBGE 2022 (https://www.ibge.gov.br/estatisticas/sociais/populacao/22827-censo-demografico-2022.html?edicao=41852&t=resultados) para os dados da população. ; Para um intervalo de confiança de 95% a margem de erro máxima estimada foi de 2.8 pontos percentuais, para mais ou para menos.
";"O sistema de controle interno ocorre a partir do início da etapa de campo, onde os entrevistadores, exclusivos do próprio Instituto, são treinados para cada pesquisa a ser realizada, são fiscalizados permanentemente por coordenadores de campo, e são realizadas abordagens pós-entrevistas (in loco), e visitas ou abordagem retorno sobre 15% da amostra. Internamente, são feitas críticas em todos os questionários, e são codificados. Em uma última etapa é verificado a consistência dos dados.";"#NULO#"
"07/08/2026";"05:47:04";2026;81;"Eleições Gerais 2026";"RN";"RN";"RIO GRANDE DO NORTE";"RN038772026";"2026-03-13 11:25:14";"N";"04843093000177";"CONSULTORIA E PESQUISA TECNICA LTDA";"CONSULT PESQUISA";"Governador, Senador";"2026-03-15 00:00:00";"2026-03-18 00:00:00";"2026-03-19 00:00:00";1700;"7861 - 5ª região";"Paulo de Tarso Teixeira Ferreira";"35000,00";"A Metodologia empregada  para  a  pesquisa segue a Técnica de  Observação  Direta, referente ao Método Quantitativo através da realização de survey de opinião, utilizando-se  como  instrumento  de  investigação   Formulário   Semiestruturado, para entrevistas individualizadas, domiciliares  e/ou locais preestabelecidos. O Universo da pesquisa é o conjunto da população eleitora do estado do Rio Grande do Norte, com idades de 16 anos ou mais.";"Plano Amostral: Quanto ao Plano Amostral, foi utilizada uma Amostra Probabilística, Casual Simples de 1700 entrevistas, com a finalidade de cobertura geográfica no estado do RN, abrangendo as 12 áreas geográficas, representadas por 55 municípios, localizados em Natal, Grande Natal, Agreste/Litoral Sul, Mato Grande, Potengí, Central Cabugí/Litoral Norte,  Trairí, Seridó, Assú/Mossoró, Mossoró, Sertão do Apodí e Alto Oeste,  com partilha proporcional (Método estatístico PPT = Partilha Proporcional ao Tamanho) sobre o potencial eleitoral de cada uma das regiões. 
A relação completa dos municípios será encaminhada ao TSE, conforme §7° do art. 2°, da Resolução-TSE n°. 23.600/2019.  
A Amostra é partilhada por regiões ou áreas do Estado. Em cada estrato são escolhidos os municípios que farão parte da representatividade da região. Na sequência escolha do bairro/conglomerado, rua,  domicílio/local  pré-estabelecido e ponto amostral.
A Partilha, através de cotas, com relação as variáveis gênero e idades seguem informações do TSE, sendo 47% do eleitorado do gênero masculino, e 53% do gênero feminino, e sobre as idades, sendo 12% dos eleitores até 24 anos, 20% de 25 a 34 anos, 21% de 35 a 44 anos,  25% de 45 a 59 anos, e 22% com mais de 59 anos. Estão previstas eventuais ponderações para as variáveis sexo e idade, caso a diferença entre o previsto na amostra e a coleta dos dados seja superior a 3 pontos percentuais; para as variáveis escolaridade e renda domiciliar o fator previsto para ponderação é 1 (resultados obtidos em campo).
   Quanto a Grau de Instrução, a estimativa também segue sobre informações do TSE, atingindo eleitores Analfabetos e que Lê e Escreve (15%), Com Nível de Ensino Fundamental (29%) (Completo ou incompleto), Com Nível de Ensino Médio (42%) (Completo ou incompleto), e Com Nível de Ensino Superior (14%) (Completo ou incompleto). A Ponderação para o Grau de Instrução ocorre sobre a coleta em campo com fator 1 (resultado obtido em campo).
Para o NÍVEL ECONÔMICO DO ENTREVISTADO (renda familiar mensal declarada pelo respondente), os dados tomados como referência são os do Censo Demográfico IBGE 2022 (módulo Trabalho e Rendimento, SIDRA Tabela 10296), com distribuição por faixas de rendimento domiciliar per capita em salários mínimos, reagrupadas nas faixas de renda familiar mensal: RENDA MENSAL EM SALÁRIOS MÍNIMOS IBGE 2022. Obedecendo a seguinte distribuição Até 1 salário mínimo  74,96%, de 1 a 2 salários mínimos 14,85%, de 2 a 5 salários mínimos 7,81% , de 5 a 10 Salários Mínimos 1,87%, de 10 a 20 Salários Mínimos 0,43% e Mais de 20 salários Mínimos 0,09%
O fator previsto para ponderação é 1 (resultados obtidos em campo). A Ponderação para o Nível Econômico dos entrevistados, ocorre sobre a coleta em campo, sendo atingidos e identificados pela cobertura geográfica ampla da amostra através do seu Plano Amostral, e pela Técnica de coleta de dados que é de Sorteios Múltiplos Aleatórios (bairro/conglomerado, rua, domicílio/local pré-estabelecido, ponto amostral), com entrevistas Presenciais, sobre as regiões  e municípios definidos para a amostra. 
   Margem de Erro: O Erro Amostral máximo é de 2.37%, levando-se em consideração o tamanho da amostra, no uso do cálculo amostral pela proporção [estimador = p e (1-p)], usando variância máxima. Sobre as variáveis dos quesitos de interesse da pesquisa, esse erro deverá ser no máximo 2.37%, o que significa dizer que o percentual observado para as perguntas que representam o objetivo principal da pesquisa, pode variar para mais ou para menos em 2.37%, ou seja, um INTERVALO DE CONFIANÇA com esse percentual, tendo essa afirmação uma CONFIABILIDADE DE 95%.  

";"O sistema de controle interno ocorre a partir do início da etapa de campo, onde os entrevistadores, exclusivos do próprio Instituto, são treinados para cada pesquisa a ser realizada, são fiscalizados permanentemente por coordenadores de campo, e são realizadas abordagens pós-entrevistas (in loco), e visitas ou abordagem retorno sobre 15% da amostra. Internamente, são feitas críticas em todos os questionários, e são codificados. Em uma última etapa é verificado a consistência dos dados. ";"Eleições 2026   -   Pesquisa de Opinião Pública Rio Grande do Norte 

Período: 15 a 18/03/2026

REGIÕES e Municípios que fazem parte da Amostra 
                                                 	    
01). SETOR CENSITÁRIO 1: NATAL: representatividade 21,54% 
01). Natal 

02) SETOR CENSITÁRIO 2: GRANDE NATAL: representatividade 14,13%                                
02)PARNAMIRIM                                  
03)SÃO GONÇALO DO AMARANTE     
04)CEARÁ MIRIM                                  
05)MACAÍBA              
06)EXTREMOZ                                                                   

03) SETOR CENSITÁRIO 3: AGRESTE / LITORAL SUL: representatividade 11,55%  
07)SÃO JOSÉ DE MIPIBÚ                        
08)NOVA CRUZ                    
09)GOIANINHA                                            
10) CANGUARETAMA       
11)MONTE ALEGRE                                  
12)SANTO ANTÔNIO         
13) PEDRO VELHO                                  
 14) MONTANHAS        

04) SETOR CENSITÁRIO 4: MATO GRANDE: representatividade 5.57% 
15)JOÃO CÂMARA                    
16)TOUROS              
17) POÇO BRANCO                     
18) MAXARANGUAPE 
19) RIO DO FOGO        

05) SETOR CENSITÁRIO 5:  POTENGI:  representatividade 2.85%  
20)SÃO PAULO DO POTENGI              
21)SÃO TOMÉ                             
22) IELMO MARINHO                          
23) SÃO PEDRO                            

06)  SETOR CENSITÁRIO 6: CENTRAL CABUGI / LITORAL NORTE:  representatividade  3.48%   
24)MACAU                                            
25) LAJES                       
26)AFONSO BEZERRA                       
27) PEDRO AVELINO   

07) SETOR CENSITÁRIO 7: TRAIRI: representatividade 5.00%  
28)SANTA CRUZ                                              
29)TANGARÁ                  
30) SAÕ JOSÉ DE CAMPESTRE                
31) CAMPO REDONDO  
32) BOA SAÚDE  

08) SETOR CENSITÁRIO 8: SERIDÓ:  representatividade 9.41%
33)CAICÓ                                                    
34)CURRAIS NOVOS  
35)PARELHAS                                            
36)JUCURUTÙ              
37)JARDIM DE PIRANHAS                 
38) LAGOA NOVA       
39) CRUZETA  10

09) SETOR CENSITÁRIO 9: ASSU / MOSSORÓ:  representatividade 7.04%
40)ASSÚ                                       
41)AREIA BRANCA   
42)BARAÚNA                           
43) PENDÊNCIAS        
44) CARNAUBAIS      

10) SETOR CENSITÁRIO 10: MOSSORÓ:  representatividade 7.01%                            
45)MOSSORÓ    

11) SETOR CENSITÁRIO 11:  SERTÃO DO APODI: representatividade 5.53% 
46)APODI                                           
47)CARAÚBAS                
48) PATÚ                                        
49) UMARIZAL                
50) CAMPO GRANDE    

12) SETOR CENSITÁRIO 12:   ALTO OESTE: representatividade 6.89%
51)PAU DOS FERROS                     
52)SÃO MIGUEL               
53)ALEXANDRIA                         
54) TENENTE ANANIAS  
55)JOSÉ DA PENHA          
"
"07/08/2026";"05:47:04";2026;81;"Eleições Gerais 2026";"RN";"RN";"RIO GRANDE DO NORTE";"RN079662026";"2026-06-19 20:37:05";"N";"10307514000148";"ERIVALDO TRINDADE DE ARAUJO";"ITEM PESQUISAS TECNICAS";"Governador, Senador, Deputado Federal, Deputado Estadual, Deputado Distrital";"2026-06-22 00:00:00";"2026-06-24 00:00:00";"2026-06-25 00:00:00";1250;"10682";"ALDINE ANDREA DE O SOUZA CABRAL";"15000,00";"Para realização desta pesquisa, a ITEM PESQUISAS TÉCNICAS utilizará como instrumento de coleta um questionário eletrônico estruturado com questões fechadas e abertas, respostas únicas para um modelo de pesquisa QUANTITATIVA. As entrevistas serão aplicadas com eleitores de 16 anos acima, residentes em domicílios do Estado do Rio Grande do Norte. As entrevistas serão individuais face a face realizadas com os entrevistados em seus próprios domicílios. Em cada domicílio, a entrevista seguirá aos critérios de quotas para Gênero, Grau de Instrução, Faixa Etária e Nível Econômico extraídas do banco de dados do próprio TSE e IBGE.";"A aplicação do Plano Amostral irá considerar a representação do eleitorado do Estado do Rio Grande do Norte, a partir da distribuição por microrregiões/municípios com amostra seguindo o método de Probabilidade Proporcional ao Tamanho (PPT), onde foram realizadas 1.250 entrevistas nos 61 municípios nos  eleitores com idade a partir de 16 anos, residentes nos setores selecionados e domicílios escolhidos aleatoriamente por sorteio através de cotas amostrais de gênero, faixa etária e escolaridade junto a fonte dos bancos de dados do TSE e IBGE, conforme o disposto a seguir: GÊNERO: 47,2% Masculino e 52,8% Feminino; FAIXA ETÁRIA: 16 a 24 anos (13,53%), 25 a 34 anos (19,39%), 35 a 44 anos (20,33%), 45 a 59 anos (24,75%), 60 anos ou mais (22,00%); GRAU DE INSTRUÇÃO: Analfabeto/Lê e Escreve (14,6%), Ensino fundamental incompleto(24,2%) Ensino fundamental completo (4,2%), Ensino médio incompleto(18,5%), Ensino Médio completo (24,6%), Ensino superior incompleto(5,0%), Ensino Superior Completo (8,9%). Para a variável de nível econômico do entrevistado, os índices são os seguintes: Até 1 salário mínimo (75,0%); Mais de 1 a 2 salários mínimos (14,9%); Mais de 2 a 5 salários mínimos (7,8%); Acima de 5 salários mínimos (2,3%). Para a variável de nível econômico, o fator de ponderação será igual a 1, respeitando os resultados obtidos em campo, de acordo com a possibilidade dentro do método PPT, O nível de confiança é de 95% e a margem de erro estimada é de 2,77% (Dois virgula setenta e sete/pp - pontos percentuais) para mais ou para menos sobre os resultados encontrados no total da amostra. Está prevista ponderação para correção das variáveis sexo, escolaridade e faixa etária, conforme estatísticas do eleitorado (TSE, IGBE), caso ocorram diferenças superiores a margem de erro, entre os dados previstos e a coleta realizada.";"A ITEM PESQUISAS, utiliza uma equipe de entrevistadores treinados e experientes em pesquisa de opinião pública, com escolaridade mínima compatível a função e devidamente supervisionada em campo e fora dele (Escritório). Após a coleta de dados, o mínimo de 10% dos questionários eletrônicos é auditado e submetido à crítica de consistência e compatibilidade aos parâmetros amostrais. Todo dado coletado tem acompanhamento pelo supervisor em campo e na Geo ¿ Localização por meio de aplicativo e são tratados conforme as exigências da LGPD, garantindo sigilo correto das informações. Assim sendo, não é exigido ou solicitado nenhum dado ou informação de caráter pessoal dos entrevistados, somente sua localização geográfica e os parâmetros exigidos ficam devidamente registrados em sistema, sob sigilo da empresa e a disposição de checagem ou auditoria, em conformidade com a Lei Geral de Proteção de Dados (LGPD).";"A pesquisa foi realizada em 12 setores do Estado do Rio Grande do Norte, nas áreas urbanas ou rurais, conforme a proporção da composição e ocupação dos respectivos territórios, subdivididas em micro regiões e bairros a partir das zonas censitárias do IBGE e distribuição do eleitorado com dados do TSE/TRE-RN, observando a densidade de cada área, aferida a partir de dados secundários. Os 61 municípios sorteados para visita dos entrevistadores em todo o estado do Rio Grande do Norte foram os seguintes: Monte Alegre, Brejinho, Nova Cruz, Santo Antônio, Várzea, Canguaretama, Goianinha, Baia Formosa, Riachuelo, Caiçara do Rio dos Ventos, Lajes, Bento Fernandes, Guamaré, Macau, João Câmara, Poço Branco, Jandaíra, Maxaranguape, Touros, Santa Cruz, Tangará, Coronel Ezequiel, São José do Campestre, Campo Redondo, Mossoró, Serra do Mel, Caicó, Jardim de Piranhas,  Timbaúba dos Batistas, Florania, Currais novos, Parelhas, Cerro Corá, Assú, Carnaubais, Alto do Rodrigues, Itajá, Pendencias, Caraúbas, Apodi, Patu, Martins, Umarizal, Messias Targino, Barcelona, São Tomé, São Paulo do Potengi, Santa Maria, Lagoa de Velhos, Pau dos Ferros, Alexandria, São Francisco do Oeste, Rafael Fernandes, Tenente Ananias, São Miguel, Macaíba, Extremoz, Parnamirim, Ceará Mirim, São Gonçalo do Amarante e a capital Natal. A complementação da pesquisa será feita até o dia seguinte à data da divulgação da pesquisa, conforme disposto no §7º do art. 2º da Resolução-TSE nº 23.600/2019."
"07/08/2026";"05:47:04";2026;81;"Eleições Gerais 2026";"RN";"RN";"RIO GRANDE DO NORTE";"RN053862026";"2026-05-10 18:00:25";"N";"61407109000132";"PARLA MENTORS CONSULTORIA LTDA";"PARLA MENTORS CONSULTORIA";"Governador, Senador, Deputado Federal, Deputado Estadual";"2026-05-13 00:00:00";"2026-05-15 00:00:00";"2026-05-16 00:00:00";400;"10910";"JÉSSICA DA SILVA BRAGA";"8000,00";"Trata-se de uma pesquisa de natureza quantitativa, realizada por meio de entrevistas
presenciais, conduzidas tanto em domicílios quanto em locais previamente definidos
com significativo fluxo de pessoas. Para a coleta de dados, foi aplicado um questionário
estruturado em formato digital junto a uma amostra representativa do eleitorado.
";"Representação do eleitorado de Itaú/RN, com a realização de 400 entrevistas junto aos
eleitores com idade a partir de 16 anos, residentes nos setores selecionados,
escolhidos aleatoriamente através de cotas amostrais de sexo, idade/faixa etária,
escolaridade/grau de instrução e nível econômico (Fonte dos dados: TSE, março de
2026 -
https://sig.tse.jus.br/ords/dwapr/r/seai/sig-eleitor-eleitorado-mensal/home?session=1156
42611853325 e IBGE - https://sidra.ibge.gov.br/home/pmc/brasil), conforme disposto a
seguir: sexo, 48,31% masculino e 51,69% feminino; Faixa etária, 16 a 24 anos
(12,75%), 25 a 34 anos (18,38%), 35 a 44 anos (19,71%), 45 a 59 anos (25,19%), 60
anos ou mais (23,97%); Escolaridade, analfabeto/lê e escreve (17,60%), ensino
fundamental incompleto/completo (30,50%), ensino médio incompleto/completo
(39,79%) e ensino superior incompleto/completo (12,11%); nível econômico, até 1
salário mínimo (70,43%), de 1 a 2 salários mínimos (16,68%) e acima de 2 sálarios
mínimos (12,89%). O nível de confiança estimado é de 95% e a margem de erro
máxima estimada considerando o modelo aleatório simples é de 4,71 pontos
percentuais para mais ou para menos sobre os resultados encontrados no total da
amostra.
";"Para a execução da pesquisa, a Parla Mentors Consultoria LTDA contou com uma
equipe de entrevistadores previamente treinados, atendendo a requisitos mínimos de
escolaridade, e submetidos à supervisão contínua. Durante a fase de coleta em campo,
os supervisores realizaram a seleção aleatória de entrevistadores para fins de
checagem, mediante contato com os respondentes, com o objetivo de validar a
aplicação dos questionários e a veracidade das informações coletadas. Após a
conclusão da coleta, procedeu-se à auditoria de parte dos questionários, os quais
foram submetidos à análise crítica de consistência dos dados e à verificação de
conformidade com os parâmetros definidos no plano amostral.
";"Divisão em duas zonas, urbana (85%) e rural (15%), subdivididas em regiões e bairros
a partir das zonas censitárias do IBGE (Angico Velho, Assentamento Paraná, Centro,
Felicidade, Flores, Jitirana, Nossa Senhora das Dores, Provedor, São Dimas)."
"07/08/2026";"05:47:04";2026;81;"Eleições Gerais 2026";"RN";"RN";"RIO GRANDE DO NORTE";"RN058572026";"2026-05-19 21:34:29";"N";"47798321000147";"INSTITUTO DATA CENSUS POTIGUAR LTDA";"#NULO#";"Governador, Senador, Deputado Federal, Deputado Estadual, Deputado Distrital";"2026-05-20 00:00:00";"2026-05-22 00:00:00";"2026-05-25 00:00:00";2000;"9620";"KALLINE FABIANA SILVEIRA MARINHO";"10000,00";"A pesquisa tem como população-alvo eleitores residentes no Estado do Rio Grande do Norte, aptos ao voto, conforme cadastro eleitoral do Tribunal Superior Eleitoral (TSE), totalizando 2.649.282 eleitores, conforme cadastro eleitoral do TSE atualizado em 12.09.2025.
1.	ABRANGÊNCIA E REPRESENTATIVIDADE
A pesquisa possui abrangência estadual e contempla 71 municípios previamente selecionados, correspondentes aos maiores colégios eleitorais das 19 microrregiões do Estado do Rio Grande do Norte.
A seleção dos municípios foi realizada com base no critério de representatividade eleitoral (probabilidade proporcional ao tamanho do eleitorado ¿ PPT), assegurando cobertura integral das microrregiões e elevada aderência à distribuição real do eleitorado estadual.
Os municípios selecionados concentram a maior parte do eleitorado do Estado, garantindo representatividade estatística, geográfica e socioeconômica da população pesquisada.
";"A distribuição das entrevistas segue proporcionalidade direta ao número de eleitores por município, conforme dados oficiais do TSE.
A amostra é de 2.000 entrevistas, distribuídas proporcionalmente ao eleitorado dos municípios selecionados, com margem de erro máxima estimada de ±2,2 pontos percentuais e nível de confiança de 95%.
1.	DESENHO AMOSTRAL
A amostra é do tipo probabilística estratificada, com seleção em múltiplos estágios:
a)	Estratificação por microrregião do Estado;
b) Seleção dos municípios (maiores colégios eleitorais por microrregião);
c) Seleção aleatória de setores censitários (IBGE);
d) Seleção sistemática de domicílios dentro dos setores;
e) Seleção do entrevistado por método aleatório (último aniversário).

2.	ESTRATIFICAÇÃO E CONTROLE
A amostra é controlada por cotas proporcionais com base nas seguintes variáveis:
¿	Sexo (TSE)
FEM: 53% 
MASC: 47% 

¿	Faixa etária (TSE); 
De 16 a 20 anos:	6%
De 21 a 24 anos:	7%
De 25 a 34 anos:	20%
De 35 a 44 anos:	21%
De 45 a 59 anos:	25%
60 anos ou mais:	21%

¿	Escolaridade (TSE) 
ANALFABETO AO LÊ E ESCREVE:	15%
ENSINO FUNDAMENTAL COMPLETO:	4%
ENSINO FUNDAMENTAL INCOMPLETO:	25%
ENSINO MÉDIO COMPLETO	: 24%
ENSINO MÉDIO INCOMPLETO:	18%
SUPERIOR COMPLETO:	9%
SUPERIOR INCOMPLETO:	5%

¿	Nível econômico (Tabela 10292 - CENSO, 2022); 
Menos de 1 salário mínimo:	56%
De 1 a 3 salários mínimos:	32%
De 4 ou mais salários mínimos:	13%

¿	Distribuição territorial (Tabela 9923 - CENSO, 2022);. 
Zona Urbana: 82%
Zona Rural: 18%

3.	PONDERAÇÃO DOS DADOS
Após a coleta, os dados serão, se necessário, ponderados para ajuste à composição real da população, considerando:
A ponderação utiliza como referência os dados do IBGE e do TSE, garantindo aderência estatística da amostra ao universo pesquisado.

4.	SETORES CENSITÁRIOS
A seleção dos setores censitários é realizada com base na malha oficial do IBGE, por meio de sorteio probabilístico.
Serão registrados:
¿	Código do setor censitário 
¿	Bairro
¿	Município 
¿	Quantidade de entrevistas por setor 
As informações serão disponibilizadas conforme exigência do §7º do art. 2º da Resolução TSE nº 23.600/2019.

5.	METODOLOGIA DE COLETA
A coleta de dados será realizada por meio de entrevistas presenciais domiciliares, com aplicação de questionário estruturado.
Será utilizado sistema eletrônico (CAPI), por meio de dispositivos móveis, permitindo auditoria e rastreabilidade das entrevistas.

6.	SISTEMA DE CONTROLE E FISCALIZAÇÃO
O trabalho de campo será submetido aos seguintes controles:
¿	Supervisão presencial mínima de 20% das entrevistas; 
¿	Verificação posterior (back-check) de pelo menos 20% dos questionários; 
¿	Registro de geolocalização dos pontos de coleta; 
¿	Controle de tempo de aplicação; 
¿	Auditoria interna dos dados coletados; 
¿	Registro digital das entrevistas. 
Todos os dados serão auditáveis e passíveis de fiscalização pela Justiça Eleitoral, nos termos da legislação vigente.

7.	TRATAMENTO DE NÃO RESPOSTA
Em caso de recusas ou impossibilidade de entrevista:
¿	Será realizada substituição controlada; 
¿	Dentro do mesmo setor censitário; 
¿	Respeitando as mesmas características da amostra; 
Garantindo manutenção da representatividade estatística.
";"A coleta de dados será submetida a rigoroso sistema interno de controle, verificação, conferência e fiscalização, garantindo a qualidade, integridade e rastreabilidade das informações obtidas em campo.

O controle será realizado em múltiplos níveis, conforme descrito a seguir:

1.	Treinamento e padronização
Todos os entrevistadores passam por treinamento prévio obrigatório, com padronização dos procedimentos de abordagem, aplicação do questionário e registro das respostas, garantindo uniformidade metodológica. 
2.	Identificação e rastreabilidade
Cada entrevistador será devidamente identificado e vinculado às entrevistas realizadas, permitindo rastreabilidade individual de todas as coletas. 
3.	Coleta eletrônica auditável (CAPI)
As entrevistas serão realizadas por meio de dispositivos eletrônicos (tablets ou smartphones), com registro automático de: 
¿	Data e horário da entrevista; 
¿	Duração da aplicação; 
¿	Coordenadas geográficas (geolocalização); 
Os dados coletados serão armazenados em sistema eletrônico seguro, permitindo auditoria integral.
4.	Controle de consistência em tempo real
O sistema eletrônico realizará críticas automáticas durante a coleta, impedindo: 
¿	Respostas inconsistentes; 
¿	Questionários incompletos; 
¿	Preenchimentos fora dos parâmetros definidos; 
5.	Supervisão de campo
Será realizada supervisão direta de, no mínimo, 20% das entrevistas, com acompanhamento presencial ou remoto das atividades dos entrevistadores. 
6.	Verificação posterior (back-check)
Será efetuada checagem posterior de, no mínimo, 30% das entrevistas, por meio de contato telefônico ou retorno ao domicílio, com confirmação de: 
¿	Realização da entrevista; 
¿	Identidade do entrevistado; 
¿	Coerência das respostas principais; 
7.	Controle de produtividade e tempo
Serão monitorados: 
¿	Tempo médio de aplicação; 
¿	Volume de entrevistas por entrevistador; 
Com identificação e bloqueio de padrões atípicos.
8.	Auditoria interna
Os dados coletados serão submetidos a auditoria interna, com verificação de: 
¿	Consistência estatística; 
¿	Distribuição amostral; 
¿	Aderência ao plano amostral; 
9.	Armazenamento e integridade dos dados
Todos os registros serão mantidos em ambiente seguro, com controle de acesso, preservando a integridade e disponibilidade das informações para eventual fiscalização. 
10.	Disponibilidade para fiscalização externa
O sistema de controle, incluindo identificação dos entrevistadores, registros de campo, planilhas e banco de dados, será disponibilizado à Justiça Eleitoral, ao Ministério Público, partidos políticos e demais legitimados, nos termos da legislação vigente, resguardado o sigilo dos entrevistados.
";"OS DADOS DETALHADOS DOS MUNICÍPIOS E SETORES CENSITÁRIOS SERÃO APRESENTADOS APÓS A REALIZAÇÃO DA PESQUISA. MAIS INFORMAÇÕES SOBRE MUNICÍPIOS DA AMOSTRA VER QUESTIONÁRIO ANEXO."
"07/08/2026";"05:47:04";2026;81;"Eleições Gerais 2026";"RN";"RN";"RIO GRANDE DO NORTE";"RN038072026";"2026-05-25 01:27:09";"S";"10783981000144";"SETA INSTITUTO DE PESQUISA LTDA";"INSTITUTO SETA DE PESQUISA";"Governador, Senador, Deputado Federal, Deputado Estadual";"2026-05-26 00:00:00";"2026-05-28 00:00:00";"2026-05-31 00:00:00";1500;"8954";"Galttieri Ferreira Tavares";"15000,00";"Pesquisa com metodologia quantitativa, com a realização de entrevistas pessoais utilizando questionário estruturado junto a uma amostra representativa do eleitorado do estado do RN.";"A amostra será representativa dos eleitores das áreas pesquisadas e será selecionada em duas etapas. Na primeira etapa realiza-se um sorteio probabilístico das localidades onde as entrevistas serão realizadas através do método PPT (Probabilidade Proporcional ao Tamanho), considerando a população com 16 anos ou mais residente nas localidades como base para essa seleção. Na segunda etapa, a seleção do entrevistado dentro da localidade será feita utilizando-se quotas amostrais proporcionais, em função das seguintes variáveis: Gênero: Masculino (47.23%); Feminino (52.77%); ; Faixa etária: De 16 a 20 anos: (5.99%); Entre 21 e 24 anos: (7.00%); Entre 25 e 34 anos: (19.56%); Entre 35 e 44 anos: (20.51%); 45 a 59 anos: (24.88%); Com 60 anos ou mais: (22.06%); ; ESCOLARIDADE: De analfabeto até ensino fundamental completo (Contêm eleitores que apenas Lê e escrevem, Analfabetos e que cursaram Ensino Fundamental Incompleto e Completo): 43,19%; Ensino médio incompleto ou completo: 42,84%; Ensino superior incompleto ou completo: 13,97% ; RENDA DOMICILIAR MENSAL: Sem rendimento: (2,29%); Até 1 Salário Minimo: (72,67%); Mais de 1 a 2 salários mínimos: (14,85%); Mais de 2 a 5 salários mínimos: (7,81%); Mais de 5 a 10 salários mínimos: (1,87%); Mais de 10 salários mínimos: (0,52%). . Está prevista eventual ponderação para correção das variáveis gênero e faixa etária, com base nos percentuais acima apresentados, caso ocorram diferenças superiores a 4,5 (quatro vírgula cinco) pontos percentuais entre o previsto na amostra e a coleta realizada, para as variáveis escolaridade e renda domiciliar mensal, o fator de ponderação é igual a 1 (resultados obtidos no campo). O nível de confiança estimado é de 95% (noventa e cinco por cento) para uma margem de erro estimada, considerando uma técnica de amostragem aleatória simples, de aproximadamente 2,5 pontos percentuais para mais ou para menos sobre os resultados obtidos. Fonte de Dados: TSE - Abril/2026 e dados do IBGE.";"As entrevistas serão realizadas por uma equipe de entrevistadores e supervisores devidamente qualificada pelo Instituto, com experiência e treinamento em pesquisas de opinião pública. No decorrer do trabalho de coleta de dados, os questionários aplicados, serão auditados em no mínimo 20% (vinte por cento) para verificação quanto ao cuidado na sua aplicação, bem como a adequação do entrevistado às variáveis das quotas amostrais.";"Dados relativos aos municípios e bairros abrangidos pela pesquisa. Na ausência de delimitação do bairro, será identificada a área em que foi realizada a pesquisa (conforme §7º do art. 2º da Resolução-TSE nº 23.600/2019). A partir do dia em que a pesquisa puder ser divulgada e até o dia seguinte, o registro deverá ser complementado, sob pena de ser a pesquisa considerada não registrada; na ausência de delimitação do bairro, será identificada a área em que foi realizada."
"07/08/2026";"05:47:04";2026;81;"Eleições Gerais 2026";"RN";"RN";"RIO GRANDE DO NORTE";"RN015472026";"2026-07-07 23:16:26";"S";"10783981000144";"SETA INSTITUTO DE PESQUISA LTDA";"INSTITUTO SETA DE PESQUISA";"Governador, Senador, Deputado Federal, Deputado Estadual";"2026-07-04 00:00:00";"2026-07-05 00:00:00";"2026-07-13 00:00:00";500;"8954";"Galttieri Ferreira Tavares";"6000,00";"Pesquisa com metodologia quantitativa, com a realização de entrevistas pessoais utilizando questionário estruturado junto a uma amostra representativa do eleitorado do município de CAICÓ/RN.
";"A amostra será representativa dos eleitores das áreas pesquisadas e será selecionada em duas etapas. Na primeira etapa realiza-se um sorteio probabilístico das localidades onde as entrevistas serão realizadas através do método PPT (Probabilidade Proporcional ao Tamanho), considerando a população com 16 anos ou mais residente nas localidades como base para essa seleção. Na segunda etapa, a seleção do entrevistado dentro da localidade será feita utilizando-se quotas amostrais proporcionais, em função das seguintes variáveis: Gênero: Masculino (46.18%); Feminino (53.82%); ; Faixa etária: De 16 a 20 anos: (5.36%); Entre 21 e 24 anos: (6.13%); Entre 25 e 34 anos: (17.46%); Entre 35 e 44 anos: (19.62%); 45 a 59 anos: (25.85%); Com 60 anos ou mais: (25.59%); ; ESCOLARIDADE: De analfabeto até ensino fundamental completo (Contêm eleitores que apenas Lê e escrevem, Analfabetos e que cursaram Ensino Fundamental Incompleto e Completo): 38,94%; Ensino médio incompleto ou completo: 44,10%; Ensino superior incompleto ou completo: 16,95% ; RENDA DOMICILIAR MENSAL: Sem rendimento: (0,66%); Até 1 Salário Mínimo: (56,32%); Mais de 1 a 2 salários mínimos: (20,40%); Mais de 2 a 5 salários mínimos: (16,98%); Mais de 5 a 10 salários mínimos: (4,41%); Mais de 10 salários mínimos: (1,22%). . Está prevista eventual ponderação para correção das variáveis gênero e faixa etária, com base nos percentuais acima apresentados, caso ocorram diferenças superiores a 4,5 (quatro vírgula cinco) pontos percentuais entre o previsto na amostra e a coleta realizada, para as variáveis escolaridade e renda domiciliar mensal, o fator de ponderação é igual a 1 (resultados obtidos no campo). O nível de confiança estimado é de 95% (noventa e cinco por cento) para uma margem de erro estimada, considerando uma técnica de amostragem aleatória simples, de aproximadamente 3,8 pontos percentuais para mais ou para menos sobre os resultados obtidos. Fonte de Dados: TSE - Junho/2026 e dados do IBGE, Censo, 2022.
";"As entrevistas serão realizadas por uma equipe de entrevistadores e supervisores devidamente qualificada pelo Instituto, com experiência e treinamento em pesquisas de opinião pública. No decorrer do trabalho de coleta de dados, os questionários aplicados, serão auditados em no mínimo 20% (vinte por cento) para verificação quanto ao cuidado na sua aplicação, bem como a adequação do entrevistado às variáveis das quotas amostrais.";"Dados relativos aos municípios e bairros abrangidos pela pesquisa. Na ausência de delimitação do bairro, será identificada a área em que foi realizada a pesquisa (conforme §7º do art. 2º da Resolução-TSE nº 23.600/2019). A partir do dia em que a pesquisa puder ser divulgada e até o dia seguinte, o registro deverá ser complementado, sob pena de ser a pesquisa considerada não registrada; na ausência de delimitação do bairro, será identificada a área em que foi realizada."
"07/08/2026";"05:47:04";2026;81;"Eleições Gerais 2026";"RN";"RN";"RIO GRANDE DO NORTE";"RN033542026";"2026-05-05 21:01:27";"N";"41744280000120";"METADATA SOLUCOES INTELIGENTES LTDA";"METADATA";"Governador, Senador, Deputado Federal, Deputado Estadual";"2026-05-07 00:00:00";"2026-05-09 00:00:00";"2026-05-11 00:00:00";1550;"CONRE-5 nº:11197";"Karine Symonir de Brito Pessoa";"50000,00";"A presente pesquisa caracteriza-se como um estudo quantitativo, do tipo survey transversal, realizado por meio da aplicação de questionário estruturado e padronizado. A coleta de dados primários será conduzida junto a uma amostra representativa do universo de eleitores aptos a votar em municípios do Estado do Rio Grande do Norte. A pesquisa refere-se aos seguintes cargos em disputa nas Eleições Gerais de 2026: Presidente e Vice-Presidente da República, Governador e Vice-Governador do Estado do Rio Grande do Norte, Senador e Suplentes, Deputado Federal e Deputado Estadual pelo Rio Grande do Norte (art. 2º, X, da Resolução TSE nº 23.600/2019, com redação da Resolução TSE nº 23.747/2026).
O delineamento metodológico baseia-se em entrevistas individuais e pessoais, realizadas face a face. Para garantir a aleatoriedade e a representatividade espacial, a seleção da unidade amostral final (o eleitor) obedece a critérios técnicos rigorosos definidos no plano amostral, sendo selecionado apenas um eleitor por domicílio ou ponto de fluxo. A coleta é operacionalizada com apoio de dispositivo portátil, garantindo a rastreabilidade espacial e temporal das entrevistas realizadas e permitindo o cruzamento do ponto de coleta com município de votação declarado pelo entrevistado. Esse procedimento assegura a padronização das abordagens, o controle de vieses de seleção e a fidedignidade dos dados coletados, refletindo o real comportamento do eleitorado local.
";"O desenho amostral adotado é o de amostragem estratificada com alocação proporcional, complementada por cotas de sexo, faixa etária, grau de instrução e nível econômico na etapa final de seleção. O universo da pesquisa é composto pelo eleitorado apto do estado do Rio Grande do Norte, com base nos dados oficiais do Tribunal Superior Eleitoral de 01 de maio de 2026 (N = 2.641.263 eleitores). O tamanho da amostra foi dimensionado em 1.550 entrevistas, o que garante um nível de confiança estatística de 95% (Z aproximadamente 1,96), com uma margem de erro máxima estimada de ± 2,5 pontos percentuais para os resultados globais, assumindo a premissa de máxima variância populacional (p = q = 0,50) para proporções binomiais.
A distribuição das entrevistas obedece ao princípio da proporcionalidade populacional nas quatro mesorregiões do estado, conforme definição do IBGE. A estratificação garante a representatividade regional e assegura que nenhuma região seja super ou sub-representada na amostra. O dimensionamento das cotas utilizou como parâmetros as estatísticas oficiais (IBGE e TSE) mais recentes, em cumprimento ao disposto no art. 2º, inciso IV, da Resolução TSE nº 23.600/2019, com a redação conferida pela Resolução TSE nº 23.747/2026:
Gênero e Faixa Etária: Dados do Tribunal Superior Eleitoral (TSE ¿ 01/05/2026) - https://www.tse.jus.br/eleicoes/estatisticas/estatisticas 
A distribuição da amostra foi realizada de acordo com as informações do Tribunal Superior Eleitoral (TSE ¿ Maio de 2026), considerando o eleitorado do sexo masculino (47,23%) e do sexo feminino (52,77%); distribuída na faixa etária de 16-24 anos (12,99%), 25-34 anos (19,56%), 35-44 anos (20,51%), 45-59 anos (24,88%) e 60 anos ou mais (22,06%). 

Grau de Instrução: Dados do Tribunal Superior Eleitoral (TSE ¿ 01/05/2026) - https://www.tse.jus.br/eleicoes/estatisticas/estatisticas.
Tendo grau de Instrução analfabeto e/ou que lê e escreve (14,67%), ensino fundamental incompleto e/ou completo (28,52%), ensino médio incompleto e/ou completo (42,84%), ensino superior incompleto e/ou completo (13,97%). 
Nível Econômico: Dados do Censo Demográfico 2022 do IBGE - https://sidra.ibge.gov.br/Tabela/10296 
Vale ressaltar que o TSE não fornece dados sobre o nível econômico do eleitorado. Deste modo, foram utilizados como os dados do Censo do IBGE 2022, referente ao rendimento domiciliar per capita em salários mínimos, distribuída da seguinte forma: Sendo até 1 salário-mínimo (74,96%), mais de 1 a 2 salários-mínimos (14,85%), mais de 2 a 3 salários-mínimos (4,47%), mais de 3 a 5 salários-mínimos (3,34%), mais de 5 a 10 salários-mínimos (1,87%) e mais de 10 salários-mínimos (0,52%). 
Procedimentos de Ponderação: A execução do trabalho de campo busca o preenchimento exato das cotas previamente estabelecidas. Contudo, está prevista a aplicação de técnicas de ponderação estatística (pós-estratificação) caso sejam identificadas divergências entre a distribuição da amostra empírica e os parâmetros populacionais que ultrapassem o limite da margem de erro. 
Os fatores de ponderação para as variáveis de sexo e faixa etária serão calculados pela razão entre a proporção populacional teórica e a proporção amostral obtida em campo (W_i = P_i / p_i). 
Para a variável de grau de instrução, a ponderação pós-estratificada será aplicada exclusivamente como medida corretiva residual, caso o desvio entre a distribuição amostral observada e os parâmetros populacionais de referência supere a margem de erro da pesquisa (± 2,5 p.p.) em qualquer categoria, situação em que o fator será calculado por W_i = P_i / p_i. Para a variável de nível econômico, o fator de ponderação adotado será igual a 1 (peso unitário), preservando-se a distribuição observada em campo, em razão da defasagem temporal dos dados do Censo Demográfico 2022 do IBGE em relação ao ano eleitoral de 2026, o que inviabiliza tecnicamente a correção amostral por essa variável sem introdução de viés sistemático.
";"A METADATA adota um protocolo de controle de qualidade (Quality Assurance) rigoroso para garantir a integridade dos dados coletados. O trabalho de campo é coordenado por uma equipe de supervisores experientes, incluindo o estatístico Adryan Fernandes Rocha de Brito (CONRE-5  nº  11203), responsáveis pelo acompanhamento sistemático das rotas de entrevistas e pela verificação do desempenho dos pesquisadores. A profissional responsável técnica pela pesquisa é Karine Symonir de Brito Pessoa, inscrita no Conselho de Estatística da 5ª Região sob o nº 11197. A referida profissional assina digitalmente o presente registro, declarando: (i) o compromisso de manter a documentação auditável exigida pela Resolução TSE nº 23.600/2019; e (ii) a ciência de que a prestação de informação falsa ou a conivência com a divulgação de pesquisa fraudulenta sujeitam o declarante às sanções legais e profissionais cabíveis, nos termos do art. 2º, IX, da Resolução TSE nº 23.600/2019, com redação da Resolução TSE nº 23.747/2026. 
O sistema de fiscalização abrange os seguintes procedimentos:
- Monitoramento Tecnológico: Utilização de sistema de coleta de dados operando em dispositivos eletrônicos móveis (CAPI - Computer-Assisted Personal Interviewing). O sistema é equipado com georreferenciamento (GPS) e registro de data/hora (time-stamp), garantindo a rastreabilidade espacial e temporal de 100% das entrevistas realizadas.
- Auditoria de Campo: Checagem presencial contínua e acompanhamento simultâneo de abordagens para certificar a correta leitura do questionário, a adequada seleção do respondente no domicílio e a neutralidade do pesquisador.
- Consistência Lógica e Estatística: Validação eletrônica das respostas por meio de algoritmos de consistência (filtros de pulo obrigatórios, controle de tempo mínimo de resposta e detecção de padrões anômalos).
- Auditoria Amostral (Back-check): Verificação de consistência estatística e confirmação de, no mínimo, 15% dos questionários aplicados por cada pesquisador. Esta auditoria é realizada por meio de contato posterior com os entrevistados ou retorno ao local da entrevista para confirmar a sua realização e validar dados-chave.
Esse conjunto de procedimentos assegura um elevado padrão de confiabilidade, precisão metodológica e total transparência dos resultados obtidos, em estrita conformidade com as exigências da Justiça Eleitoral.
";"Em conformidade com a Lei nº 9.504/1997 (Lei das Eleições) e a Resolução TSE nº 23.600/2019, com as atualizações conferidas pela Resolução TSE nº 23.747/2026, a pesquisa abrange a área física do Estado do Rio Grande do Norte. A distribuição espacial das entrevistas engloba os seguintes 54 (cinquenta e quatro) municípios selecionados a partir de amostragem aleatória estratificada pelas mesorregiões e considerando o peso de representatividade eleitoral, distribuídos de forma representativa nas mesorregiões do estado: 
Natal, Parnamirim, Mossoró, Areia Branca, Baraúna, Serra do Mel, Assu, Ipanguaçu, Alto do Rodrigues, Pendências, Afonso Bezerra, Macau, Guamaré, João Câmara, Poço Branco, Touros, Rio do Fogo, Taipu, Apodi, Caicó, Jardim de Piranhas, Currais Novos, Jucurutu, Parelhas, Lagoa Nova, Santana do Matos, Caraúbas, Governador Dix-Sept Rosado, Upanema, Pau dos Ferros, Alexandria, São Miguel, Patu, São Paulo do Potengi, Ielmo Marinho, Santa Cruz, Tangará, Maxaranguape, Canguaretama, Goianinha, Tibau do Sul, Pedro Velho, Arez, São Gonçalo do Amarante, Ceará-Mirim, Macaíba, São José de Mipibu, Nísia Floresta, Extremoz, Nova Cruz, Santo Antônio, Monte Alegre, Vera Cruz, São José do Campestre.
Nos termos do art. 2º, §7º-F, da Resolução TSE nº 23.600/2019 (incluído pela Resolução TSE nº 23.747/2026), adota-se como unidade territorial alternativa o município de realização da entrevista, com controle de proporcionalidade eleitoral por mesorregião do IBGE. Após a divulgação, o registro será complementado com o número de eleitores pesquisados por município, conforme art. 2º, §7º, III e IV, da mesma Resolução.
"
"07/08/2026";"05:47:04";2026;81;"Eleições Gerais 2026";"RN";"RN";"RIO GRANDE DO NORTE";"RN036822026";"2026-08-04 22:44:57";"S";"41744280000120";"METADATA SOLUCOES INTELIGENTES LTDA";"METADATA";"Governador, Senador, Deputado Federal, Deputado Estadual, Deputado Distrital";"2026-08-06 00:00:00";"2026-08-08 00:00:00";"2026-08-10 00:00:00";1536;"11197";"Karine Symonir de Brito Pessoa";"50000,00";"A presente pesquisa caracteriza-se como um estudo quantitativo, do tipo survey transversal, realizado por meio da aplicação de questionário estruturado e padronizado. A coleta de dados primários será conduzida junto a uma amostra representativa do universo de eleitores aptos a votar em municípios do Estado do Rio Grande do Norte. A pesquisa refere-se aos seguintes cargos em disputa nas Eleições Gerais de 2026: Presidente e Vice-Presidente da República, Governador e Vice-Governador do Estado do Rio Grande do Norte, Senador e Suplentes, Deputado Federal e Deputado Estadual pelo Rio Grande do Norte (art. 2º, X, da Resolução TSE nº 23.600/2019, com redação da Resolução TSE nº 23.747/2026).
O delineamento metodológico baseia-se em entrevistas individuais e pessoais, realizadas face a face. Para garantir a aleatoriedade e a representatividade espacial, a seleção da unidade amostral final (o eleitor) obedece a critérios técnicos rigorosos definidos no plano amostral, sendo selecionado apenas um eleitor por domicílio. A coleta é operacionalizada com apoio de dispositivo portátil, garantindo a rastreabilidade espacial e temporal das entrevistas realizadas e permitindo o cruzamento do ponto de coleta com município de votação declarado pelo entrevistado. Esse procedimento assegura a padronização das abordagens, o controle de vieses de seleção e a fidedignidade dos dados coletados, refletindo o real comportamento do eleitorado local.
";"O desenho amostral adotado é o de amostragem estratificada com alocação proporcional, complementada por cotas de sexo, faixa etária, grau de instrução e nível econômico na etapa final de seleção. O universo da pesquisa é composto pelo eleitorado apto do estado do Rio Grande do Norte, com base nos dados oficiais do Tribunal Superior Eleitoral de 01/08/2026 (N = 2.660.947 eleitores). O tamanho da amostra foi dimensionado em 1.536 entrevistas, o que garante um nível de confiança estatística de 95% (Z aproximadamente 1,96), com uma margem de erro máxima estimada de ± 2,5 pontos percentuais para os resultados globais, assumindo a premissa de máxima variância populacional (p = q = 0,50) para proporções binomiais.
A distribuição das entrevistas obedece ao princípio da proporcionalidade populacional nas três regiões geográficas Intermediárias do estado, conforme definição do IBGE. A estratificação garante a representatividade regional e assegura que nenhuma região seja super ou sub-representada na amostra. O dimensionamento das cotas utilizou como parâmetros as estatísticas oficiais (IBGE e TSE) mais recentes, em cumprimento ao disposto no art. 2º, inciso IV, da Resolução TSE nº 23.600/2019, com a redação conferida pela Resolução TSE nº 23.747/2026: Gênero e Faixa Etária: Dados do Tribunal Superior Eleitoral (TSE ¿ 01/08/2026) - https://www.tse.jus.br/eleicoes/estatisticas/estatisticas. A distribuição da amostra foi realizada de acordo com as informações do Tribunal Superior Eleitoral (TSE ¿ 01/08/2026 2026), considerando o eleitorado do sexo masculino (47,23%) e do sexo feminino (52,77%); distribuída nas idades (faixa etária): até 24 anos (12,90%), De 25-34 anos (19,38%), De 35 a 44 anos (20,24%), De 45 a 59 anos (25,00%) e 60 anos ou mais (22,42%).  Grau de Instrução: Dados do Tribunal Superior Eleitoral (TSE ¿ 01/08/2026) - https://www.tse.jus.br/eleicoes/estatisticas/estatisticas. Tendo grau de Instrução: Analfabeto e/ou que lê e escreve (14,53%); Ensino fundamental incompleto e/ou completo (28,37%); Ensino médio incompleto e/ou completo (43,16%), Ensino superior incompleto e/ou completo (13,94%).  Nível Econômico: Dados do Censo Demográfico 2022 do IBGE - https://sidra.ibge.gov.br/Tabela/10296. Vale ressaltar que o TSE não fornece dados sobre o nível econômico do eleitorado. Deste modo, foram utilizados como os dados do Censo do IBGE 2022, referente ao rendimento domiciliar per capita em salários mínimos, distribuída da seguinte forma: Até 1 salário-mínimo (74,96%); Mais de 1 a 2 salários-mínimos (14,85%); Mais de 2 a 3 salários-mínimos (4,47%); Mais de 3 a 5 salários-mínimos (3,34%); Mais de 5 a 10 salários-mínimos (1,87%) e Mais de 10 salários-mínimos (0,52%). Procedimentos de Ponderação: A execução do trabalho de campo busca o preenchimento exato das cotas previamente estabelecidas. Contudo, está prevista a aplicação de técnicas de ponderação estatística (pós-estratificação) caso sejam identificadas divergências entre a distribuição da amostra empírica e os parâmetros populacionais que ultrapassem o limite da margem de erro. Os fatores de ponderação para as variáveis de sexo e faixa etária serão calculados pela razão entre a proporção populacional teórica e a proporção amostral obtida em campo (W_i = P_i / p_i). Para a variável de grau de instrução, a ponderação pós-estratificada será aplicada exclusivamente como medida corretiva residual, caso o desvio entre a distribuição amostral observada e os parâmetros populacionais de referência supere a margem de erro da pesquisa (± 2,5 p.p.) em qualquer categoria, situação em que o fator será calculado por W_i = P_i / p_i. Para a variável de nível econômico, o fator de ponderação adotado será igual a 1 (peso unitário), preservando-se a distribuição observada em campo, em razão da defasagem temporal dos dados do Censo Demográfico 2022 do IBGE em relação ao ano eleitoral de 2026, o que inviabiliza tecnicamente a correção amostral por essa variável sem introdução de viés sistemático.
";"A METADATA adota um protocolo de controle de qualidade (Quality Assurance) rigoroso para garantir a integridade dos dados coletados. O trabalho de campo é coordenado por uma equipe de supervisores experientes, incluindo o estatístico Adryan Fernandes Rocha de Brito (CONRE-5  nº  11203), responsáveis pelo acompanhamento sistemático das rotas de entrevistas e pela verificação do desempenho dos pesquisadores. A profissional responsável técnica pela pesquisa é Karine Symonir de Brito Pessoa, inscrita no Conselho de Estatística da 5ª Região sob o nº 11197. A referida profissional assina digitalmente o presente registro, declarando: (i) o compromisso de manter a documentação auditável exigida pela Resolução TSE nº 23.600/2019; e (ii) a ciência de que a prestação de informação falsa ou a conivência com a divulgação de pesquisa fraudulenta sujeitam o declarante às sanções legais e profissionais cabíveis, nos termos do art. 2º, IX, da Resolução TSE nº 23.600/2019, com redação da Resolução TSE nº 23.747/2026. 
O sistema de fiscalização abrange os seguintes procedimentos:
- Monitoramento Tecnológico: Utilização de sistema de coleta de dados operando em dispositivos eletrônicos móveis (CAPI - Computer-Assisted Personal Interviewing). O sistema é equipado com georreferenciamento (GPS) e registro de data/hora (time-stamp), garantindo a rastreabilidade espacial e temporal de 100% das entrevistas realizadas.
- Auditoria de Campo: Checagem presencial contínua e acompanhamento simultâneo de abordagens para certificar a correta leitura do questionário, a adequada seleção do respondente no domicílio e a neutralidade do pesquisador.
- Consistência Lógica e Estatística: Validação eletrônica das respostas por meio de algoritmos de consistência (filtros de pulo obrigatórios, controle de tempo mínimo de resposta e detecção de padrões anômalos).
- Auditoria Amostral (Back-check): Verificação de consistência estatística e confirmação de, no mínimo, 15% dos questionários aplicados por cada pesquisador. 
Esse conjunto de procedimentos assegura um elevado padrão de confiabilidade, precisão metodológica e total transparência dos resultados obtidos, em estrita conformidade com as exigências da Justiça Eleitoral.
";"Em conformidade com a Lei nº 9.504/1997 (Lei das Eleições) e a Resolução TSE nº 23.600/2019, com as atualizações conferidas pela Resolução TSE nº 23.747/2026, a pesquisa abrange a área física do Estado do Rio Grande do Norte. A distribuição espacial das entrevistas engloba os seguintes 63 (sessenta e três) municípios selecionados a partir de amostragem aleatória estratificada pelas regiões geográficas intermediárias e considerando o peso de representatividade eleitoral, distribuídos de forma representativa nas regiões geográficas do estado: Acari, Afonso Bezerra, Alexandria, Alto do Rodrigues, Apodi, Areia Branca, Arez, Assú, Baraúna, Brejinho, Caicó, Campo Grande, Canguaretama, Caraúbas, Ceará-Mirim, Currais Novos, Extremoz, Goianinha, Governador Dix-Sept Rosado, Guamaré, Ielmo Marinho, Ipanguaçu, Jardim de Piranhas, João Câmara, Jucurutu, Lagoa Nova, Lajes, Luís Gomes, Macaíba, Macau, Maxaranguape, Monte Alegre, Mossoró, Natal, Nísia Floresta, Nova Cruz, Parelhas, Parnamirim, Patu, Pau dos Ferros, Pedro Avelino, Pedro Velho, Pendências, Poço Branco, Rio do Fogo, Santa Cruz, Santana do Matos, Santo Antônio, São Gonçalo do Amarante, São José de Mipibu, São José do Campestre, São Miguel, São Paulo do Potengi, São Tomé, Serra do Mel, Taipu, Tangará, Tenente Ananias, Tibau do Sul, Touros, Umarizal, Upanema e Vera Cruz.  Nos termos do art. 2º, §7º-F, da Resolução TSE nº 23.600/2019 (incluído pela Resolução TSE nº 23.747/2026), adota-se como unidade territorial alternativa o município de realização da entrevista, com controle de proporcionalidade eleitoral por regiões geográficas intermediárias e imediatas do IBGE. Após a divulgação, o registro será complementado com o número de eleitores pesquisados por município, conforme art. 2º, §7º, III e IV, da mesma Resolução."
"07/08/2026";"05:47:04";2026;81;"Eleições Gerais 2026";"RN";"RN";"RIO GRANDE DO NORTE";"RN034682026";"2026-05-10 17:56:15";"S";"36461578000192";"QUALITTA EMPREEDIMENTOS LTDA";"QUALITTA EMPREENDIMENTOS";"Governador, Senador, Deputado Federal, Deputado Estadual";"2026-05-12 00:00:00";"2026-05-14 00:00:00";"2026-05-16 00:00:00";1200;"7655";"AUGUSTO DA SILVA ROCHA";"22000,00";"Pesquisa em 30 municípios representativos do Estado de Rio Grande do Norte, do tipo quantitativa, com aplicação de questionário estruturado, abordagem pessoal em ponto de fluxo populacional e domiciliar. O conjunto da população eleitora dos municípios com 16 anos ou mais foi tomado como universo da pesquisa.
";"O público alvo do estudo é a população do estado residente na área urbana com 16 anos ou mais. Pesquisa em 30 municípios representativos do Estado de Rio Grande do Norte. Fonte: O desenho da amostra será realizado de acordo com os dados populacionais disponibilizados pelo Instituto Brasileiro de Geografia e Estatística (IBGE) referentes ao Censo 2010/2022 e TSE/TRE dez/25. https://sidra.ibge.gov.br/tabela/3268 https://www.tse.jus.br/eleitor/estatisticas-de-eleitorado/consulta-quantitativo Em cada município Amostragem probabilística por conglomerados em dois estágios, assegurando a representatividade geográfica e a aleatoriedade em todas as etapas. 1. Primeiro Estágio (Seleção de Setores Censitários): O município será estratificado pelas regiões administrativas ou zonas (urbana/rural) para garantir a cobertura de toda a área. Dentro de cada estrato, serão sorteados setores censitários com probabilidade proporcional ao tamanho (PPT), utilizando como medida de tamanho o número de domicílios particulares permanentes do Censo 2022 do IBGE. 2. Segundo Estágio (Seleção dos Entrevistados): Em cada setor censitário sorteado, os entrevistados serão selecionados por meio de cotas proporcionais às características do eleitorado local. Os entrevistados são selecionados aleatoriamente segundo as cotas do estudo em função de variáveis significativas, a saber: Gênero: FEMININO 52,8%; MASCULINO 47,2% ; Faixa Etária: 16 a 24 anos 12,46% ; 25 a 34 anos 19,78% ; 35 a 44 anos 20,82% ; 45 a 59 anos 24,99% ; 60 anos ou mais 21,95% ; Grau de instrução: ANALFABETO 5,80% ; ENSINO FUNDAMENTAL COMPLETO 4,23% ; ENSINO FUNDAMENTAL INCOMPLETO 24,55% ; ENSINO MÉDIO COMPLETO 24,64% ; ENSINO MÉDIO INCOMPLETO 17,75% ; LÊ E ESCREVE 9,11% ; SUPERIOR COMPLETO 8,95% ; SUPERIOR INCOMPLETO 4,97% ; Renda familiar: Até 1/2 salário mínimo 8,10% ; Mais de 1/2 a 1 salário mínimo 20,05% ; Mais de 1 a 2 salários mínimos 27,93% ; Mais de 2 a 5 salários mínimos 26,31% ; Mais de 5 a 10 salários mínimos 8,34% ; Mais de 10 a 20 salários mínimos 3,58% ; Mais de 20 salários mínimos 1,65% ; Sem rendimento 4,04% ; Para um intervalo de confiança de 95% a margem de erro máxima estimada foi de 2.8 pontos percentuais, para mais ou para menos.";"O sistema de controle interno ocorre a partir do início da etapa de campo, onde os entrevistadores, exclusivos do próprio Instituto, são treinados para cada pesquisa a ser realizada, são fiscalizados permanentemente por coordenadores de campo, e são realizadas abordagens pós-entrevistas (in loco), e visitas ou abordagem retorno sobre 15% da amostra. Internamente, são feitas críticas em todos os questionários, e são codificados. Em uma última etapa é verificado a consistência dos dados.";"#NULO#"
"07/08/2026";"05:47:04";2026;81;"Eleições Gerais 2026";"RN";"RN";"RIO GRANDE DO NORTE";"RN080922026";"2026-07-03 19:14:20";"N";"61362466000121";"MEDIA - INTELIGENCIA EM PESQUISA LTDA";"MEDIA - INTELIGENCIA EM PESQUISA";"Governador, Senador, Deputado Federal, Deputado Estadual";"2026-07-03 00:00:00";"2026-07-08 00:00:00";"2026-07-09 00:00:00";2000;"7655";"AUGUSTO DA SILVA ROCHA";"20000,00";"Pesquisa tipo quantitativa em municípios representativos do Estado do Rio Grande do Norte com aplicação de questionário estruturado, abordagem pessoal/em ponto de fluxo e domiciliar. O conjunto da população eleitora dos município representativos com 16 anos ou mais foi tomado como universo da pesquisa.
";"A amostra é representativa do eleitorado do estado do Rio Grande do Norte, selecionadas em três estágios (Mesorregião/Município/Bairro e localidades): No primeiro estágio fez-se um sorteio probabilísticos dos municípios pesquisados dentro de cada mesorregião, pelo método da probabilidade proporcional ao tamanho (PPT), tomando a população de cada município, como base para tal seleção. No segundo estágio, dentro dos municípios sorteados serão selecionados aleatoriamente bairros e localidades onde as entrevistas serão realizadas. No terceiro estágio, dentro dos bairros selecionados, os entrevistados serão selecionados através de cotas proporcionais de Sexo, Faixa Etária e Escolaridade de acordo com o perfil do eleitorado em estudo. Distribuição dos eleitores: Gênero: FEMININO 52,77%; MASCULINO 47,23% ; Faixa Etária: 16 a 24 anos 13,0% ; 25 a 34 anos 19,6% ; 35 a 44 anos 20,5% ; 45 a 59 anos 24,9% ; 60 anos ou mais 22,0% ; ; Grau de instrução: ANALFABETO 5,75% ; LÊ E ESCREVE 8,92% ; ENSINO FUNDAMENTAL INCOMPLETO 24,33% ; ENSINO FUNDAMENTAL COMPLETO 4,19% ; ENSINO MÉDIO INCOMPLETO 18,12% ; ENSINO MÉDIO COMPLETO 24,72% ; SUPERIOR INCOMPLETO 5,04% ; SUPERIOR COMPLETO 8,93% ; Renda familiar (Classe de rendimento nominal mensal domiciliar IBGE): Até 1/2 salário mínimo 8,10% ; Mais de 1/2 a 1 salário mínimo 20,05% ; Mais de 1 a 2 salários mínimos 27,93% ; Mais de 2 a 5 salários mínimos 26,31% ; Mais de 5 a 10 salários mínimos 8,34% ; Mais de 10 a 20 salários mínimos 3,58% ; Mais de 20 salários mínimos 1,65% ; Sem rendimento 4,04% ; Fonte de dados: TSE e TRE - RN, abril de 2026 (https://cidades.ibge.gov.br/brasil/rn//pesquisa/23/24304 ; https://sig.tse.jus.br/ords/dwapr/r/seai/sig-eleitor-eleitorado-mensal/cruzamento-eleitorado-mensal?p24_metricas=E&p24_back=22&p24_cruzamento_1=ds_sexo&clear=24&session=114977019083086 ; https://sig.tse.jus.br/ords/dwapr/r/seai/sig-eleitor-eleitorado-mensal/cruzamento-eleitorado-mensal?p24_cruzamento_1=ds_faixa_etaria&p24_metricas=E&p24_back=22&clear=24&session=114977019083086 ; https://sig.tse.jus.br/ords/dwapr/r/seai/sig-eleitor-eleitorado-mensal/cruzamento-eleitorado-mensal?p24_cruzamento_1=ds_grau_instrucao&p24_metricas=E&p24_back=22&clear=24&session=114977019083086 ; Ano=2026; Mês = ABRIL; UF= RN; ) e IBGE 2022 (https://www.ibge.gov.br/estatisticas/sociais/populacao/22827-censo-demografico-2022.html?edicao=41852&t=resultados) para os dados da população. Tamanho da amostra: 2000 entrevistas. Intervalo de Confiança/Margem de Erro: O intervalo de confiança estimado é de 95,0% e a margem de erro máxima estimada é de 2,2 pontos percentuais para mais ou para menos sobre os resultados encontrados no total da amostra. Fonte de dados IBGE 2010 (https://cidades.ibge.gov.br/brasil/rn/pesquisa/23/22787?detalhes=true ) Observação: Conforme informações disponibilizadas pelo Instituto Brasileiro de Geografia e Estatística (IBGE), não houve nem há previsão de divulgação do perfil econômico (nível econômico) da população brasileira no âmbito do Censo Demográfico de 2022 (https://censo2022.ibge.gov.br/panorama/), para essa variável será adotado o fator de ponderação igual a 1, correspondente aos resultados obtidos em campo, caso seja verificada diferença superior à margem de erro prevista no estudo entre a projeção da amostra baseada nos dados do IBGE 2010 e os dados efetivamente coletados. Para as variáveis de sexo, idade e grau de instrução, está previsto uma eventual ponderação, nos limites da margem de erro, para correção nos tamanhos das variáveis, caso ocorra uma diferença entre a previsão da amostra e a coleta dos dados realizados sobre a faixa de eleitores acima de 16 anos.
";"Para a realização da pesquisa utiliza-se uma equipe de entrevistadores e coordenadores de campo devidamente treinados para o trabalho do Instittto Media. As entrevistas são pessoais, domiciliares e em locais de fluxo, feitas por meio de questionário estruturado, aplicando-se apenas um questionário por domicílio, respeitando as cotas pré-determinadas. Durante a realização dos trabalhos de campo, os entrevistadores são submetidos a uma fiscalização permanente por parte dos coordenadores de campo e são realizadas checagem de 20% da amostra para atestar a realização das entrevistas e a fidedignidade dos dados apurados, garantindo-se dessa forma, o grau de precisão dos estimadores, em função dos parâmetros previamente estabelecidos.";"#NULO#"
"07/08/2026";"05:47:04";2026;81;"Eleições Gerais 2026";"RN";"RN";"RIO GRANDE DO NORTE";"RN026992026";"2026-05-26 21:58:09";"N";"14263830000116";"AGORASEI PESQUISA LTDA";"AGORASEI PESQUISA";"Governador, Senador, Deputado Federal, Deputado Estadual";"2026-05-28 00:00:00";"2026-05-31 00:00:00";"2026-06-01 00:00:00";1500;"Conre: 11157";"Mariana da Silva Cavalcante";"30000,00";"A presente pesquisa possui caráter quantitativo e será realizada mediante aplicação de questionário estruturado e padronizado, composto por perguntas abertas, fechadas e de múltipla escolha, com o objetivo de aferir a opinião do eleitorado do Estado do Rio Grande do Norte acerca de temas políticos, eleitorais e administrativos. Será utilizada a técnica de entrevistas pessoais domiciliares, aplicadas por entrevistadores devidamente treinados e supervisionados para execução deste tipo de levantamento. A amostra será representativa do eleitorado potiguar, abrangendo municípios distribuídos em todas as regiões do Estado do Rio Grande do Norte. A seleção dos municípios, setores censitários e entrevistados será realizada por meio de procedimento de amostragem estratificada, com seleção probabilística proporcional ao tamanho (PPT), tomando como referência a distribuição do eleitorado e os dados populacionais oficiais disponíveis.";"A amostra será estratificada de acordo com as seguintes variáveis: Sexo
Masculino: 47,2%, Feminino: 52,8%; Faixa etária 16 a 24 anos: 13,0%, 25 a 34 anos: 19,6%, 35 a 44 anos: 20,5%, 45 a 59 anos: 24,9%, 60 anos ou mais: 22,0%; Grau de instrução Analfabeto / Lê e escreve: 14,7%, Ensino Fundamental incompleto/completo: 28,5%, Ensino Médio incompleto/completo: 42,8%, Ensino Superior incompleto/completo: 14,0%; Faixa de renda Sem rendimentos até 1 salário mínimo: 55,7%, Acima de 1 até 3 salários mínimos: 31,7%, Acima de 3 até 5 salários mínimos: 7,1% e Acima de 5 salários mínimos: 5,5%. A distribuição urbano/rural observará proporcionalização baseada em dados oficiais, sendo prevista coleta aproximada de 82% das entrevistas em áreas urbanas e 18% em áreas rurais. Admite-se eventual necessidade de ponderação estatística pós-coleta para as variáveis sexo, faixa etária, grau de instrução e renda, visando assegurar aderência da amostra aos parâmetros populacionais de referência, dentro dos limites da margem de erro da pesquisa. Para composição do plano amostral e ponderações foram utilizados: dados do Tribunal Superior Eleitoral referentes ao eleitorado atualizado do Estado do Rio Grande do Norte; dados do Instituto Brasileiro de Geografia e Estatística, especialmente das tabelas SIDRA nº 9923 (distribuição urbano/rural) e nº 10292 (renda). A margem de erro máxima estimada para o total da amostra é de 2.5 pontos percentuais, para mais ou para menos, considerando um nível de confiança de 95%.
";"As entrevistas serão realizadas presencialmente, mediante utilização de dispositivos eletrônicos de coleta de dados, por equipe de entrevistadores treinados e supervisionados pelo Agorasei Pesquisa. O controle de qualidade será realizado em múltiplos níveis, compreendendo: supervisão direta dos trabalhos de campo; monitoramento da geolocalização das entrevistas; crítica eletrônica e estatística dos questionários; verificação de consistência dos dados coletados;
fiscalização integral dos questionários aplicados no sistema eletrônico coletor. Adicionalmente, poderão ser realizados procedimentos complementares de auditoria e checagem por supervisão presencial ou contato posterior com entrevistados, com a finalidade de validação da coleta e verificação da conformidade metodológica da pesquisa.
";"A pesquisa será realizada em 70 municípios distribuídos em todas as regiões do Estado do Rio Grande do Norte, observando-se critérios estatísticos de proporcionalidade e representatividade do eleitorado. Os municípios abrangidos, respectivos quantitativos de entrevistas e demais informações exigidas pelo Tribunal Superior Eleitoral serão apresentadas nos termos da legislação eleitoral vigente e da Resolução-TSE nº 23.600/2019."
"07/08/2026";"05:47:04";2026;81;"Eleições Gerais 2026";"RN";"RN";"RIO GRANDE DO NORTE";"RN022562026";"2026-03-28 17:33:09";"S";"00654576000172";"INSTITUTO VERITA LTDA";"VERITA";"Governador, Senador, Deputado Federal, Deputado Estadual";"2026-03-29 00:00:00";"2026-04-04 00:00:00";"2026-04-03 00:00:00";1220;"10699";"GUILHERME ALVARENGA LAIA";"93940,00";"Pesquisa quantitativa, que consiste na realização de entrevistas, com a aplicação de questionário estruturado junto a uma amostra representativa do eleitorado desta Unidade da Federação.";"ESTUDO REPRESENTATIVO DO ELEITORADO DO ESTADO DO RIO GRANDE DO NORTE - MÉTODO PPT (Probabilidade Proporcional ao Tamanho) - PLANO AMOSTRAL E PONDERAÇÃO QUANTO A SEXO, IDADE, GRAU DE INSTRUÇÃO E NÍVEL ECONÔMICO DO ENTREVISTADO; INTERVALO DE CONFIANÇA E MARGEM DE ERRO: Representativo do eleitorado da área em estudo, elaborada, em vários estágios, da seguinte forma: - 1. Divisão da UF em estratos proporcionais de municípios. 2. Ordenação dos municípios de cada estrato segundo o porte. 3. Sorteio dos municípios de cada estrato. 4. Os respondentes são selecionados através de quotas amostrais proporcionais em função de variáveis significativas, a saber: GÊNERO / FAIXA ETÁRIA - FEMININO E MASCULINO 16 A 34 ANOS 16,5% E 15,8%, 35 A 54 ANOS 20% E 18,2%, 55 ANOS OU MAIS 16,4% E 13,3%. GRAU DE INSTRUÇÃO ¿ FEMININO E MASCULINO Sem instrução até Ensino Médio completo 66%, Ensino superior incompleto e completo 34% NÍVEL ECONÔMICO - FEMININO população não economicamente ativa 46,5% população economicamente ativa 53,5% MASCULINO população não economicamente ativa 27,2% população economicamente ativa 72,8%. RENDA FAMILIAR DO DOMICÍLIO renda familiar de até 2 salários-mínimos 30,7%; de 2 a 5 salários-mínimos 44,2%, acima de 5 salários-mínimos 25,1%. Está prevista eventual ponderação para correção das variáveis, com base nos percentuais anteriormente mencionados, caso ocorram diferenças superiores a margem de erro da pesquisa prevista entre a amostra e a coleta de dados realizada. O fator previsto para ponderação é 1 (resultados obtidos na coleta de dados). O intervalo de confiança estimado é de 95% e a margem de erro máxima estimada considerando um modelo de amostragem aleatório simples, é de aproximadamente 3 pontos percentuais para mais ou para menos sobre os resultados encontrados no total da amostra. FONTE DOS DADOS: IBGE/Censo 2022 para fins de densidade demográfica, setores censitários e alocação da amostra. IBGE/PNAD/PNADC/MEC/INEP para fins de Nível Econômico e Escolaridade. TSE FEVEREIRO/2026 para fins de Sexo, Faixa Etária e eleitorado por município ou regiões previamente definidas (importante ressaltar para o público leigo que os dados do TSE são os únicos corretos para gênero, idade dos eleitores e quantitativo de eleitores por municípios já que a base de dados se atualiza automaticamente, PORÉM, dados de escolaridade e nível econômico NÃO são corretos e confiáveis devido a desatualização que ocorre naturalmente com o passar dos anos). Definição de margem de erro e intervalo de confiança: Margem de erro e intervalo de confiança não são grandezas diretamente proporcionais. A SOMA NÃO TEM QUE RESULTAR 100%. ";"Após os trabalhos de coleta de dados, os questionários são submetidos a uma fiscalização, conferência e checagem de cerca de 20% (vinte por cento) dos questionários aplicados.";"A relação dos municípios sorteados ou selecionados para esta pesquisa será apresentada em arquivo anexo até 1 (um) dia após a divulgação desta pesquisa conforme §7º. do art. 2º. da Resolução-TSE nº. 23.600/2019. A área de abrangência desta pesquisa é o Estado DO RIO GRANDE DO NORTE"
"07/08/2026";"05:47:04";2026;81;"Eleições Gerais 2026";"RN";"RN";"RIO GRANDE DO NORTE";"RN020472026";"2026-08-05 21:12:46";"S";"36461578000192";"QUALITTA EMPREEDIMENTOS LTDA";"QUALITTA EMPREENDIMENTOS";"Governador, Senador, Deputado Federal, Deputado Estadual";"2026-08-06 00:00:00";"2026-08-10 00:00:00";"2026-08-11 00:00:00";1200;"7655";"AUGUSTO DA SILVA ROCHA";"22000,00";"Pesquisa em 30 municípios representativos do Estado de Rio Grande do Norte, do tipo quantitativa, com aplicação de questionário estruturado, abordagem pessoal em ponto de fluxo populacional e domiciliar. O conjunto da população eleitora dos municípios com 16 anos ou mais foi tomado como universo da pesquisa.";"O público alvo do estudo é a população do estado residente na área urbana com 16 anos ou mais. Pesquisa em 30 municípios representativos do Estado de Rio Grande do Norte. Fonte: O desenho da amostra será realizado de acordo com os dados populacionais disponibilizados pelo Instituto Brasileiro de Geografia e Estatística (IBGE) referentes ao Censo 2010/2022 e TSE/TRE abr/26. https://sidra.ibge.gov.br/tabela/3268 https://www.tse.jus.br/eleitor/estatisticas-de-eleitorado/consulta-quantitativo Em cada município Amostragem probabilística por conglomerados em dois estágios, assegurando a representatividade geográfica e a aleatoriedade em todas as etapas. 1. Primeiro Estágio (Seleção de Setores Censitários): O município será estratificado pelas regiões administrativas ou zonas (urbana/rural) para garantir a cobertura de toda a área. Dentro de cada estrato, serão sorteados setores censitários com probabilidade proporcional ao tamanho (PPT), utilizando como medida de tamanho o número de domicílios particulares permanentes do Censo 2022 do IBGE. 2. Segundo Estágio (Seleção dos Entrevistados): Em cada setor censitário sorteado, os entrevistados serão selecionados por meio de cotas proporcionais às características do eleitorado local. Os entrevistados são selecionados aleatoriamente segundo as cotas do estudo em função de variáveis significativas, a saber: GÊNERO: FEMININO 52,77%; MASCULINO 47,23% ; Faixa Etária: 16 a 24 anos 13,0% ; 25 a 34 anos 19,6% ; 35 a 44 anos 20,5% ; 45 a 59 anos 24,9% ; 60 anos ou mais 22,0% ; ; Grau de instrução: ANALFABETO 5,75% ; LÊ E ESCREVE 8,92% ; ENSINO FUNDAMENTAL INCOMPLETO 24,33% ; ENSINO FUNDAMENTAL COMPLETO 4,19% ; ENSINO MÉDIO INCOMPLETO 18,12% ; ENSINO MÉDIO COMPLETO 24,72% ; SUPERIOR INCOMPLETO 5,04% ; SUPERIOR COMPLETO 8,93% ; Fonte de dados: TSE e TRE - RN, abril de 2026 (https://cidades.ibge.gov.br/brasil/rn//pesquisa/23/24304 ; https://sig.tse.jus.br/ords/dwapr/r/seai/sig-eleitor-eleitorado-mensal/cruzamento-eleitorado-mensal?p24_metricas=E&p24_back=22&p24_cruzamento_1=ds_sexo&clear=24&session=114977019083086 ; https://sig.tse.jus.br/ords/dwapr/r/seai/sig-eleitor-eleitorado-mensal/cruzamento-eleitorado-mensal?p24_cruzamento_1=ds_faixa_etaria&p24_metricas=E&p24_back=22&clear=24&session=114977019083086 ; https://sig.tse.jus.br/ords/dwapr/r/seai/sig-eleitor-eleitorado-mensal/cruzamento-eleitorado-mensal?p24_cruzamento_1=ds_grau_instrucao&p24_metricas=E&p24_back=22&clear=24&session=114977019083086 ; Ano=2026; Mês = ABRIL; UF= RN; ). Renda familiar (Classe de rendimento nominal mensal domiciliar IBGE): Até 1/2 salário mínimo 8,10% ; Mais de 1/2 a 1 salário mínimo 20,05% ; Mais de 1 a 2 salários mínimos 27,93% ; Mais de 2 a 5 salários mínimos 26,31% ; Mais de 5 a 10 salários mínimos 8,34% ; Mais de 10 a 20 salários mínimos 3,58% ; Mais de 20 salários mínimos 1,65% ; Sem rendimento 4,04% ; Fonte de dados IBGE 2010 (https://cidades.ibge.gov.br/brasil/rn/pesquisa/23/22787?detalhes=true ) e IBGE 2022 (https://www.ibge.gov.br/estatisticas/sociais/populacao/22827-censo-demografico-2022.html?edicao=41852&t=resultados) para os dados da população. ; Para um intervalo de confiança de 95% a margem de erro máxima estimada foi de 2.8 pontos percentuais, para mais ou para menos.";"O sistema de controle interno ocorre a partir do início da etapa de campo, onde os entrevistadores, exclusivos do próprio Instituto, são treinados para cada pesquisa a ser realizada, são fiscalizados permanentemente por coordenadores de campo, e são realizadas abordagens pós-entrevistas (in loco), e visitas ou abordagem retorno sobre 15% da amostra. Internamente, são feitas críticas em todos os questionários, e são codificados. Em uma última etapa é verificado a consistência dos dados.";"#NULO#"
"07/08/2026";"05:47:04";2026;81;"Eleições Gerais 2026";"RN";"RN";"RIO GRANDE DO NORTE";"RN068552026";"2026-08-05 21:56:48";"S";"14263830000116";"AGORASEI PESQUISA LTDA";"AGORASEI PESQUISA";"Governador, Senador, Deputado Federal, Deputado Estadual";"2026-08-02 00:00:00";"2026-08-05 00:00:00";"2026-08-11 00:00:00";1500;"11157";"Mariana da Silva Cavalcante";"19450,00";"A presente pesquisa possui caráter quantitativo e será realizada mediante aplicação de questionário estruturado e padronizado, composto por perguntas abertas, fechadas e de múltipla escolha, com o objetivo de aferir a opinião do eleitorado do Estado do Rio Grande do Norte acerca de temas políticos, eleitorais e administrativos. Será utilizada a técnica de entrevistas pessoais domiciliares e por pontos de fluxo pré-estabelecidos, aplicadas por entrevistadores devidamente treinados e supervisionados para execução deste tipo de levantamento. A amostra será representativa do eleitorado potiguar, abrangendo municípios distribuídos em todas as regiões do Estado do Rio Grande do Norte. A seleção dos municípios, setores censitários e entrevistados será realizada por meio de procedimento de amostragem estratificada, com seleção probabilística proporcional ao tamanho (PPT), tomando como referência a distribuição do eleitorado e os dados populacionais oficiais disponíveis.";"A amostra será estratificada de acordo com as seguintes variáveis: Sexo Masculino: 47,2%, Feminino: 52,8%; Faixa etária 16 a 24 anos: 12,9%, 25 a 34 anos: 19,4%, 35 a 44 anos: 20,2%, 45 a 59 anos: 25,0%, 60 anos ou mais: 22,5%; Grau de instrução Analfabeto / Lê e escreve: 14,5%, Ensino Fundamental incompleto/completo: 28,4%, Ensino Médio incompleto/completo: 43,2%, Ensino Superior incompleto/completo: 13,9%. Em relação à ponderação quanto ao nível econômico entrevistado a pesquisa adotará, durante a coleta em campo, cotas de controle para a variável renda, classificadas nas seguintes faixas: sem rendimentos até 1 salário mínimo; acima de 1até 3 salários mínimos; acima de 3 até 5 salários mínimos; e acima de 5 salários mínimos. Considerando que a Justiça Eleitoral, por meio do Tribunal Superior Eleitoral (TSE), não disponibiliza dados estatísticos oficiais referentes ao nível econômico ou à distribuição da renda do eleitorado, bem como as bases oficiais específicas que permitam a construção de fatores de expansão ou ponderação dessa variável para o universo de eleitores, não será aplicada ponderação estatística para a variável renda, sendo adotado fator de ponderação igual a 1 (um) para todas as entrevistas realizadas. Dessa forma, os dados coletados relativos ao nível econômico dos entrevistados serão preservados conforme obtidos em campo. A representatividade da amostra será assegurada pelas cotas e procedimentos de estratificação previstos no plano amostral, especialmente quanto às variáveis sexo, faixa etária, grau de instrução e distribuição geográfica, em conformidade com a metodologia adotada para a pesquisa. A distribuição urbano/rural observará proporcionalização baseada em dados oficiais, sendo prevista coleta aproximada de 82% das entrevistas em áreas urbanas e 18% em áreas rurais. Admite-se eventual necessidade de ponderação estatística pós-coleta para as variáveis sexo, faixa etária e grau de instrução, visando assegurar aderência da amostra aos parâmetros populacionais de referência, dentro dos limites da margem de erro da pesquisa. Para composição do plano amostral e ponderações foram utilizados: dados do Tribunal Superior Eleitoral referentes ao eleitorado atualizado do Estado do Rio Grande do Norte; dados do Instituto Brasileiro de Geografia e Estatística, especialmente das tabelas SIDRA nº 9923 (distribuição urbano/rural). A margem de erro máxima estimada para o total da amostra é de 2.5 pontos percentuais, para mais ou para menos, considerando um nível de confiança de 95%.
";"As entrevistas serão realizadas presencialmente, mediante utilização de dispositivos eletrônicos de coleta de dados, por equipe de entrevistadores treinados e supervisionados pelo Agorasei Pesquisa. O controle de qualidade será realizado em múltiplos níveis, compreendendo: supervisão direta dos trabalhos de campo; monitoramento da geolocalização das entrevistas; crítica eletrônica e estatística dos questionários; verificação de consistência dos dados coletados; fiscalização integral dos questionários aplicados no sistema eletrônico coletor. 
Adicionalmente, poderão ser realizados procedimentos complementares de auditoria e checagem por supervisão presencial ou contato posterior com entrevistados, com a finalidade de validação da coleta e verificação da conformidade metodológica da pesquisa.
";"A pesquisa será realizada em municípios distribuídos em todas as regiões do Estado do Rio Grande do Norte, observando-se critérios estatísticos de proporcionalidade e representatividade do eleitorado. Os municípios abrangidos, respectivos quantitativos de entrevistas e demais informações exigidas pelo Tribunal Superior Eleitoral serão apresentadas nos termos da legislação eleitoral vigente e da Resolução-TSE nº 23.600/2019."
"07/08/2026";"05:47:04";2026;81;"Eleições Gerais 2026";"RN";"RN";"RIO GRANDE DO NORTE";"RN053112026";"2026-07-17 19:14:26";"N";"10307514000148";"ERIVALDO TRINDADE DE ARAUJO";"ITEM PESQUISAS TECNICAS";"Governador, Senador, Deputado Federal, Deputado Estadual, Deputado Distrital";"2026-07-19 00:00:00";"2026-07-22 00:00:00";"2026-07-23 00:00:00";1250;"10.682 ";"ALDINE ANDREA OLIVEIRA DE SOUSA CABRAL";"15000,00";"Para realização desta pesquisa, a ITEM PESQUISAS TÉCNICAS utilizará como instrumento de coleta um questionário eletrônico estruturado com questões fechadas e abertas, respostas únicas para um modelo de pesquisa QUANTITATIVA. As entrevistas serão aplicadas com eleitores de 16 anos acima, residentes em domicílios do Estado do Rio Grande do Norte. As entrevistas serão individuais face a face realizadas com os entrevistados em seus próprios domicílios. Em cada domicílio, a entrevista seguirá aos critérios de quotas para Gênero, Grau de Instrução, Faixa Etária e Nível Econômico extraídas do banco de dados do próprio TSE e IBGE.";"A aplicação do Plano Amostral irá considerar a representação do eleitorado do Estado do Rio Grande do Norte, a partir da distribuição por microrregiões/municípios com amostra seguindo o método de Probabilidade Proporcional ao Tamanho (PPT), onde foram realizadas 1.250 entrevistas nos 60 municípios nos  eleitores com idade a partir de 16 anos, residentes nos setores selecionados e domicílios escolhidos aleatoriamente por sorteio através de cotas amostrais de gênero, faixa etária e escolaridade junto a fonte dos bancos de dados do TSE e IBGE, conforme o disposto a seguir: GÊNERO: 47,23% Masculino e 52,77% Feminino; FAIXA ETÁRIA: 16 a 24 anos (13,26%), 25 a 34 anos (19,39%), 35 a 44 anos (20,32%), 45 a 59 anos (24,81%), 60 anos ou mais (22,22%); GRAU DE INSTRUÇÃO: Analfabeto/Lê e Escreve (14,53%), Ensino fundamental incompleto(24,21%) Ensino fundamental completo (4,16%), Ensino médio incompleto(18,52%), Ensino Médio completo (24,64%), Ensino superior incompleto(5,05%), Ensino Superior Completo (8,89%). Para a variável de nível econômico do entrevistado, os índices são os seguintes: Até 1 salário mínimo (74,96%); Mais de 1 a 2 salários mínimos (14,85%); Mais de 2 a 5 salários mínimos (7,81%); Acima de 5 salários mínimos (2,38%). Para a variável de nível econômico, o fator de ponderação será igual a 1, respeitando os resultados obtidos em campo, de acordo com a possibilidade dentro do método PPT, O nível de confiança é de 95% e a margem de erro estimada é de 2,77% (Dois virgula setenta e sete/pp - pontos percentuais) para mais ou para menos sobre os resultados encontrados no total da amostra. Está prevista ponderação para correção das variáveis sexo, escolaridade e faixa etária, conforme estatísticas do eleitorado (TSE, IGBE), caso ocorram diferenças superiores a margem de erro, entre os dados previstos e a coleta realizada.";"A ITEM PESQUISAS, utilizou uma equipe de entrevistadores treinados e experientes em pesquisa de opinião pública, com escolaridade mínima compatível a função e devidamente supervisionada em campo e fora dele (Escritório). Após a coleta de dados, o mínimo de 10% dos questionários eletrônicos é auditado e submetido à crítica de consistência e compatibilidade aos parâmetros amostrais. Todo dado coletado tem acompanhamento pelo supervisor em campo e na Geo ? Localização por meio de aplicativo e são tratados conforme as exigências da LGPD, garantindo sigilo correto das informações. Assim sendo, não é exigido ou solicitado nenhum dado ou informação de caráter pessoal dos entrevistados, somente sua localização geográfica e os parâmetros exigidos ficam devidamente registrados em sistema, sob sigilo da empresa e a disposição de checagem ou auditoria, em conformidade com a Lei Geral de Proteção de Dados (LGPD).";"A pesquisa foi realizada em 12 setores do Estado do Rio Grande do Norte, nas áreas urbanas ou rurais, conforme a proporção da composição e ocupação dos respectivos territórios visitados, subdivididas em micro regiões, bairros e áreas rurais, a partir das zonas censitárias do IBGE e distribuição do eleitorado com dados do TSE/TRE-RN, observando a densidade de cada área, aferida a partir de dados secundários. Os 60 municípios sorteados para visita dos entrevistadores em todo o estado do Rio Grande do Norte foram os seguintes: Monte Alegre, Brejinho, Nova Cruz, Santo Antônio, Várzea, Canguaretama, Goianinha, Montanhas, Caiçara do Rio dos Ventos, Lajes, Angicos, Guamaré, Macau, João Câmara, Poço Branco, Caiçara do Norte, Maxaranguape, Touros, Santa Cruz, Tangará, Lajes Pintadas, São José de Campestre, São Tomé, Mossoró, Serra do Mel, Caicó, Jardim de Piranhas, São José do  Seridó, Florania, Currais Novos, Parelhas, Cerro Corá, Assú, Carnaubais, Alto do Rodrigues, Itajá, Pendencias, Caraúbas, Apodi, Patú, Martins, Umarizal, Messias Targino, Barcelona, Bom Jesus, São Paulo do Potengi, Santa Maria, Lagoa de Velhos, Pau dos Ferros, Alexandria, São Francisco do Oeste, Rafael Fernandes, Tenente Ananias, São Miguel, Macaíba, Parnamirim, Ceará Mirim, Extremoz, São Gonçalo do Amarante e Natal. A complementação da pesquisa será feita até o dia seguinte à data da divulgação da pesquisa, conforme disposto no §7º do art. 2º da Resolução-TSE nº 23.600/2019."
"07/08/2026";"05:47:04";2026;81;"Eleições Gerais 2026";"RN";"RN";"RIO GRANDE DO NORTE";"RN047542026";"2026-07-16 15:14:50";"N";"19259002000128";"ATLASINTEL TECNOLOGIA DE DADOS LTDA";"ATLASINTEL";"Governador, Senador";"2026-07-16 00:00:00";"2026-07-21 00:00:00";"2026-07-22 00:00:00";1200;"11220";"Andrei Camilo dos Santos";"60000,00";"Pesquisa quantitativa com coleta aleatória via questionário estruturado web e pós-estratificação da amostra de acordo com as características do eleitorado de Rio Grande do Norte.";"Amostra aleatória pós-estratificada via algoritmo iterativo com quotas proporcionais, representando características do eleitorado de Rio Grande do Norte: SEXO: Masculino: 47.2%; Feminino: 52.8%. FAIXA ETÁRIA: Entre 16 a 24 anos: 13.3%; Entre 25 a 34 anos: 19.4%; Entre 35 a 44 anos: 20.3%; Entre 45 a 59 anos: 24.8%; 60 ou mais: 22.1%. ESCOLARIDADE: Ensino Fundamental completo ou incompleto e eleitores sem educação formal: 39.4%; Ensino Médio completo ou incompleto: 41.2%; Ensino Superior completo ou incompleto: 19.4%. NÍVEL ECONÔMICO: Renda familiar mensal até R$2000: 33.6%; Mais de R$2.000 a R$3.000: 22.7%; Mais de R$3.000 a R$5.000: 21.5%; Mais de R$5.000 a R$10.000: 13.6%; Mais de R$10.000: 8.6%. OBS.: devido ao arredondamento, a soma dos percentuais pode variar de 99% a 101%. Na agregação final, para cada variável de ponderação, serão admissíveis desvios de até 3.0 pontos percentuais em relação às quotas estipuladas. Confiança estimada: 95%, margem de erro: +/- 3.0 pontos percentuais. FONTE DOS DADOS: PNADC 2024 para escolaridade e nível econômico | TSE 2026 para sexo e faixa etária.";"Coleta feita com a utilização de questionário eletrônico com procedimentos específicos para o armazenamento seguro dos dados. São checados manualmente no mínimo 15% dos questionários para detectar possíveis anomalias. Pesquisadores especializados realizam internamente uma verificação exaustiva da consistência dos dados antes da divulgação dos resultados finais.";"#NULO#"
"07/08/2026";"05:47:04";2026;81;"Eleições Gerais 2026";"RN";"RN";"RIO GRANDE DO NORTE";"RN076702026";"2026-04-06 22:24:26";"N";"47683946000163";"PNH PESQUISA DE MERCADO E OPINIAO PUBLICA LTDA.";"AFFARE INSTITUTE";"Governador, Senador";"2026-04-07 00:00:00";"2026-04-11 00:00:00";"2026-04-12 00:00:00";1500;"9924";"Emídio Cavalcanti de Albuquerque";"22500,00";"Pesquisa quantitativa, realizada por meio de amostragem probabilística estratificada por região do estado, com seleção aleatória de entrevistados dentro de cada estrato. As entrevistas são conduzidas por meio de contatos telefônicos a partir de base de números, com distribuição proporcional à população. A estratificação regional é definida com base na distribuição geográfica dos contatos. O instrumento de coleta é questionário estruturado. O universo da pesquisa corresponde aos eleitores com 16 anos ou mais aptos a votar no estado do Rio Grande do Norte.";"A amostra é do tipo probabilística, obtida por meio de sorteio aleatório de números de telefones celulares e fixos, a partir de banco de dados estruturado. O plano amostral é estratificado por mesorregião do estado, com base na distribuição populacional definida pelo Instituto Brasileiro de Geografia e Estatística (IBGE ¿ Censo 2022), considerando a proporcionalidade regional. A alocação das entrevistas respeita a proporção da população em cada mesorregião, garantindo representatividade territorial.

Na etapa de processamento, os dados serão ponderados por meio de pós-estratificação, com o objetivo de ajustar a amostra aos parâmetros populacionais. Serão utilizadas as seguintes variáveis de controle:

Mesorregião (IBGE ¿ Censo 2022 Tabela 9514: Oeste Potiguar: 27,0%; Central Potiguar: 10,0%; Agreste Potiguar: 14,0%; Leste Potiguar: 49,0%.

Sexo, faixa etária e escolaridade, com base em dados públicos disponíveis do eleitorado brasileiro, conforme registros do Tribunal Superior Eleitoral (TSE ¿ Março de 2026): Masculino: 47,2%; Feminino: 52,8%; 16 a 24 anos: 12,7%; 25 a 44 anos: 40,3%; 45 a 59 anos: 25,0%; 60 anos ou mais: 22,1%;
Analfabeto: 5,8%; Lê e escreve/ Ensino Fundamental: 37,6%; Ensino Médio: 42,7%; Ensino Superior: 14,0%. 
Nível econômico (rendimento domiciliar mensal), com base nos dados do IBGE ¿ Censo Demográfico 2010, última base oficial disponível com essa desagregação: Sem rendimento ou até 1 salário-mínimo: 73,9%; De 1 a 2 salários-mínimos: 14,7%; De 2 a 5 salários-mínimos: 7,4%; Acima de 5 salários-mínimos: 4,0%.

A ponderação será realizada por meio de fatores de expansão calculados a partir da razão entre a distribuição da população e a distribuição observada na amostra, de forma iterativa, até o ajuste simultâneo das variáveis de controle.

Serão realizadas entrevistas em todas as mesorregiões do estado. A relação dos municípios contemplados será disponibilizada até o dia seguinte à divulgação dos resultados, conforme previsto na Resolução nº 23.600/2019 do Tribunal Superior Eleitoral.

Para a amostra de 1500 entrevistas, a margem de erro máxima estimada para o total da amostra é de 2,58 pontos percentuais, para mais ou para menos, considerando um nível de confiança de 95%, sob hipótese de máxima variabilidade (p=0,5).

";"A coleta de dados é integralmente monitorada por sistema eletrônico, com registro automatizado das entrevistas realizadas, incluindo data, horário, duração e respostas obtidas. O controle de qualidade é efetuado por meio da análise dos bancos de dados e dos logs do sistema de telefonia, contemplando verificação dos números de destino (com mascaramento parcial), duração e status das chamadas. Adicionalmente, são realizados procedimentos de verificação de consistência das respostas, identificação de padrões atípicos, controle de duplicidade e monitoramento da distribuição da amostra, assegurando a rastreabilidade, integridade e confiabilidade das informações coletadas.";"A pesquisa é realizada em âmbito estadual. A relação dos municípios e dos bairros ou, na ausência de delimitação específica, das áreas de realização das entrevistas será apresentada em complementação ao registro até o dia seguinte à divulgação dos resultados, nos termos do §7º do art. 2º da Resolução nº 23.600/2019 do Tribunal Superior Eleitoral."
"07/08/2026";"05:47:04";2026;81;"Eleições Gerais 2026";"RN";"RN";"RIO GRANDE DO NORTE";"RN026202026";"2026-07-15 20:40:46";"N";"36443750000185";"EXATUS CONSULTORIA E PESQUISA LTDA";"EXATUS CONSULTORIA E PESQUISA";"Governador, Senador, Deputado Federal, Deputado Estadual";"2026-07-07 00:00:00";"2026-07-10 00:00:00";"2026-07-21 00:00:00";1500;"10663";"Ythalo Hugo da Silva Santos";"30000,00";"Pesquisa quantitativa, com aplicação de entrevistas presenciais, realizadas por meio de questionário estruturado, padronizado e previamente testado. A coleta de dados foi realizada por entrevistadores treinados, mediante abordagem direta aos eleitores em domicílios, conforme planejamento operacional. O universo da pesquisa é composto por eleitores com 16 anos ou mais residentes no estado do Rio Grande do Norte. Para definição da distribuição territorial da amostra, adotou-se como referência as Regiões Geográficas Imediatas do estado, conforme classificação do Instituto Brasileiro de Geografia e Estatística, sendo os municípios agregados para fins operacionais de amostragem. As entrevistas foram realizadas em áreas urbanas e rurais dos municípios selecionados, incluindo bairros, localidades e setores censitários previamente definidos no plano amostral.";"Público pesquisado: eleitores do estado do Rio Grande do Norte. A amostra é definida por procedimento probabilístico, com alocação proporcional segundo o método de Probabilidade Proporcional ao Tamanho (PPT), tomando como referência a distribuição do eleitorado nas regiões do estado, conforme dados oficiais do TSE e do IBGE, de modo a assegurar representatividade estadual. A distribuição da amostra por região observa a proporcionalidade do eleitorado, conforme estrutura definida no plano amostral, permitindo a verificação da composição territorial da amostra. Os entrevistados são selecionados diretamente nos domicílios, sendo aplicado filtro de elegibilidade no momento da entrevista para confirmação do domicílio eleitoral e da aptidão para o exercício do voto, sendo considerados apenas eleitores aptos a votar no estado do Rio Grande do Norte. Em cada município selecionado, foi adotado plano amostral por conglomerados em dois estágios, com seleção probabilística nas etapas iniciais e controle por cotas na etapa final, assegurando representatividade geográfica e distribuição adequada do eleitorado. No primeiro estágio, os municípios foram estratificados por regiões geográficas e, dentro destes, foram selecionados setores censitários com probabilidade proporcional ao tamanho (PPT), tomando como base o número de domicílios particulares permanentes, conforme dados do Instituto Brasileiro de Geografia e Estatística (Censo 2022). No segundo estágio, foram selecionados domicílios dentro dos setores sorteados, seguindo procedimento sistemático de abordagem. Em cada domicílio, o entrevistado foi selecionado com base em cotas proporcionais às características do eleitorado, considerando variáveis como sexo, faixa etária, grau de instrução e nível econômico. Na apresentação final dos resultados, os dados são ponderados para ajuste aos parâmetros populacionais conhecidos, utilizando como fontes públicas o Tribunal Superior Eleitoral (TSE, junho de 2026) para sexo, faixa etária e escolaridade (Masculino: 47%; Feminino: 53%; 16 a 24 anos: 13%; 25 a 34 anos: 20%; 35 a 44 anos: 20%; 45 a 59 anos: 25%; 60 anos ou mais: 22%; Analfabeto/lê e escreve: 15%; Ensino Fundamental: 28%; Ensino Médio: 43%; Ensino Superior: 14%) e o Instituto Brasileiro de Geografia e Estatística (IBGE, Censo 2022) para classe de rendimento mensal domiciliar (sem rendimentos ou até 2 salários mínimos: 79%; de 2 a 5 salários mínimos: 15%; superior a 5 salários mínimos: 6%), sempre que identificadas discrepâncias relevantes entre a amostra coletada e os parâmetros do universo pesquisado. Ressalta-se que a variável de nível econômico (renda), embora coletada para fins de caracterização do perfil da amostra, não será utilizada no processo de ponderação dos dados, em razão das limitações inerentes à mensuração dessa variável em pesquisas domiciliares e da ausência de parâmetros específicos consolidados para o eleitorado. O cálculo do tamanho da amostra considera a estimativa de proporções populacionais sob variância máxima (p = 0,5), resultando em margem de erro de aproximadamente 2,53 pontos percentuais para os resultados globais, para mais ou para menos, com nível de confiança de 95%. A relação dos municípios contemplados será anexada até o dia seguinte à divulgação dos resultados, nos termos da Resolução TSE nº 23.600/2019.";"Os pesquisadores envolvidos na realização desta pesquisa são treinados e recebem instruções específicas para cada projeto realizado. O trabalho é realizado por equipes de pesquisadores, cada uma com um coordenador de campo. Após a coleta de dados, os questionários passam por uma conferência e uma ponderação entre a amostra planejada e a amostra alcançada. Em que, uma nova amostragem, com 15% do total da amostra alcançada é feita por um supervisor para verificação. Utiliza-se um software que permite o georreferenciamento das entrevistas, permitindo o controle e monitoramento sobre a aplicação dos questionários.";"#NULO#"
"07/08/2026";"05:47:04";2026;81;"Eleições Gerais 2026";"RN";"RN";"RIO GRANDE DO NORTE";"RN099712026";"2026-07-15 21:24:38";"N";"61407109000132";"PARLA MENTORS CONSULTORIA LTDA";"PARLA MENTORS CONSULTORIA";"Governador, Senador, Deputado Federal, Deputado Estadual";"2026-07-14 00:00:00";"2026-07-19 00:00:00";"2026-07-21 00:00:00";1500;"10910";"jessica da silva braga";"20000,00";"Trata-se de uma pesquisa de natureza quantitativa, realizada por meio de entrevistas presenciais, conduzidas tanto em domicílios quanto em locais previamente definidos com significativo fluxo de pessoas. Para a coleta de dados, foi aplicado um questionário estruturado em formato digital junto a uma amostra representativa do eleitorado.
";"Representação do eleitorado do Estado do Rio Grande do Norte, com a realização de 1.500 entrevistas junto aos eleitores com idade a partir de 16 anos, residentes nos setores selecionados, escolhidos aleatoriamente através de cotas amostrais de sexo, idade/faixa etária, escolaridade/grau de instrução e nível econômico (Fonte dos dados: TSE, junho de 2026 - https://sig.tse.jus.br/ords/dwapr/r/seai/sig-eleitor-eleitorado-mensal/home?session=116658092531173 e IBGE - , Tabela SIDRA nº 10296. https://sidra.ibge.gov.br/pesquisa/censo-demografico/demografico-2022/primeiros-resultados-populacao-e-domicilios), conforme disposto a seguir: sexo, 47,23% masculino e 52,77% feminino; Faixa etária, 16 a 24 anos (13,37%), 25 a 34 anos (19,39%), 35 a 44 anos (20,32%), 45 a 59 anos (24,81%), 60 anos ou mais (22,11%); Escolaridade, analfabeto/lê e escreve (14,53%), ensino fundamental incompleto/completo (28,37%), ensino médio incompleto/completo (43,16%) e ensino superior incompleto/completo (13,94%); nível econômico, até 1 salário mínimo (74,96%), de 1 a 2 salários mínimos (14,85%), de 2 a 5 salários mínimos (7,81%), de 5 a 10 salários mínimos (1,87%) e acima de 10 sálarios mínimos (0,51%). O nível de confiança estimado é de 95% e a margem de erro máxima estimada considerando o modelo aleatório simples é de 2,50 pontos percentuais para mais ou para menos sobre os resultados encontrados no total da amostra.
";"Para a execução da pesquisa, a Parla Mentors Consultoria LTDA contou com uma equipe de entrevistadores previamente treinados, atendendo a requisitos mínimos de escolaridade, e submetidos à supervisão contínua. Durante a fase de coleta em campo, os supervisores realizaram a seleção aleatória de entrevistadores para fins de checagem, mediante contato com os respondentes, com o objetivo de validar a aplicação dos questionários e a veracidade das informações coletadas. Após a conclusão da coleta, procedeu-se à auditoria de parte dos questionários, os quais foram submetidos à análise crítica de consistência dos dados e à verificação de conformidade com os parâmetros definidos no plano amostral.
";"A pesquisa será realizada com divisão em 50 municípios do estado do Rio Grande do Norte, subdivididas conforme Mesorregiões (Leste, Oeste, Central e Agreste) e microrregiões (Natal, Mossoró, Macaíba, Agreste Potiguar, Vale do Assú, Borborema Potiguar, Litoral Sul, Pau dos Ferros, Seridó Oriental, Litoral Nordeste, Seridó Ocidental, Chapada do Apodi, Umarizal, Serra de Santana, Serra de São Miguel, Baixa Verde, Macau, Angicos, Médio Oeste) do estado, com observância à representação do eleitorado (Fonte dos dados: TSE, junho de 2026), aferida a partir de dados secundários. Os Municípios selecionados foram: Natal (334), Mossoró (113), Parnamirim (89), São Gonçalo do Amarante (50), Ceará-Mirim (41), Macaíba (38), Assú (31), Caicó (36), Extremoz (27), Apodi (27), Currais Novos (28), São José de Mipibu (27), Nova Cruz (26), Santa Cruz (24), Touros (25), João Câmara (16), Pau dos Ferros (22), Areia Branca (21), Baraúna (22), Macau (21), Nísia Floresta (21), Canguaretama (19), Caraúbas (21), Goianinha (21), Monte Alegre (21), Parelhas (19), Santo Antônio (20), Guamaré (18), Jucurutu (18), Serra do Mel (17), São Miguel (17), São Paulo do Potengi (18), Tangará (17), Alexandria (14), Alto do Rodrigues (17), Ipanguaçu (16), Lagoa Nova (14), Tibau do Sul (15), Upanema (16), Governador Dix-Sept Rosado (15), Pedro Velho (15), São Tomé (14), Acari (13), Lajes (14), Umarizal (13), Patu (13), Pendências (10), Jardim do Seridó (12), Luís Gomes (11), Serra Negra do Norte (13). Em parênteses está a quantidade de coletas por município."
"07/08/2026";"05:47:04";2026;81;"Eleições Gerais 2026";"RN";"RN";"RIO GRANDE DO NORTE";"RN017122026";"2026-06-14 15:04:08";"S";"10783981000144";"SETA INSTITUTO DE PESQUISA LTDA";"INSTITUTO SETA DE PESQUISA";"Governador, Senador, Deputado Federal, Deputado Estadual";"2026-06-15 00:00:00";"2026-06-17 00:00:00";"2026-06-20 00:00:00";1500;"8954";"Galttieri Ferreira Tavares";"15000,00";"Pesquisa com metodologia quantitativa, com a realização de entrevistas pessoais utilizando questionário estruturado junto a uma amostra representativa do eleitorado do estado do RN.
";"A amostra será representativa dos eleitores das áreas pesquisadas e será selecionada em duas etapas. Na primeira etapa realiza-se um sorteio probabilístico das localidades onde as entrevistas serão realizadas através do método PPT (Probabilidade Proporcional ao Tamanho), considerando a população com 16 anos ou mais residente nas localidades como base para essa seleção. Na segunda etapa, a seleção do entrevistado dentro da localidade será feita utilizando-se quotas amostrais proporcionais, em função das seguintes variáveis: Gênero: Masculino (47.24%); Feminino (52.76%); ; Faixa etária: De 16 a 20 anos: (6.55%); Entre 21 e 24 anos: (6.97%); Entre 25 e 34 anos: (19.39%); Entre 35 e 44 anos: (20.34%); 45 a 59 anos: (24.76%); Com 60 anos ou mais: (21.99%); ; ESCOLARIDADE: De analfabeto até ensino fundamental completo (Contêm eleitores que apenas Lê e escrevem, Analfabetos e que cursaram Ensino Fundamental Incompleto e Completo): 42,92%; Ensino médio incompleto ou completo: 43,15%; Ensino superior incompleto ou completo: 13,93% ; RENDA DOMICILIAR MENSAL: Sem rendimento: (2,29%); Até 1 Salário Minimo: (72,67%); Mais de 1 a 2 salários mínimos: (14,85%); Mais de 2 a 5 salários mínimos: (7,81%); Mais de 5 a 10 salários mínimos: (1,87%); Mais de 10 salários mínimos: (0,52%). . Está prevista eventual ponderação para correção das variáveis gênero e faixa etária, com base nos percentuais acima apresentados, caso ocorram diferenças superiores a 4,5 (quatro vírgula cinco) pontos percentuais entre o previsto na amostra e a coleta realizada, para as variáveis escolaridade e renda domiciliar mensal, o fator de ponderação é igual a 1 (resultados obtidos no campo). O nível de confiança estimado é de 95% (noventa e cinco por cento) para uma margem de erro estimada, considerando uma técnica de amostragem aleatória simples, de aproximadamente 2,5 pontos percentuais para mais ou para menos sobre os resultados obtidos. Fonte de Dados: TSE - Maio/2026 e dados do IBGE.";"As entrevistas serão realizadas por uma equipe de entrevistadores e supervisores devidamente qualificada pelo Instituto, com experiência e treinamento em pesquisas de opinião pública. No decorrer do trabalho de coleta de dados, os questionários aplicados, serão auditados em no mínimo 20% (vinte por cento) para verificação quanto ao cuidado na sua aplicação, bem como a adequação do entrevistado às variáveis das quotas amostrais.
";"Dados relativos aos municípios e bairros abrangidos pela pesquisa. Na ausência de delimitação do bairro, será identificada a área em que foi realizada a pesquisa (conforme §7º do art. 2º da Resolução-TSE nº 23.600/2019). A partir do dia em que a pesquisa puder ser divulgada e até o dia seguinte, o registro deverá ser complementado, sob pena de ser a pesquisa considerada não registrada; na ausência de delimitação do bairro, será identificada a área em que foi realizada.
"
"07/08/2026";"05:47:04";2026;81;"Eleições Gerais 2026";"RN";"RN";"RIO GRANDE DO NORTE";"RN099602026";"2026-03-23 19:56:44";"S";"51751580000190";"INSTITUTO RANKING DE PESQUISA LTDA";"INSTITUTO RANKING PESQUISA";"Governador, Senador";"2026-03-24 00:00:00";"2026-03-26 00:00:00";"2026-03-29 00:00:00";1500;"9741";"Isis Milane Batista de Lima";"22000,00";"Trata-se de uma pesquisa quantitativa, utilizando questionário estruturado e padronizado por meio de entrevistas pessoais em domicílios, junto a uma amostra representativa da população em estudo, que teve como objetivo fornecer um panorama político e administrativo no estado do Rio Grande do Norte, para avaliação do cenário político e gerar informações de domínio público. O público-alvo foi composto por domiciliados no estado do Rio Grande do Norte. A pesquisa foi feita, com coleta de dados domiciliar e individual de uma amostra estratificada por sexo, faixa etária, nível de instrução e faixa de renda, conforme dados do conforme dados do TSE-Tribunal Superior Eleitoral - fevereiro/2026; IBGE - Censo 2010/2022; IBGE - PNADc 2023; IBGE - PNADc trimestral 2- 2024.";"O plano de amostragem utilizado é de amostragem aleatória simples e por conglomerado, em três etapas, em que serão coletados 1.500 formulários. Na primeira etapa os municípios são selecionados aleatoriamente, onde as entrevistas são realizadas por meio do método PPT (Probabilidade Proporcional ao Tamanho), tomando a população como base para tal seleção. Na segunda etapa, realiza-se um sorteio aleatório probabilístico dos setores censitários, onde as entrevistas são realizadas, pelo método PPT (Probabilidade Proporcional ao Tamanho), tomando a população de residentes nos setores com base para tal seleção. Na sequência a escolha dos setores censitários (rua, domicílio/local pré-estabelecido e ponto amostral), os respondentes são selecionados por meio de quotas amostrais proporcionais em função das variáveis significativas sexo e idade, sendo 47,2% do eleitorado do sexo masculino, e 52,8% do sexo feminino; sobre as idades - 16 a 24 anos: 12,5%; 25 a 44 anos: 40,6%; 45 a 59 anos: 25,0%; 60 anos ou mais:21,9%; Analfabeto 5,80% ; Ensino Fundamental Completo 4,23% ; Ensino Fundamental Incompleto 24,55% ; Ensino Médio Completo 24,64% ; Ensino Médio Incompleto 17,75% ; Lê E Escreve 9,11% ; Superior Completo 8,95% ; Superior Incompleto 4,97%. Para classe de rendimento mensal domiciliar: Se sem rendimentos ou até 1 salário-mínimo: 73,9%; 1 a 2 salários-mínimos por mês:14,7%; 2 a 5 salários-mínimos por mês: 7,4%; Superior a 5 salários-mínimos por mês: 4,0%. Observação: Até a presente data o IBGE, não divulgou o atual perfil econômico da população brasileira; portanto, os dados quanto ao nível econômico utilizados como referência serão do Censo 2010. Está prevista eventual ponderação para correção das variáveis sexo, idade e grau de escolarização com base nos percentuais anteriormente mencionados, caso ocorram diferenças entre o previsto na amostra e a coleta de dados realizada. O nível de confiança estimado é de 95% e a margem de erro máxima estimada considerando um modelo de amostragem aleatório simples, é de 2,5 (dois virgula cinco) pontos percentuais para mais ou para menos sobre os resultados encontrados no total da amostra. FONTE DOS DADOS: TSE-Tribunal Superior Eleitoral - fevereiro/2026; IBGE - Censo 2010/2022; IBGE - PNADc 2023; IBGE - PNADc trimestral 2-2024. 
";"Para a realização da pesquisa utiliza-se uma equipe de entrevistadores e coordenadores de campo devidamente treinado para o trabalho do INSTITUTO RANKING DE PESQUISA. As entrevistas são pessoais e domiciliares, feitas por meio de questionário estruturado, aplicando-se apenas um questionário por domicílio, respeitando as cotas pré- determinadas. Durante a realização dos trabalhos de campo, os entrevistadores são submetidos a uma fiscalização permanente por parte dos coordenadores de campo e são realizadas checagem de 20% da amostra para atestar a realização das entrevistas e a fidedignidade dos dados apurados, garantindo-se dessa forma, o grau de precisão dos estimadores, em função dos parâmetros previamente estabelecidos.";"Natal, Mossoró, Parnamirim, Caicó, Assú, Currais Novos, Macaíba, Ceará-Mirim, São Gonçalo do Amarante, Extremoz, Areia Branca, Apodi, João Câmara, Santa Cruz, Nova Cruz, Touros, Macau, Pau dos Ferros, São José de Mipibu, Goianinha, Canguaretama, Tibau do Sul, São Miguel, Alexandria, Caraúbas, Ipanguaçu, Jucurutu, Parelhas, Acari, Florânia, São Paulo do Potengi, Tangará, Lagoa Nova, Pedro Avelino, Angicos, Lajes, Upanema, Governador Dix-Sept Rosado, Baraúna, Serra do Mel, Tenente Ananias, Encanto, Luís Gomes, Martins, Umarizal, Campo Grande, Santo Antônio, Monte Alegre, Bom Jesus, Nísia Floresta, Pedra Grande, Pedra Preta, Riachuelo, Ielmo Marinho, Poço Branco, Maxaranguape, Pureza, Taipu, Vera Cruz, Brejinho, Serrinha, Arês, Passa e Fica, Jaçanã, Campo Redondo, Coronel Ezequiel, São Tomé, Lagoa de Velhos, Barcelona, Jardim do Seridó, Ouro Branco, Cruzeta, São Fernando, Timbaúba dos Batistas, Carnaúba dos Dantas, Serra Negra do Norte, Jardim de Piranhas, Alto do Rodrigues, Guamaré, Portalegre."
"07/08/2026";"05:47:04";2026;81;"Eleições Gerais 2026";"RN";"RN";"RIO GRANDE DO NORTE";"RN020952026";"2026-07-08 22:39:32";"S";"43941908000102";"DATAVERO PESQUISA E CONSULTORIA LTDA";"DATAVERO INSTITUTO DE PESQUISAS";"Governador, Senador, Deputado Federal, Deputado Estadual";"2026-07-09 00:00:00";"2026-07-11 00:00:00";"2026-07-14 00:00:00";1500;"9835";"PATRICIA VIANA DE LIMA";"20000,00";"A pesquisa possui natureza quantitativa e utilizou, como instrumento de coleta, um questionário estruturado, aplicado a uma amostra representativa de eleitores residentes em domicílios de municípios do Rio Grande do Norte. As entrevistas foram realizadas de forma individual e presencial, no formato face a face, nos próprios domicílios dos entrevistados. Em cada domicílio, apenas um eleitor foi selecionado para participar da pesquisa, observando-se os critérios técnicos definidos para o levantamento.";"O plano amostral da pesquisa foi estruturado a partir de uma amostra de 1.500 eleitores, distribuída de forma estratificada e proporcional em todo o território do Rio Grande do Norte. A amostra contemplou as mesorregiões do estado, representadas por 50 municípios pesquisados, observando-se a participação proporcional do eleitorado em cada recorte territorial, com base no método estatístico PPT ¿ Partilha Proporcional ao Tamanho. A distribuição da amostra foi definida a partir das informações do Tribunal Superior Eleitoral ¿ TSE, referentes a julho de 2026, considerando a composição do eleitorado por sexo, faixa etária e grau de instrução. Quanto ao sexo, o eleitorado foi distribuído entre masculino, com 47,23%, e feminino, com 52,77%. Em relação à faixa etária, foram considerados os seguintes estratos: até 24 anos, com 13,38%; de 25 a 34 anos, com 19,39%; de 35 a 44 anos, com 20,32%; de 45 a 59 anos, com 24,82%; e 60 anos ou mais, com 22,09%. No que se refere ao grau de instrução, a amostra considerou a distribuição do eleitorado entre analfabetos e/ou eleitores que leem e escrevem, com 14,53%; ensino fundamental incompleto e/ou completo, com 28,38%; ensino médio incompleto e/ou completo, com 43,16%; e ensino superior incompleto e/ou completo, com 13,93%. Como o Tribunal Superior Eleitoral não disponibiliza informações sobre o nível econômico do eleitorado, essa variável foi estimada com base nos dados do Censo Demográfico do IBGE 2022, considerando o rendimento domiciliar per capita em salários-mínimos. Dessa forma, foram adotadas as seguintes faixas: até 1 salário-mínimo, com 74,95%; mais de 1 a 2 salários-mínimos, com 14,85%; mais de 2 a 3 salários-mínimos, com 4,47%; mais de 3 a 5 salários-mínimos, com 3,34%; mais de 5 a 10 salários-mínimos, com 1,87%; e mais de 10 salários-mínimos, com 0,52%. Está prevista eventual ponderação estatística para correção das variáveis sexo, faixa etária, grau de instrução e nível econômico, tomando como referência os percentuais previamente definidos, caso sejam verificadas diferenças superiores à margem de erro entre a amostra planejada e a coleta efetivamente realizada. Para as variáveis grau de instrução e nível econômico do entrevistado, o fator previsto de ponderação é igual a 1, considerando os resultados obtidos em campo. O nível de confiança estimado para a pesquisa é de 95%, e a margem de erro máxima estimada, considerando um modelo de amostragem aleatória com variância máxima (p=q=0,50), é de aproximadamente 2,53 pontos percentuais, para mais ou para menos, sobre os resultados encontrados no total da amostra.";"O controle do trabalho de campo é realizado por equipe de supervisores responsáveis pelo acompanhamento sistemático das entrevistas, incluindo checagens presenciais, com o objetivo de validar a correta aplicação do questionário e a abordagem ao entrevistado. O Instituto dispõe de sistema próprio de monitoramento, que permite o acompanhamento em tempo real da equipe por meio de georreferenciamento e registro eletrônico de horário, assegurando a rastreabilidade de cada entrevista realizada. O controle de qualidade interna inclui ainda a verificação da consistência estatística de pelo menos 20% dos questionários aplicados, mediante cruzamento do código
individual do entrevistador com os registros das respostas e das variáveis analisadas, permitindo identificar eventuais inconsistências e desvios operacionais. Esse conjunto de procedimentos garante elevado padrão de confiabilidade, precisão e transparência nos resultados apresentados.";"Na ausência de delimitação do bairro, será identificada a área em que foi realizada a pesquisa (conforme §7º. do art. 2º. da Resolução-TSE nº. 23.600/2019, A partir do dia em que a pesquisa puder ser divulgada e até o dia seguinte, o registro deverá ser complementado, sob pena de ser a pesquisa considerada não registrada; na ausência de delimitação do bairro, será identificada a área em que foi realizada): Lista dos municípios pesquisados por região. Agreste Potiguar: João Câmara, Monte Alegre, Nova Cruz, Poço Branco, Santa Cruz, Santo Antônio, São José do Campestre, São Paulo do Potengi e São Tomé. Central Potiguar: Acari, Afonso Bezerra, Angicos, Caicó, Currais Novos, Guamaré, Jardim de Piranhas, Lagoa Nova, Macau, Parelhas e Santana do Matos. Leste Potiguar: Canguaretama, Ceará-Mirim, Extremoz, Goianinha, Macaíba, Maxaranguape, Natal, Parnamirim, São Gonçalo do Amarante, São José de Mipibu, Tibau do Sul e Touros. Oeste Potiguar: Alexandria, Apodi, Areia Branca, Assu, Baraúna, Campo Grande, Caraúbas, Doutor Severiano, Ipanguaçu, Jucurutu, Martins, Mossoró, Pau dos Ferros, Portalegre, Serra do Mel, São Miguel, Umarizal e Upanema."
"07/08/2026";"05:47:04";2026;81;"Eleições Gerais 2026";"RN";"RN";"RIO GRANDE DO NORTE";"RN098622026";"2026-07-14 16:32:30";"S";"61407109000132";"PARLA MENTORS CONSULTORIA LTDA";"PARLA MENTORS CONSULTORIA";"Governador, Senador, Deputado Federal, Deputado Estadual";"2026-07-14 00:00:00";"2026-07-19 00:00:00";"2026-07-20 00:00:00";1500;"10910";"JESSICA DA SILVA BRAGA";"20000,00";"Trata-se de uma pesquisa de natureza quantitativa, realizada por meio de entrevistas presenciais, conduzidas tanto em domicílios quanto em locais previamente definidos com significativo fluxo de pessoas. Para a coleta de dados, foi aplicado um questionário estruturado em formato digital junto a uma amostra representativa do eleitorado.";"Representação do eleitorado do Estado do Rio Grande do Norte, com a realização de 1.500 entrevistas junto aos eleitores com idade a partir de 16 anos, residentes nos setores selecionados, escolhidos aleatoriamente através de cotas amostrais de sexo, idade/faixa etária, escolaridade/grau de instrução e nível econômico (Fonte dos dados: TSE, junho de 2026 - https://sig.tse.jus.br/ords/dwapr/r/seai/sig-eleitor-eleitorado-mensal/home?session=116658092531173 e IBGE - , Tabela SIDRA nº 10296. https://sidra.ibge.gov.br/pesquisa/censo-demografico/demografico-2022/primeiros-resultados-populacao-e-domicilios), conforme disposto a seguir: sexo, 47,23% masculino e 52,77% feminino; Faixa etária, 16 a 24 anos (13,37%), 25 a 34 anos (19,39%), 35 a 44 anos (20,32%), 45 a 59 anos (24,81%), 60 anos ou mais (22,11%); Escolaridade, analfabeto/lê e escreve (14,53%), ensino fundamental incompleto/completo (28,37%), ensino médio incompleto/completo (43,16%) e ensino superior incompleto/completo (13,94%); nível econômico, até 1 salário mínimo (74,96%), de 1 a 2 salários mínimos (14,85%), de 2 a 5 salários mínimos (7,81%), de 5 a 10 salários mínimos (1,87%) e acima de 10 sálarios mínimos (0,51%). O nível de confiança estimado é de 95% e a margem de erro máxima estimada considerando o modelo aleatório simples é de 2,50 pontos percentuais para mais ou para menos sobre os resultados encontrados no total da amostra.";"Para a execução da pesquisa, a Parla Mentors Consultoria LTDA contou com uma equipe de entrevistadores previamente treinados, atendendo a requisitos mínimos de escolaridade, e submetidos à supervisão contínua. Durante a fase de coleta em campo, os supervisores realizaram a seleção aleatória de entrevistadores para fins de checagem, mediante contato com os respondentes, com o objetivo de validar a aplicação dos questionários e a veracidade das informações coletadas. Após a conclusão da coleta, procedeu-se à auditoria de parte dos questionários, os quais foram submetidos à análise crítica de consistência dos dados e à verificação de conformidade com os parâmetros definidos no plano amostral.";"A pesquisa será realizada com divisão em 50 municípios do estado do Rio Grande do Norte, subdivididas conforme Mesorregiões (Leste, Oeste, Central e Agreste) e microrregiões (Natal, Mossoró, Macaíba, Agreste Potiguar, Vale do Assú, Borborema Potiguar, Litoral Sul, Pau dos Ferros, Seridó Oriental, Litoral Nordeste, Seridó Ocidental, Chapada do Apodi, Umarizal, Serra de Santana, Serra de São Miguel, Baixa Verde, Macau, Angicos, Médio Oeste) do estado, com observância à representação do eleitorado (Fonte dos dados: TSE, junho de 2026), aferida a partir de dados secundários. Os Municípios selecionados foram: Natal (338), Mossoró (113), Parnamirim (89), São Gonçalo do Amarante (54), Ceará-Mirim (42), Macaíba (40), Assú (35), Caicó (35), Extremoz (28), Apodi (27), Currais Novos (27), São José de Mipibu (27), Nova Cruz (25), Santa Cruz (24), Touros (24), João Câmara (22), Pau dos Ferros (22), Areia Branca (21), Baraúna (21), Macau (21), Nísia Floresta (21), Canguaretama (19), Caraúbas (19), Goianinha (19), Monte Alegre (19), Parelhas (19), Santo Antônio (19), Guamaré (17), Jucurutu (17), Serra do Mel (17), São Miguel (17), São Paulo do Potengi (17), Tangará (17), Alexandria (15), Alto do Rodrigues (15), Ipanguaçu (15), Lagoa Nova (15), Tibau do Sul (15), Upanema (15), Governador Dix-Sept Rosado (14), Pedro Velho (14), São Tomé (14), Acari (13), Lajes (13), Umarizal (13), Patu (12), Pendências (12), Jardim do Seridó (11), Luís Gomes (11), Serra Negra do Norte (11). Em parênteses está a quantidade de coletas por município."
"07/08/2026";"05:47:04";2026;81;"Eleições Gerais 2026";"RN";"RN";"RIO GRANDE DO NORTE";"RN065792026";"2026-07-30 18:00:26";"N";"67147202000131";"DATA CAPITAL PESQUISAS E CONSULTORIA LTDA";"DATA CAPITAL PESQUISAS E CONSULTORIA";"Governador, Senador, Deputado Federal, Deputado Estadual, Deputado Distrital";"2026-07-25 00:00:00";"2026-07-28 00:00:00";"2026-08-05 00:00:00";2050;"10748";"THIAGO MOTA CARNEIRO";"18000,00";"Pesquisa quantitativa, de natureza exploratório-descritiva, operacionalizada por meio da técnica M2M com aplicação de questionário estruturado. A coleta de dados será realizada exclusivamente por meio de entrevistas pessoais domiciliares, utilizando dispositivos eletrônicos (tablets) O universo é constituído pelos eleitores com 16 anos ou mais, regularmente inscritos no cadastro eleitoral e residentes no estado do RIO GRANDE DO NORTE.";"A amostra prevista é de 2.050 entrevistas. representativa do eleitorado em estudo, será selecionada mediante procedimento probabilístico em três estágios, garantindo rigor científico e conformidade com a legislação eleitoral (Lei 9.504/97 e Resoluções TSE 23.600/2019 e 23.727/2024): 1º Estagio - Escolha probabilístico dos municípios pelo método PPT (Probabilidade Proporcional ao Tamanho), tomando a população eleitoral de 16 anos ou mais como base. A probabilidade de inclusão de cada município é diretamente proporcional ao seu contingente eleitoral, assegurando representação adequada. 2º Estagio Nos municípios sorteados, sorteio probabilístico de localidades (bairros, distritos ou setores censitários) também pelo método PPT, considerando a população eleitoral residente como critério de ponderação, garantindo dispersão geográfica. 3º Estagio - Nas localidades sorteadas, os eleitores são selecionados por meio de quotas amostrais proporcionais, controladas ao nível do entrevistador, assegurando que a amostra final reflita as características do universo pesquisado. GENERO: MASCULINO 48% FEMININO 52% Fonte: https://sig.tse.jus.br/ords/dwapr/r/seai/sig-eleitor-eleitorado-mensal (consulta: TSE - Fevereiro/2026) FAIXA ETÁRIA 16 a 24 anos 13%, 25 a 34 anos 20%, 35 a 44 anos 19% 45 a 59 anos 26%, 60 anos ou mais 22% FONTE: https://sig.tse.jus.br/ords/dwapr/r/seai/sig-eleitor-eleitorado-mensal (consulta: TSE - Fevereiro/2026) GRAU DE INSTRUÇÃO FUNDAMENTAL INCOMPLETO 25%, FUNDAMENTAL COMPLETO 18%, MÉDIO COMPLETO 42%, SUPERIOR COMPLETO 15%, FONTE: https://sig.tse.jus.br/ords/dwapr/r/seai/sig-eleitor-eleitorado-mensal (consulta: TSE - Fevereiro/2026) De acordo com informações do IBGE, O NÍVEL ECONÔMICO Até R$ 2.000 é 39%, de R$ 2.001 até R$ 5.000 é 34%, de R$ 5.001 a  R$ 10.000 é 17%, Acima de R$ 10.000 é 10%. Esta prática é adotada pelos principais institutos de pesquisa do país e está em conformidade com a jurisprudência do TSE. Está prevista eventual ponderação para correção das variáveis genero; faixa etária, grau de instrução e nível econômico; com base nos percentuais acima apresentados; caso ocorram diferenças entre o previsto na amostra e a coleta realizada. Margem de Erro máxima prevista é: 2,2% pontos percentuais para mais ou para menos, considerando um nível de confiança de 95% e baseada em uma amostra aleatória simples (AAS). Os intervalos de confiança serão calculados considerando os resultados obtidos para um nível de confiança de 95% Definição: Margem de erro e intervalo de confiança não são grandezas diretamente proprocionais.";"As entrevistas são realizadas por equipes devidamente treinadas e identificados, utilizando para a coleta dispositivo eletronico, as equipes serão acompanhadas por um coordenador / supervisor que atua como fiscal de campo fazendo o controle, a verificação e a fiscalização da coleta de dados. Após a coleta, a pesquisa será checada, criticada e codificada, internamente de acordo com o padrão estabelecido pela ABEP (Associação Brasileira de Empresas de Pesquisa). Todo o material será 100% criticado e 20% verificado, conforme procedimento padrão em pesquisa de opinião publica. As informações serão processadas por meio de programa especifico, para a tabulação e eleaboração dos resultados. Os dados serão gerados no formato de tabelas de frequencia, e analisados criteriosamente. Ao final sera elaborado um relatorio analitico- descritivo, contendo tabelas e graficos para o resultado de cada pergunta realizada no questionario, seguindo as exigencias do TSE. Os dados coletados e tratados nesta pesquisa atendem às exigências da LGPD, Lei Geral de Proteção de Dados garantindo ao respondente o sigilo de sua identidade e o correto tratamento de suas respostas.";"#NULO#"
"07/08/2026";"05:47:04";2026;81;"Eleições Gerais 2026";"RN";"RN";"RIO GRANDE DO NORTE";"RN004432026";"2026-04-26 18:59:21";"S";"13539940000103";"INDICE INTELIGENCIA LTDA";"INDICE INTELIGENCIA";"Governador, Senador";"2026-04-27 00:00:00";"2026-04-29 00:00:00";"2026-05-02 00:00:00";1750;"10274";"Ianne Rafaella Santos Melo";"23000,00";"Trata-se de uma pesquisa quantitativa, utilizando questionário estruturado e padronizado por meio de entrevistas pessoais em domicílios, junto a uma amostra representativa da população em estudo, que teve como objetivo fornecer um panorama político e administrativo no estado do Rio Grande do Norte, para avaliação do cenário político e gerar informações de domínio público. O público-alvo foi composto por domiciliados no estado do Rio Grande do Norte. A pesquisa foi feita, com coleta de dados domiciliar e individual de uma amostra estratificada por sexo, faixa etária, nível de instrução e faixa de renda, conforme dados do conforme dados do TSE-Tribunal Superior Eleitoral - março/2026; IBGE - Censo 2010/2022; IBGE - PNADc 2023; IBGE - PNADc trimestral 2- 2024.";"O plano de amostragem utilizado é de amostragem aleatória simples e por conglomerado, em três etapas, em que serão coletados 1.750 formulários. Na primeira etapa os municípios são selecionados aleatoriamente, onde as entrevistas são realizadas por meio do método PPT (Probabilidade Proporcional ao Tamanho), tomando a população como base para tal seleção. Na segunda etapa, realiza-se um sorteio aleatório probabilístico dos setores censitários, onde as entrevistas são realizadas, pelo método PPT (Probabilidade Proporcional ao Tamanho), tomando a população de residentes nos setores com base para tal seleção. Na sequência a escolha dos setores censitários (rua, domicílio/local pré-estabelecido e ponto amostral), os respondentes são selecionados por meio de quotas amostrais proporcionais em função das variáveis significativas sexo e idade, sendo 47,2% do eleitorado do sexo masculino, e 52,8% do sexo feminino; sobre as idades - 16 a 24 anos: 13%; 25 a 34 anos: 20%; 35 a 44 anos: 21%; 45 a 59 anos: 25%; 60 anos ou mais: 21%; Analfabeto 5,80% ; Ensino Fundamental Completo 4,23% ; Ensino Fundamental Incompleto 24,55% ; Ensino Médio Completo 24,64% ; Ensino Médio Incompleto 17,75% ; Lê E Escreve 9,11% ; Superior Completo 8,95% ; Superior Incompleto 4,97%. Para classe de rendimento mensal domiciliar: Se sem rendimentos ou até 1 salário-mínimo: 73,9%; 1 a 2 salários-mínimos por mês:14,7%; 2 a 5 salários-mínimos por mês: 7,4%; Superior a 5 salários-mínimos por mês: 4,0%. Observação: Até a presente data o IBGE, não divulgou o atual perfil econômico da população brasileira; portanto, os dados quanto ao nível econômico utilizados como referência serão do Censo 2010. Está prevista eventual ponderação para correção das variáveis sexo, idade e grau de escolarização com base nos percentuais anteriormente mencionados, caso ocorram diferenças entre o previsto na amostra e a coleta de dados realizada. O nível de confiança estimado é de 95% e a margem de erro máxima estimada considerando um modelo de amostragem aleatório simples, é de 2,3 (dois virgula três) pontos percentuais para mais ou para menos sobre os resultados encontrados no total da amostra. FONTE DOS DADOS: TSE-Tribunal Superior Eleitoral - março/2026; IBGE - Censo 2010/2022; IBGE - PNADc 2023; IBGE - PNADc trimestral 2-2024.";"Para a realização da pesquisa utiliza-se uma equipe de entrevistadores e coordenadores de campo devidamente treinado para o trabalho do  ÍNDICE INTELIGÊNCIA. As entrevistas são pessoais e domiciliares, feitas por meio de questionário estruturado, aplicando-se apenas um questionário por domicílio, respeitando as cotas pré- determinadas. Durante a realização dos trabalhos de campo, os entrevistadores são submetidos a uma fiscalização permanente por parte dos coordenadores de campo e são realizadas checagem de 20% da amostra para atestar a realização das entrevistas e a fidedignidade dos dados apurados, garantindo-se dessa forma, o grau de precisão dos estimadores, em função dos parâmetros previamente estabelecidos.";"Natal, Mossoró, Parnamirim, São Gonçalo do Amarante, Macaíba, Ceará-Mirim, Caicó, Assú, Currais Novos, Pau dos Ferros, Santa Cruz, Nova Cruz, João Câmara, Apodi, Macau, Areia Branca, Extremoz, São José de Mipibu, Goianinha, Canguaretama, Nísia Floresta, Touros, Tibau do Sul, São Miguel, Alexandria, Umarizal, Caraúbas, Jucurutu, Parelhas, Jardim do Seridó, Acari, Lagoa Nova, Tenente Laurentino Cruz, Campo Redondo, Tangará, São Paulo do Potengi, Santo Antônio, Monte Alegre, Brejinho, Lagoa de Pedras, São José do Campestre, Baía Formosa, Pedro Velho, Montanhas, Serra do Mel, Baraúna, Grossos, Tibau, Upanema, Felipe Guerra, Governador Dix-Sept Rosado, Alto do Rodrigues, Pendências, Guamaré, Carnaubais, Angicos, Lajes, Santana do Matos, Fernando Pedroza, São Rafael, Itajá, Ipanguaçu, Serra Negra do Norte, São João do Sabugi, Timbaúba dos Batistas, Ouro Branco, Cruzeta, Equador, Florânia, Cerro Corá, São Vicente, Riachuelo, Ielmo Marinho, Maxaranguape, Pureza, Taipu, Poço Branco, Pedra Grande, Pedra Preta, Caiçara do Norte, Rio do Fogo."
