"DT_GERACAO";"HH_GERACAO";"AA_ELEICAO";"CD_ELEICAO";"NM_ELEICAO";"SG_UF";"SG_UE";"NM_UE";"NR_PROTOCOLO_REGISTRO";"DT_REGISTRO";"ST_PESQUISA_PROPRIA";"NR_CNPJ_EMPRESA";"NM_EMPRESA";"NM_EMPRESA_FANTASIA";"DS_CARGO";"DT_INICIO_PESQUISA";"DT_FIM_PESQUISA";"DT_DIVULGACAO";"QT_ENTREVISTADO";"CD_CONRE";"NM_ESTATISTICO_RESP";"VR_PESQUISA";"DS_METODOLOGIA_PESQUISA";"DS_PLANO_AMOSTRAL";"DS_SISTEMA_CONTROLE";"DS_DADO_MUNICIPIO"
"07/08/2026";"05:47:04";2026;81;"Eleições Gerais 2026";"SP";"SP";"SÃO PAULO";"SP017032026";"2026-06-29 13:11:37";"N";"07630546000175";"DATAFOLHA INSTITUTO DE PESQUISAS LTDA.";"#NULO#";"Governador, Senador";"2026-07-01 00:00:00";"2026-07-03 00:00:00";"2026-07-05 00:00:00";1608;"7249A";"Renata Nunes Cesar";"185706,64";"Pesquisa do tipo quantitativo, por amostragem, com aplicação de questionário estruturado e abordagem pessoal em pontos de fluxo populacional. O eleitorado do estado de São Paulo foi tomado como universo da pesquisa.

";"Universo: Eleitorado do estado de São Paulo
Tamanho da amostra: A amostra prevista é de 1608 entrevistas. 
Técnica de amostragem: A amostra é estratificada por natureza dos municípios (capital, região metropolitana ou interior), sendo que os estratos são desproporcionais em relação ao tamanho do universo. Posteriormente, as proporções corretas serão restabelecidas na fase de ponderação dos dados. Os municípios com população acima de 500 mil habitantes constituem estratos. Em cada estrato, num primeiro estágio, são sorteados com probabilidade proporcional ao tamanho (PPT) os municípios que farão parte do levantamento. Num segundo estágio, são sorteados os bairros e pontos de abordagem onde serão aplicadas as entrevistas.  Por fim, os entrevistados são selecionados aleatoriamente para responder ao questionário, de acordo com cotas de gênero e faixa etária. 

Os dados utilizados para definição e seleção da amostra são baseados nos dados fornecidos pelo TSE (dados maio 2026),  IBGE (Censo 2022, PNADC 2024 e Estimativa populacional 2025), além de dados primários de outros levantamentos do instituto.  Os dados relativos a gênero e faixa etária são: Homens: 47%, mulheres: 53%, 16 a 24 anos: 11%, 25 a 34 anos: 18%, 35 a 44 anos: 20%, 45 a 59 anos: 26% e 60 anos ou mais: 25%.

Para a variável grau de instrução os dados utilizados como referência são: até nível médio completo ou incompleto (inclui os sem escolaridade e analfabetos) =70% e nível superior (inclui superior incompleto) = 30%.

Ponderação dos resultados: Está prevista ponderação considerando as variáveis natureza do município (capital 27%, outros municípios da região metropolitana 21%, interior 52%), gênero e faixa etária. A variável escolaridade poderá ser ajustada de acordo com os percentuais detalhados anteriormente caso a diferença entre os valores descritos e observados seja maior que a margem de erro definida.  Para o nível econômico do entrevistado (renda familiar mensal declarada pelo respondente), a distribuição utilizada como referência foi: Até 2 S.M. (salários mínimos)=38%, mais de 2 S.M.=58%, não souberam ou recusaram a resposta=4%.  O fator previsto para ponderação é 1 (resultados obtidos em campo).


Margem de Erro: A margem de erro máxima prevista é de 2 pontos percentuais para mais ou para menos, considerando um nível de confiança de 95% e baseada em uma amostra aleatória simples (AAS). Os intervalos de confiança serão calculados considerando os resultados obtidos para um nível de confiança de 95%.
";"Os entrevistadores envolvidos na realização desta pesquisa são treinados pelo Instituto e recebem instruções específicas para cada projeto realizado. A coleta será feita com a utilização de tablet e questionário eletrônico. São checados, no mínimo, 20% dos questionários de cada pesquisador, seja in loco por supervisores de campo ou, posteriormente, por telefone. Internamente, todo o material é verificado e codificado. Antes do processamento final e emissão dos resultados, realiza-se processo de consistência dos dados. Os dados coletados e tratados nesta pesquisa atendem às exigências da LGPD, Lei Geral de Proteção de Dados, garantindo ao respondente o sigilo de sua identidade e o correto tratamento de suas respostas.";"A área de abrangência da coleta dos dados é o estado de São Paulo. A relação completa dos municípios e bairros pesquisados será anexada ao registro até o dia seguinte à data de publicação da pesquisa, conforme Resolução 23.600/2019 do TSE, no art.2º §7º. "
"07/08/2026";"05:47:04";2026;81;"Eleições Gerais 2026";"SP";"SP";"SÃO PAULO";"SP033412026";"2026-07-20 22:33:48";"S";"45613076000120";"INSTITUTO VOX BRASIL OPINIAO E PESQUISAS LTDA";"#NULO#";"Governador, Senador, Deputado Federal, Deputado Estadual";"2026-07-21 00:00:00";"2026-07-22 00:00:00";"2026-07-26 00:00:00";1200;"9907";"GUILHERME COELHO NEVES";"15000,00";"Metodologia de pesquisa: Pesquisa do tipo quantitativo, por amostragem, com aplicação de questionário estruturado e abordagem pessoal em domicílios particulares permanentemente ocupados (de acordo com a definição do IBGE - Instituto Brasileiro de Geografia e Estatística). O conjunto do eleitorado do município de Guarulhos-SP com 16 anos ou mais foi tomado como universo da pesquisa.";"Tamanho da amostra: A amostra prevista é de 1200 entrevistas. Técnica de amostragem: Amostragem por Conglomerados em Múltiplos Estágios com Controle de Cotas na Seleção do Respondente. Utilizamos a amostragem em mais de um estágio. No primeiro estágio dividimos o município em bairros/setores censitários (conglomerados), sendo os mesmos listados, onde foram sorteados aleatoriamente. No segundo estágio, foram sorteadas as ruas (dispondo de um mapa da região), no terceiro estágio fizemos o sorteio das casas (via amostragem sistemática .O próximo estágio é a seleção do entrevistado dentro da casa, onde o critério foi abordar um morador apto a votar no município que atendesse à equipe de campo, observados os controles amostrais posteriormente aplicados, sendo este obrigatoriamente morador da residência e eleitor da cidade pesquisada. Na etapa seguinte foi realizado um controle das seguintes variáveis: sexo, idade, grau de instrução e nível econômico. Também adotamos p=50% para maximizar o tamanho da amostra a) a amostra poderá ser ponderada levando em consideração a variável sexo da população de Guarulhos-SP, sendo 46,3% homens e 53,7% mulheres, conforme dados do TSE de Março de 2026 e a variável idade sendo consideradas as faixas: 16 anos: 0,1%; 17 anos: 0,35%; 18 a 20 anos: 4,38%; 21 a 24 anos: 7,71%; de 25 a 34 anos: 20,76%; de 35 a 44 anos: 20,67%; de 45 a 59 anos: 26,78%; de 60 a 69 anos: 12,02% e acima de 69 anos: 7,23% (TSE Março 2026). Quanto à variável grau de instrução, temos: ANALFABETO: 1,38%; LÊ E ESCREVE: 1,86%; ENSINO FUNDAMENTAL INCOMPLETO: 14,25%; ENSINO FUNDAMENTAL COMPLETO: 6,26%; ENSINO MÉDIO INCOMPLETO: 14,63%; ENSINO MÉDIO COMPLETO: 41,68%; SUPERIOR INCOMPLETO: 5,96% e SUPERIOR COMPLETO: 13,98% (TSE Março 2026). E para a variável renda, temos: Até 2 Salários Mínimos: 81,92%; 2 a 5 Salários Mínimos: 14,89%; 5 a 10 Salários Mínimos: 2,65% e acima de 10 Salários Mínimos: 0,54% (IBGE Censo 2022). Área física: Município de Guarulhos-SP em domicílios particulares permanentemente ocupados e sorteados de maneira aleatória simples sem reposição. Margem de Erro: A margem de erro máxima prevista para o total da amostra é de 2,85 pontos percentuais para mais ou para menos, considerando um nível de confiança de 95%. Os intervalos de confiança serão calculados considerando os resultados obtidos para um nível de confiança de 95%. Fonte de Dados: TSE-Março 2026 e IBGE Censo 2022 (https://sidra.ibge.gov.br/).";"Sistema interno de controle e verificação, conferência e fiscalização da coleta de dados e do trabalho de campo: Os pesquisadores envolvidos na realização desta pesquisa recebem treinamento especializado e instruções específicas de abordagem. O trabalho é feito com a equipe e dois coordenadores de campo. Há fiscalização no ato da entrevista e os questionários são recolhidos e checados quanto ao correto preenchimento dos dados. Após os trabalhos de campo, os questionários são submetidos a uma fiscalização que consiste na verificação de 20% dos questionários aplicados individualmente pelos entrevistadores, para checagem das respostas. Internamente, todo o material é verificado, codificado, digitado e, antes do processamento final, realiza-se a conferência da digitação (consistência dos dados).";"EM ANEXO."
"07/08/2026";"05:47:04";2026;81;"Eleições Gerais 2026";"SP";"SP";"SÃO PAULO";"SP049562026";"2026-08-04 19:29:03";"N";"13475743000160";"BOAS IDEIAS INTELIGENCIA EM PESQUISA E ESTRATEGIA DIGITAL LTDA";"BOAS IDEIAS, ESTRATEGIA E INTELIGENCIA DIGITAL.";"Governador, Senador";"2026-08-05 00:00:00";"2026-08-08 00:00:00";"2026-08-10 00:00:00";1800;"10524";"ADRIANA APARECIDA MARCAL";"69878,92";"Pesquisa quantitativa com aplicação de questionário estruturado, através pesquisa telefônica, junto a uma parcela representativa do eleitorado do estado de São Paulo.";"Representativo do eleitorado da área em estudo selecionado por amostragem através do método de probabilidade proporcional ao tamanho (PPT), com a técnica de Random Digit Dialing (RDD), que consiste na geração aleatória de números de telefone, assegurando que todos os indivíduos da população-alvo tenham probabilidade conhecida e diferente de zero de serem selecionados, o que permite o cálculo estatístico do tamanho da amostra, da margem de erro e dos intervalos de confiança. Considerando a população com 16 anos ou mais residente na localidade pesquisada em função das seguintes variáveis: Gênero: Masculino: 47%; Feminino: 53%; Grupos de idade: 16-24: 11%; 25-34: 18%; 35-44: 20%; 45-59: 27%; 60 anos e mais: 24%; Nível de escolaridade: Fundamental: 29%; Médio: 50% e Superior: 21%; Nível Econômico: Economicamente Ativo: 67%, Não Economicamente Ativo: 33%. Ponderação dos resultados: Está prevista eventual ponderação para correção das variáveis sexo e idade com base nos percentuais anteriormente mencionados, caso ocorram diferenças superiores a 2,3 pontos percentuais entre o previsto na amostra e a coleta de dados realizada. Para as variáveis de grau de instrução e nível econômico do entrevistado, o fator previsto para ponderação é 1 (resultados obtidos em campo). Margem de Erro: A margem de erro máxima estimada, considerando um modelo de amostragem aleatório simples, é de 2,3% para mais ou para menos e o nível de confiança é de 95%. Fonte dos dados: As proporções das variáveis são definidas a partir das pesquisas PNAD 2025 e Censo 2022/IBGE, TSE 2025.";"Os pesquisadores envolvidos na realização desta pesquisa são devidamente treinados para aplicação da técnica e deste tipo de questionário, recebendo instruções específicas para cada projeto. A coleta será feita por telefone. São checados 30% dos questionários de cada pesquisador, posteriormente, por telefone. Há monitoramento de contatos telefônicos. Internamente, todo o material é verificado e codificado. Antes do processamento final e emissão dos resultados, realiza-se processo de consistência dos dados.";"A área de abrangência da coleta é o estado de São Paulo. A relação das localidades selecionadas para aplicação da amostra será apresentada até o dia seguinte ao registro da pesquisa, conforme expresso no art. 2º, §7º da Resolução 23.600/2019 do TSE."
"07/08/2026";"05:47:04";2026;81;"Eleições Gerais 2026";"SP";"SP";"SÃO PAULO";"SP048462026";"2026-07-23 22:29:32";"N";"22445600000104";"QUAEST PESQUISAS, CONSULTORIA E PROJETOS LTDA.";"#NULO#";"Governador, Senador";"2026-07-23 00:00:00";"2026-07-27 00:00:00";"2026-07-29 00:00:00";1650;"6731";"Margarida Maria de Mendonca";"279386,90";"
Pesquisa quantitativa, de survey, que consiste na realização de entrevistas pessoais, domiciliares e presenciais, conduzidas por profissionais treinados, com a aplicação de questionários estruturados a uma amostra representativa da população votante de 16 anos ou mais residente no estado de São Paulo. O desenho amostral aplicado combina sorteio probabilístico de municípios e de setores censitários fornecidos pelo IBGE (unidades territoriais homogêneas, de tamanho similar a quadras ou blocos), dentro dos quais serão selecionadas pessoas respondentes por meio de cotas amostrais.";"O público pesquisado é composto por eleitores de 16 anos ou mais residentes na área de abrangência da pesquisa. Para produzir uma amostra representativa desse público-alvo, utilizamos um desenho amostral por conglomerados que prevê três estágios. No primeiro estágio, é feito um sorteio probabilístico de municípios para comporem a amostra por meio do método PPT (Probabilidade Proporcional ao Tamanho) a partir de suas populações votantes acima de 16 anos. Dentro da lista de municípios sorteados, no segundo estágio, é realizado um sorteio probabilístico por meio do método PPT (Probabilidade Proporcional ao Tamanho) de setores censitários a serem visitados pelos entrevistadores, sorteio que tem como base o total de habitantes residentes nos setores de acordo com dados do Censo de 2022, o que garante a dispersão aleatória e estatística da amostra dentro dos territórios municipais, independentemente de divisões administrativas. Finalmente, dentro da lista de setores censitários sorteados, no último estágio são selecionados domicílios e pessoas a serem entrevistadas utilizando-se cotas amostrais para as seguintes variáveis: sexo, idade, renda familiar e escolaridade. O perfil da amostra, definido pelas cotas previstas, é o seguinte:

Sexo: Masculino (47%); Feminino (53%). 
Faixa etária: 16-34 anos (29%); 35-59 anos (46%); 60 ou mais (25%). 
Renda domiciliar total, incluindo pensões, benefícios e rendimentos de trabalhos informais: Até 2 salários-mínimos (19%); Mais de 2 a 5 salários-mínimos (43%); Mais de 5 salários-mínimos (38%). 
Nível de instrução: Até Fundamental completo ou médio incompleto (33%); Médio completo ou superior incompleto (43%); Superior completo ou mais (24%). 

Fonte dos dados: para a distribuição de sexo e idade, TSE-Tribunal Superior Eleitoral - julho/2026; para a malha de setores censitários, Censo 2022 (IBGE); para a distribuição de renda domiciliar, PNADc Anual 2025, 1ª visita (IBGE); e, para a distribuição de escolaridade/instrução, PNADc trimestral 1-2026 (IBGE). A PNADc é utilizada por ser a fonte oficial mais atualizada de rendimentos do país, incluindo rendimentos informais, pensões, entre outros, e corrigindo as defasagens temporais do Censo 2022, além de ser a fonte mais atualizada de nível de instrução da população com 16 anos ou mais dada ausência de atualização obrigatória da escolaridade no registro de eleitores do TSE.

Está prevista eventual pós-estratificação da amostra, por meio de algoritmos de calibração (rake) e modelos (MrP), para correção de estimativas e das distribuições das variáveis sexo, idade, renda familiar e escolaridade, com base nos percentuais anteriormente mencionados, caso ocorram diferenças entre os percentuais previstos na amostra e a coleta de dados realizada. 

Dentro do público-alvo anteriormente descrito, serão realizadas 1.650 entrevistas. O nível de confiança das estimativas é de 95% e a margem de erro máxima prevista, atendendo às diretivas do TSE e usando o cálculo para amostra aleatória simples (AAS) como aproximação, é de cerca de 2 pontos percentuais para mais ou para menos em relação aos totais da amostra.";"As entrevistas serão realizadas por uma equipe de entrevistadores devidamente qualificada, com experiência e treinamento em pesquisa de opinião pública. Todo trabalho é feito em tablets ou outros dispositivos eletrônicos. Após a realização da coleta de dados, as entrevistas junto aos respondentes são checadas por meio de procedimentos de consistência e de georreferenciamento dos locais de aplicação em tempo real. Adicionalmente, ao longo e após os trabalhos de campo, é realizada uma fiscalização que consiste na checagem de áudio de uma amostra de 30% dos questionários aplicados para verificação das respostas e da adequação dos entrevistados aos parâmetros amostrais.";"A área de abrangência da coleta é o território do estado de São Paulo. A relação do número de pessoas pesquisadas nas áreas de aplicação da pesquisa, discriminadas por município, bairros e setores censitários a partir dos identificadores utilizados pelo IBGE, além da composição do eleitorado entrevistado na área de abrangência quanto a gênero, idade, grau de instrução e nível econômico, constará em anexo. O mapa com os códigos destes setores censitários e as áreas que delimitam no país todo podem ser conferidos na seguinte fonte oficial: https://censo2022.ibge.gov.br/panorama/mapas.html?localidade=&recorte=setores_censitarios"
"07/08/2026";"05:47:04";2026;81;"Eleições Gerais 2026";"SP";"SP";"SÃO PAULO";"SP049112026";"2026-07-28 12:42:26";"N";"29021286000173";"COSTA E MARIATH LTDA";"INTELLIGENCE PESQUISA E COMUNICACAO";"Governador, Senador, Deputado Federal";"2026-07-27 00:00:00";"2026-07-29 00:00:00";"2026-08-03 00:00:00";1100;"9327";"MARCIO BARTOLOMEU AZEVEDO DA COSTA";"20000,00";"Metodologia de pesquisa: Pesquisa do tipo quantitativo, por amostragem, com aplicação de questionário estruturado e abordagem pessoal em domicílios particulares permanentemente ocupados (de acordo com a definição do IBGE - Instituto Brasileiro de Geografia e Estatística). O conjunto do eleitorado do município de Guarulhos-SP com 16 anos ou mais foi tomado como universo da pesquisa.";"Tamanho da amostra: A amostra prevista é de 1.100 entrevistas. Técnica de amostragem A amostra é aleatória, com base na estimativa da média populacional. Utilizamos a amostragem em mais de um estágio. No primeiro estágio dividimos o município em bairros/setores censitários (conglomerados), sendo os mesmos listados, onde foram sorteados aleatoriamente. No segundo estágio, foram sorteadas as ruas (dispondo de um mapa da região), no terceiro estágio fizemos o sorteio das casas (via amostragem sistemática). O quarto estágio foi a seleção do entrevistado dentro da casa, onde o critério adotado foi o da primeira pessoa que atendesse a equipe de pesquisa, sendo este obrigatoriamente morador da residência e eleitor da cidade pesquisada. Na etapa seguinte foi realizado um controle das seguintes variáveis: sexo, idade, grau de instrução e nível econômico. Também adotamos p=50% para maximizar o tamanho da amostra a) a amostra poderá ser ponderada levando em consideração a variável sexo da população de Guarulhos-SP, sendo 46,3% homens e 53,7% mulheres, conforme dados do TSE de Junho de 2026 e a variável idade sendo consideradas as faixas: 16 a 24 anos: 12,9%; de 25 a 34 anos: 20,6%; de 35 a 44 anos: 20,4%; de 45 a 59 anos: 26,7%  e acima de 69 anos: 19,3% (TSE Junho 2026). Quanto à variável grau de instrução, temos: ANALFABETO: 1,3%; LÊ E ESCREVE: 1,8%; ENSINO FUNDAMENTAL: 20,5%; ENSINO MÉDIO: 56,6%; ENSINO SUPERIOR: 19,8% (TSE Junho 2026). E para a variável renda, temos: Sem Rendimento 6% , Até 1 Salários Mínimos: 9%; 1 a 2 Salários Mínimos: 22% , 2 a 5 Salários Mínimos: 38%; acima de 5 Salários Mínimos: 25% (IBGE Censo 2010). Observação: Conforme informações obtidas do Instituto Brasileiro de Geografia e Estatística (https://cidades.ibge.gov.br/brasil/sp/guarulhos/pesquisa/23/24304) , o IBGE, não divulgou - e não tem previsão - de data para divulgação do perfil econômico (nível econômico) da população brasileira; portanto, os dados quanto ao nível econômico obtidos no Censo 2022, não podem ser utilizados, pois não foram publicados. Em relação à ponderação, devido à metodologia amostral adotada, os fatores de ponderação a serem aplicados em toda as variáveis (sexo, idade, grau de instrução e renda), assumem valor igual a 1(um). Área física: Município de Guarulhos-SP em domicílios particulares permanentemente ocupados e sorteados de maneira aleatória simples sem reposição. Margem de Erro: A margem de erro máxima prevista para o total da amostra é de 3,0 pontos percentuais para mais ou para menos, considerando um nível de confiança de 95%. Os intervalos de confiança serão calculados considerando os resultados obtidos para um nível de confiança de 95%. Fonte de Dados: TSE-Junho 2026 e IBGE Censo 2010.";"Os pesquisadores envolvidos na realização desta pesquisa recebem treinamento especializado e instruções específicas de abordagem. O trabalho é feito com a equipe de entrevistadores e coordenadores de campo. Há fiscalização no ato da entrevista e os questionários são recolhidos e checados quanto ao correto preenchimento dos dados. Após os trabalhos de campo, os questionários são submetidos a uma fiscalização que consiste na verificação de 20% dos questionários aplicados individualmente pelos entrevistadores, para checagem das respostas. Internamente, todo o material é verificado, codificado, digitado e, antes do processamento final, realiza-se a conferência da digitação (consistência dos dados).";"A relação dos bairros pertencentes à amostra será apresentada até o dia seguinte à data a partir da qual a pesquisa puder ser divulgada, conforme §7º do art. 2º da Resolução-TSE nº. 23.600/2019"
"07/08/2026";"05:47:04";2026;81;"Eleições Gerais 2026";"SP";"SP";"SÃO PAULO";"SP052632026";"2026-05-21 21:48:12";"S";"00654576000172";"INSTITUTO VERITA LTDA";"VERITA";"Governador, Senador";"2026-05-22 00:00:00";"2026-05-26 00:00:00";"2026-05-27 00:00:00";3025;"10699";"GUILHERME ALVARENGA LAIA";"232925,00";"Pesquisa quantitativa, que consiste na realização de entrevistas, com a aplicação de questionário estruturado junto a uma amostra representativa do eleitorado desta Unidade da Federação.";"ESTUDO REPRESENTATIVO DO ELEITORADO DO ESTADO DE SÃO PAULO - MÉTODO PPT (Probabilidade Proporcional ao Tamanho) - PLANO AMOSTRAL E PONDERAÇÃO QUANTO A SEXO, IDADE, GRAU DE INSTRUÇÃO E NÍVEL ECONÔMICO DO ENTREVISTADO; INTERVALO DE CONFIANÇA E MARGEM DE ERRO: Representativo do eleitorado da área em estudo, elaborada, em vários estágios, da seguinte forma: - 1. Divisão da UF em estratos proporcionais de municípios. 2. Ordenação dos municípios de cada estrato segundo o porte. 3. Sorteio dos municípios de cada estrato. 4. Os respondentes são selecionados através de quotas amostrais proporcionais em função de variáveis significativas, a saber: GÊNERO / FAIXA ETÁRIA - FEMININO E MASCULINO 16 A 34 ANOS 14,8% E 14%, 35 A 54 ANOS 20,5% E 18,3%, 55 ANOS OU MAIS 18% E 14,5%. GRAU DE INSTRUÇÃO ¿ FEMININO E MASCULINO Sem instrução até Ensino Médio completo 54,8%, Ensino superior incompleto e completo 45,2% NÍVEL ECONÔMICO - FEMININO população não economicamente ativa 46,5% população economicamente ativa 53,5% MASCULINO população não economicamente ativa 27,2% população economicamente ativa 72,8%. RENDA FAMILIAR DO DOMICÍLIO renda familiar de até 2 salários-mínimos 30,7%; de 2 a 5 salários-mínimos 44,2%, acima de 5 salários-mínimos 25,1%. Está prevista eventual ponderação para correção das variáveis, com base nos percentuais anteriormente mencionados, caso ocorram diferenças superiores a margem de erro da pesquisa previsto entre a amostra e a coleta de dados realizada. O fator previsto para ponderação é 1 (resultados obtidos na coleta de dados). O intervalo de confiança estimado é de 95% e a margem de erro máxima estimada considerando um modelo de amostragem aleatório simples, é de aproximadamente 2 pontos percentuais para mais ou para menos sobre os resultados encontrados no total da amostra. FONTE DOS DADOS: IBGE/Censo 2022 para fins de densidade demográfica, setores censitários e alocação da amostra. IBGE/PNAD/PNADC/MEC/INEP para fins de Nível Econômico e Escolaridade. TSE FEVEREIRO/2026 para fins de Sexo, Faixa Etária e eleitorado por município ou regiões previamente definidas (importante ressaltar para o público leigo que os dados do TSE são os únicos corretos para gênero, idade dos eleitores e quantitativo de eleitores por municípios já que a base de dados se atualiza automaticamente, PORÉM, dados de escolaridade e nível econômico NÃO são corretos e confiáveis devido a desatualização que ocorre naturalmente com o passar dos anos). Definição de margem de erro e intervalo de confiança: Margem de erro e intervalo de confiança não são grandezas diretamente proporcionais. A SOMA NÃO TEM QUE RESULTAR 100%. ";"Após os trabalhos de coleta de dados, os questionários são submetidos a uma fiscalização, conferência e checagem de cerca de 20% (vinte por cento) dos questionários aplicados.";"A relação dos municípios sorteados ou selecionados para esta pesquisa será apresentada em arquivo anexo até 1 (um) dia após a divulgação desta pesquisa conforme §7º. do art. 2º. da Resolução-TSE nº. 23.600/2019. A área de abrangência desta pesquisa é o Estado DE SÃO PAULO"
"07/08/2026";"05:47:04";2026;81;"Eleições Gerais 2026";"SP";"SP";"SÃO PAULO";"SP007052026";"2026-03-03 21:39:51";"S";"22345021000181";"REAL TIME MIDIA LTDA";"REAL TIME BIG DATA";"Governador, Senador";"2026-03-06 00:00:00";"2026-03-07 00:00:00";"2026-03-09 00:00:00";2000;"10839";"Isabela Zara Cremoneze";"80000,00";"Pesquisa quantitativa, que consiste na realização de entrevistas pessoais, com a aplicação de questionário estruturado junto a uma amostra representativa do eleitorado em estudo. Pesquisa realizada no Estado de São Paulo (SP).";"Representativo do eleitorado da área em estudo, elaborada em três estágios. 
No primeiro estágio, realiza-se um sorteio probabilístico dos municípios onde as entrevistas serão realizadas, pelo método PPT (Probabilidade Proporcional ao Tamanho), tomando a população eleitora de 16 anos ou mais residente nos municípios como base para essa seleção.
No segundo estágio, efetua-se um sorteio probabilístico das localidades dentro dos municípios selecionados, também pelo método PPT (Probabilidade Proporcional ao Tamanho), considerando a população eleitora de 16 anos ou mais residente nessas localidades como base para a seleção.
No terceiro e último estágio, dentro das localidades sorteadas, os respondentes são selecionados por meio de quotas amostrais proporcionais, em função de variáveis significativas, a saber:

GÊNERO:
Feminino: 53,28%;
Masculino: 46,72%;
(Fonte: TSE, Fevereiro/2026 -- https://sig.tse.jus.br/ords/dwapr/r/seai/sig-eleitor-eleitorado-mensal/cruzamento-eleitorado-mensal?p24_metricas=E&p24_back=22&p24_cruzamento_1=ds_sexo&clear=24&session=8513318841768)
FAIXA ETÁRIA:
16 anos: 0,09%;
17 anos: 0,32%;
18 a 20 anos: 3,76%;
21 a 24 anos: 6,45%;
25 a 34 anos: 18,21%;
35 a 44 anos: 20,10%;
45 a 59 anos: 26,52%;
60 a 69 anos: 13,48%;
70 a 79 anos: 7,70%;
Superior a 79 anos: 3,37%;
(Fonte: TSE, Fevereiro/2026 -- https://sig.tse.jus.br/ords/dwapr/r/seai/sig-eleitor-eleitorado-mensal/cruzamento-eleitorado-mensal?p24_cruzamento_1=ds_faixa_etaria&p24_metricas=E&p24_back=22&clear=24&session=8513318841768)
ESCOLARIDADE:
Analfabeto: 1,71%;
Lê e Escreve: 2,92%;
Ensino Fundamental Incompleto: 17,79%;
Ensino Fundamental Completo: 6,72%;
Ensino Médio Incompleto: 16,30%;
Ensino Médio Completo: 33,39%;
Ensino Superior Incompleto: 6,05%;
Ensino Superior Completo: 15,11%;
(Fonte: TSE, Fevereiro /2026 -- https://sig.tse.jus.br/ords/dwapr/r/seai/sig-eleitor-eleitorado-mensal/cruzamento-eleitorado-mensal?p24_cruzamento_1=ds_grau_instrucao&p24_metricas=E&p24_back=22&clear=24&session=8513318841768)
RENDA DOMICILIAR MENSAL:
Sem rendimento: 4,15%;
Até 1/2 Salário Mínimo: 0,76%;
Mais de 1/2 a 1 Salário Mínimo: 7,29%;
Mais de 1 a 2 Salários Mínimos: 18,58%;
Mais de 2 a 5 Salários Mínimos: 38,74%;
Mais de 5 a 10 Salários Mínimos: 19,53%;
Mais de 10 a 20 Salários Mínimos: 7,61%;
Mais de 20 Salários Mínimos: 3,34%;
(Fonte: IBGE (CENSO-2010) -- https://cidades.ibge.gov.br/brasil/pe/pesquisa/23/24304?detalhes=true)

Observação: De acordo com informações do Instituto Brasileiro de Geografia e Estatística (IBGE), não há previsão de data para a divulgação do perfil econômico da população brasileira do CENSO 2022. Portanto, os dados sobre o nível econômico obtidos no Censo 2022 não podem ser utilizados, pois ainda não foram publicados.
Está prevista eventual ponderação para correção das variáveis sexo e idade, com base nos percentuais anteriormente mencionados, caso ocorram diferenças superiores a 3 pontos percentuais entre o previsto na amostra e a coleta de dados realizada. Para as variáveis de grau de instrução e nível econômico do entrevistado, o fator previsto para ponderação é 1 (resultados obtidos em campo). O nível de confiança estimado é de 95% e a margem de erro máxima estimada considerando um modelo de amostragem aleatório simples, é de aproximadamente 2 (dois) pontos percentuais para mais ou para menos sobre os resultados encontrados no total da amostra.
";"O trabalho de coleta de dados é acompanhado presencialmente por supervisores. São selecionados aleatoriamente 15% (quinze por cento) dos questionários para uma verificação posterior com ligações telefônicas para os números indicados nos formulários, em caso de dúvida, o formulário é descartado e o entrevistador chamado para esclarecimentos.";"O anexo do arquivo com os bairros será realizado até o dia seguinte da divulgação conforme indicado no §7º. do art. 2º. da Resolução-TSE nº. 23.600/2019.

"
"07/08/2026";"05:47:04";2026;81;"Eleições Gerais 2026";"SP";"SP";"SÃO PAULO";"SP046242026";"2026-07-23 19:37:24";"S";"81908345000140";"INSTITUTO PARANA DE PESQUISAS E ANALISE DE CONSUMIDOR LTDA";"#NULO#";"Governador, Senador";"2026-07-25 00:00:00";"2026-07-28 00:00:00";"2026-07-29 00:00:00";1680;"10245 - 4ª";"Tatiani Cristina Ara";"50000,00";"Pesquisa com metodologia quantitativa, com a realização de entrevistas pessoais, domiciliares e presenciais, utilizando questionário estruturado junto a uma amostra representativa do eleitorado do Estado de São Paulo. Os questionamentos feitos aos(às) eleitores(as) em relação à eleição presidencial foram devidamente registrados no Tribunal Superior Eleitoral - TSE sob o nº BR-09071/2026, pois o Sistema Pesqele não permite nos registros regionais a inclusão do campo Presidente no momento do registro da pesquisa eleitoral.


";"""A amostra será representativa do eleitorado da área pesquisada e será selecionada em três etapas. Na primeira etapa realiza-se um sorteio probabilístico dos municípios onde as entrevistas serão realizadas através do método PPT (Probabilidade Proporcional ao Tamanho), considerando a população eleitora com 16 anos ou mais residente nos municípios como base para essa seleção. Na segunda etapa, faz-se um sorteio probabilístico das localidades, onde as entrevistas serão realizadas, através do método PPT (Probabilidade Proporcional ao Tamanho), tomando a população eleitora de 16 anos ou mais residente nas localidades como base para essa seleção. Na terceira etapa, a seleção do entrevistado dentro da localidade, será feita utilizando-se quotas amostrais proporcionais, em função das seguintes variáveis:
GÊNERO: TSE Junho 2026 (https://sig.tse.jus.br/ords/dwapr/r/seai/sig-eleitor-eleitorado-mensal/cruzamento-eleitorado-mensal?p24_metricas=E&p24_back=22&p24_cruzamento_1=ds_sexo&clear=24&p0_uf=SP&p0_mes=6&debug=LEVEL5&session=312990078978641)
Masculino - 47%; |
Feminino - 53%; |
FAIXA ETÁRIA: TSE Junho 2026 (https://sig.tse.jus.br/ords/dwapr/r/seai/sig-eleitor-eleitorado-mensal/cruzamento-eleitorado-mensal?p24_cruzamento_1=ds_faixa_etaria&p24_metricas=E&p24_back=22&clear=24&p0_uf=SP&p0_mes=6&debug=LEVEL5&session=8904950028837) 
Entre 16 e 24 anos: 11%; |
Entre 25 e 34 anos: 18%; |
Entre 35 e 44 anos: 20%; |
Entre 45 e 59 anos: 26%; |
Com 60 anos ou mais: 25%; |
ESCOLARIDADE: TSE Junho 2026 (https://sig.tse.jus.br/ords/dwapr/r/seai/sig-eleitor-eleitorado-mensal/cruzamento-eleitorado-mensal?p24_cruzamento_1=ds_grau_instrucao&p24_metricas=E&p24_back=22&clear=24&p0_uf=SP&p0_mes=6&debug=LEVEL5&session=309383598034615) Observação: Conforme informações obtidas no site do Tribunal Superior Eleitoral, o TSE, (https://dadosabertos.tse.jus.br/group/about/eleitorado) """"Os registros de grau de escolaridade podem apresentar dados defasados, pois refletem a situação do eleitor na ocasião do cadastramento.""""
De analfabeto até ensino fundamental completo: 29%; |
Ensino médio incompleto ou completo: 50% |
Ensino superior incompleto ou completo: 21% |
RENDA DOMICILIAR MENSAL:  (https://cidades.ibge.gov.br/brasil/sp/pesquisa/23/24304) IBGE - Censo 2010. Observação: Conforme informações obtidas do Instituto Brasileiro de Geografia e Estatística, o IBGE, não divulgou - e não tem previsão - de data para divulgação do perfil econômico (nível econômico) da população brasileira; portanto, os dados quanto ao nível econômico obtidos no Censo 2022, não podem ser utilizados, pois não foram publicados. (https://censo2022.ibge.gov.br/panorama/)
Sem rendimentos até 2 salários mínimos: 31% |
Mais de 2 a 5 salários mínimos: 39% |
Mais de 5 salários mínimos: 30% |
Está prevista eventual ponderação para correção das variáveis gênero e faixa etária, com base nos percentuais acima apresentados, caso ocorram diferenças superiores a 3,0 (três) pontos percentuais entre o previsto na amostra e a coleta realizada; para as variáveis escolaridade e renda domiciliar mensal, o fator de ponderação é igual a 1 (resultados obtidos no campo). O nível de confiança estimado é de 95% (noventa e cinco por cento) para uma margem de erro estimada, considerando uma técnica de amostragem aleatória simples, de aproximadamente 2,4 (dois vírgula quatro) pontos percentuais para mais ou para menos sobre os resultados obtidos.""





";"""As entrevistas serão conduzidas por uma equipe de entrevistadores e supervisores devidamente qualificados pelo Instituto Paraná Pesquisas, todos com experiência e treinamento específico em pesquisas de opinião pública. 
Controle: O controle do processo será realizado por meio de um software de coleta de dados.
Conferência e Fiscalização: Durante a coleta de dados os questionários aplicados são fiscalizados e conferidos através de um supervisor.   
Adicionalmente, pelo menos 30% dos questionários passarão por uma verificação posterior, que avaliará a precisão na aplicação e a adequação dos entrevistados às variáveis das quotas amostrais. Ou seja, no mínimo 504 entrevistas desta pesquisa serão auditadas pela equipe de qualidade do Instituto Paraná Pesquisas, podendo essa auditoria ser solicitada ao Instituto a qualquer momento.
Verificação: Após a coleta, os questionários passam por uma etapa de verificação e validação dos dados, para garantir a integridade e precisão dos dados coletados.""





";" ""A pesquisa será realizada no Estado de São Paulo, a relação dos dados relativos aos municípios e às localidades será apresentado até o dia seguinte à data a partir da qual a pesquisa puder ser divulgada, conforme §7º do art. 2º da Resolução-TSE nº. 23.600/2019""





"
"07/08/2026";"05:47:04";2026;81;"Eleições Gerais 2026";"SP";"SP";"SÃO PAULO";"SP097342026";"2026-06-10 18:23:38";"S";"22345021000181";"REAL TIME MIDIA LTDA";"REAL TIME BIG DATA";"Governador, Senador";"2026-06-13 00:00:00";"2026-06-15 00:00:00";"2026-06-16 00:00:00";2000;"10839";"Isabela Zara Cremoneze";"80000,00";"Pesquisa quantitativa, que consiste na realização de entrevistas pessoais, com a aplicação de questionário estruturado junto a uma amostra representativa do eleitorado em estudo. Pesquisa realizada no Estado de São Paulo (SP).";"Representativo do eleitorado da área em estudo, elaborada em três estágios. 
No primeiro estágio, realiza-se um sorteio probabilístico dos municípios onde as entrevistas serão realizadas, pelo método PPT (Probabilidade Proporcional ao Tamanho), tomando a população eleitora de 16 anos ou mais residente nos municípios como base para essa seleção.
No segundo estágio, efetua-se um sorteio probabilístico das localidades dentro dos municípios selecionados, também pelo método PPT (Probabilidade Proporcional ao Tamanho), considerando a população eleitora de 16 anos ou mais residente nessas localidades como base para a seleção.
No terceiro e último estágio, dentro das localidades sorteadas, os respondentes são selecionados por meio de quotas amostrais proporcionais, em função de variáveis significativas, a saber:

GÊNERO:
Feminino: 53,26%;
Masculino: 46,74%;
(Fonte: TSE, Maio/2026 -- https://sig.tse.jus.br/ords/dwapr/r/seai/sig-eleitor-eleitorado-mensal/cruzamento-eleitorado-mensal?p24_metricas=E&p24_back=22&p24_cruzamento_1=ds_sexo&clear=24&session=112920729923306)
FAIXA ETÁRIA:
16 anos: 0,22%;
17 anos: 0,56%;
18 a 20 anos: 3,99%;
21 a 24 anos: 6,41%;
25 a 34 anos: 18,06%;
35 a 44 anos: 19,86%;
45 a 59 anos: 26,39%;
60 a 69 anos: 13,42%;
70 a 79 anos: 7,71%;
Superior a 79 anos: 3,37%;
(Fonte: TSE, Maio/2026 -- https://sig.tse.jus.br/ords/dwapr/r/seai/sig-eleitor-eleitorado-mensal/cruzamento-eleitorado-mensal?p24_cruzamento_1=ds_faixa_etaria&p24_metricas=E&p24_back=22&clear=24&session=112920729923306)
ESCOLARIDADE:
Analfabeto: 1,69%;
Lê e Escreve: 2,85%;
Ensino Fundamental Incompleto: 17,54%;
Ensino Fundamental Completo: 6,64%;
Ensino Médio Incompleto: 16,66%;
Ensino Médio Completo: 33,44%;
Ensino Superior Incompleto: 6,13%;
Ensino Superior Completo: 15,05%; 
(Fonte: TSE, Maio /2026 -- https://sig.tse.jus.br/ords/dwapr/r/seai/sig-eleitor-eleitorado-mensal/cruzamento-eleitorado-mensal?p24_cruzamento_1=ds_grau_instrucao&p24_metricas=E&p24_back=22&clear=24&session=112920729923306)
RENDA DOMICILIAR MENSAL:
Sem rendimento: 4,15%;
Até 1/2 Salário Mínimo: 0,76%;
Mais de 1/2 a 1 Salário Mínimo: 7,29%;
Mais de 1 a 2 Salários Mínimos: 18,58%;
Mais de 2 a 5 Salários Mínimos: 38,74%;
Mais de 5 a 10 Salários Mínimos: 19,53%;
Mais de 10 a 20 Salários Mínimos: 7,61%;
Mais de 20 Salários Mínimos: 3,34%;
(Fonte: IBGE (CENSO-2010) -- https://cidades.ibge.gov.br/brasil/sp/pesquisa/23/24304?detalhes=true)

Observação: De acordo com informações do Instituto Brasileiro de Geografia e Estatística (IBGE), não há previsão de data para a divulgação do perfil econômico da população brasileira do CENSO 2022. Portanto, os dados sobre o nível econômico obtidos no Censo 2022 não podem ser utilizados, pois ainda não foram publicados.
Está prevista eventual ponderação para correção das variáveis sexo e idade, com base nos percentuais anteriormente mencionados, caso ocorram diferenças superiores a 3 pontos percentuais entre o previsto na amostra e a coleta de dados realizada. Para as variáveis de grau de instrução e nível econômico do entrevistado, o fator previsto para ponderação é 1 (resultados obtidos em campo). O nível de confiança estimado é de 95% e a margem de erro máxima estimada considerando um modelo de amostragem aleatório simples, é de aproximadamente 2 (dois) pontos percentuais para mais ou para menos sobre os resultados encontrados no total da amostra.
";"O trabalho de coleta de dados é acompanhado presencialmente por supervisores. São selecionados aleatoriamente 15% (quinze por cento) dos questionários para uma verificação posterior com ligações telefônicas para os números indicados nos formulários, em caso de dúvida, o formulário é descartado e o entrevistador chamado para esclarecimentos.";"O anexo do arquivo com os bairros será realizado até o dia seguinte da divulgação conforme indicado no §7º. do art. 2º. da Resolução-TSE nº. 23.600/2019."
"07/08/2026";"05:47:04";2026;81;"Eleições Gerais 2026";"SP";"SP";"SÃO PAULO";"SP010612026";"2026-05-25 13:38:55";"S";"51734691000198";"EXATA PESQUISA E CONSULTORIA LTDA";"EXATA PESQUISA E CONSULTORIA";"Governador, Deputado Federal, Deputado Estadual";"2026-05-26 00:00:00";"2026-05-27 00:00:00";"2026-05-31 00:00:00";598;"11120";"ISABELE ALVES PEREIRA";"10000,00";"Metodologia de pesquisa: Pesquisa quantitativa, consistente na realização de entrevistas, com a aplicação de questionário estruturado junto a uma amostra representativa do eleitorado do  município de Presidente Prudente-SP.
";"Plano amostral e ponderação quanto a sexo, idade, grau de instrução e nível econômico do entrevistado; intervalo de confiança e margem de erro:
Estudo representativo do eleitorado do município de Presidente Prudente-SP. Método de amostragem por cotas. Plano amostral e ponderação quanto a sexo, idade, grau de instrução e nível econômico do entrevistado; Intervalo de confiança e margem de erro: Representativo do eleitorado da área em estudo, elaborada, em vários estágios, da seguinte forma: 1) divisão do município em estratos, onde serão realizadas entrevistas em quantidade proporcional ao número de habitantes contidos em cada um destes; 2) após esta divisão, dentro de cada região escolhida, os respondentes são selecionados através de quotas amostrais proporcionais em função de variáveis significativas; 3) Os respondentes são selecionados através de quotas amostrais proporcionais em função de variáveis significativas, a saber: gênero ¿ Feminino 54% e masculino 46%; grau de instrução/escolaridade ¿ Analfabeto 1%, Ensino Fundamental 24%, Ensino Médio 45% e Ensino Superior 30%; Idade ¿ 16 a 24 Anos 11%, 25 a 34 Anos 18%, 35 a 44 Anos 19%, 45 a 59 Anos 27%, e Acima de 60 Anos 24%; Nível econômico/renda familiar completa - Até 2 salários-mínimos 73%, de 2 a 5 salários-mínimos 20%, Acima de 5 salários 5% e Sem Renda 2%.  Caso ocorram diferenças superiores à margem de erro prevista entre a amostra planejada e a coleta de dados efetivamente realizada, está prevista a aplicação de ponderação para correção das variáveis, tomando como referência os percentuais acima mencionados. O intervalo de confiança estimado é de 95%. Considerando um modelo de amostragem aleatória simples, a margem de erro máxima estimada é de aproximadamente 4 pontos percentuais (para mais ou para menos) sobre os resultados obtidos para o total da amostra.
Fontes dos dados:
¿IBGE ¿ Censo 2022: utilizado para densidade demográfica, setores censitários, alocação da amostra e nível econômico.
¿TSE ¿ Maio/2026: utilizado para sexo, faixa etária, escolaridade e distribuição do eleitorado por município ou regiões previamente definidas.
Os dados do TSE são os únicos adequados para gênero, idade dos eleitores e quantitativo de eleitores por município, pois sua base é automaticamente atualizada. 
";"Sistema interno de controle e verificação, conferência e fiscalização da coleta de dados e do trabalho de campo:
As entrevistas serão conduzidas por uma equipe de entrevistadores e supervisores qualificados pela Exata Pesquisa e Consultoria Ltda. Conferência e Fiscalização: Os questionários são submetidos a uma fiscalização, conferência e checagem de cerca de 20% (vinte por cento) dos questionários aplicados.
";"A relação dos bairros abrangidos pela pesquisa será apresentada em arquivo anexo até 1 (um) dia após a divulgação desta pesquisa conforme §7º. do art. 2º. da Resolução-TSE nº. 23.600/2019. A área de abrangência desta pesquisa é o município de Presidente Prudente-SP."
"07/08/2026";"05:47:04";2026;81;"Eleições Gerais 2026";"SP";"SP";"SÃO PAULO";"SP081142026";"2026-05-05 23:23:58";"S";"45613076000120";"INSTITUTO VOX BRASIL OPINIAO E PESQUISAS LTDA";"#NULO#";"Governador, Senador, Deputado Federal, Deputado Estadual";"2026-05-08 00:00:00";"2026-05-09 00:00:00";"2026-05-11 00:00:00";1200;"9907";"GUILHERME COELHO NEVES";"15000,00";"Metodologia de pesquisa: Pesquisa do tipo quantitativo, por amostragem, com aplicação de questionário estruturado e abordagem pessoal em domicílios particulares permanentemente ocupados (de acordo com a definição do IBGE - Instituto Brasileiro de Geografia e Estatística). O conjunto do eleitorado do município de Guarulhos-SP com 16 anos ou mais foi tomado como universo da pesquisa.";"Tamanho da amostra: A amostra prevista é de 1200 entrevistas. Técnica de amostragem A amostra é aleatória, com base na estimativa da média populacional. Utilizamos a amostragem em mais de um estágio. No primeiro estágio dividimos o município em bairros/setores censitários (conglomerados), sendo os mesmos listados, onde foram sorteados aleatoriamente. No segundo estágio, foram sorteadas as ruas (dispondo de um mapa da região), no terceiro estágio fizemos o sorteio das casas (via amostragem sistemática). O quarto estágio foi a seleção do entrevistado dentro da casa, onde o critério adotado foi o da primeira pessoa que atendesse a equipe de pesquisa, sendo este obrigatoriamente morador da residência e eleitor da cidade pesquisada. Na etapa seguinte foi realizado um controle das seguintes variáveis: sexo, idade, grau de instrução e nível econômico. Também adotamos p=50% para maximizar o tamanho da amostra a) a amostra poderá ser ponderada levando em consideração a variável sexo da população de Guarulhos-SP, sendo 46,3% homens e 53,7% mulheres, conforme dados do TSE de Março de 2026 e a variável idade sendo consideradas as faixas: 16 anos: 0,1%; 17 anos: 0,35%; 18 a 20 anos: 4,38%; 21 a 24 anos: 7,71%; de 25 a 34 anos: 20,76%; de 35 a 44 anos: 20,67%; de 45 a 59 anos: 26,78%; de 60 a 69 anos: 12,02% e acima de 69 anos: 7,23% (TSE Março 2026). Quanto à variável grau de instrução, temos: ANALFABETO: 1,38%; LÊ E ESCREVE: 1,86%; ENSINO FUNDAMENTAL INCOMPLETO: 14,25%; ENSINO FUNDAMENTAL COMPLETO: 6,26%; ENSINO MÉDIO INCOMPLETO: 14,63%; ENSINO MÉDIO COMPLETO: 41,68%; SUPERIOR INCOMPLETO: 5,96% e SUPERIOR COMPLETO: 13,98% (TSE Março 2026). E para a variável renda, temos: Até 2 Salários Mínimos: 80,60%; 2 a 5 Salários Mínimos: 15,11%; 5 a 10 Salários Mínimos: 3,26% e acima de 10 Salários Mínimos: 1,03% (IBGE Censo 2010).  Observação: Conforme informações obtidas do Instituto Brasileiro de Geografia e Estatística, o IBGE, não divulgou - e não tem previsão - de data para divulgação do perfil econômico (nível econômico) da população brasileira; portanto, os dados quanto ao nível econômico obtidos no Censo 2022, não podem ser utilizados, pois não foram publicados. Em relação à ponderação, devido à metodologia amostral adotada, os fatores de ponderação a serem aplicados em toda as variáveis (sexo, idade, grau de instrução e renda), assumem valor igual a 1(um). Área física: Município de Guarulhos-SP em domicílios particulares permanentemente ocupados e sorteados de maneira aleatória simples sem reposição. Margem de Erro: A margem de erro máxima prevista para o total da amostra é de 2,85 pontos percentuais para mais ou para menos, considerando um nível de confiança de 95%. Os intervalos de confiança serão calculados considerando os resultados obtidos para um nível de confiança de 95%. Fonte de Dados: TSE-Março 2026 e IBGE Censo 2010.
";"Os pesquisadores envolvidos na realização desta pesquisa recebem treinamento especializado e instruções específicas de abordagem. O trabalho é feito com a equipe de entrevistadores e coordenadores de campo. Há fiscalização no ato da entrevista e os questionários são recolhidos e checados quanto ao correto preenchimento dos dados. Após os trabalhos de campo, os questionários são submetidos a uma fiscalização que consiste na verificação de 20% dos questionários aplicados individualmente pelos entrevistadores, para checagem das respostas. Internamente, todo o material é verificado, codificado, digitado e, antes do processamento final, realiza-se a conferência da digitação (consistência dos dados).";"EM ANEXO."
"07/08/2026";"05:47:04";2026;81;"Eleições Gerais 2026";"SP";"SP";"SÃO PAULO";"SP086392026";"2026-06-13 16:53:22";"S";"81908345000140";"INSTITUTO PARANA DE PESQUISAS E ANALISE DE CONSUMIDOR LTDA";"#NULO#";"Governador, Senador";"2026-06-16 00:00:00";"2026-06-18 00:00:00";"2026-06-19 00:00:00";1600;"10245 - 4ª Região";"Tatiani Cristina Ara";"50000,00";"Pesquisa com metodologia quantitativa, com a realização de entrevistas pessoais, domiciliares e presenciais, utilizando questionário estruturado junto a uma amostra representativa do eleitorado do Estado de São Paulo.


";"""A amostra será representativa do eleitorado da área pesquisada e será selecionada em três etapas. Na primeira etapa realiza-se um sorteio probabilístico dos municípios onde as entrevistas serão realizadas através do método PPT (Probabilidade Proporcional ao Tamanho), considerando a população eleitora com 16 anos ou mais residente nos municípios como base para essa seleção. Na segunda etapa, faz-se um sorteio probabilístico das localidades, onde as entrevistas serão realizadas, através do método PPT (Probabilidade Proporcional ao Tamanho), tomando a população eleitora de 16 anos ou mais residente nas localidades como base para essa seleção. Na terceira etapa, a seleção do entrevistado dentro da localidade, será feita utilizando-se quotas amostrais proporcionais, em função das seguintes variáveis:
GÊNERO: TSE Maio 2026 (https://sig.tse.jus.br/ords/dwapr/r/seai/sig-eleitor-eleitorado-mensal/cruzamento-eleitorado-mensal?p24_metricas=E&p24_back=22&p24_cruzamento_1=ds_sexo&clear=24&p0_uf=SP&p0_mes=5&debug=LEVEL5&session=312990078978641)
Masculino - 47%; |
Feminino - 53%; |
FAIXA ETÁRIA: TSE Maio 2026 (https://sig.tse.jus.br/ords/dwapr/r/seai/sig-eleitor-eleitorado-mensal/cruzamento-eleitorado-mensal?p24_cruzamento_1=ds_faixa_etaria&p24_metricas=E&p24_back=22&clear=24&p0_uf=SP&p0_mes=5&debug=LEVEL5&session=8904950028837)
Entre 16 e 24 anos: 11%; |
Entre 25 e 34 anos: 18%; |
Entre 35 e 44 anos: 20%; |
Entre 45 e 59 anos: 26%; |
Com 60 anos ou mais: 25%; |
ESCOLARIDADE: TSE Maio 2026 (https://sig.tse.jus.br/ords/dwapr/r/seai/sig-eleitor-eleitorado-mensal/cruzamento-eleitorado-mensal?p24_cruzamento_1=ds_grau_instrucao&p24_metricas=E&p24_back=22&clear=24&p0_uf=SP&p0_mes=5&debug=LEVEL5&session=309383598034615)
De analfabeto até ensino fundamental completo: 29%; |
Ensino médio incompleto ou completo: 50% |
Ensino superior incompleto ou completo: 21% |
RENDA DOMICILIAR MENSAL:  (https://cidades.ibge.gov.br/brasil/sp/pesquisa/23/24304) IBGE - Censo 2010. Observação: Conforme informações obtidas do Instituto Brasileiro de Geografia e Estatística, o IBGE, não divulgou - e não tem previsão - de data para divulgação do perfil econômico (nível econômico) da população brasileira; portanto, os dados quanto ao nível econômico obtidos no Censo 2022, não podem ser utilizados, pois não foram publicados. (https://censo2022.ibge.gov.br/panorama/)
Sem rendimentos até 2 salários mínimos: 31% |
Mais de 2 a 5 salários mínimos: 39% |
Mais de 5 salários mínimos: 30% |
Está prevista eventual ponderação para correção das variáveis gênero e faixa etária, com base nos percentuais acima apresentados, caso ocorram diferenças superiores a 3,0 (três) pontos percentuais entre o previsto na amostra e a coleta realizada; para as variáveis escolaridade e renda domiciliar mensal, o fator de ponderação é igual a 1 (resultados obtidos no campo). O nível de confiança estimado é de 95% (noventa e cinco por cento) para uma margem de erro estimada, considerando uma técnica de amostragem aleatória simples, de aproximadamente 2,5 (dois vírgula cinco) pontos percentuais para mais ou para menos sobre os resultados obtidos.""





";"""As entrevistas serão conduzidas por uma equipe de entrevistadores e supervisores devidamente qualificados pelo Instituto Paraná Pesquisas, todos com experiência e treinamento específico em pesquisas de opinião pública. 
Controle: O controle do processo será realizado por meio de um software de coleta de dados, o qual permitirá o monitoramento garantindo o cumprimento das cotas amostrais.
Conferência e Fiscalização: Durante a coleta de dados os questionários aplicados são fiscalizados e conferidos através de um supervisor.   
Adicionalmente, pelo menos 30% dos questionários passarão por uma verificação posterior, que avaliará a precisão na aplicação e a adequação dos entrevistados às variáveis das quotas amostrais. Ou seja, no mínimo 480 entrevistas desta pesquisa serão auditadas pela equipe de qualidade do Instituto Paraná Pesquisas, podendo essa auditoria ser solicitada ao Instituto a qualquer momento.
Verificação: Após a coleta, os questionários passam por uma etapa de verificação e validação dos dados, para garantir a integridade e precisão dos dados coletados.""





";" ""A pesquisa será realizada no Estado de São Paulo, a relação dos dados relativos aos municípios e às localidades será apresentado até o dia seguinte à data a partir da qual a pesquisa puder ser divulgada, conforme §7º do art. 2º da Resolução-TSE nº. 23.600/2019""





"
"07/08/2026";"05:47:04";2026;81;"Eleições Gerais 2026";"SP";"SP";"SÃO PAULO";"SP091012026";"2026-07-01 23:07:27";"N";"52908063000144";"100% CIDADES PARTICIPACOES LTDA";"100 CIDADES";"Governador, Senador";"2026-07-03 00:00:00";"2026-07-06 00:00:00";"2026-07-07 00:00:00";1600;"8140";"FABIOLA MIRANDA VON RONDOW";"128000,00";"Pesquisa do tipo quantitativa, por amostragem, com aplicação de questionário estruturado realizado por meio telefônico. O universo da pesquisa é o eleitorado do Estado do São Paulo com 16 anos ou mais.";"Representativo do eleitorado da área em estudo. A amostra é estratificada por região de moradia, com base na população residente nos municípios. (Fonte dos Dados: Censo IBGE 2022). Dentro das localidades indicadas, os respondentes são selecionados aleatoriamente, considerando todo o território dos municípios abrangidos pela pesquisa, pelo sistema de cotas amostrais em função de variáveis significativas, a saber: Gênero: masculino 46,7%; feminino 53,3% (Fonte dos Dados: TSE- maio/2026 - https://sig.tse.jus.br/ords/dwapr/r/seai/sig-eleitor-eleitorado-mensal/cruzamento-eleitorado-mensal?p24_metricas=E&p24_back=1&clear=24&session=104186690708265 - cruzamento 1: Gênero); Faixa etária: 16 a 24 anos, 11,2%; 25 a 34 anos, 18,1%; 35 a 44 anos, 19,9%; 45 a 59 anos, 26,4%; 60 anos ou mais, 24,5% (Fonte dos Dados: TSE- maio /2026 - https://sig.tse.jus.br/ords/dwapr/r/seai/sig-eleitor-eleitorado-mensal/cruzamento-eleitorado-mensal?p24_metricas=E&p24_back=1&clear=24&session=104186690708265 - cruzamento 1: Faixa Etária); Para a variável grau de instrução, os dados são: analfabeto/lê e escreve, 4,5%; ensino fundamental incompleto, 17,5%; ensino fundamental completo, 6,6%; ensino médio incompleto, 16,7%; ensino médio completo, 33,4%; superior incompleto 6,1%; superior completo, 15,0%  (Fonte dos dados: maio /2026 - https://sig.tse.jus.br/ords/dwapr/r/seai/sig-eleitor-eleitorado-mensal/cruzamento-eleitorado-mensal?p24_metricas=E&p24_back=1&clear=24&session=104186690708265 - cruzamento 1: Grau de instrução); Para a variável nível econômico, a renda familiar: Sem rendimento/até 1 salário-mínimo 12,2%; acima de 1 a 2 salários-mínimos 18,6%; acima de 2 a 5 salários-mínimos 38,7%; acima de 5 a 10 salários-mínimos 19,5%; acima de 10 salários-mínimos 11% (Fonte dos dados: Censo IBGE/2010 - https://cidades.ibge.gov.br/brasil/sp/pesquisa/23/24304). Observação: De acordo com informações do Instituto Brasileiro de Geografia e Estatística (IBGE), não há previsão de data para a divulgação do perfil econômico da população brasileira do CENSO 2022. Portanto, considerando que os dados sobre o nível econômico obtidos no Censo 2022 ainda não foram publicados, adotou-se para essa variável os dados disponíveis do Censo IBGE/2010. Está prevista eventual ponderação para correção das variáveis gênero, idade e grau de instrução com base nos percentuais anteriormente mencionados, caso ocorram diferenças superiores a 3 pontos percentuais entre o previsto na amostra e a coleta de dados realizada. Para a variável nível econômico do entrevistado, o fator previsto para ponderação é 1 (resultados obtidos em campo). O tamanho da amostra previsto é de 1600 entrevistas. O nível de confiança estimado é de 95% e a margem de erro máxima estimada considerando um modelo de amostragem aleatório simples, é de 2,4 pontos percentuais para mais ou para menos sobre os resultados encontrados no total da amostra. Os intervalos de confiança serão calculados considerando os resultados obtidos para um nível de confiança de 95%. FONTE DOS DADOS: Censo IBGE (2010 e 2022) | TSE (eleitorado de maio / 2026).";"As entrevistas serão realizadas por uma equipe de entrevistadores qualificados, que receberão treinamento e orientações especificas sobre o questionário e os objetivos da pesquisa, antes de iniciarem a coleta. Durante todo o período de aplicação das entrevistas, os entrevistadores serão monitorados recebendo apoio ou orientações de uma equipe de supervisores, com experiência e treinamento em pesquisas de opinião pública. Serão checados no mínimo 20% (vinte por cento) dos questionários aplicados por cada entrevistador, para a verificação das respostas e adequação dos entrevistados aos parâmetros amostrais. Os dados coletados e tratados nesta pesquisa atendem às exigências da Lei nº 13.709, de 14 de agosto de 2018, a Lei Geral de Proteção de Dados ¿ LGPD, garantindo ao respondente o sigilo de sua identidade e de seus dados pessoais, bem como o correto tratamento de suas respostas.";"A área de abrangência da coleta é o Estado de São Paulo. A relação dos municípios selecionados para a pesquisa constará em anexo a ser apresentado até o dia seguinte, a partir do dia em que a pesquisa puder ser divulgada, conforme as Resoluções 23.600/2019, no art. 2º; §7º e 23.727/2024 do TSE."
"07/08/2026";"05:47:04";2026;81;"Eleições Gerais 2026";"SP";"SP";"SÃO PAULO";"SP043732026";"2026-04-11 10:52:25";"N";"00654576000172";"INSTITUTO VERITA LTDA";"VERITA";"Senador";"2026-04-11 00:00:00";"2026-04-14 00:00:00";"2026-04-17 00:00:00";3025;"10699";"GUILHERME ALVARENGA LAIA";"77000,00";"Pesquisa quantitativa, que consiste na realização de entrevistas, com a aplicação de questionário estruturado junto a uma amostra representativa do eleitorado desta Unidade de Federação.";"ESTUDO REPRESENTATIVO DO ELEITORADO DO ESTADO DE SÃO PAULO - MÉTODO PPT (Probabilidade Proporcional ao Tamanho) - PLANO AMOSTRAL E PONDERAÇÃO QUANTO A SEXO, IDADE, GRAU DE INSTRUÇÃO E NÍVEL ECONÔMICO DO ENTREVISTADO; INTERVALO DE CONFIANÇA E MARGEM DE ERRO: Representativo do eleitorado da área em estudo, elaborada, em vários estágios, da seguinte forma: - 1. Divisão da UF em estratos proporcionais de municípios. 2. Ordenação dos municípios de cada estrato segundo o porte. 3. Sorteio dos municípios de cada estrato. 4. Os respondentes são selecionados através de quotas amostrais proporcionais em função de variáveis significativas, a saber: GÊNERO / FAIXA ETÁRIA - FEMININO E MASCULINO 16 A 34 ANOS 14,8% E 14%, 35 A 54 ANOS 20,5% E 18,3%, 55 ANOS OU MAIS 18% E 14,5%. GRAU DE INSTRUÇÃO ¿ FEMININO E MASCULINO Sem instrução até Ensino Médio completo 54,8%, Ensino superior incompleto e completo 45,2% NÍVEL ECONÔMICO - FEMININO população não economicamente ativa 46,5% população economicamente ativa 53,5% MASCULINO população não economicamente ativa 27,2% população economicamente ativa 72,8%. RENDA FAMILIAR DO DOMICÍLIO renda familiar de até 2 salários-mínimos 30,7%; de 2 a 5 salários-mínimos 44,2%, acima de 5 salários-mínimos 25,1%. Está prevista eventual ponderação para correção das variáveis, com base nos percentuais anteriormente mencionados, caso ocorram diferenças superiores a margem de erro da pesquisa previsto entre a amostra e a coleta de dados realizada. O fator previsto para ponderação é 1 (resultados obtidos na coleta de dados). O intervalo de confiança estimado é de 95% e a margem de erro máxima estimada considerando um modelo de amostragem aleatório simples, é de aproximadamente 2 pontos percentuais para mais ou para menos sobre os resultados encontrados no total da amostra. FONTE DOS DADOS: IBGE/Censo 2022 para fins de densidade demográfica, setores censitários e alocação da amostra. IBGE/PNAD/PNADC/MEC/INEP para fins de Nível Econômico e Escolaridade. TSE FEVEREIRO/2026 para fins de Sexo, Faixa Etária e eleitorado por município ou regiões previamente definidas (importante ressaltar para o público leigo que os dados do TSE são os únicos corretos para gênero, idade dos eleitores e quantitativo de eleitores por municípios já que a base de dados se atualiza automaticamente, PORÉM, dados de escolaridade e nível econômico NÃO são corretos e confiáveis devido a desatualização que ocorre naturalmente com o passar dos anos). Definição de margem de erro e intervalo de confiança: Margem de erro e intervalo de confiança não são grandezas diretamente proporcionais. A SOMA NÃO TEM QUE RESULTAR 100%. ";"Após os trabalhos de coleta de dados, os questionários são submetidos a uma fiscalização, conferência e checagem de cerca de 20% (vinte por cento) dos questionários aplicados.";"A relação dos municípios sorteados ou selecionados para esta pesquisa será apresentada em arquivo anexo até 1 (um) dia após a divulgação desta pesquisa conforme §7º. do art. 2º. da Resolução-TSE nº. 23.600/2019. A área de abrangência desta pesquisa é o Estado DE SÃO PAULO."
"07/08/2026";"05:47:04";2026;81;"Eleições Gerais 2026";"SP";"SP";"SÃO PAULO";"SP027062026";"2026-05-15 00:00:00";"S";"81908345000140";"INSTITUTO PARANA DE PESQUISAS E ANALISE DE CONSUMIDOR LTDA";"#NULO#";"Governador, Senador";"2026-05-18 00:00:00";"2026-05-20 00:00:00";"2026-05-21 00:00:00";1640;"10245 - 4ª Região";"Tatiani Cristina Ara";"50000,00";"Pesquisa com metodologia quantitativa, com a realização de entrevistas pessoais, domiciliares e presenciais, utilizando questionário estruturado junto a uma amostra representativa do eleitorado do Estado de São Paulo.


";"""A amostra será representativa do eleitorado da área pesquisada e será selecionada em três etapas. Na primeira etapa realiza-se um sorteio probabilístico dos municípios onde as entrevistas serão realizadas através do método PPT (Probabilidade Proporcional ao Tamanho), considerando a população eleitora com 16 anos ou mais residente nos municípios como base para essa seleção. Na segunda etapa, faz-se um sorteio probabilístico das localidades, onde as entrevistas serão realizadas, através do método PPT (Probabilidade Proporcional ao Tamanho), tomando a população eleitora de 16 anos ou mais residente nas localidades como base para essa seleção. Na terceira etapa, a seleção do entrevistado dentro da localidade, será feita utilizando-se quotas amostrais proporcionais, em função das seguintes variáveis:
GÊNERO: TSE Abril 2026 (https://sig.tse.jus.br/ords/dwapr/r/seai/sig-eleitor-eleitorado-mensal/cruzamento-eleitorado-mensal?p24_metricas=E&p24_back=22&p24_cruzamento_1=ds_sexo&clear=24&p0_uf=SP&p0_mes=4&debug=LEVEL5&session=312990078978641)
Masculino - 47%; |
Feminino - 53%; |
FAIXA ETÁRIA: TSE Abril 2026 (https://sig.tse.jus.br/ords/dwapr/r/seai/sig-eleitor-eleitorado-mensal/cruzamento-eleitorado-mensal?p24_cruzamento_1=ds_faixa_etaria&p24_metricas=E&p24_back=22&clear=24&p0_uf=SP&p0_mes=4&debug=LEVEL5&session=8904950028837)
Entre 16 e 24 anos: 11%; |
Entre 25 e 34 anos: 18%; |
Entre 35 e 44 anos: 20%; |
Entre 45 e 59 anos: 26%; |
Com 60 anos ou mais: 25%; |
ESCOLARIDADE: TSE Abril 2026 (https://sig.tse.jus.br/ords/dwapr/r/seai/sig-eleitor-eleitorado-mensal/cruzamento-eleitorado-mensal?p24_cruzamento_1=ds_grau_instrucao&p24_metricas=E&p24_back=22&clear=24&p0_uf=SP&p0_mes=4&debug=LEVEL5&session=309383598034615)
De analfabeto até ensino fundamental completo: 29%; |
Ensino médio incompleto ou completo: 50% |
Ensino superior incompleto ou completo: 21% |
RENDA DOMICILIAR MENSAL:  (https://cidades.ibge.gov.br/brasil/sp/pesquisa/23/24304) IBGE - Censo 2010. Observação: Conforme informações obtidas do Instituto Brasileiro de Geografia e Estatística, o IBGE, não divulgou - e não tem previsão - de data para divulgação do perfil econômico (nível econômico) da população brasileira; portanto, os dados quanto ao nível econômico obtidos no Censo 2022, não podem ser utilizados, pois não foram publicados. (https://censo2022.ibge.gov.br/panorama/)
Sem rendimentos até 2 salários mínimos: 31% |
Mais de 2 a 5 salários mínimos: 39% |
Mais de 5 salários mínimos: 30% |
Está prevista eventual ponderação para correção das variáveis gênero e faixa etária, com base nos percentuais acima apresentados, caso ocorram diferenças superiores a 3,0 (três) pontos percentuais entre o previsto na amostra e a coleta realizada; para as variáveis escolaridade e renda domiciliar mensal, o fator de ponderação é igual a 1 (resultados obtidos no campo). O nível de confiança estimado é de 95% (noventa e cinco por cento) para uma margem de erro estimada, considerando uma técnica de amostragem aleatória simples, de aproximadamente 2,5 (dois vírgula cinco) pontos percentuais para mais ou para menos sobre os resultados obtidos.""










";"""As entrevistas serão conduzidas por uma equipe de entrevistadores e supervisores devidamente qualificados pelo Instituto Paraná Pesquisas, todos com experiência e treinamento específico em pesquisas de opinião pública. 
Controle: O controle do processo será realizado por meio de um software de coleta de dados, o qual permitirá o monitoramento garantindo o cumprimento das cotas amostrais.
Conferência e Fiscalização: Durante a coleta de dados os questionários aplicados são fiscalizados e conferidos através de um supervisor.   
Adicionalmente, pelo menos 30% dos questionários passarão por uma verificação posterior, que avaliará a precisão na aplicação e a adequação dos entrevistados às variáveis das quotas amostrais. Ou seja, no mínimo 492 entrevistas desta pesquisa serão auditadas pela equipe de qualidade do Instituto Paraná Pesquisas, podendo essa auditoria ser solicitada ao Instituto a qualquer momento.
Verificação: Após a coleta, os questionários passam por uma etapa de verificação e validação dos dados, para garantir a integridade e precisão dos dados coletados.""





";" ""A pesquisa será realizada no Estado de São Paulo, a relação dos dados relativos aos municípios e às localidades será apresentado até o dia seguinte à data a partir da qual a pesquisa puder ser divulgada, conforme §7º do art. 2º da Resolução-TSE nº. 23.600/2019""





"
"07/08/2026";"05:47:04";2026;81;"Eleições Gerais 2026";"SP";"SP";"SÃO PAULO";"SP022282026";"2026-05-24 20:14:30";"S";"45613076000120";"INSTITUTO VOX BRASIL OPINIAO E PESQUISAS LTDA";"#NULO#";"Governador, Senador";"2026-05-26 00:00:00";"2026-05-28 00:00:00";"2026-05-30 00:00:00";1480;"9907";"GUILHERME COELHO NEVES";"50000,00";"Metodologia de pesquisa: Pesquisa do tipo quantitativo, por amostragem, com aplicação de questionário estruturado e abordagem pessoal em domicílios particulares permanentemente ocupados (de acordo com a definição do IBGE - Instituto Brasileiro de Geografia e Estatística). O conjunto do eleitorado do ESTADO de São Paulo com 16 anos ou mais foi tomado como universo da pesquisa.";"Tamanho da amostra: A amostra prevista é de 1480 entrevistas. Técnica de amostragem A amostra é aleatória, com base na estimativa da média populacional. Utilizamos a amostragem em mais de um estágio. No primeiro estágio dividimos o município em bairros/setores censitários (conglomerados), sendo os mesmos listados, onde foram sorteados aleatoriamente. No segundo estágio, foram sorteadas as ruas (dispondo de um mapa da região), no terceiro estágio fizemos o sorteio das casas (via amostragem sistemática). O quarto estágio foi a seleção do entrevistado dentro da casa, onde o critério adotado foi o da primeira pessoa que atendesse a equipe de pesquisa, sendo este obrigatoriamente morador da residência e eleitor da cidade pesquisada. Na etapa seguinte foi realizado um controle das seguintes variáveis: sexo, idade, grau de instrução e nível econômico. Também adotamos p=50% para maximizar o tamanho da amostra a) a amostra poderá ser ponderada levando em consideração a variável sexo da população do Estado de São Paulo sendo 46,7 % homens e 53,3 % mulheres, conforme dados do TSE de Janeiro de 2026 e a variável idade sendo consideradas as faixas: 16 anos:0,08%;17 anos:0,29%; 18 a 20 anos:3,72%; 21 a 24 anos: 6,46%; de 25 a 34 anos: 18,23%; de 35 a 44 anos: 20,15%, de 45 a 59 anos: 26,54%; de 60 a 69 anos: 13,49% e acima de 69 anos: 11,04% (TSE Janeiro 2026). Quanto à variável grau de instrução, temos: ANALFABETO: 1,72%; LÊ E ESCREVE: 2,93%; ENSINO FUNDAMENTAL INCOMPLETO: 17,83%; ENSINO FUNDAMENTAL COMPLETO:6,74%; ENSINO MÉDIO INCOMPLETO: 16,28%; ENSINO MÉDIO COMPLETO: 33,33%; SUPERIOR INCOMPLETO: 6,04% e SUPERIOR COMPLETO: 15,13%(TSE Janeiro 2026). E para a variável renda, temos: Até 2 Salários Mínimos: 75,86%; 2 a 5 Salários Mínimos:17,2%; 5 a 10 Salários Mínimos:4,68% e acima de 10 Salários Mínimos:2,26%( IBGE Censo 2010). Em relação à ponderação, devido à metodologia amostral adotada, os fatores de ponderação a serem aplicados em toda as variáveis (sexo, idade, grau de instrução e renda), assumem valor igual a 1(um). Área física: Estado de São Paulo em domicílios particulares permanentemente ocupados e sorteados de maneira aleatória simples sem reposição. Margem de Erro: A margem de erro máxima prevista para o total da amostra é de 2,55 pontos percentuais para mais ou para menos, considerando um nível de confiança de 95%. Os intervalos de confiança serão calculados considerando os resultados obtidos para um nível de confiança de 95%. Fonte de Dados: TSE- Janeiro 2026 e IBGE Censo 2010.";"Os pesquisadores envolvidos na realização desta pesquisa recebem treinamento especializado e instruções específicas de abordagem. O trabalho é realizado por equipes de entrevistadores e supervisores de campo. Há fiscalização no ato da entrevista e os questionários são recolhidos e checados quanto ao correto preenchimento dos dados. Após os trabalhos de campo, os questionários são submetidos a uma fiscalização que consiste na verificação de 20% dos questionários aplicados individualmente pelos entrevistadores, para checagem das respostas. Internamente, todo o material é verificado, codificado, digitado e, antes do processamento final, realiza-se a conferência da digitação (consistência dos dados).";"EM ANEXO."
"07/08/2026";"05:47:04";2026;81;"Eleições Gerais 2026";"SP";"SP";"SÃO PAULO";"SP072302026";"2026-06-16 18:01:34";"S";"45613076000120";"INSTITUTO VOX BRASIL OPINIAO E PESQUISAS LTDA";"#NULO#";"Governador, Deputado Federal, Deputado Estadual";"2026-06-18 00:00:00";"2026-06-20 00:00:00";"2026-06-22 00:00:00";2000;"9907";"GUILHERME COELHO NEVES";"4000,00";"Pesquisa do tipo quantitativo, por amostragem, com aplicação de questionário estruturado e abordagem pessoal em domicílios particulares permanentemente ocupados, de acordo com a definição do IBGE ¿ Instituto Brasileiro de Geografia e Estatística. O conjunto do eleitorado da Região do ABC Paulista, no Estado de São Paulo, com 16 anos ou mais, foi tomado como universo da pesquisa. A região considerada é composta pelos municípios de Diadema, Mauá, Ribeirão Pires, Rio Grande da Serra, Santo André, São Bernardo do Campo e São Caetano do Sul.";"Tamanho da amostra: A amostra prevista é de 2.000 entrevistas. A técnica de amostragem é aleatória, com base na estimativa da média populacional. Utilizamos a amostragem em mais de um estágio. No primeiro estágio, dividimos os municípios em bairros/setores censitários (conglomerados), sendo os mesmos listados, onde foram sorteados aleatoriamente. No segundo estágio, foram sorteadas as ruas, dispondo de um mapa da região. No terceiro estágio, foi realizado o sorteio das casas por meio de amostragem sistemática. O quarto estágio foi a seleção do entrevistado dentro da casa, onde o critério adotado foi o da primeira pessoa que atendesse a equipe de pesquisa, sendo este obrigatoriamente morador da residência e eleitor da cidade pesquisada. Na etapa seguinte, foi realizado um controle das seguintes variáveis: sexo, idade, grau de instrução e nível econômico.
Também adotamos p=50% para maximizar o tamanho da amostra. A amostra poderá ser ponderada levando em consideração a variável sexo da população da Região do ABC Paulista, sendo 46,47% homens e 53,53% mulheres, conforme dados do TSE de abril de 2026. A variável idade considerou as seguintes faixas: 16 anos: 0,13%; 17 anos: 0,38%; 18 a 20 anos: 3,69%; 21 a 24 anos: 6,14%; de 25 a 34 anos: 17,65%; de 35 a 44 anos: 20,18%; de 45 a 59 anos: 26,77%; de 60 a 69 anos: 13,28%; e acima de 69 anos: 11,78% (TSE, abril de 2026). Quanto à variável grau de instrução, temos: ANALFABETO: 1,29%; LÊ E ESCREVE: 2,97%; ENSINO FUNDAMENTAL INCOMPLETO: 15,94%; ENSINO FUNDAMENTAL COMPLETO: 6,42%; ENSINO MÉDIO INCOMPLETO: 17,91%; ENSINO MÉDIO COMPLETO: 33,80%; SUPERIOR INCOMPLETO: 6,18%; e SUPERIOR COMPLETO: 15,49% (TSE, abril de 2026).
E para a variável renda, calculada pela consolidação das informações das sete cidades do ABC Paulista, temos: Até 2 Salários Mínimos: 71,57%; 2 a 5 Salários Mínimos: 21,18%; 5 a 10 Salários Mínimos: 5,31%; e acima de 10 Salários Mínimos: 1,94% (IBGE, Censo 2010]. Observação: Conforme informações obtidas do Instituto Brasileiro de Geografia e Estatística, o IBGE, não divulgou - e não tem previsão - de data para divulgação do perfil econômico (nível econômico) da população brasileira; portanto, os dados quanto ao nível econômico obtidos no Censo 2022, não podem ser utilizados, pois não foram publicados. 
Em relação à ponderação, devido à metodologia amostral adotada, os fatores de ponderação a serem aplicados em todas as variáveis ¿ sexo, idade, grau de instrução e renda ¿ assumem valor igual a 1 (um). Área física: Região do ABC Paulista, Estado de São Paulo, compreendendo os municípios de Diadema, Mauá, Ribeirão Pires, Rio Grande da Serra, Santo André, São Bernardo do Campo e São Caetano do Sul, em domicílios particulares permanentemente ocupados e sorteados de maneira aleatória simples sem reposição.
A margem de erro máxima prevista para o total da amostra é de 2,2 pontos percentuais, para mais ou para menos, considerando um nível de confiança de 95%. Os intervalos de confiança serão calculados considerando os resultados obtidos para um nível de confiança de 95%. Fonte de dados: TSE ¿ abril de 2026 e IBGE ¿ Censo 2010.";"Os pesquisadores envolvidos na realização desta pesquisa recebem treinamento especializado e instruções específicas de abordagem. O trabalho é feito com a equipe de entrevistadores e coordenadores de campo. Há fiscalização no ato da entrevista e os questionários são recolhidos e checados quanto ao correto preenchimento dos dados. Após os trabalhos de campo, os questionários são submetidos a uma fiscalização que consiste na verificação de 20% dos questionários aplicados individualmente pelos entrevistadores, para checagem das respostas. Internamente, todo o material é verificado, codificado, digitado e, antes do processamento final, realiza-se a conferência da digitação, por meio de consistência dos dados.";"EM ANEXO."
"07/08/2026";"05:47:04";2026;81;"Eleições Gerais 2026";"SP";"SP";"SÃO PAULO";"SP021782026";"2026-03-17 11:06:26";"N";"05270800000146";"GERP MERCADOLOGIA LTDA";"GRUPO GERP GERP MERCADO GERP OPINIAO GERPAUDIT";"Governador, Senador";"2026-03-16 00:00:00";"2026-03-20 00:00:00";"2026-03-23 00:00:00";1000;"8153 - 2ª REGIÃO";"CLENILSON SANTOS DE OLIVEIRA";"22500,00";"A população pesquisada é definida como pessoas maiores de 16 anos, eleitoras e residentes no Estado de SÃO PAULO. A pesquisa é do tipo QUANTITATIVA e os entrevistados serão selecionados por cotas em função das variáveis sexo, faixa etária, renda do chefe do domicílio e área de residência. Os dados para definição das cotas foram obtidos de publicações do IBGE e da Estatística do Eleitorado do TSE. Os dados serão tabulados em função das variáveis sócio-econômicas e agregados segundo as diversas áreas de residência de interesse.";"Com a realização de 1000 (mil) entrevistas, dentro de um universo considerado infinito e um nível de confiança de 95,55%, a margem de erro para projeções dos dados é estimada em 3,16 pontos percentuais, nos casos limites em que as variáveis assumam o percentual de 50%. O resultado projetado para a população pesquisada vai de um mínimo de 46,84% a um máximo de 53,16. Para o mesmo número de entrevistas, a margem de erro tende a se estreitar quando os percentuais se aproximam de 0% ou de 100%. Se a variável incidir em 10%, por exemplo, a margem de erro é estimada em 1,90 pontos percentuais. E o resultado projetado vai de um mínimo de 8,10% a um máximo de 91,90%. O Instituto Gerp utiliza dois desvios padrões para o cálculo da margem de erro em todos os seus projetos de pesquisa, o que representa um nível de confiança de 95,55%, confiando ao trabalho uma segurança ainda maior do que o normalmente utilizado pelo mercado. Está prevista eventual ponderação para correção das variáveis área de residência, sexo, faixa etária e renda do chefe do domicílio, caso ocorram diferenças superiores a 2 pontos percentuais entre o previsto na amostra e a coleta de dados realizada. O plano amostral foi assim definido: IDADE/SEXO: 16-17/masculino (0,43%), 16-17/feminino (0,38%), 18-24/ masculino (10,85%), 18-24/feminino (9,65%), 25-34/masculino (18,74%), 25-34/feminino (17,76%), 35-44/masculino (20,42%), 35-44/feminino (19,84%), 45-59/masculino (26,57%), 45-59/feminino (26,49%), 60 ou +/masculino (22,99%), 60 ou +/feminino (25,88%) RENDA DO CHEFE DO DOMICÍLIO: Até 01 SM (12,20%), De 01 a 02 SM (18,58%), De 02 a 05 SM (38,74%), De 05 a 10 SM (19,53%), De 10 a 20 SM (7,61%), Mais de 20 SM (3,34%).";"Como de praxe em pesquisas realizadas pelo INSTITUTO DE PESQUISA GERP, todas as entrevistas são criticadas e 20%, no mínimo, são verificados junto ao próprio entrevistado. O trabalho de entrevistas é permanentemente acompanhado por um supervisor local, que controla e fiscaliza a aplicação dos questionários (por telefone, Sistema Cati), com o entrevistador, entrevistando pessoalmente o entrevistado. Além disso, há um controle de qualidade do trabalho nos sistemas de processamento das informações. Para melhor explicitar os mecanismos de controle e verificação, segue o abaixo escrito: Todas as equipes de entrevistadores possuem também um supervisor interno, em caráter permanente, que é responsável pela fiscalização da coleta de dados e verificação das respostas junto aos próprios entrevistados; Cada questionário enviado ao sistema é objeto de uma checagem do seu correto preenchimento e pelo menos 20% das entrevistas são verificadas junto ao entrevistado pelo supervisor interno. Ou seja, em 20% das entrevistas, o supervisor interno liga para o entrevistado e refaz as perguntas, verificando, assim, a veracidade das respostas. As entrevistas objeto da verificação são escolhidas por critério de sorteio aleatório. Ex.: a cada 05 entrevistas enviadas ao sistema, 01 é verificada pelo supervisor interno. Ao término da pesquisa, o INSTITUTO DE PESQUISA GERP, faz uma rigorosa crítica a todos os questionários enviados, onde são checadas inconsistências nas respostas. Caso seja constatada alguma inconsistência, o entrevistado é contatado, a dúvida é solucionada ou a entrevista é descartada.";"A pesquisa englobará os municípios do estado de São Paulo."
"07/08/2026";"05:47:04";2026;81;"Eleições Gerais 2026";"SP";"SP";"SÃO PAULO";"SP047452026";"2026-02-05 21:18:58";"N";"11849437000110";"IPESPE INST DE PESQUISAS SOCIAIS POLITICAS E ECONOMICAS";"#NULO#";"Governador, Senador";"2026-02-06 00:00:00";"2026-02-09 00:00:00";"2026-02-11 00:00:00";1500;"CONRE 5255";"Joaquim Andre Harmes";"80000,00";"Pesquisa quantitativa telefônica, realizada através de 
entrevistas a pessoas nas quais é aplicado um questionário estruturado. Essas pessoas 
constituem uma amostra representativa dos eleitores do estado de São Paulo, com acesso 
à rede telefônica fixa (na residência ou no trabalho) e a telefone celular, para o qual se 
pretende generalizar os resultados obtidos, ou seja, o eleitorado do estado de São Paulo. 
As entrevistas serão realizadas por equipes de pesquisadores com bastante experiência 
nesse tipo de trabalho, especialmente treinados para esta pesquisa. ";"Serão realizadas 1.500 entrevistas no estado de São Paulo, sendo 26% na capital, 21% na 
periferia e 53% no interior. No plano de amostragem utilizado para a estratificação são 
considerados os municípios, os sexos e as faixas etárias dos entrevistados.
Inicialmente as unidades amostrais são os municípios e no estágio seguinte são os 
eleitores residentes nos municípios. Para a seleção dos entrevistados será utilizado o 
sistema de cotas amostrais segundo Sexo e Grupos de idade. O número de entrevistas foi 
estabelecido com base em uma amostragem aleatória simples com um nível estimado de 
95,45% de confiança e uma margem de erro estimada de 2,6 pontos percentuais sobre os 
resultados encontrados no total da amostra. 
A distribuição da amostra prevista considera a seguinte distribuição representativa de 
acordo com o TSE (dezembro 2025): sexo masculino 47%, feminino 53%; faixa etária de 16 
a 24 anos 10%, 25 a 44 anos 38%, 45 a 59 anos 27% e 60 anos ou mais 25%; grau de 
instrução até o ensino fundamental 29%, ensino médio 50%, ensino superior 21%. Para
variável renda, que não é cota, utilizaremos o controle de amostra a partir dos dados 
disponíveis no Censo 2022-IBGE, com as seguintes faixas de renda domiciliar familiar: até 
2 salários mínimos 59%, de mais de 2 a 5 salários-mínimos 31%, de mais de 5 salários 
mínimos 10%. Fontes de dados utilizadas para segmentação da amostra: TSE (dezembro
2025) e Censo 2022 - IBGE. Está prevista eventual ponderação para correção das variáveis 
demográficas e econômicas, com base nos percentuais anteriormente mencionados, caso 
ocorram diferenças superiores a 3 pontos percentuais entre o previsto na amostra e a 
coleta de dados realizada. Caso ocorram diferenças inferiores a 3 pontos percentuais entre 
o previsto na amostra e a coleta de dados realizada, o fator previsto de ponderação será 1";"Durante os trabalhos de campo, os questionários serão submetidos a uma fiscalização de 
cerca de 20% (vinte por cento) dos questionários aplicados pelos entrevistadores, para 
verificação das respostas e da adequação dos entrevistados aos parâmetros amostrais. ";"A área física de realização da pesquisa é o estado de São Paulo. Os municípios nos quais 
serão realizadas as entrevistas serão informados dentro do prazo legal previsto na 
Resolução-TSE nº. 23.600/2019"
"07/08/2026";"05:47:04";2026;81;"Eleições Gerais 2026";"SP";"SP";"SÃO PAULO";"SP008992026";"2026-03-24 18:17:13";"S";"19259002000128";"ATLASINTEL TECNOLOGIA DE DADOS LTDA";"ATLASINTEL";"Governador, Senador";"2026-03-24 00:00:00";"2026-03-29 00:00:00";"2026-03-30 00:00:00";2200;"11220";"ANDREI CAMILO DOS SANTOS";"75000,00";"Pesquisa quantitativa com coleta aleatória via questionário estruturado web e pós-estratificação da amostra de acordo com as características do eleitorado de São Paulo.

";"Amostra aleatória pós-estratificada via algoritmo iterativo com quotas proporcionais, representando características do eleitorado de São Paulo: SEXO: Masculino: 46.7%; Feminino: 53.3%. FAIXA ETÁRIA: Entre 16 a 24 anos: 10.5%; Entre 25 a 34 anos: 18.2%; Entre 35 a 44 anos: 20.1%; Entre 45 a 59 anos: 26.5%; 60 ou mais: 24.5%. ESCOLARIDADE: Ensino Fundamental completo ou incompleto e eleitores sem educação formal: 26.4%; Ensino Médio completo ou incompleto: 42.5%; Ensino Superior completo ou incompleto: 31.0%. NÍVEL ECONÔMICO: Renda familiar mensal até R$2000: 14.5%; Mais de R$2.000 a R$3.000: 12.1%; Mais de R$3.000 a R$5.000: 23.5%; Mais de R$5.000 a R$10.000: 30.5%; Mais de R$10.000: 19.3%. OBS.: devido ao arredondamento, a soma dos percentuais pode variar de 99% a 101%. Na agregação final, para cada variável de ponderação, serão admissíveis desvios de até 2.0 pontos percentuais em relação às quotas estipuladas. Confiança estimada: 95%, margem de erro: +/- 2.0 pontos percentuais. FONTE DOS DADOS: PNADC 2024 para escolaridade e nível econômico | TSE 2026 para sexo e faixa etária.

";"Coleta feita com a utilização de questionário eletrônico com procedimentos específicos para o armazenamento seguro dos dados. São checados manualmente no mínimo 15% dos questionários para detectar possíveis anomalias. Pesquisadores especializados realizam internamente uma verificação exaustiva da consistência dos dados antes da divulgação dos resultados finais.";"#NULO#"
"07/08/2026";"05:47:04";2026;81;"Eleições Gerais 2026";"SP";"SP";"SÃO PAULO";"SP089392026";"2026-06-22 23:26:02";"S";"45613076000120";"INSTITUTO VOX BRASIL OPINIAO E PESQUISAS LTDA";"#NULO#";"Governador, Senador";"2026-06-25 00:00:00";"2026-06-27 00:00:00";"2026-06-28 00:00:00";1480;"9907";"GUILHERME COELHO NEVES";"50000,00";"Metodologia de pesquisa: Pesquisa do tipo quantitativo, por amostragem, com aplicação de questionário estruturado e abordagem pessoal em domicílios particulares permanentemente ocupados (de acordo com a definição do IBGE - Instituto Brasileiro de Geografia e Estatística). O conjunto do eleitorado do ESTADO de São Paulo com 16 anos ou mais foi tomado como universo da pesquisa.";"Tamanho da amostra: A amostra prevista é de 1480 entrevistas. Técnica de amostragem A amostra é aleatória, com base na estimativa da média populacional. Utilizamos a amostragem em mais de um estágio. No primeiro estágio dividimos o município em bairros/setores censitários (conglomerados), sendo os mesmos listados, onde foram sorteados aleatoriamente. No segundo estágio, foram sorteadas as ruas (dispondo de um mapa da região), no terceiro estágio fizemos o sorteio das casas (via amostragem sistemática). O quarto estágio foi a seleção do entrevistado dentro da casa, onde o critério adotado foi o da primeira pessoa que atendesse a equipe de pesquisa, sendo este obrigatoriamente morador da residência e eleitor da cidade pesquisada. Na etapa seguinte foi realizado um controle das seguintes variáveis: sexo, idade, grau de instrução e nível econômico. Também adotamos p=50% para maximizar o tamanho da amostra a) a amostra poderá ser ponderada levando em consideração a variável sexo da população do Estado de São Paulo sendo 46,7 % homens e 53,3 % mulheres, conforme dados do TSE de Janeiro de 2026 e a variável idade sendo consideradas as faixas: 16 anos:0,08%;17 anos:0,29%; 18 a 20 anos:3,72%; 21 a 24 anos: 6,46%; de 25 a 34 anos: 18,23%; de 35 a 44 anos: 20,15%, de 45 a 59 anos: 26,54%; de 60 a 69 anos: 13,49% e acima de 69 anos: 11,04% (TSE Janeiro 2026). Quanto à variável grau de instrução, temos: ANALFABETO: 1,72%; LÊ E ESCREVE: 2,93%; ENSINO FUNDAMENTAL INCOMPLETO: 17,83%; ENSINO FUNDAMENTAL COMPLETO:6,74%; ENSINO MÉDIO INCOMPLETO: 16,28%; ENSINO MÉDIO COMPLETO: 33,33%; SUPERIOR INCOMPLETO: 6,04% e SUPERIOR COMPLETO: 15,13%(TSE Janeiro 2026). E para a variável renda, temos: Até 2 Salários Mínimos: 75,86%; 2 a 5 Salários Mínimos:17,2%; 5 a 10 Salários Mínimos:4,68% e acima de 10 Salários Mínimos:2,26%( IBGE Censo 2010). OBSERVAÇÃO: CONFORME INFORMAÇÕES OBTIDAS DO INSTITUTO BRASILEIRO DE GEOGRAFIA E ESTATÍSTICA, O IBGE, NÃO DIVULGOU - E NÃO TEM PREVISÃO - DE DATA PARA DIVULGAÇÃO DO PERFIL ECONÔMICO (NÍVEL ECONÔMICO) DA POPULAÇÃO BRASILEIRA; PORTANTO, OS DADOS QUANTO AO NÍVEL ECONÔMICO OBTIDOS NO CENSO 2022, NÃO PODEM SER UTILIZADOS, POIS NÃO FORAM PUBLICADOS. Em relação à ponderação, devido à metodologia amostral adotada, os fatores de ponderação a serem aplicados em toda as variáveis (sexo, idade, grau de instrução e renda), assumem valor igual a 1(um). Área física: Estado de São Paulo em domicílios particulares permanentemente ocupados e sorteados de maneira aleatória simples sem reposição. Margem de Erro: A margem de erro máxima prevista para o total da amostra é de 2,55 pontos percentuais para mais ou para menos, considerando um nível de confiança de 95%. Os intervalos de confiança serão calculados considerando os resultados obtidos para um nível de confiança de 95%. Fonte de Dados: TSE- Janeiro 2026 e IBGE Censo 2010(SOMENTE A VARIÁVEL RENDA, CONFORME JUSTIFICATIVA ACIMA).";"Os pesquisadores envolvidos na realização desta pesquisa recebem treinamento especializado e instruções específicas de abordagem. O trabalho é realizado por equipes de entrevistadores e supervisores de campo. Há fiscalização no ato da entrevista e os questionários são recolhidos e checados quanto ao correto preenchimento dos dados. Após os trabalhos de campo, os questionários são submetidos a uma fiscalização que consiste na verificação de 20% dos questionários aplicados individualmente pelos entrevistadores, para checagem das respostas. Internamente, todo o material é verificado, codificado, digitado e, antes do processamento final, realiza-se a conferência da digitação (consistência dos dados).";"EM ANEXO."
"07/08/2026";"05:47:04";2026;81;"Eleições Gerais 2026";"SP";"SP";"SÃO PAULO";"SP038082026";"2026-01-31 23:35:16";"S";"04209958000148";"BADRA COMUNICACAO LTDA";"BADRA COMUNICACAO";"Governador, Senador";"2026-01-27 00:00:00";"2026-01-30 00:00:00";"2026-02-06 00:00:00";1500;"Marcos Rogerio Simonetti";"10744";"8000,00";"Pesquisa quantitativa, por cota (não probabilística), com aplicação de questionário estruturado, em pontos de fluxo populacional, com uma amostra representativa do eleitorado em estudo, no caso o eleitorado de São Paulo.";"A amostra será representativa do universo, ou seja, o eleitorado da região de São Paulo. 
Tamanho da amostra: 1500 entrevistas. Técnica de amostragem: por cotas, segundo combinação das variáveis sexo e faixa etária, proporcionais ao eleitorado de cada região, conforme estatística do eleitorado do Tribunal Superior Eleitoral (TSE Dez-2025): 
SEXO: 
Masculino (46,7%) e Feminino (53,3%). 
FAIXA ETÁRIA: 
16-24 anos (5,2% masculino e 5,3% feminino); 25-44 anos (18,4% masculino e 20,1% feminino); 45-59 anos (12,4% masculino e 14,1% feminino); e mais de 60 anos (10,7% masculino e 13,8% feminino). 
Para as variáveis de sexo e idade, o fator de ponderação é 1 (resultados obtidos em campo).
ESCOLARIDADE (FONTE: TSE Dez/25)
Até ensino médio (80,9% - masculino e 77,4,0% - feminino); Superior (19,1% - masculino e 22,6% feminino). 
NÍVEL ECONÔMICO (FONTE: Censo 2010): 
Economicamente ativo (74,5% - masculino e 52,8% - feminino). Não economicamente ativo (25,5% - masculino e 47,2% - feminino). 
Eventual ponderação para correção das variáveis de escolaridade e nível econômico caso aconteçam diferenças superiores a 3% entre o previsto na amostra e a coleta de dados, no que pese serem estas variáveis de seleção e abordagem dos entrevistados. 
A margem de erro é de 2,5 pontos percentuais para mais ou para menos, sobre o resultado encontrado no total da amostra. Nível de confiança estimado de 95%, o que quer dizer que há uma probabilidade de 95% de os resultados retratarem a realidade, se repetido nas mesmas condições de execução. 
";"Para a realização do levantamento estatístico de dados, a Badra Comunicação se utiliza de equipe de entrevistadores e supervisores de campo experientes e treinados para o trabalho. No mínimo 20% das entrevistas realizadas são auditadas, parte delas ainda em campo, por coordenadores e supervisores. A outra parte via contato telefônico com os entrevistados que fornecem seu primeiro nome e/ou telefone de contato para o devido controle e verificação, conferência e fiscalização da coleta de dados, seja em relação às respostas, seja em confirmação da adequação aos parâmetros amostrais. ";"(conforme §7º. do art. 2º. da Resolução-TSE nº. 23.600/2019, A partir do dia em que a pesquisa puder ser divulgada e até o dia seguinte, o registro deverá ser complementado, sob pena de ser a pesquisa considerada não registrada; na ausência de delimitação do bairro, será identificada a área em que foi realizada): A relação das localidades selecionadas para aplicação da amostra será apresentada até o 7º dia seguinte ao registro da pesquisa."
"07/08/2026";"05:47:04";2026;81;"Eleições Gerais 2026";"SP";"SP";"SÃO PAULO";"SP001062026";"2026-03-12 22:21:29";"S";"00654576000172";"INSTITUTO VERITA LTDA";"VERITA";"Governador, Senador, Deputado Federal";"2026-03-13 00:00:00";"2026-03-19 00:00:00";"2026-03-18 00:00:00";3025;"10699";"GUILHERME ALVARENGA LAIA";"232925,00";"Pesquisa quantitativa, que consiste na realização de entrevistas, com a aplicação de questionário estruturado junto a uma amostra representativa do eleitorado desta Unidade da Federação.";"ESTUDO REPRESENTATIVO DO ELEITORADO DO ESTADO DE SÃO PAULO - MÉTODO PPT (Probabilidade Proporcional ao Tamanho) - PLANO AMOSTRAL E PONDERAÇÃO QUANTO A SEXO, IDADE, GRAU DE INSTRUÇÃO E NÍVEL ECONÔMICO DO ENTREVISTADO; INTERVALO DE CONFIANÇA E MARGEM DE ERRO: Representativo do eleitorado da área em estudo, elaborada, em vários estágios, da seguinte forma: - 1. Divisão da UF em estratos proporcionais de municípios. 2. Ordenação dos municípios de cada estrato segundo o porte. 3. Sorteio dos municípios de cada estrato. 4. Os respondentes são selecionados através de quotas amostrais proporcionais em função de variáveis significativas, a saber: GÊNERO / FAIXA ETÁRIA - FEMININO E MASCULINO 16 A 34 ANOS 14,8% E 14%, 35 A 54 ANOS 20,5% E 18,3%, 55 ANOS OU MAIS 18% E 14,5%. GRAU DE INSTRUÇÃO - FEMININO Sem instrução até Ensino Médio completo 54,8%, Ensino superior incompleto e completo % NÍVEL ECONÔMICO - FEMININO população não economicamente ativa 46,5% população economicamente ativa 53,5% MASCULINO população não economicamente ativa 27,2% população economicamente ativa 72,8%. RENDA FAMILIAR DO DOMICÍLIO renda familiar de até 2 salários-mínimos 30,7%; de 2 a 5 salários-mínimos 44,2%, acima de 5 salários-mínimos 25,1%. Está prevista eventual ponderação para correção das variáveis, com base nos percentuais anteriormente mencionados, caso ocorram diferenças superiores a margem de erro da pesquisa previsto entre a amostra e a coleta de dados realizada. O fator previsto para ponderação é 1 (resultados obtidos na coleta de dados). O intervalo de confiança estimado é de 95% e a margem de erro máxima estimada considerando um modelo de amostragem aleatório simples, é de aproximadamente 2 pontos percentuais para mais ou para menos sobre os resultados encontrados no total da amostra. FONTE DOS DADOS: IBGE/Censo 2022 para fins de densidade demográfica, setores censitários e alocação da amostra. IBGE/PNAD/PNADC/MEC/INEP para fins de Nível Econômico e Escolaridade. TSE FEVEREIRO/2026 para fins de Sexo, Faixa Etária e eleitorado por município ou regiões previamente definidas (importante ressaltar para o público leigo que os dados do TSE são os únicos corretos para gênero, idade dos eleitores e quantitativo de eleitores por municípios já que a base de dados se atualiza automaticamente, PORÉM, dados de escolaridade e nível econômico NÃO são corretos e confiáveis devido a desatualização que ocorre naturalmente com o passar dos anos). Definição de margem de erro e intervalo de confiança: Margem de erro e intervalo de confiança não são grandezas diretamente proporcionais. A SOMA NÃO TEM QUE RESULTAR 100%. ";"Após os trabalhos de coleta de dados, os questionários são submetidos a uma fiscalização, conferência e checagem de cerca de 20% (vinte por cento) dos questionários aplicados.";"A relação dos municípios sorteados ou selecionados para esta pesquisa será apresentada em arquivo anexo até 1 (um) dia após a divulgação desta pesquisa conforme §7º. do art. 2º. da Resolução-TSE nº. 23.600/2019. A área de abrangência desta pesquisa é o Estado DE SÃO PAULO
"
"07/08/2026";"05:47:04";2026;81;"Eleições Gerais 2026";"SP";"SP";"SÃO PAULO";"SP033922026";"2026-04-26 09:29:56";"S";"04209958000148";"BADRA COMUNICACAO LTDA";"BADRA COMUNICACAO";"Governador";"2026-04-27 00:00:00";"2026-05-02 00:00:00";"2026-05-02 00:00:00";10000;"10744";"Marcos Rogerio Simonetti";"8000,00";"Pesquisa quantitativa, por cota (não probabilística), com aplicação de questionário estruturado, em pontos de fluxo populacional, com uma amostra representativa do eleitorado em estudo, no caso o eleitorado da Baixada Santista.";"A amostra será representativa do universo, ou seja, o eleitorado da Baixada Santista. 
Tamanho da amostra: 10.000 entrevistas. Técnica de amostragem: por cotas, segundo combinação das variáveis sexo e faixa etária, proporcionais ao eleitorado de cada região, conforme estatística do eleitorado do Tribunal Superior Eleitoral (TSE - Janeiro/2026): 
SEXO: 
Masculino (45,09%) e Feminino (54,91%). 
FAIXA ETÁRIA: 
16-24 anos (4,91% masculino e 5,00% feminino); 25-44 anos (16,79% masculino e 18,40% feminino); 45-59 anos (11,70% masculino e 14,06% feminino); e mais de 60 anos (11,70% masculino e 17,45% feminino). 
Para as variáveis de sexo e idade, o fator de ponderação é 1 (resultados obtidos em campo).
ESCOLARIDADE (FONTE: TSE - janeiro-2026)
Até ensino médio (92,45% - masculino e 88,97% - feminino); Superior (7,55% - masculino e 11,3% feminino). 
NÍVEL ECONÔMICO (FONTE: CENSO 2010): 
Economicamente ativo (65,01% - masculino e 46,26% - feminino). Não economicamente ativo (34,99% - masculino e 53,74% - feminino). 
Eventual ponderação para correção das variáveis de escolaridade e nível econômico caso aconteçam diferenças superiores a 3% entre o previsto na amostra e a coleta de dados, no que pese serem estas variáveis de seleção e abordagem dos entrevistados. 
A margem de erro é de 3 pontos percentuais para mais ou para menos, sobre o resultado encontrado no total da amostra. Nível de confiança estimado de 95%, o que quer dizer que há uma probabilidade de 95% de os resultados retratarem a realidade, se repetido nas mesmas condições de execução. 
";"equipe de entrevistadores e supervisores de campo experientes e treinados para o trabalho. No mínimo 20% das entrevistas realizadas são auditadas, parte delas ainda em campo, por coordenadores e supervisores. A outra parte via contato telefônico com os entrevistados que fornecem seu primeiro nome e/ou telefone de contato para o devido controle e verificação, conferência e fiscalização da coleta de dados, seja em relação às respostas, seja em confirmação da adequação aos parâmetros amostrais. ";"(conforme §7º. do art. 2º. da Resolução-TSE nº. 23.600/2019, A partir do dia em que a pesquisa puder ser divulgada e até o dia seguinte, o registro deverá ser complementado, sob pena de ser a pesquisa considerada não registrada; na ausência de delimitação do bairro, será identificada a área em que foi realizada): A relação das localidades selecionadas para aplicação da amostra será apresentada até o 7º dia seguinte ao registro da pesquisa."
"07/08/2026";"05:47:04";2026;81;"Eleições Gerais 2026";"SP";"SP";"SÃO PAULO";"SP046792026";"2026-01-21 17:34:38";"N";"52908063000144";"100% CIDADES PARTICIPACOES LTDA";"100 CIDADES";"Governador, Senador";"2026-01-20 00:00:00";"2026-01-23 00:00:00";"2026-01-27 00:00:00";1200;"8140";"Fabíola Miranda von Rondow";"96000,00";"Pesquisa do tipo quantitativa, por amostragem, com aplicação de questionário estruturado realizado por meio telefônico. O universo da pesquisa é o eleitorado do Estado de São Paulo com 16 anos ou mais.";"Representativo do eleitorado da área em estudo. A amostra é estratificada por região de moradia, com base na população residente nos municípios, onde as entrevistas serão realizadas pelo método PPT (Probabilidade Proporcional ao Tamanho) - (Fonte dos Dados: Censo IBGE 2022). Dentro das localidades, os respondentes são selecionados através de quotas amostrais proporcionais em função de variáveis significativas, a saber: Gênero: masculino 46,7%; feminino 53,3% (Fonte dos Dados: TSE- dezembro/2025 - https://sig.tse.jus.br/ords/dwapr/r/seai/sig-eleitor-eleitorado-mensal/cruzamento-eleitorado-mensal?p24_metricas=E&p24_back=1&clear=24&session=109352824939597 - cruzamento 1: Gênero); Faixa etária: 16 a 24 anos, 10,4%; 25 a 34 anos, 18,3%; 35 a 44 anos, 20,2%; 45 a 59 anos, 26,6%; 60 anos ou mais, 24,5% (Fonte dos Dados: TSE- dezembro/2025 - https://sig.tse.jus.br/ords/dwapr/r/seai/sig-eleitor-eleitorado-mensal/cruzamento-eleitorado-mensal?p24_metricas=E&p24_back=1&clear=24&session=109352824939597 - cruzamento 1: Faixa Etária); Para a variável grau de instrução, os dados são: Até Ensino Fundamental Completo, 29,3%; Ensino Médio incompleto ou completo, 49,5%; Ensino superior incompleto ou mais, 21,2% (Fonte dos dados: TSE-dezembro/2025 - https://sig.tse.jus.br/ords/dwapr/r/seai/sig-eleitor-eleitorado-mensal/cruzamento-eleitorado-mensal?p24_metricas=E&p24_back=1&clear=24&session=109352824939597 - cruzamento 1: Grau de instrução); Para a variável nível econômico, a renda familiar: Sem rendimento/até 1 salário-mínimo 12,2%; acima de 1 a 2 salários-mínimos 18,6%; acima de 2 a 5 salários-mínimos 38,7%; acima de 5 a 10 salários-mínimos 19,5%; acima de 10 salários-mínimos 11,0% (Fonte dos dados: Censo IBGE/2010 - https://cidades.ibge.gov.br/brasil/sp/pesquisa/23/24304). Observação: De acordo com informações do Instituto Brasileiro de Geografia e Estatística (IBGE), não há previsão de data para a divulgação do perfil econômico da população brasileira do CENSO 2022. Portanto, considerando que os dados sobre o nível econômico obtidos no Censo 2022 ainda não foram publicados, adotou-se para essa variável os dados disponíveis do Censo IBGE/2010. Está prevista eventual ponderação para correção das variáveis gênero, idade e grau de instrução com base nos percentuais anteriormente mencionados, caso ocorram diferenças superiores a 3 pontos percentuais entre o previsto na amostra e a coleta de dados realizada. Para a variável nível econômico do entrevistado, o fator previsto para ponderação é 1 (resultados obtidos em campo). O tamanho da amostra previsto é de 1200 entrevistas. O nível de confiança estimado é de 95% e a margem de erro máxima estimada considerando um modelo de amostragem aleatório simples, é de 2,8 pontos percentuais para mais ou para menos sobre os resultados encontrados no total da amostra. Os intervalos de confiança serão calculados considerando os resultados obtidos para um nível de confiança de 95%. FONTE DOS DADOS: Censo IBGE (2010 e 2022) | TSE (eleitorado de dezembro / 2025).";"As entrevistas serão realizadas por uma equipe de entrevistadores qualificados, que receberão treinamento e orientações especificas sobre o questionário e os objetivos da pesquisa, antes de iniciarem a coleta. Durante todo o período de aplicação das entrevistas, os entrevistadores serão monitorados recebendo apoio ou orientações de uma equipe de supervisores, com experiência e treinamento em pesquisas de opinião pública. Serão checados no mínimo 20% (vinte por cento) dos questionários aplicados por cada entrevistador, para a verificação das respostas e adequação dos entrevistados aos parâmetros amostrais. Os dados coletados e tratados nesta pesquisa atendem às exigências da Lei nº 13.709, de 14 de agosto de 2018, a Lei Geral de Proteção de Dados ? LGPD, garantindo ao respondente o sigilo de sua identidade e de seus dados pessoais, bem como o correto tratamento de suas respostas.";"A área de abrangência da coleta é o Estado de São Paulo. A relação dos municípios selecionados para a pesquisa constará em anexo a ser apresentado até o dia seguinte, a partir do dia em que a pesquisa puder ser divulgada, conforme as Resoluções 23.600/2019, no art. 2º; §7º e 23.727/2024 do TSE."
"07/08/2026";"05:47:04";2026;81;"Eleições Gerais 2026";"SP";"SP";"SÃO PAULO";"SP024172026";"2026-05-05 20:20:12";"S";"00654576000172";"INSTITUTO VERITA LTDA";"VERITA";"Governador, Senador";"2026-05-06 00:00:00";"2026-05-10 00:00:00";"2026-05-11 00:00:00";3025;"10699";"GUILHERME ALVARENGA LAIA";"232925,00";"Pesquisa quantitativa, que consiste na realização de entrevistas, com a aplicação de questionário estruturado junto a uma amostra representativa do eleitorado desta Unidade da Federação.";"ESTUDO REPRESENTATIVO DO ELEITORADO DO ESTADO DE SÃO PAULO - MÉTODO PPT (Probabilidade Proporcional ao Tamanho) - PLANO AMOSTRAL E PONDERAÇÃO QUANTO A SEXO, IDADE, GRAU DE INSTRUÇÃO E NÍVEL ECONÔMICO DO ENTREVISTADO; INTERVALO DE CONFIANÇA E MARGEM DE ERRO: Representativo do eleitorado da área em estudo, elaborada, em vários estágios, da seguinte forma: - 1. Divisão da UF em estratos proporcionais de municípios. 2. Ordenação dos municípios de cada estrato segundo o porte. 3. Sorteio dos municípios de cada estrato. 4. Os respondentes são selecionados através de quotas amostrais proporcionais em função de variáveis significativas, a saber: GÊNERO / FAIXA ETÁRIA - FEMININO E MASCULINO 16 A 34 ANOS 14,8% E 14%, 35 A 54 ANOS 20,5% E 18,3%, 55 ANOS OU MAIS 18% E 14,5%. GRAU DE INSTRUÇÃO ¿ FEMININO E MASCULINO Sem instrução até Ensino Médio completo 54,8%, Ensino superior incompleto e completo 45,2% NÍVEL ECONÔMICO - FEMININO população não economicamente ativa 46,5% população economicamente ativa 53,5% MASCULINO população não economicamente ativa 27,2% população economicamente ativa 72,8%. RENDA FAMILIAR DO DOMICÍLIO renda familiar de até 2 salários-mínimos 30,7%; de 2 a 5 salários-mínimos 44,2%, acima de 5 salários-mínimos 25,1%. Está prevista eventual ponderação para correção das variáveis, com base nos percentuais anteriormente mencionados, caso ocorram diferenças superiores a margem de erro da pesquisa previsto entre a amostra e a coleta de dados realizada. O fator previsto para ponderação é 1 (resultados obtidos na coleta de dados). O intervalo de confiança estimado é de 95% e a margem de erro máxima estimada considerando um modelo de amostragem aleatório simples, é de aproximadamente 3 pontos percentuais para mais ou para menos sobre os resultados encontrados no total da amostra. FONTE DOS DADOS: IBGE/Censo 2022 para fins de densidade demográfica, setores censitários e alocação da amostra. IBGE/PNAD/PNADC/MEC/INEP para fins de Nível Econômico e Escolaridade. TSE FEVEREIRO/2026 para fins de Sexo, Faixa Etária e eleitorado por município ou regiões previamente definidas (importante ressaltar para o público leigo que os dados do TSE são os únicos corretos para gênero, idade dos eleitores e quantitativo de eleitores por municípios já que a base de dados se atualiza automaticamente, PORÉM, dados de escolaridade e nível econômico NÃO são corretos e confiáveis devido a desatualização que ocorre naturalmente com o passar dos anos). Definição de margem de erro e intervalo de confiança: Margem de erro e intervalo de confiança não são grandezas diretamente proporcionais. A SOMA NÃO TEM QUE RESULTAR 100%. ";"Após os trabalhos de coleta de dados, os questionários são submetidos a uma fiscalização, conferência e checagem de cerca de 20% (vinte por cento) dos questionários aplicados.";"A relação dos municípios sorteados ou selecionados para esta pesquisa será apresentada em arquivo anexo até 1 (um) dia após a divulgação desta pesquisa conforme §7º. do art. 2º. da Resolução-TSE nº. 23.600/2019. A área de abrangência desta pesquisa é o Estado DE SÃO PAULO"
"07/08/2026";"05:47:04";2026;81;"Eleições Gerais 2026";"SP";"SP";"SÃO PAULO";"SP040032026";"2026-05-05 23:05:19";"N";"64500153000180";"LAIS CRISTINA RODRIGUES DE OLIVEIRA LTDA";"IPSENSUS PESQUISAS";"Governador, Deputado Estadual";"2026-05-09 00:00:00";"2026-05-10 00:00:00";"2026-05-11 00:00:00";400;"7655";"AUGUSTO DA SILVA ROCHA";"4000,00";"A pesquisa cobrirá o município envolvendo todas regiões do município de Marília/SP Universo da pesquisa será dos eleitores com 16 anos ou mais. A amostra representará os eleitores do Município, selecionados em 2(dois) estágios. No primeiro estágio, os setores censitários, onde as entrevistas serão realizadas, foram selecionadas, probabilisticamente, através do método PPT - Probabilidade Proporcional ao Tamanho, tomando o número de eleitores como base para seleção. No segundo estágio, a seleção do entrevistado, dentro do setor censitário, será feita utilizando-se quotas proporcionais, e a abordagem será domiciliar.";"Utilizamos quotas proporcionais, em função das seguintes variáveis: 
Gênero:  FEMININO	53,9%	;
MASCULINO	46,1%	;

Faixa etária:   16 a 24 anos	9,86%	;
25 a 34 anos	17,23%	;
35 a 44 anos	18,67%	;
45 a 59 anos	27,16%	;
60 anos ou mais	27,08%	;


Grau de instrução: 
ANALFABETO	1,04%	;
LÊ E ESCREVE	1,30%	;
ENSINO FUNDAMENTAL INCOMPLETO	14,86%	;
ENSINO FUNDAMENTAL COMPLETO	6,55%	;
ENSINO MÉDIO INCOMPLETO	10,68%	;
ENSINO MÉDIO COMPLETO	37,85%	;
SUPERIOR INCOMPLETO	6,46%	;
SUPERIOR COMPLETO	21,26%	;



Renda familiar: Até 1/2 salário mínimo	0,8%	;
Mais de 1/2 a 1 salário mínimo	7,5%	;
Mais de 1 a 2 salários mínimos	19,0%	;
Mais de 2 a 5 salários mínimos	41,4%	;
Mais de 5 a 10 salários mínimos	19,8%	;
Mais de 10 a 20 salários mínimos	6,6%	;
Mais de 20 salários mínimos	2,4%	;
Sem rendimento	2,5%	;


Fonte dos dados: TSE-Tribunal Superior Eleitoral/ abril2026;
 IBGE-Censo 2010-IBGE-CENSO 2022 (IBGE/Censo 2010 - Classe de rendimento nominal mensal domiciliar) ; 
https://cidades.ibge.gov.br/brasil/sp/marilia/pesquisa/23/24304

https://sig.tse.jus.br/ords/dwapr/r/seai/sig-eleitor-eleitorado-mensal/cruzamento-eleitorado-mensal?p24_metricas=E&p24_back=22&p24_cruzamento_1=ds_sexo&clear=24&session=10034206421505
https://sig.tse.jus.br/ords/dwapr/r/seai/sig-eleitor-eleitorado-mensal/cruzamento-eleitorado-mensal?p24_cruzamento_1=ds_faixa_etaria&p24_metricas=E&p24_back=22&clear=24&session=10034206421505;   

Ano=2026;
Mês = ABRIL;
UF= SP;
MUNICIPIO = MARILIA;               


 ""Está prevista eventual ponderação da amostra para correção das variáveis sexo, idade, renda familiar e escolaridade com base nos percentuais anteriormente mencionados, caso ocorram diferenças entre os percentuais previstos na amostra e a coleta de dados realizada. 

 
           Dentro do público-alvo, serão realizadas 400 entrevistas.            
O nível de confiança estimado é de 95% e 
a margem de erro máxima prevista, baseada em uma amostra aleatória simples (AAS), é de cerca de 4,9 pontos percentuais para mais ou para menos em relação aos totais da amostra. Nível Econômico: IBGE (Censo/2010) - Observação: Conforme informações obtidas do Instituto Brasileiro de Geografia e Estatística, o IBGE, não divulgou - e não tem previsão - de data para divulgação do perfil econômico (nível econômico) da população brasileira; portanto, os dados quanto ao nível econômico obtidos no Censo 2022, não podem ser utilizados, pois não foram publicados.""";"Para a realização da pesquisa, utiliza-se uma equipe de entrevistadores e supervisores credenciados devidamente treinados pela empresa para esse tipo de pesquisa. Após os trabalhos de campo, 100% dos questionários são criticados e passam por uma fiscalização de cerca de 20% (vinte por cento) dos questionários aplicados por cada entrevistador; para verificação da consistência das respostas e da adequação dos entrevistados aos parâmetros amostrais.";"A relação das localidades e setores censitários selecionadas para aplicação da amostra será apresentada a partir do dia em que a pesquisa puder ser divulgada e até o dia seguinte, conforme expresso no art. 2º, §7º da Resolução 23.600/2019 do TSE."
"07/08/2026";"05:47:04";2026;81;"Eleições Gerais 2026";"SP";"SP";"SÃO PAULO";"SP069692026";"2026-07-25 15:56:07";"S";"44185256000196";"PIMENTEL & CARPENTIERI CONSULTORIA DE MARKETING LTDA";"PIMENTEL & CARPENTIERI CONSULTORIA DE MARKETING LTDA";"Governador, Senador, Deputado Federal, Deputado Estadual, Deputado Distrital";"2026-07-27 00:00:00";"2026-07-30 00:00:00";"2026-07-31 00:00:00";800;"7644A";"Rui Akito Tamaribuchi";"12000,00";"Pesquisa Face a Face na cidade de Santos - SP em polígonos de fluxo previamente sorteados. Será extraída amostra de 800 entrevistados, representativa da população adulta da cidade. Foram definidas cotas de sexo, idade, escolaridade e região da cidade, seguindo critérios presentes no IBGE e TSE.";"SEXO: masculino= 44% e feminino =56%. IDADE: 16 a 24 anos = 9%, 25 a 44 anos= 32%, 45 a 59 anos= 26%, 60 anos ou mais= 33%. ESCOLARIDADE: Até Fundamental= 16%, Ensino médio= 47%, Ensino Superior= 37%.  NÍVEL ECONÔMICO DO ENTREVISTADO: sem rendimentos até dois salários-mínimos: 13%; de dois a cinco salários-mínimos: 30%; mais de cinco salários-mínimos: 57%. Será feita eventual ponderação para correção das variáveis sexo e idade e escolaridade com base nos percentuais acima se os dados obtidos no campo apresentarem diferenças superiores a 5% (cinco por cento) entre o previsto na amostra e a coleta realizada. Para o nível econômico do entrevistado, o fator de ponderação será 1 (um), ou seja, prevalecerão os resultados obtidos no campo. As margens de erro máximo possível, calculadas dentro de um intervalo de confiança de 95%, é de 3,3 pp. para mais ou para menos.  Fontes: Censo IBGE 2010/2022 e TSE- junho de 2026.";"Controle in loco, com coordenação de equipe supervisionando a realização das entrevistas e controle de campo.";"Zonas eleitorais: Zona 118= 33%, Zona 272= 32%, Zona 273= 35%."
"07/08/2026";"05:47:04";2026;81;"Eleições Gerais 2026";"SP";"SP";"SÃO PAULO";"SP041872026";"2026-07-10 23:48:14";"N";"09415165000107";"GOVNET PESQUISA E TECNOLOGIA DA INFORMACAO LTDA";"#NULO#";"Governador, Senador, Deputado Federal, Deputado Estadual";"2026-07-12 00:00:00";"2026-07-15 00:00:00";"2026-07-16 00:00:00";400;"9261-A";"HELOISA RODRIGUES BARBOSA";"20000,00";"Pesquisa quantitativa com aplicação de questionários estruturados através de entrevistas pessoais domiciliares junto a uma amostra aleatória, proporcional e representativa do eleitorado do Município de SÃO CARLOS, com 16 anos ou mais. Amostra estratificada por sexo, faixa etária e região geográfica através de sistema de cotas pré-definidas.  Fontes públicas dos dados utilizados para elaboração da amostra: Censo IBGE 2022 e Tribunal Superior Eleitoral.";"Entrevistas a serem aplicadas dentro dos seguintes parâmetros: percentuais de sexo - Feminino: 52,7%. Masculino: 47,3%. Percentuais quanto a faixa etária: 16 a 24 anos: 10,8%. 25 a 34 anos: 17,3%. 35 a 44 anos: 19,5%. 45 a 59 anos: 26,1%. 60 anos ou mais: 26,3%. Percentuais de referência em relação ao nível econômico: Até 1 S.M.: 41,5%. Mais de 1 a 2 S.M.: 31,5%. Mais de 2 a 5 S.M.: 21,0%. Mais de 5 S.M.: 6,0%. Percentuais de referência quanto ao grau de instrução: Até fundamental completo: 26,2%. Médio incompleto e completo: 50,5%. Superior incompleto ou mais: 23,3%. Está prevista ponderação para as variáveis socioeconômicas casos ocorram variações acima de 3 pontos percentuais em relação aos valores de referência. Fontes públicas dos dados utilizados para elaboração da amostra: Censo IBGE 2022 e Tribunal Superior Eleitoral. A margem de erro para o total da amostra é de 4,9% (quatro ponto nove pontos percentuais), para mais ou para menos, calculada considerando-se um coeficiente de confiança de 95% (noventa e cinco por cento).";"As equipes de campo têm em seus quadros supervisores que acompanham e checam a aplicação dos questionários in-loco como também a obediência às cotas pré-definidas; sua função é atestar a fidelidade das respostas obtidas pelos pesquisadores e garantir o rigor metodológico na aplicação dos formulários. Sistema Interno de Verificação: através da utilização de software específico, são aplicados testes para averiguar a consistência dos resultados obtidos. Após os testes de consistência, é verificada, no mínimo, 30% da amostra coletada.";"Será complementado no prazo previsto na Resolução-TSE n° 23.600/2019"
"07/08/2026";"05:47:04";2026;81;"Eleições Gerais 2026";"SP";"SP";"SÃO PAULO";"SP052972026";"2026-05-27 17:42:46";"S";"04209958000148";"BADRA COMUNICACAO LTDA";"BADRA COMUNICACAO";"Governador, Senador, Deputado Federal, Deputado Distrital";"2026-05-28 00:00:00";"2026-06-01 00:00:00";"2026-06-02 00:00:00";1500;"10744";"Marcos Rogerio Simonetti";"18000,00";"Pesquisa quantitativa, por cota (não probabilística), com aplicação de questionário estruturado, em pontos de fluxo populacional, com uma amostra representativa do eleitorado em estudo, no caso o eleitorado do Estado de São Paulo.
";"A amostra será representativa do universo, ou seja, o eleitorado do Estado de São Paulo. 
Tamanho da amostra: 1.500 entrevistas. Técnica de amostragem: por cotas, segundo combinação das variáveis sexo e faixa etária, proporcionais ao eleitorado de cada região, conforme estatística do eleitorado do Tribunal Superior Eleitoral (TSE - abr/2026): 
SEXO: 
Masculino (47,0%) e Feminino (53,0%). 
FAIXA ETÁRIA: 
16-24 anos (5,0% masculino e 5,0% feminino); 25-44 anos (19,0% masculino e 20,0% feminino); 45-59 anos (12,0% masculino e 14,0% feminino); e mais de 60 anos (11,0% masculino e 14,0% feminino). 
Para as variáveis de sexo e idade, o fator de ponderação é 1 (resultados obtidos em campo).
ESCOLARIDADE (FONTE: TSE - abr-2026)
Até ensino médio (80,9% - masculino e 77,4% - feminino); Superior (19,1% - masculino e 22,6% feminino). 
NÍVEL ECONÔMICO (FONTE: CENSO 2010): 
Economicamente ativo (74,5% - masculino e 52,8% - feminino). Não economicamente ativo (25,5% - masculino e 47,2% - feminino). 
Eventual ponderação para correção das variáveis de escolaridade e nível econômico caso aconteçam diferenças superiores a 3% entre o previsto na amostra e a coleta de dados, no que pese serem estas variáveis de seleção e abordagem dos entrevistados. 
A margem de erro é de 3 pontos percentuais para mais ou para menos, sobre o resultado encontrado no total da amostra. Nível de confiança estimado de 95%, o que quer dizer que há uma probabilidade de 95% de os resultados retratarem a realidade, se repetido nas mesmas condições de execução. ";"Para a realização do levantamento estatístico de dados, a Badra Comunicação se utiliza de equipe de entrevistadores e supervisores de campo experientes e treinados para o trabalho. No mínimo 20% das entrevistas realizadas são auditadas, parte delas ainda em campo, por coordenadores e supervisores. A outra parte via contato telefônico com os entrevistados que fornecem seu primeiro nome e/ou telefone de contato para o devido controle e verificação, conferência e fiscalização da coleta de dados, seja em relação às respostas, seja em confirmação da adequação aos parâmetros amostrais. ";"(conforme §7º. do art. 2º. da Resolução-TSE nº. 23.600/2019, A partir do dia em que a pesquisa puder ser divulgada e até o dia seguinte, o registro deverá ser complementado, sob pena de ser a pesquisa considerada não registrada; na ausência de delimitação do bairro, será identificada a área em que foi realizada): A relação das localidades selecionadas para aplicação da amostra será apresentada até o 7º dia seguinte ao registro da pesquisa."
"07/08/2026";"05:47:04";2026;81;"Eleições Gerais 2026";"SP";"SP";"SÃO PAULO";"SP014682026";"2026-06-26 20:19:22";"S";"65571662000167";"INSTITUTO PAULISTA DE PESQUISA E OPINIAO PUBLICA LTDA";"IPPOP";"Governador, Senador, Deputado Federal, Deputado Estadual";"2026-07-01 00:00:00";"2026-07-10 00:00:00";"2026-07-02 00:00:00";1200;"9443-A";"Marcelo Hidemi Uemura";"15000,00";"Pesquisa do tipo quantitativa, com amostragem por quotas representativas do eleitorado (Gênero, faixa etária, escolaridade, renda nominal mensal domiciliar, e Municípios) da região do Alto Tietê (Municípios: Arujá-SP, Biritiba Mirim-SP, Ferraz de Vasconcelos-SP, Guararema-SP, Itaquaquecetuba-SP, Mogi das Cruzes-SP, Poá-SP, Santa Isabel-SP, Salesópolis-SP, Suzano-SP). (Fonte de dados: TSE e IBGE) para os cargos de Presidente, Governador, Senador, Deputado Federal e Deputado Estadual, através de questionário estruturado, com questões abertas e fechadas, e abrangência pessoal, sendo entrevistados no máximo uma pessoa por família, de forma que se possa determinar as verdadeiras intenções do eleitor com relação ao pleito que se aproxima.";"Amostra composta por 1.200 eleitores. Cada Estrato proporcional ao tamanho do Universo de eleitores da Região do Alto Tietê. Foram divididos da seguinte maneira: Gênero: Feminino: 52,83%; Masculino: 47,17%. Faixa Etária: 16 a 24 anos: 12,92%; 25 a 34 anos: 20,16%; 35 a 44 anos: 20,25%; 45 a 59 anos: 26,00%; Mais de 60 anos: 20,67%. Grau de Instrução: Analfabeto: 2,17%; Lê e escreve: 3,33%; Ensino Fundamental Incompleto: 17,50%; Ensino Fundamental Completo: 5,67%; Ensino Médio Incompleto: 18,08%; Ensino Médio Completo: 37,83%; Ensino Superior Incompleto: 5,00%; Ensino Superior Completo: 10,42%. Renda Nominal Mensal Domiciliar: Até 2 Salários Mínimos: 39,67%; De 2 a 5 Salários Mínimos: 39,17%; Mais de 5 Salários Mínimos: 21,16%. Fonte de dados: TSE: Maio/2026 (Gênero, faixa etária e Grau de Instrução);  IBGE: Censo Demográfico 2010 (Renda Nominal Mensal Domiciliar, última atualização foi em 2010); e Censo Demográfico 2022 e TSE (Cidades). Margem de erro 2,9% para mais ou para menos, considerando um nível de confiança de 95,0%. Há a previsão para eventual ponderação para correção nos tamanhos dos estratos, considerando as variáveis do plano amostral";"Para a coleta de dados, utiliza-se uma equipe de entrevistadores contratados, devidamente treinados para o trabalho, além de contarem com apoio de supervisor para eventuais dúvidas. Durante as entrevistas, os supervisores fazem a fiscalização dos pesquisadores. Após a realização das entrevistas, os questionários passam por uma codificação e crítica, e depois disso, são fiscalizados entre 10% a 20%.";"Em anexo.

 A relação dos bairros e áreas selecionadas para a pesquisa constará em anexo a ser apresentado até o dia seguinte, a partir do dia em que a pesquisa puder ser divulgada, conforme as Resoluções 23.600/2019, no art. 2º; §7º e 23.727/2024 do TSE."
"07/08/2026";"05:47:04";2026;81;"Eleições Gerais 2026";"SP";"SP";"SÃO PAULO";"SP034632026";"2026-08-03 22:02:02";"N";"34972238000109";"AMERICAN ANALYTICS DO BRASIL CONSULTORIA LTDA";"AMERICAN ANALYTICS";"Governador, Senador";"2026-08-04 00:00:00";"2026-08-08 00:00:00";"2026-08-09 00:00:00";1500;"11564";"GIOVANA RILLARY DA SILVA ROCHA";"30000,00";"Pesquisa quantitativa, com realização de entrevistas pessoais e aplicação de questionário estruturado junto a uma amostra representativa do eleitorado do estado de São Paulo.";"A amostra será representativa do eleitorado da área de abrangência da pesquisa e será selecionada em três estágios. No primeiro estágio, será realizado o sorteio probabilístico dos municípios onde as entrevistas serão realizadas, por meio do método PPT (Probabilidade Proporcional ao Tamanho), considerando a população eleitora com 16 anos ou mais residente nos municípios como base para essa seleção. No segundo estágio, será realizado o sorteio probabilístico dos setores censitários onde as entrevistas serão realizadas, também por meio do método PPT (Probabilidade Proporcional ao Tamanho), tomando como base a população eleitora de 16 anos ou mais residente nos respectivos setores censitários. No terceiro estágio, a seleção do entrevistado dentro de cada setor censitário será feito por meio de cotas amostrais proporcionais, considerando as seguintes variáveis : GÊNERO: TSE Julho de 2026 (fonte: https://sig.tse.jus.br/ords/dwapr/r/seai/sig-eleitor-eleitorado-mensal/cruzamento-eleitorado-mensal?p24_metricas=E&p24_back=22&p24_cruzamento_1=ds_sexo&clear=24&session=210862577419255 ) FEMININO 53,3% ; MASCULINO 46,7% ; FAIXA ETÁRIA: TSE - Julho de 2026 (fonte: https://sig.tse.jus.br/ords/dwapr/r/seai/sig-eleitor-eleitorado-mensal/cruzamento-eleitorado-mensal?p24_cruzamento_1=ds_faixa_etaria&p24_metricas=E&p24_back=22&clear=24&session=210862577419255) Entre 16 a 24 anos 10,68% ; Entre 25 a 34 anos 18,00% ; Entre 35 a 44 anos 19,71% ; Entre 45 a 59 anos 26,62% ; 60 anos ou mais 24,99% ; GRAU DE INSTRUÇÃO: TSE - Julho de 2026 (fonte: https://sig.tse.jus.br/ords/dwapr/r/seai/sig-eleitor-eleitorado-mensal/cruzamento-eleitorado-mensal?p24_cruzamento_1=ds_grau_instrucao&p24_metricas=E&p24_back=22&clear=24&session=305447471395): Sem Instrução até ensino fundamental completo: 28,7%; | Ensino médio incompleto ou completo: 50,1%; | Ensino superior incompleto ou completo: 21,2% ;| RENDA DOMICILIAR MENSAL: IBGE - Censo 2.010 - (fonte: https://cidades.ibge.gov.br/brasil/sp/pesquisa/23/24304) Sem rendimentos até 2 salários mínimos: 30,8%; Mais de 2 a 5 salários mínimos: 38,7%; | Mais de 5 salários mínimos: 30,5%. Observação: Conforme informações obtidas do Instituto Brasileiro de Geografia e Estatística - IBGE, o instituto não divulgou e não tem previsão de data para divulgação do perfil econômico (nível econômico) da população brasileira; portanto, os dados quanto ao nível econômico obtidos no Censo 2022 não podem ser utilizados, pois não foram publicados. (https://censo2022.ibge.gov.br/panorama/). Está prevista eventual ponderação para correção das variáveis gênero e faixa etária, com base nos percentuais acima apresentados, caso ocorram diferenças superiores a MARGEM DE ERRO definida entre a amostra prevista e a coleta realizada. Para as variáveis escolaridade e renda domiciliar mensal, o fator de ponderação será igual a 1, considerando-se os resultados obtidos em campo. Dentro do público-alvo anteriormente descrito, serão realizadas 1.500 (Um mil e quinhentos) entrevistas. O nível de confiança estimado é de 95% para uma margem de erro estimada, considerando uma técnica de amostragem aleatória simples (AAS), de aproximadamente 2,5 pontos percentuais para mais ou para menos sobre os resultados obtidos.";"Para a realização da pesquisa, serão conduzidas uma equipe de entrevistadores e supervisores credenciados e devidamente treinados pela empresa para esse tipo de pesquisa. Após os trabalhos de coleta dos dados, 100% dos questionários são criticados e passam por uma fiscalização de cerca de 20% (vinte por cento) dos questionários aplicados por cada entrevistador; passam por uma etapa de verificação da consistência das respostas e da adequação dos entrevistados aos parâmetros amostrais.";"A relação dos municípios e das localidades abrangidos pela coleta, com a respectiva distribuição das entrevistas, será apresentada a partir do dia em que a pesquisa puder ser divulgada e até o dia seguinte, nos termos §7º do art. 2º da Resolução TSE nº. 23.600/2019."
"07/08/2026";"05:47:04";2026;81;"Eleições Gerais 2026";"SP";"SP";"SÃO PAULO";"SP001422026";"2026-07-27 23:42:43";"S";"45613076000120";"INSTITUTO VOX BRASIL OPINIAO E PESQUISAS LTDA";"#NULO#";"Governador, Senador";"2026-07-29 00:00:00";"2026-07-31 00:00:00";"2026-08-02 00:00:00";1480;"9907";"GUILHERME COELHO NEVES";"50000,00";"Metodologia de pesquisa: Pesquisa do tipo quantitativo, por amostragem, com aplicação de questionário estruturado e abordagem pessoal em domicílios particulares permanentemente ocupados (de acordo com a definição do IBGE - Instituto Brasileiro de Geografia e Estatística). O conjunto do eleitorado do ESTADO de São Paulo com 16 anos ou mais foi tomado como universo da pesquisa.";"Tamanho da amostra: A amostra prevista é de 1480 entrevistas. Técnica de amostragem A amostra é aleatória, com base na estimativa da média populacional. Utilizamos a amostragem em mais de um estágio. No primeiro estágio dividimos o Estado em mesorregiões, depois em municípios, em seguida  em bairros/setores censitários (conglomerados), sendo os mesmos listados, onde foram sorteados aleatoriamente. No segundo estágio, foram sorteadas as ruas (dispondo de um mapa da região), no terceiro estágio fizemos o sorteio das casas (via amostragem sistemática). O quarto estágio foi a seleção do entrevistado dentro da casa, onde o critério adotado foi o da primeira pessoa que atendesse a equipe de pesquisa, sendo este obrigatoriamente morador da residência e eleitor da cidade pesquisada. Na etapa seguinte foi realizado um controle das seguintes variáveis: sexo, idade, grau de instrução e nível econômico. Também adotamos p=50% para maximizar o tamanho da amostra a) a amostra poderá ser ponderada levando em consideração a variável sexo da população do Estado de São Paulo sendo 46,72 % homens e 53,28 % mulheres, conforme dados do TSE de Junho de 2026 e a variável idade sendo consideradas as faixas: 16 anos:0,21%;17 anos:0,51%; 18 a 20 anos:3,94%; 21 a 24 anos: 6,41%; de 25 a 34 anos: 18,06%; de 35 a 44 anos: 19,84%, de 45 a 59 anos: 26,44%; de 60 a 69 anos: 13,45% e acima de 69 anos: 11,14% (TSE Junho 2026). Quanto à variável grau de instrução, temos: ANALFABETO: 1,68%; LÊ E ESCREVE: 2,85%; ENSINO FUNDAMENTAL INCOMPLETO: 17,53%; ENSINO FUNDAMENTAL COMPLETO:6,64%; ENSINO MÉDIO INCOMPLETO: 16,65%; ENSINO MÉDIO COMPLETO: 33,46%; SUPERIOR INCOMPLETO: 6,13% e SUPERIOR COMPLETO: 15,06%(TSE Junho 2026). E para a variável renda, temos: Até 2 Salários Mínimos: 77,32%; 2 a 5 Salários Mínimos:17,22%; 5 a 10 Salários Mínimos:4,03% e acima de 10 Salários Mínimos:1,43%( IBGE Censo 2022 [https://sidra.ibge.gov.br/]). Em relação à ponderação, devido à metodologia amostral adotada, os fatores de ponderação a serem aplicados em toda as variáveis (sexo, idade, grau de instrução e renda), assumem valor igual a 1(um). Área física: Estado de São Paulo em domicílios particulares permanentemente ocupados e sorteados de maneira aleatória simples sem reposição. Margem de Erro: A margem de erro máxima prevista para o total da amostra é de 2,55 pontos percentuais para mais ou para menos, considerando um nível de confiança de 95%. Os intervalos de confiança serão calculados considerando os resultados obtidos para um nível de confiança de 95%. Fonte de Dados: TSE- Junho 2026 e IBGE Censo 2022.";"Os pesquisadores envolvidos na realização desta pesquisa recebem treinamento especializado e instruções específicas de abordagem. O trabalho é feito com a equipe e coordenadores de campo. Há fiscalização no ato da entrevista e os questionários são recolhidos e checados quanto ao correto preenchimento dos dados. Após os trabalhos de campo, os questionários são submetidos a uma fiscalização que consiste na verificação de 20% dos questionários aplicados individualmente pelos entrevistadores, para checagem das respostas. Internamente, todo o material é verificado, codificado, digitado e, antes do processamento final, realiza-se a conferência da digitação (consistência dos dados).";"EM ANEXO."
"07/08/2026";"05:47:04";2026;81;"Eleições Gerais 2026";"SP";"SP";"SÃO PAULO";"SP007812026";"2026-02-21 11:49:48";"S";"04209958000148";"BADRA COMUNICACAO LTDA";"BADRA COMUNICACAO";"Governador, Senador, Deputado Federal, Deputado Estadual";"2026-02-23 00:00:00";"2026-02-27 00:00:00";"2026-02-27 00:00:00";3000;"10744";"Marcos Rogerio Simonetti";"8000,00";"Pesquisa quantitativa, por cota (não probabilística), com aplicação de questionário estruturado, em pontos de fluxo populacional, com uma amostra representativa do eleitorado em estudo, no caso o eleitorado de Mogi das Cruzes.";"A amostra será representativa do universo, ou seja, o eleitorado da região de Mogi das Cruzes. 
Tamanho da amostra: 3.000 entrevistas. Técnica de amostragem: por cotas, segundo combinação das variáveis sexo e faixa etária, proporcionais ao eleitorado de cada região, conforme estatística do eleitorado do Tribunal Superior Eleitoral (TSE - Janeiro/2026): 
SEXO: 
Masculino (46,6%) e Feminino (53,4%). 
FAIXA ETÁRIA: 
16-24 anos (5,6% masculino e 5,6% feminino); 25-44 anos (18,5% masculino e 20,5% feminino); 45-59 anos (12,2% masculino e 14,1% feminino); e mais de 60 anos (10,3% masculino e 13,1% feminino). 
Para as variáveis de sexo e idade, o fator de ponderação é 1 (resultados obtidos em campo).
ESCOLARIDADE (FONTE: TSE - janeiro-2026)
Até ensino médio (37,7% - masculino e 40,8% - feminino); Superior (9,0% - masculino e 12,5% feminino). 
NÍVEL ECONÔMICO (FONTE: CENSO 2010): 
Economicamente ativo (31,6% - masculino e 26,7% - feminino). Não economicamente ativo (15,0% - masculino e 26,7% - feminino). 
Eventual ponderação para correção das variáveis de escolaridade e nível econômico caso aconteçam diferenças superiores a 3% entre o previsto na amostra e a coleta de dados, no que pese serem estas variáveis de seleção e abordagem dos entrevistados. 
A margem de erro é de 3 pontos percentuais para mais ou para menos, sobre o resultado encontrado no total da amostra. Nível de confiança estimado de 95%, o que quer dizer que há uma probabilidade de 95% de os resultados retratarem a realidade, se repetido nas mesmas condições de execução. ";"Para a realização do levantamento estatístico de dados, a Badra Comunicação se utiliza de equipe de entrevistadores e supervisores de campo experientes e treinados para o trabalho. No mínimo 20% das entrevistas realizadas são auditadas, parte delas ainda em campo, por coordenadores e supervisores. A outra parte via contato telefônico com os entrevistados que fornecem seu primeiro nome e/ou telefone de contato para o devido controle e verificação, conferência e fiscalização da coleta de dados, seja em relação às respostas, seja em confirmação da adequação aos parâmetros amostrais. ";"(conforme §7º. do art. 2º. da Resolução-TSE nº. 23.600/2019, A partir do dia em que a pesquisa puder ser divulgada e até o dia seguinte, o registro deverá ser complementado, sob pena de ser a pesquisa considerada não registrada; na ausência de delimitação do bairro, será identificada a área em que foi realizada): A relação das localidades selecionadas para aplicação da amostra será apresentada até o 7º dia seguinte ao registro da pesquisa."
"07/08/2026";"05:47:04";2026;81;"Eleições Gerais 2026";"SP";"SP";"SÃO PAULO";"SP041362026";"2026-02-27 21:38:21";"N";"07630546000175";"DATAFOLHA INSTITUTO DE PESQUISAS LTDA.";"#NULO#";"Governador, Senador";"2026-03-03 00:00:00";"2026-03-05 00:00:00";"2026-03-05 00:00:00";1608;"7249";"Renata Nunes Cesar";"185706,64";"Pesquisa do tipo quantitativo, por amostragem, com aplicação de questionário estruturado e abordagem pessoal em pontos de fluxo populacional. A população do estado de São Paulo, com 16 anos ou mais, foi tomada como universo da pesquisa.";"Universo: População com 16 anos ou mais, do estado de São Paulo
Tamanho da amostra: A amostra prevista é de 1608 entrevistas. 
Técnica de amostragem: A amostra é estratificada por natureza dos municípios (capital, região metropolitana ou interior), os municípios com população acima de 500 mil habitantes constituem estratos. Em cada estrato, num primeiro estágio, são sorteados com probabilidade proporcional ao tamanho (PPT) os municípios que farão parte do levantamento. Num segundo estágio, são sorteados os bairros e pontos de abordagem onde serão aplicadas as entrevistas.  Por fim, os entrevistados são selecionados aleatoriamente para responder ao questionário, de acordo com cotas de gênero e faixa etária. 

Os dados utilizados para definição e seleção da amostra são baseados nos dados fornecidos pelo IBGE (Censo 2022, PNADC 2024 e Estimativa populacional 2025), além de dados primários de outros levantamentos do instituto.  Os dados relativos a gênero e faixa etária são: Homens: 48%, mulheres: 52%, 16 a 24 anos: 14%, 25 a 34 anos: 19%, 35 a 44 anos: 20%, 45 a 59 anos: 25% e 60 anos ou mais: 22%.

Para a variável grau de instrução os dados utilizados como referência são: até nível médio completo ou incompleto (inclui os sem escolaridade e analfabetos) =70% e nível superior (inclui superior incompleto) = 30%.

Ponderação dos resultados: Está prevista ponderação considerando as variáveis natureza do município, gênero e faixa etária. A variável escolaridade poderá ser ajustada de acordo com os percentuais detalhados anteriormente caso a diferença entre os valores descritos e observados seja maior que a margem de erro definida.  Para o nível econômico do entrevistado (renda familiar mensal declarada pelo respondente), a distribuição utilizada como referência foi: Até 2 S.M. (salários mínimos)=38%, mais de 2 S.M.=58%, não souberam ou recusaram a resposta=4%.  O fator previsto para ponderação é 1 (resultados obtidos em campo).


Margem de Erro: A margem de erro máxima prevista é de 2 pontos percentuais para mais ou para menos, considerando um nível de confiança de 95% e baseada em uma amostra aleatória simples (AAS). Os intervalos de confiança serão calculados considerando os resultados obtidos para um nível de confiança de 95%.
";"Os entrevistadores envolvidos na realização desta pesquisa são treinados pelo Instituto e recebem instruções específicas para cada projeto realizado. A coleta será feita com a utilização de tablet e questionário eletrônico. São checados, no mínimo, 20% dos questionários de cada pesquisador, seja in loco por supervisores de campo ou, posteriormente, por telefone. Internamente, todo o material é verificado e codificado. Antes do processamento final e emissão dos resultados, realiza-se processo de consistência dos dados. Os dados coletados e tratados nesta pesquisa atendem às exigências da LGPD, Lei Geral de Proteção de Dados, garantindo ao respondente o sigilo de sua identidade e o correto tratamento de suas respostas.";"Área física: A área de abrangência da coleta dos dados é o estado de São Paulo. A relação completa dos municípios e bairros pesquisados será anexada ao registro até o dia seguinte à data de publicação da pesquisa, conforme Resolução 23.600/2019 do TSE, no art.2º §7º. "
"07/08/2026";"05:47:04";2026;81;"Eleições Gerais 2026";"SP";"SP";"SÃO PAULO";"SP046502026";"2026-02-05 18:28:00";"S";"81908345000140";"INSTITUTO PARANA DE PESQUISAS E ANALISE DE CONSUMIDOR LTDA";"#NULO#";"Governador, Senador";"2026-02-06 00:00:00";"2026-02-10 00:00:00";"2026-02-11 00:00:00";1580;"10245 - 4ª Região";"Tatiani Cristina Ara";"40000,00";"Pesquisa com metodologia quantitativa, com a realização de entrevistas pessoais, domiciliares e presenciais, utilizando questionário estruturado junto a uma amostra representativa do eleitorado do Estado de São Paulo.";"A amostra será representativa do eleitorado da área pesquisada e será selecionada em três etapas. Na primeira etapa realiza-se um sorteio probabilístico dos municípios onde as entrevistas serão realizadas através do método PPT (Probabilidade Proporcional ao Tamanho), considerando a população eleitora com 16 anos ou mais residente nos municípios como base para essa seleção. Na segunda etapa, faz-se um sorteio probabilístico das localidades, onde as entrevistas serão realizadas, através do método PPT (Probabilidade Proporcional ao Tamanho), tomando a população eleitora de 16 anos ou mais residente nas localidades como base para essa seleção. Na terceira etapa, a seleção do entrevistado dentro da localidade, será feita utilizando-se quotas amostrais proporcionais, em função das seguintes variáveis:
GÊNERO: TSE Janeiro 2026 (https://sig.tse.jus.br/ords/dwapr/r/seai/sig-eleitor-eleitorado-mensal/cruzamento-eleitorado-mensal?p24_metricas=E&p24_back=22&p24_cruzamento_1=ds_sexo&clear=24&p0_uf=SP&debug=LEVEL5&session=312990078978641)
Masculino - 47%; |
Feminino - 53%; |
FAIXA ETÁRIA: TSE Janeiro 2026 (https://sig.tse.jus.br/ords/dwapr/r/seai/sig-eleitor-eleitorado-mensal/cruzamento-eleitorado-mensal?p24_cruzamento_1=ds_faixa_etaria&p24_metricas=E&p24_back=22&clear=24&p0_uf=SP&debug=LEVEL5&session=8904950028837)
Entre 16 e 24 anos: 11%; |
Entre 25 e 34 anos: 18%; |
Entre 35 e 44 anos: 20%; |
Entre 45 e 59 anos: 27%; |
Com 60 anos ou mais: 24%; |
ESCOLARIDADE: TSE Janeiro 2026 (https://sig.tse.jus.br/ords/dwapr/r/seai/sig-eleitor-eleitorado-mensal/cruzamento-eleitorado-mensal?p24_cruzamento_1=ds_grau_instrucao&p24_metricas=E&p24_back=22&clear=24&p0_uf=SP&debug=LEVEL5&session=309383598034615)
De analfabeto até ensino fundamental completo: 29%; |
Ensino médio incompleto ou completo: 50% |
Ensino superior incompleto ou completo: 21% |
RENDA DOMICILIAR MENSAL:  (https://cidades.ibge.gov.br/brasil/sp/pesquisa/23/24304) IBGE - Censo 2010. Observação: Conforme informações obtidas do Instituto Brasileiro de Geografia e Estatística, o IBGE, não divulgou - e não tem previsão - de data para divulgação do perfil econômico (nível econômico) da população brasileira; portanto, os dados quanto ao nível econômico obtidos no Censo 2022, não podem ser utilizados, pois não foram publicados. (https://censo2022.ibge.gov.br/panorama/)
Sem rendimentos até 2 salários mínimos: 31% |
Mais de 2 a 5 salários mínimos: 39% |
Mais de 5 salários mínimos: 30% |
Está prevista eventual ponderação para correção das variáveis gênero e faixa etária, com base nos percentuais acima apresentados, caso ocorram diferenças superiores a 3,0 (três) pontos percentuais entre o previsto na amostra e a coleta realizada; para as variáveis escolaridade e renda domiciliar mensal, o fator de ponderação é igual a 1 (resultados obtidos no campo). O nível de confiança estimado é de 95% (noventa e cinco por cento) para uma margem de erro estimada, considerando uma técnica de amostragem aleatória simples, de aproximadamente 2,5 (dois vírgula cinco) pontos percentuais para mais ou para menos sobre os resultados obtidos.";"As entrevistas serão conduzidas por uma equipe de entrevistadores e supervisores devidamente qualificados pelo Instituto Paraná Pesquisas, todos com experiência e treinamento específico em pesquisas de opinião pública. 
Controle: O controle do processo será realizado por meio de um software de coleta de dados, o qual permitirá o monitoramento garantindo o cumprimento das cotas amostrais.
Conferência e Fiscalização: Durante a coleta de dados os questionários aplicados são fiscalizados e conferidos através de um supervisor.   
Adicionalmente, pelo menos 30% dos questionários passarão por uma verificação posterior, que avaliará a precisão na aplicação e a adequação dos entrevistados às variáveis das quotas amostrais. Ou seja, no mínimo 474 entrevistas desta pesquisa serão auditadas pela equipe de qualidade do Instituto Paraná Pesquisas, podendo essa auditoria ser solicitada ao Instituto a qualquer momento.
Verificação: Após a coleta, os questionários passam por uma etapa de verificação e validação dos dados, para garantir a integridade e precisão dos dados coletados.";"A pesquisa será realizada no Estado de São Paulo, a relação dos dados relativos aos municípios e às localidades será apresentado até o dia seguinte à data a partir da qual a pesquisa puder ser divulgada, conforme §7º do art. 2º da Resolução-TSE nº. 23.600/2019"
"07/08/2026";"05:47:04";2026;81;"Eleições Gerais 2026";"SP";"SP";"SÃO PAULO";"SP003782026";"2026-04-10 17:17:40";"S";"81908345000140";"INSTITUTO PARANA DE PESQUISAS E ANALISE DE CONSUMIDOR LTDA";"#NULO#";"Governador, Senador";"2026-04-11 00:00:00";"2026-04-14 00:00:00";"2026-04-16 00:00:00";1600;"10245 - 4ª Região";"Tatiani Cristina Ara";"50000,00";"Pesquisa com metodologia quantitativa, com a realização de entrevistas pessoais, domiciliares e presenciais, utilizando questionário estruturado junto a uma amostra representativa do eleitorado do Estado de São Paulo.


";"""A amostra será representativa do eleitorado da área pesquisada e será selecionada em três etapas. Na primeira etapa realiza-se um sorteio probabilístico dos municípios onde as entrevistas serão realizadas através do método PPT (Probabilidade Proporcional ao Tamanho), considerando a população eleitora com 16 anos ou mais residente nos municípios como base para essa seleção. Na segunda etapa, faz-se um sorteio probabilístico das localidades, onde as entrevistas serão realizadas, através do método PPT (Probabilidade Proporcional ao Tamanho), tomando a população eleitora de 16 anos ou mais residente nas localidades como base para essa seleção. Na terceira etapa, a seleção do entrevistado dentro da localidade, será feita utilizando-se quotas amostrais proporcionais, em função das seguintes variáveis:
GÊNERO: TSE Março 2026 (https://sig.tse.jus.br/ords/dwapr/r/seai/sig-eleitor-eleitorado-mensal/cruzamento-eleitorado-mensal?p24_metricas=E&p24_back=22&p24_cruzamento_1=ds_sexo&clear=24&p0_uf=SP&p0_mes=3&debug=LEVEL5&session=312990078978641)
Masculino - 47%; |
Feminino - 53%; |
FAIXA ETÁRIA: TSE Março 2026 (https://sig.tse.jus.br/ords/dwapr/r/seai/sig-eleitor-eleitorado-mensal/cruzamento-eleitorado-mensal?p24_cruzamento_1=ds_faixa_etaria&p24_metricas=E&p24_back=22&clear=24&p0_uf=SP&p0_mes=3&debug=LEVEL5&session=8904950028837)
Entre 16 e 24 anos: 11%; |
Entre 25 e 34 anos: 18%; |
Entre 35 e 44 anos: 20%; |
Entre 45 e 59 anos: 26%; |
Com 60 anos ou mais: 25%; |
ESCOLARIDADE: TSE Março 2026 (https://sig.tse.jus.br/ords/dwapr/r/seai/sig-eleitor-eleitorado-mensal/cruzamento-eleitorado-mensal?p24_cruzamento_1=ds_grau_instrucao&p24_metricas=E&p24_back=22&clear=24&p0_uf=SP&p0_mes=3&debug=LEVEL5&session=309383598034615)
De analfabeto até ensino fundamental completo: 29%; |
Ensino médio incompleto ou completo: 50% |
Ensino superior incompleto ou completo: 21% |
RENDA DOMICILIAR MENSAL:  (https://cidades.ibge.gov.br/brasil/sp/pesquisa/23/24304) IBGE - Censo 2010. Observação: Conforme informações obtidas do Instituto Brasileiro de Geografia e Estatística, o IBGE, não divulgou - e não tem previsão - de data para divulgação do perfil econômico (nível econômico) da população brasileira; portanto, os dados quanto ao nível econômico obtidos no Censo 2022, não podem ser utilizados, pois não foram publicados. (https://censo2022.ibge.gov.br/panorama/)
Sem rendimentos até 2 salários mínimos: 31% |
Mais de 2 a 5 salários mínimos: 39% |
Mais de 5 salários mínimos: 30% |
Está prevista eventual ponderação para correção das variáveis gênero e faixa etária, com base nos percentuais acima apresentados, caso ocorram diferenças superiores a 3,0 (três) pontos percentuais entre o previsto na amostra e a coleta realizada; para as variáveis escolaridade e renda domiciliar mensal, o fator de ponderação é igual a 1 (resultados obtidos no campo). O nível de confiança estimado é de 95% (noventa e cinco por cento) para uma margem de erro estimada, considerando uma técnica de amostragem aleatória simples, de aproximadamente 2,5 (dois vírgula cinco) pontos percentuais para mais ou para menos sobre os resultados obtidos.""





";"""As entrevistas serão conduzidas por uma equipe de entrevistadores e supervisores devidamente qualificados pelo Instituto Paraná Pesquisas, todos com experiência e treinamento específico em pesquisas de opinião pública. 
Controle: O controle do processo será realizado por meio de um software de coleta de dados, o qual permitirá o monitoramento garantindo o cumprimento das cotas amostrais.
Conferência e Fiscalização: Durante a coleta de dados os questionários aplicados são fiscalizados e conferidos através de um supervisor.   
Adicionalmente, pelo menos 30% dos questionários passarão por uma verificação posterior, que avaliará a precisão na aplicação e a adequação dos entrevistados às variáveis das quotas amostrais. Ou seja, no mínimo 480 entrevistas desta pesquisa serão auditadas pela equipe de qualidade do Instituto Paraná Pesquisas, podendo essa auditoria ser solicitada ao Instituto a qualquer momento.
Verificação: Após a coleta, os questionários passam por uma etapa de verificação e validação dos dados, para garantir a integridade e precisão dos dados coletados.""





";" ""A pesquisa será realizada no Estado de São Paulo, a relação dos dados relativos aos municípios e às localidades será apresentado até o dia seguinte à data a partir da qual a pesquisa puder ser divulgada, conforme §7º do art. 2º da Resolução-TSE nº. 23.600/2019""





"
"07/08/2026";"05:47:04";2026;81;"Eleições Gerais 2026";"SP";"SP";"SÃO PAULO";"SP090232026";"2026-06-30 22:23:37";"S";"00654576000172";"INSTITUTO VERITA LTDA";"VERITA";"Governador, Senador";"2026-07-01 00:00:00";"2026-07-05 00:00:00";"2026-07-06 00:00:00";2000;"10699";"Guilherme Alvarenga Laia";"154000,00";"Pesquisa quantitativa, que consiste na realização de entrevistas, com a aplicação de questionário estruturado junto a uma amostra representativa do eleitorado desta Unidade da Federação.";"ESTUDO REPRESENTATIVO DO ELEITORADO DO ESTADO DE SÃO PAULO - MÉTODO PPT (Probabilidade Proporcional ao Tamanho) - PLANO AMOSTRAL E PONDERAÇÃO QUANTO A SEXO, IDADE, GRAU DE INSTRUÇÃO E NÍVEL ECONÔMICO DO ENTREVISTADO; INTERVALO DE CONFIANÇA E MARGEM DE ERRO: Representativo do eleitorado da área em estudo, elaborada, em vários estágios, da seguinte forma: - 1. Divisão da UF em estratos proporcionais de municípios. 2. Ordenação dos municípios de cada estrato segundo o porte. 3. Sorteio dos municípios de cada estrato. 4. Os respondentes são selecionados através de quotas amostrais proporcionais em função de variáveis significativas, a saber: GÊNERO / FAIXA ETÁRIA - FEMININO E MASCULINO 16 A 34 ANOS 14,8% E 14%, 35 A 54 ANOS 20,5% E 18,3%, 55 ANOS OU MAIS 18% E 14,5%. GRAU DE INSTRUÇÃO ¿ FEMININO E MASCULINO Sem instrução até Ensino Médio completo 54,8%, Ensino superior incompleto e completo 45,2% NÍVEL ECONÔMICO - FEMININO população não economicamente ativa 46,5% população economicamente ativa 53,5% MASCULINO população não economicamente ativa 27,2% população economicamente ativa 72,8%. RENDA FAMILIAR DO DOMICÍLIO renda familiar de até 2 salários-mínimos 30,7%; de 2 a 5 salários-mínimos 44,2%, acima de 5 salários-mínimos 25,1%. Está prevista eventual ponderação para correção das variáveis, com base nos percentuais anteriormente mencionados, caso ocorram diferenças superiores a margem de erro da pesquisa previsto entre a amostra e a coleta de dados realizada. O fator previsto para ponderação é 1 (resultados obtidos na coleta de dados). O intervalo de confiança estimado é de 95% e a margem de erro máxima estimada considerando um modelo de amostragem aleatório simples, é de aproximadamente 2,5 pontos percentuais para mais ou para menos sobre os resultados encontrados no total da amostra. FONTE DOS DADOS: IBGE/Censo 2022 para fins de densidade demográfica, setores censitários e alocação da amostra. IBGE/PNAD/PNADC/MEC/INEP para fins de Nível Econômico e Escolaridade. TSE FEVEREIRO/2026 para fins de Sexo, Faixa Etária e eleitorado por município ou regiões previamente definidas (importante ressaltar para o público leigo que os dados do TSE são os únicos corretos para gênero, idade dos eleitores e quantitativo de eleitores por municípios já que a base de dados se atualiza automaticamente, PORÉM, dados de escolaridade e nível econômico NÃO são corretos e confiáveis devido a desatualização que ocorre naturalmente com o passar dos anos). Definição de margem de erro e intervalo de confiança: Margem de erro e intervalo de confiança não são grandezas diretamente proporcionais. A SOMA NÃO TEM QUE RESULTAR 100%. ";"Após os trabalhos de coleta de dados, os questionários são submetidos a uma fiscalização, conferência e checagem de cerca de 20% (vinte por cento) dos questionários aplicados.";"A relação dos municípios sorteados ou selecionados para esta pesquisa será apresentada em arquivo anexo até 1 (um) dia após a divulgação desta pesquisa conforme §7º. do art. 2º. da Resolução-TSE nº. 23.600/2019. A área de abrangência desta pesquisa é o Estado DE SÃO PAULO."
"07/08/2026";"05:47:04";2026;81;"Eleições Gerais 2026";"SP";"SP";"SÃO PAULO";"SP097652026";"2026-06-09 15:33:05";"S";"45613076000120";"INSTITUTO VOX BRASIL OPINIAO E PESQUISAS LTDA";"#NULO#";"Governador, Senador, Deputado Federal, Deputado Estadual";"2026-06-10 00:00:00";"2026-06-11 00:00:00";"2026-06-15 00:00:00";1100;"9907";"GUILHERME COELHO NEVES";"8000,00";"Pesquisa do tipo quantitativo, por amostragem, com aplicação de questionário estruturado e abordagem pessoal em domicílios particulares permanentemente ocupados (de acordo com a definição do IBGE - Instituto Brasileiro de Geografia e Estatística). O conjunto do eleitorado de Campinas, Estado de São Paulo, com 16 anos ou mais foi tomado como universo da pesquisa.";"Tamanho da amostra: A amostra prevista é de 1100 entrevistas. Técnica de amostragem: A amostra é aleatória, com base na estimativa da média populacional. Utilizamos a amostragem em mais de um estágio. No primeiro estágio dividimos o município em bairros/setores censitários (conglomerados), sendo os mesmos listados, onde foram sorteados aleatoriamente. No segundo estágio, foram sorteadas as ruas (dispondo de um mapa da região), no terceiro estágio fizemos o sorteio das casas (via amostragem sistemática). O quarto estágio foi a seleção do entrevistado dentro da casa, onde o critério adotado foi o da primeira pessoa que atendesse a equipe de pesquisa, sendo este obrigatoriamente morador da residência e eleitor da cidade pesquisada. Na etapa seguinte foi realizado um controle das seguintes variáveis: sexo, idade, grau de instrução e nível econômico. Também adotamos p=50% para maximizar o tamanho da amostra. a) a amostra poderá ser ponderada levando em consideração a variável sexo da população de Campinas sendo 46% homens e 54% mulheres, conforme dados do TSE de Abril de 2026 e a variável idade sendo consideradas as faixas: 16 anos: 0,12%; 17 anos: 0,33%; 18 a 20 anos: 3,33%; 21 a 24 anos: 5,83%; de 25 a 34 anos: 17,42%; de 35 a 44 anos: 19,64%; de 45 a 59 anos: 26,11%; de 60 a 69 anos: 13,64% e acima de 69 anos: 13,58% (TSE Abril de 2026). Quanto à variável grau de instrução, temos: ANALFABETO: 1,6%; LÊ E ESCREVE: 2,95%; ENSINO FUNDAMENTAL INCOMPLETO: 15,79%; ENSINO FUNDAMENTAL COMPLETO: 6,9%; ENSINO MÉDIO INCOMPLETO: 17,21%; ENSINO MÉDIO COMPLETO: 31,27%; SUPERIOR INCOMPLETO: 6,76% e SUPERIOR COMPLETO: 17,52% (TSE Abril de 2026). E para a variável renda, temos: Até 2 Salários Mínimos: 65,86%; 2 a 5 Salários Mínimos: 22,01%; 5 a 10 Salários Mínimos: 8,4% e acima de 10 Salários Mínimos: 3,73% (IBGE Censo 2010, conforme dados de renda fornecidos). Observação: Conforme informações obtidas do Instituto Brasileiro de Geografia e Estatística, o IBGE, não divulgou - e não tem previsão - de data para divulgação do perfil econômico (nível econômico) da população brasileira; portanto, os dados quanto ao nível econômico obtidos no Censo 2022, não podem ser utilizados, pois não foram publicados.  Em relação à ponderação, devido à metodologia amostral adotada, os fatores de ponderação a serem aplicados em todas as variáveis (sexo, idade, grau de instrução e renda), assumem valor igual a 1 (um). Área física: município de Campinas, Estado de São Paulo, em domicílios particulares permanentemente ocupados e sorteados de maneira aleatória simples sem reposição. Margem de Erro: A margem de erro máxima prevista para o total da amostra é de 3 pontos percentuais para mais ou para menos, considerando um nível de confiança de 95%. Os intervalos de confiança serão calculados considerando os resultados obtidos para um nível de confiança de 95%. Fonte de Dados: TSE - Abril de 2026 e IBGE Censo 2010.";"Os pesquisadores envolvidos na realização desta pesquisa recebem treinamento especializado e instruções específicas de abordagem. O trabalho é feito com a equipe de entrevistadores e coordenadores de campo. Há fiscalização no ato da entrevista e os questionários são recolhidos e checados quanto ao correto preenchimento dos dados. Após os trabalhos de campo, os questionários são submetidos a uma fiscalização que consiste na verificação de 20% dos questionários aplicados individualmente pelos entrevistadores, para checagem das respostas. Internamente, todo o material é verificado, codificado, digitado e, antes do processamento final, realiza-se a conferência da digitação (consistência dos dados).";"EM ANEXO."
"07/08/2026";"05:47:04";2026;81;"Eleições Gerais 2026";"SP";"SP";"SÃO PAULO";"SP087032026";"2026-04-20 14:20:15";"S";"45613076000120";"INSTITUTO VOX BRASIL OPINIAO E PESQUISAS LTDA";"#NULO#";"Governador, Senador";"2026-04-22 00:00:00";"2026-04-25 00:00:00";"2026-04-26 00:00:00";1480;"9907 3ºREGIÃO";"GUILHERME COELHO NEVES";"50000,00";"Metodologia de pesquisa: Pesquisa do tipo quantitativo, por amostragem, com aplicação de questionário estruturado e abordagem pessoal em domicílios particulares permanentemente ocupados (de acordo com a definição do IBGE - Instituto Brasileiro de Geografia e Estatística). O conjunto do eleitorado do ESTADO de São Paulo com 16 anos ou mais foi tomado como universo da pesquisa.";"Tamanho da amostra: A amostra prevista é de 1480 entrevistas. Técnica de amostragem A amostra é aleatória, com base na estimativa da média populacional. Utilizamos a amostragem em mais de um estágio. No primeiro estágio dividimos o município em bairros/setores censitários (conglomerados), sendo os mesmos listados, onde foram sorteados aleatoriamente. No segundo estágio, foram sorteadas as ruas (dispondo de um mapa da região), no terceiro estágio fizemos o sorteio das casas (via amostragem sistemática). O quarto estágio foi a seleção do entrevistado dentro da casa, onde o critério adotado foi o da primeira pessoa que atendesse a equipe de pesquisa, sendo este obrigatoriamente morador da residência e eleitor da cidade pesquisada. Na etapa seguinte foi realizado um controle das seguintes variáveis: sexo, idade, grau de instrução e nível econômico. Também adotamos p=50% para maximizar o tamanho da amostra a) a amostra poderá ser ponderada levando em consideração a variável sexo da população do Estado de São Paulo sendo 46,7 % homens e 53,3 % mulheres, conforme dados do TSE de Janeiro de 2026 e a variável idade sendo consideradas as faixas: 16 anos:0,08%;17 anos:0,29%; 18 a 20 anos:3,72%; 21 a 24 anos: 6,46%; de 25 a 34 anos: 18,23%; de 35 a 44 anos: 20,15%, de 45 a 59 anos: 26,54%; de 60 a 69 anos: 13,49% e acima de 69 anos: 11,04% (TSE Janeiro 2026). Quanto à variável grau de instrução, temos: ANALFABETO: 1,72%; LÊ E ESCREVE: 2,93%; ENSINO FUNDAMENTAL INCOMPLETO: 17,83%; ENSINO FUNDAMENTAL COMPLETO:6,74%; ENSINO MÉDIO INCOMPLETO: 16,28%; ENSINO MÉDIO COMPLETO: 33,33%; SUPERIOR INCOMPLETO: 6,04% e SUPERIOR COMPLETO: 15,13%(TSE Janeiro 2026). E para a variável renda, temos: Até 2 Salários Mínimos: 75,86%; 2 a 5 Salários Mínimos:17,2%; 5 a 10 Salários Mínimos:4,68% e acima de 10 Salários Mínimos:2,26%( IBGE Censo 2010). Em relação à ponderação, devido à metodologia amostral adotada, os fatores de ponderação a serem aplicados em toda as variáveis (sexo, idade, grau de instrução e renda), assumem valor igual a 1(um). Área física: Estado de São Paulo em domicílios particulares permanentemente ocupados e sorteados de maneira aleatória simples sem reposição. Margem de Erro: A margem de erro máxima prevista para o total da amostra é de 2,55 pontos percentuais para mais ou para menos, considerando um nível de confiança de 95%. Os intervalos de confiança serão calculados considerando os resultados obtidos para um nível de confiança de 95%. Fonte de Dados: TSE- Janeiro 2026 e IBGE Censo 2010.";"Os pesquisadores envolvidos na realização desta pesquisa recebem treinamento especializado e instruções específicas de abordagem. O trabalho é realizado por equipes de entrevistadores e supervisores de campo. Há fiscalização no ato da entrevista e os questionários são recolhidos e checados quanto ao correto preenchimento dos dados. Após os trabalhos de campo, os questionários são submetidos a uma fiscalização que consiste na verificação de 20% dos questionários aplicados individualmente pelos entrevistadores, para checagem das respostas. Internamente, todo o material é verificado, codificado, digitado e, antes do processamento final, realiza-se a conferência da digitação (consistência dos dados).";"EM ANEXO."
"07/08/2026";"05:47:04";2026;81;"Eleições Gerais 2026";"SP";"SP";"SÃO PAULO";"SP035832026";"2026-04-23 18:04:58";"N";"22445600000104";"QUAEST PESQUISAS, CONSULTORIA E PROJETOS LTDA.";"#NULO#";"Governador, Senador";"2026-04-23 00:00:00";"2026-04-27 00:00:00";"2026-04-29 00:00:00";1650;"6731";"Margarida Maria de Mendonça";"279386,89";"Pesquisa quantitativa, de survey, que consiste na realização de entrevistas pessoais, domiciliares e presenciais, conduzidas por profissionais treinados, com a aplicação de questionários estruturados a uma amostra representativa da população votante de 16 anos ou mais residente no estado de São Paulo. O desenho amostral aplicado combina sorteio probabilístico de municípios e de setores censitários fornecidos pelo IBGE (unidades territoriais homogêneas, de tamanho similar a quadras ou blocos), dentro dos quais serão selecionadas pessoas respondentes por meio de cotas amostrais.";"O público pesquisado é composto por eleitores de 16 anos ou mais residentes na área de abrangência da pesquisa. Para produzir uma amostra representativa desse público-alvo, utilizamos um desenho amostral por conglomerados que prevê três estágios. No primeiro estágio, é feito um sorteio probabilístico de municípios para comporem a amostra por meio do método PPT (Probabilidade Proporcional ao Tamanho) a partir de suas populações votantes acima de 16 anos. Dentro da lista de municípios sorteados, no segundo estágio, é realizado um sorteio probabilístico por meio do método PPT (Probabilidade Proporcional ao Tamanho) de setores censitários a serem visitados pelos entrevistadores, sorteio que tem como base o total de habitantes residentes nos setores de acordo com dados do Censo de 2022, o que garante a dispersão aleatória e estatística da amostra dentro dos territórios municipais, independentemente de divisões administrativas. Finalmente, dentro da lista de setores censitários sorteados, no último estágio são selecionados domicílios e pessoas a serem entrevistadas utilizando-se cotas amostrais para as seguintes variáveis: sexo, idade, renda familiar e escolaridade. O perfil da amostra, definido pelas cotas previstas, é o seguinte:

Sexo: Masculino (47%); Feminino (53%). 
Faixa etária: 16-34 anos (28%); 35-59 anos (47%); 60 ou mais (25%). 
Renda domiciliar total, incluindo pensões, benefícios e rendimentos de trabalhos informais: Até 2 salários-mínimos (21%); Mais de 2 a 5 salários-mínimos (44%); Mais de 5 salários-mínimos (35%). 
Nível de instrução: Até Fundamental completo ou médio incompleto (33%); Médio completo ou superior incompleto (42%); Superior completo ou mais (25%). 

Fonte dos dados: para a distribuição de sexo e idade, TSE-Tribunal Superior Eleitoral - março/2026; para a malha de setores censitários, Censo 2022 (IBGE); para a distribuição de renda domiciliar, PNADc Anual 2024, 5a visita (IBGE); e, para a distribuição de escolaridade/instrução, PNADc trimestral 4-2025 (IBGE). A PNADc é utilizada por ser a fonte oficial mais atualizada de rendimentos do país, incluindo rendimentos informais, pensões, entre outros, e corrigindo as defasagens temporais do Censo 2022, além de ser a fonte mais atualizada de nível de instrução da população com 16 anos ou mais dada ausência de atualização obrigatória da escolaridade no registro de eleitores do TSE.

Está prevista eventual pós-estratificação da amostra, por meio de algoritmos de calibração (rake) e modelos (MrP), para correção de estimativas e das distribuições das variáveis sexo, idade, renda familiar e escolaridade, com base nos percentuais anteriormente mencionados, caso ocorram diferenças entre os percentuais previstos na amostra e a coleta de dados realizada. 

Dentro do público-alvo anteriormente descrito, serão realizadas 1.650 entrevistas. O nível de confiança das estimativas é de 95% e a margem de erro máxima prevista, atendendo às diretivas do TSE e usando o cálculo para amostra aleatória simples (AAS) como aproximação, é de cerca de 2 pontos percentuais para mais ou para menos em relação aos totais da amostra.";"As entrevistas serão realizadas por uma equipe de entrevistadores devidamente qualificada, com experiência e treinamento em pesquisa de opinião pública. Todo trabalho é feito em tablets ou outros dispositivos eletrônicos. Após a realização da coleta de dados, as entrevistas junto aos respondentes são checadas por meio de procedimentos de consistência e de georreferenciamento dos locais de aplicação em tempo real. Adicionalmente, ao longo e após os trabalhos de campo, é realizada uma fiscalização que consiste na checagem de áudio de uma amostra de 30% dos questionários aplicados para verificação das respostas e da adequação dos entrevistados aos parâmetros amostrais.";"A área de abrangência da coleta é o território do estado de São Paulo. A relação do número de pessoas pesquisadas nas áreas de aplicação da pesquisa, discriminadas por município, bairros e setores censitários a partir dos identificadores utilizados pelo IBGE, além da composição do eleitorado entrevistado na área de abrangência quanto a gênero, idade, grau de instrução e nível econômico, constará em anexo. O mapa com os códigos destes setores censitários e as áreas que delimitam no país todo podem ser conferidos na seguinte fonte oficial: https://censo2022.ibge.gov.br/panorama/mapas.html?localidade=&recorte=setores_censitarios"
"07/08/2026";"05:47:04";2026;81;"Eleições Gerais 2026";"SP";"SP";"SÃO PAULO";"SP068652026";"2026-05-11 18:47:24";"S";"05270800000146";"GERP MERCADOLOGIA LTDA";"GRUPO GERP GERP MERCADO GERP OPINIAO GERPAUDIT";"Governador, Senador";"2026-05-11 00:00:00";"2026-05-15 00:00:00";"2026-05-17 00:00:00";1400;"8153 - 2ª REGIÃO";"CLENILSON SANTOS DE OLIVEIRA";"14000,00";"A população pesquisada é definida como pessoas maiores de 16 anos, eleitoras e residentes no Estado de SÃO PAULO. A pesquisa é do tipo QUANTITATIVA e os entrevistados serão selecionados por cotas em função das variáveis sexo, faixa etária, renda do chefe do domicílio e área de residência. Os dados para definição das cotas foram obtidos de publicações do IBGE e da Estatística do Eleitorado do TSE. Os dados serão tabulados em função das variáveis sócio-econômicas e agregados segundo as diversas áreas de residência de interesse.";"Com a realização de 1400 (mil e quatrocentas) entrevistas, dentro de um universo considerado infinito e um nível de confiança de 95,55%, a margem de erro para projeções dos dados é estimada em 2,67 pontos percentuais, nos casos limites em que as variáveis assumam o percentual de 50%. O resultado projetado para a população pesquisada vai de um mínimo de 47,33% a um máximo de 52,67. Para o mesmo número de entrevistas, a margem de erro tende a se estreitar quando os percentuais se aproximam de 0% ou de 100%. Se a variável incidir em 10%, por exemplo, a margem de erro é estimada em 1,60 pontos percentuais. E o resultado projetado vai de um mínimo de 8,40% a um máximo de 91,60%. O Instituto Gerp utiliza dois desvios padrões para o cálculo da margem de erro em todos os seus projetos de pesquisa, o que representa um nível de confiança de 95,55%, confiando ao trabalho uma segurança ainda maior do que o normalmente utilizado pelo mercado. Está prevista eventual ponderação para correção das variáveis área de residência, sexo, faixa etária e renda do chefe do domicílio, caso ocorram diferenças superiores a 2 pontos percentuais entre o previsto na amostra e a coleta de dados realizada. O plano amostral foi assim definido: IDADE/SEXO: 16-24/masculino (11,27%), 16-24/feminino (10,03%), 25-34/masculino (18,74%), 25-34/feminino (17,76%), 35-44/masculino (20,42%), 35-44/feminino (19,84%), 45-59/masculino (26,57%), 45-59/feminino (26,49%), 60 ou +/masculino (22,99%), 60 ou +/feminino (25,88%) RENDA DO CHEFE DO DOMICÍLIO: Até 01 SM (12,20%), De 01 a 02 SM (18,58%), De 02 a 05 SM (38,74%), De 05 a 10 SM (19,53%), De 10 a 20 SM (7,61%), Mais de 20 SM (3,34%).";"Como de praxe em pesquisas realizadas pelo INSTITUTO DE PESQUISA GERP, todas as entrevistas são criticadas e 20%, no mínimo, são verificados junto ao próprio entrevistado. O trabalho de entrevistas é permanentemente acompanhado por um supervisor local, que controla e fiscaliza a aplicação dos questionários (por telefone, Sistema Cati), com o entrevistador, entrevistando pessoalmente o entrevistado. Além disso, há um controle de qualidade do trabalho nos sistemas de processamento das informações. Para melhor explicitar os mecanismos de controle e verificação, segue o abaixo escrito: Todas as equipes de entrevistadores possuem também um supervisor interno, em caráter permanente, que é responsável pela fiscalização da coleta de dados e verificação das respostas junto aos próprios entrevistados; Cada questionário enviado ao sistema é objeto de uma checagem do seu correto preenchimento e pelo menos 20% das entrevistas são verificadas junto ao entrevistado pelo supervisor interno. Ou seja, em 20% das entrevistas, o supervisor interno liga para o entrevistado e refaz as perguntas, verificando, assim, a veracidade das respostas. As entrevistas objeto da verificação são escolhidas por critério de sorteio aleatório. Ex.: a cada 05 entrevistas enviadas ao sistema, 01 é verificada pelo supervisor interno. Ao término da pesquisa, o INSTITUTO DE PESQUISA GERP, faz uma rigorosa crítica a todos os questionários enviados, onde são checadas inconsistências nas respostas. Caso seja constatada alguma inconsistência, o entrevistado é contatado, a dúvida é solucionada ou a entrevista é descartada.";"A pesquisa englobará os municípios do estado de São Paulo."
"07/08/2026";"05:47:04";2026;81;"Eleições Gerais 2026";"SP";"SP";"SÃO PAULO";"SP099632026";"2026-08-05 18:52:18";"S";"62292602000117";"ENFOQUE ASSESSORIA DE COMUNICACAO INTEGRADA LTDA - ME";"#NULO#";"Governador, Senador, Deputado Federal, Deputado Estadual, Deputado Distrital";"2026-08-05 00:00:00";"2026-08-10 00:00:00";"2026-08-11 00:00:00";800;"5716";"Mario Sergio Matheus dos Santos";"8500,00";"Levantamento quantitativo, por meio de pesquisa individual, utilizando questionário estruturado e padronizado, junto à amostra representativa do eleitorado regional, com dados do TRE-SP, com base no total de eleitores da cidade de Santos, no litoral de SP, onde a pesquisa será realizada.";"A seleção das pessoas pesquisadas, por meio de amostra representativa, dar-se-á em dois estágios. No primeiro, serão delimitadas as áreas a serem pesquisadas, concebendo-se o nível de bairro como ponto de partida. No segundo, os eleitores são selecionados por meio de quotas amostrais, levando-se em consideração proporções dadas pelas variáveis gênero, faixa etária e renda dos eleitores cadastrados, em nível das zonas eleitorais e dados populacionais. Em função da metodologia adotada, a pesquisa é autoponderada, ou seja, o sistema de amostragem por quotas, onde se busca obter um retrato similar do universo pesquisado, não sendo necessário qualquer tipo de ponderação quanto ao sexo, idade e nível econômico. O intervalo de confiança é de 95% e a margem de erro utilizada de 3,5 pontos percentuais para mais ou menos";"Para a realização da pesquisa, utiliza-se uma equipe de entrevistados contratados pela ENFOQUE COMUNICAÇÃO INTEGRADA, devidamente treinada para o trabalho. Após as pesquisas de campo, os questionários serão submetidos a uma fiscalização interna e acompanhamento das equipes para verificação das respostas e da adequação dos entrevistadores aos parâmetros amostrais. Salientamos que a pesquisa ocorrerá em campo, ou seja, presencial, com a devida conferência pela equipe de checagem em amostra.";"Bairros Santos
272ª (estimativa de 32% do total de 800 entrevistas)
Aparecida, Embaré, Ponta da Praia, Macuco e Estuário
273ª (estimativa de 35% do total de 800 entrevistas)
Boqueirão, Gonzaga, Pompeia, José Menino, Campo Grande, Vila Belmiro e Marapé
118ª (estimativa de 33% do total de 800 entrevistas)
Zona Noroeste (Rádio Clube, Santa Maria, Saboó, Castelo, Caneleira, São Jorge, Santa Maria), Morros (São Bento, Nova Cintra, Pacheco, Monte Serrat), Valongo, Paquetá, Vila Mathias, Encruzilhada e Jabaquara.
Divisão de entrevistas de acordo com o perfil (gênero e faixa etária) da zona eleitoral. Dados estimados."
"07/08/2026";"05:47:04";2026;81;"Eleições Gerais 2026";"SP";"SP";"SÃO PAULO";"SP085032026";"2026-07-22 16:33:44";"N";"41555199000100";"RUMON MARKETING DIGITAL E PESQUISAS LTDA";"ACADEMIA DE PESQUISA";"Governador, Deputado Estadual";"2026-07-25 00:00:00";"2026-07-25 00:00:00";"2026-07-27 00:00:00";4000;"7655";"AUGUSTO DA SILVA ROCHA";"8000,00";"A pesquisa cobrirá o município envolvendo todas regiões do município de Várzea Paulista/SP Universo da pesquisa será dos eleitores com 16 anos ou mais. A amostra representará os eleitores do Município, selecionados em 2(dois) estágios. No primeiro estágio, os setores censitários, onde as entrevistas serão realizadas, foram selecionadas, probabilisticamente, através do método PPT - Probabilidade Proporcional ao Tamanho, tomando o número de eleitores como base para seleção. No segundo estágio, a seleção do entrevistado, dentro do setor censitário, será feita utilizando-se quotas proporcionais, e a abordagem será domiciliar.";"Utilizamos quotas proporcionais, em função das seguintes variáveis: Gênero: FEMININO	51,95%	;
MASCULINO	48,05%	;
Faixa etária:  16 a 24 anos	12,7%	;
25 a 34 anos	20,0%	;
35 a 44 anos	20,8%	;
45 a 59 anos	25,6%	;
60 anos ou mais	20,9%	;

Grau de instrução:   ANALFABETO	1,55%	;
ENSINO FUNDAMENTAL COMPLETO	8,25%	;
ENSINO FUNDAMENTAL INCOMPLETO	18,66%	;
ENSINO MÉDIO COMPLETO	40,98%	;
ENSINO MÉDIO INCOMPLETO	13,25%	;
LÊ E ESCREVE	2,95%	;
SUPERIOR COMPLETO	9,67%	
SUPERIOR INCOMPLETO	4,69%	;

 Renda familiar:   Até 1/2 salário mínimo	0,56%	;
Mais de 1/2 a 1 salário mínimo	5,76%	;
Mais de 1 a 2 salários mínimos	19,87%	;
Mais de 2 a 5 salários mínimos	45,92%	;
Mais de 5 a 10 salários mínimos	19,99%	;
Mais de 10 a 20 salários mínimos	2,87%	;
Mais de 20 salários mínimos	0,36%	;
Sem rendimento	4,67%	;

 Fonte dos dados: TSE-Tribunal Superior Eleitoral/ junho2026; IBGE-Censo 2010-IBGE-CENSO 2022 (IBGE/Censo 2010 - Classe de rendimento nominal mensal domiciliar) ; https://cidades.ibge.gov.br/brasil/sp/varzea-paulista/pesquisa/23/24304;  https://sig.tse.jus.br/ords/dwapr/r/seai/sig-eleitor-eleitorado-mensal/cruzamento-eleitorado-mensal?p24_metricas=E&p24_back=22&p24_cruzamento_1=ds_sexo&clear=24&session=6545551064653;  

https://sig.tse.jus.br/ords/dwapr/r/seai/sig-eleitor-eleitorado-mensal/cruzamento-eleitorado-mensal?p24_cruzamento_1=ds_faixa_etaria&p24_metricas=E&p24_back=22&clear=24&session=6545551064653
;  https://sig.tse.jus.br/ords/dwapr/r/seai/sig-eleitor-eleitorado-mensal/cruzamento-eleitorado-mensal?p24_cruzamento_1=ds_grau_instrucao&p24_metricas=E&p24_back=22&clear=24&session=6545551064653;  Ano=2026; Mês = JUNHO; UF= SP;  MUNICIPIO = Várzea Paulista;   Observação: Conforme informações disponibilizadas pelo Instituto Brasileiro de Geografia e Estatística (IBGE), não houve nem há previsão de divulgação do perfil econômico (nível econômico) da população brasileira no âmbito do Censo Demográfico de 2022 (https://censo2022.ibge.gov.br/panorama/), para essa variável será adotado o fator de ponderação igual a 1, correspondente aos resultados obtidos em campo, caso seja verificada diferença superior à margem de erro prevista no estudo entre a projeção da amostra baseada nos dados do IBGE 2010 e os dados efetivamente coletados. Para as variáveis de sexo, idade e grau de instrução, está previsto uma eventual ponderação, nos limites da margem de erro, para correção nos tamanhos das variáveis, caso ocorra uma diferença entre a previsão da amostra e a coleta dos dados realizados sobre a faixa de eleitores acima de 16 anos. Margem de Erro: A margem de erro máxima prevista é de 4,9 pontos percentuais para mais ou para menos, considerando um nível de confiança de 95%.



";"ara a realização da pesquisa, utiliza-se uma equipe de entrevistadores e supervisores credenciados devidamente treinados pela empresa para esse tipo de pesquisa. Após os trabalhos de campo, 100% dos questionários são criticados e passam por uma fiscalização de cerca de 20% (vinte por cento) dos questionários aplicados por cada entrevistador; para verificação da consistência das respostas e da adequação dos entrevistados aos parâmetros amostrais.";"#NULO#"
