"DT_GERACAO";"HH_GERACAO";"AA_ELEICAO";"CD_ELEICAO";"NM_ELEICAO";"SG_UF";"SG_UE";"NM_UE";"NR_PROTOCOLO_REGISTRO";"DT_REGISTRO";"ST_PESQUISA_PROPRIA";"NR_CNPJ_EMPRESA";"NM_EMPRESA";"NM_EMPRESA_FANTASIA";"DS_CARGO";"DT_INICIO_PESQUISA";"DT_FIM_PESQUISA";"DT_DIVULGACAO";"QT_ENTREVISTADO";"CD_CONRE";"NM_ESTATISTICO_RESP";"VR_PESQUISA";"DS_METODOLOGIA_PESQUISA";"DS_PLANO_AMOSTRAL";"DS_SISTEMA_CONTROLE";"DS_DADO_MUNICIPIO"
"07/08/2026";"05:47:04";2026;81;"Eleições Gerais 2026";"GO";"GO";"GOIÁS";"GO042202026";"2026-03-04 09:26:48";"N";"04851508000154";"INSTITUTO GAZETA LTDA";"IGAPE- INSTITUTO GAZETA DE PEQUISAS";"Governador, Senador, Deputado Federal, Deputado Estadual";"2026-03-03 00:00:00";"2026-03-06 00:00:00";"2026-03-10 00:00:00";1200;"10394";"Filipe Moreira Martine";"5000,00";"A metodologia utilizada é Survey quantitativo, com realização das entrevistas de maneira pessoal em domicílio, com aplicação de questionário estruturado e padronizado em plataforma digital (tablet ou computador) junto a uma amostra representativa dos eleitores Do Estado de Goiás.";"O universo da pesquisa é composto por eleitores do estado de Goiás, com idade a partir de 16 anos. A amostra prevista será de 1.200 entrevistas. A Seleção da amostra será realizada utilizando-se quotas amostrais proporcionais, em função das seguintes variáveis. SEXO: Masculino: (47%); Feminino: (53%) - IDADE: 16 a 29 anos (22%); 30 a 44 anos: (30%); 45 a 59 anos: (26%); 60 anos ou mais: (22%) - ESCOLARIDADE: Analfabeto/Lê e escreve: (8%); Fundamental completo ou incompleto: (27%); Médio completo ou incompleto: (47%); Superior completo ou incompleto: (18%); RENDA INDIVIDUAL: Até 1 SM: (32%); De 1 a 2 SM: (35%); Acima de 2 SM (33%). Está prevista eventual ponderação para correção das variáveis, com base nos percentuais acima apresentados - Área física: Unidade Federativa de Goiás. Margem de Erro: A margem de erro máxima prevista para o total da amostra é de 2,8 pontos percentuais para mais ou para menos, considerando um nível de confiança de 95%. Fonte de Dados: TSE: Estatísticas do Eleitorado 2026 e IBGE Censo 2022.";"A coleta de dados é realizada por entrevistadores, orientados por coordenadores de campo. Todos os questionários preenchidos recebem crítica para avaliação da consistência dos dados coletados, sendo que 20% dos questionários serão submetidos à conferência através de novos contatos com os entrevistados, medida sempre adotada que visa garantir a qualidade e fidelidade dos dados coletados. Conforme §6º. do art. 2º. da Resolução-TSE nº. 23.549, o pedido de registro poderá ser complementado pela entrega destes dados ao Tribunal Eleitoral até o sétimo dia seguinte ao registro da pesquisa. Serão enviados os dados relativos aos bairros abrangidos, na ausência de delimitação dos bairros, será identificada a área em que foi realizada)";"segue em Anexo conforme legislação vigente"
"07/08/2026";"05:47:04";2026;81;"Eleições Gerais 2026";"GO";"GO";"GOIÁS";"GO033102026";"2026-07-21 22:22:50";"N";"15015873000145";"DIAGNOSTICO PESQUISAS DE COMPORTAMENTO EIRELI";"DIAGNOSTICO PESQUISAS DE COMPORTAMENTO";"Governador, Senador, Deputado Estadual";"2026-07-23 00:00:00";"2026-07-24 00:00:00";"2026-07-27 00:00:00";1100;"8631";"Alexandre Vasconcelos Lima";"10000,00";"Tipo de Pesquisa: Quantitativa, descritiva e de opinião pública.Técnica de Coleta: Entrevistas pessoais e individuais, aplicadas de forma presencial por meio de questionário estruturado. Universo da Pesquisa (População-Alvo): Eleitores residentes na cidade de Goiânia, estado de Goiás, com idade igual ou superior a 16 anos, aptos a votar no pleito de 2026. Locais de Realização: A coleta será realizada em domicílios e/ou pontos de fluxo populacional, cobrindo uma amostra representativa da cidade de Goiânia-GO";"O plano amostral aplicado consiste em uma amostragem por cotas segundo as variáveis sexo, faixa etária, grau de instrução e renda (conforme dados disponíveis no site do TSE - estatística do eleitorado e no Censo/IBGE).  Nesse sentido, a seleção do entrevistado dentro da localidade será feita utilizando-se quotas amostrais proporcionais as características demográficas do universo, em função das seguintes variáveis: Sexo: Masculino 45% e Feminino 55%. Faixa Etária: Entre 16 e 24 anos: 11%; Entre 25 e 34 anos: 19%; Entre 35 e 44 anos: 21%; Entre 45 e 59 anos: 26% e 60 anos ou mais: 23%. Escolaridade: De analfabeto até ensino fundamental completo: 21%; Ensino médio incompleto ou completo: 49% e Ensino superior incompleto ou completo: 30%. Nível Econômico: Sem rendimento até 3 SM: 82%; Acima de 3 SM: 18%. Está prevista eventual ponderação para correção das variáveis gênero, faixa etária e escolaridade, com base nos percentuais acima apresentados, caso ocorram diferenças superiores a 3,0 (três) pontos percentuais entre o previsto na amostra e a coleta realizada. Para a variável nível econômico, o fator de ponderação é igual a 1 (resultados obtidos no campo).O nível de confiança estimado é de 95% (noventa e cinco por cento) para uma margem de erro estimada, considerando uma técnica de amostragem aleatória simples, de 3 (três) pontos percentuais sobre os resultados obtidos. Ressalta-se que esta margem de erro e grau de confiabilidade se aplica ao total da amostra, não devendo ser considerado para os resultados dentro de cada estrato e nem para os resultados gerados pelo cruzamento de variáveis. As variáveis de Gênero, Faixa Etária e Grau de Instrução possuem dados extraídos do repositório de estatísticas do eleitorado do TSE (Tribunal Superior Eleitoral), atualizados em junho de 2026, referentes ao Estado de Goiás. Para a variável de Nível Econômico, utilizou-se o Censo 2010, disponível em https://cidades.ibge.gov.br/brasil/go/goiania/pesquisa/23/24304.";"Os pesquisadores envolvidos na realização desta pesquisa são treinados pelo Instituto e recebem instruções específicas para a realização da coleta de dados. São checados, no mínimo, 10% dos questionários de cada pesquisador, seja in loco por supervisores de campo ou, posteriormente, por telefone. Internamente, todo o material é verificado, codificado, digitado e, antes do processamento final, realiza-se a conferência da digitação (consistência dos dados).";"A pesquisa será realizada na cidade de Goiânia. 
Abrangendo os bairros: Setor Aeroporto, Setor Marista, Setor Central, Setor dos Funcionários, Norte Ferroviário , Leste Vila Nova, Negrão de Lima, Crimeia Leste, Nova Vila, Crimeia Oeste, Urias Magalhães, Jardim Goiás, Setor Bueno, Setor Pedro Ludovico, Setor Sul, Setor Oeste, Jardim América, Parque Amazônia, Nova Suíça, Universitário, Jaó, Jardim Novo Mundo, Vila Pedroso, Jardim das Amendoeiras, Jardim Aroeiras, Dom Fernando, Santo Hilário, Conjunto Caiçara, Vila Concordia, Vila Morais, Guanabara, Santa Genoveva, Sonho Dourado, Balneário Meia Ponte, Parque das Flores, Vale das Pombas, Vila Mutirão, Curitiba, São Carlos, Bairro da Vitoria, Finsocial, Nova Esperança, Setor Centro Oeste, Parque Tremendão, Cândida de Moraes, Bairro Goiá, Vila Luciana, Vila Mauá, Bairro Ipiranga, Celina Park, João Vaz, Vera Cruz, Carolina Park, Lorena Park, Goiânia Viva, Residencial Buena Vista, Jardim Petrópolis, Capuava, Cidade Jardim, Sudoeste, Vila União, Parque Atheneu, Santa Cruz, Parque Anhanguera, Novo Horizonte, Vila Redenção, Alto da Gloria, Parque das Laranjeiras, Setor Coimbra, Campinas, Santa Helena, Vila São Jose, Eldorado, João Brás, Jardim Petrópolis, Jardim Presidente, Eli Forte, Jardim Presidente, Três Marias, Bairro Feliz, Vila Abaja, Itatiaia, Jardim Pompeia, São Judas Tadeu, Goiânia 2, Residencial Jardim Cerrado, Moinho dos Ventos, Marechal Rondon, Maria Dilce, Alto da Glória, Conjunto Riviera, Aruanã, Jardim Brasil, Vila Montecelli."
"07/08/2026";"05:47:04";2026;81;"Eleições Gerais 2026";"GO";"GO";"GOIÁS";"GO002672026";"2026-03-20 23:20:08";"S";"00654576000172";"INSTITUTO VERITA LTDA";"VERITA";"Governador, Senador, Deputado Federal, Deputado Estadual";"2026-03-21 00:00:00";"2026-03-25 00:00:00";"2026-03-26 00:00:00";1525;"10699";"GUILHERME ALVARENGA LAIA";"117425,00";"Pesquisa quantitativa, que consiste na realização de entrevistas, com a aplicação de questionário estruturado junto a uma amostra representativa do eleitorado desta Unidade da Federação.";"ESTUDO REPRESENTATIVO DO ELEITORADO DO ESTADO DE GOIÁS - MÉTODO PPT (Probabilidade Proporcional ao Tamanho) - PLANO AMOSTRAL E PONDERAÇÃO QUANTO A SEXO, IDADE, GRAU DE INSTRUÇÃO E NÍVEL ECONÔMICO DO ENTREVISTADO; INTERVALO DE CONFIANÇA E MARGEM DE ERRO: Representativo do eleitorado da área em estudo, elaborada, em vários estágios, da seguinte forma: - 1. Divisão da UF em estratos proporcionais de municípios. 2. Ordenação dos municípios de cada estrato segundo o porte. 3. Sorteio dos municípios de cada estrato. 4. Os respondentes são selecionados através de quotas amostrais proporcionais em função de variáveis significativas, a saber: GÊNERO / FAIXA ETÁRIA - FEMININO E MASCULINO 16 A 34 ANOS 16,7% E 15,2%, 35 A 54 ANOS 20,6% E 18,4%, 55 ANOS OU MAIS 15,7% E 13,5%. GRAU DE INSTRUÇÃO - FEMININO Sem instrução até Ensino Médio completo 60,8%, Ensino superior incompleto e completo % NÍVEL ECONÔMICO - FEMININO população não economicamente ativa 46,5% população economicamente ativa 53,5% MASCULINO população não economicamente ativa 27,2% população economicamente ativa 72,8%. RENDA FAMILIAR DO DOMICÍLIO renda familiar de até 2 salários-mínimos 30,7%; de 2 a 5 salários-mínimos 44,2%, acima de 5 salários-mínimos 25,1%. Está prevista eventual ponderação para correção das variáveis, com base nos percentuais anteriormente mencionados, caso ocorram diferenças superiores a margem de erro da pesquisa previsto entre a amostra e a coleta de dados realizada. O fator previsto para ponderação é 1 (resultados obtidos na coleta de dados). O intervalo de confiança estimado é de 95% e a margem de erro máxima estimada considerando um modelo de amostragem aleatório simples, é de aproximadamente 3 pontos percentuais para mais ou para menos sobre os resultados encontrados no total da amostra. FONTE DOS DADOS: IBGE/Censo 2022 para fins de densidade demográfica, setores censitários e alocação da amostra. IBGE/PNAD/PNADC/MEC/INEP para fins de Nível Econômico e Escolaridade. TSE FEVEREIRO/2026 para fins de Sexo, Faixa Etária e eleitorado por município ou regiões previamente definidas (importante ressaltar para o público leigo que os dados do TSE são os únicos corretos para gênero, idade dos eleitores e quantitativo de eleitores por municípios já que a base de dados se atualiza automaticamente, PORÉM, dados de escolaridade e nível econômico NÃO são corretos e confiáveis devido a desatualização que ocorre naturalmente com o passar dos anos). Definição de margem de erro e intervalo de confiança: Margem de erro e intervalo de confiança não são grandezas diretamente proporcionais. A SOMA NÃO TEM QUE RESULTAR 100%. ";"Após os trabalhos de coleta de dados, os questionários são submetidos a uma fiscalização, conferência e checagem de cerca de 20% (vinte por cento) dos questionários aplicados.";"A relação dos municípios sorteados ou selecionados para esta pesquisa será apresentada em arquivo anexo até 1 (um) dia após a divulgação desta pesquisa conforme §7º. do art. 2º. da Resolução-TSE nº. 23.600/2019. A área de abrangência desta pesquisa é o Estado DE GOIÁS"
"07/08/2026";"05:47:04";2026;81;"Eleições Gerais 2026";"GO";"GO";"GOIÁS";"GO075692026";"2026-03-12 16:40:25";"S";"22345021000181";"REAL TIME MIDIA LTDA";"REAL TIME BIG DATA";"Governador, Senador";"2026-03-16 00:00:00";"2026-03-17 00:00:00";"2026-03-18 00:00:00";1500;"10839";"Isabela Zara Cremoneze";"60000,00";"Pesquisa quantitativa, que consiste na realização de entrevistas pessoais, com a aplicação de questionário estruturado junto a uma amostra representativa do eleitorado em estudo. Pesquisa realizada no Estado de Goiás (GO).";"Representativo do eleitorado da área em estudo, elaborada em três estágios.
No primeiro estágio, realiza-se um sorteio probabilístico dos municípios onde as entrevistas serão realizadas, pelo método PPT (Probabilidade Proporcional ao Tamanho), tomando a população eleitora de 16 anos ou mais residente nos municípios como base para essa seleção.
No segundo estágio, efetua-se um sorteio probabilístico das localidades dentro dos municípios selecionados, também pelo método PPT (Probabilidade Proporcional ao Tamanho), considerando a população eleitora de 16 anos ou mais residente nessas localidades como base para a seleção.
No terceiro e último estágio, dentro das localidades sorteadas, os respondentes são selecionados por meio de quotas amostrais proporcionais, em função de variáveis significativas, a saber:
GÊNERO:
Feminino: 52,97%;
Masculino: 47,03%;
(Fonte: TSE, Fevereiro/2026 -- https://sig.tse.jus.br/ords/dwapr/r/seai/sig-eleitor-eleitorado-mensal/cruzamento-eleitorado-mensal?p24_metricas=E&p24_back=22&p24_cruzamento_1=ds_sexo&clear=24&session=214426107809130)
FAIXA ETÁRIA:
16 anos: 0,14%;
17 anos: 0,52%;
18 a 20 anos: 4,46%;
21 a 24 anos: 7,24%;
25 a 34 anos: 19,60%;
35 a 44 anos: 20,37%;
45 a 59 anos: 26,32%;
60 a 69 anos: 12,02%;
70 a 79 anos: 6,58%;
Superior a 79 anos: 2,74%;
(Fonte: TSE, Fevereiro/2026 -- https://sig.tse.jus.br/ords/dwapr/r/seai/sig-eleitor-eleitorado-mensal/cruzamento-eleitorado-mensal?p24_cruzamento_1=ds_faixa_etaria&p24_metricas=E&p24_back=22&clear=24&session=214426107809130)
ESCOLARIDADE:
Analfabeto: 2,45%;
Lê e Escreve: 5,60%;
Ensino Fundamental Incompleto: 20,89%;
Ensino Fundamental Completo: 5,67%;
Ensino Médio Incompleto: 17,22%;
Ensino Médio Completo: 29,44%;
Ensino Superior Incompleto: 6,90%;
Ensino Superior Completo: 11,84%;
(Fonte: TSE, Fevereiro /2026 -- https://sig.tse.jus.br/ords/dwapr/r/seai/sig-eleitor-eleitorado-mensal/cruzamento-eleitorado-mensal?p24_cruzamento_1=ds_grau_instrucao&p24_metricas=E&p24_back=22&clear=24&session=214426107809130)
RENDA DOMICILIAR MENSAL:
Sem rendimento: 3,44%;
Até 1/2 Salário Mínimo: 1,54%;
Mais de 1/2 a 1 Salário Mínimo: 13,65%;
Mais de 1 a 2 Salários Mínimos: 24,43%;
Mais de 2 a 5 Salários Mínimos: 36,58%;
Mais de 5 a 10 Salários Mínimos: 13,61%;
Mais de 10 a 20 Salários Mínimos: 4,75%;
Mais de 20 Salários Mínimos: 1,99%;
(Fonte: IBGE (CENSO-2010) -- https://cidades.ibge.gov.br/brasil/go/pesquisa/23/26504?detalhes=true
Observação: De acordo com informações do Instituto Brasileiro de Geografia e Estatística (IBGE), não há previsão de data para a divulgação do perfil econômico da população brasileira do CENSO 2022. Portanto, os dados sobre o nível econômico obtidos no Censo 2022 não podem ser utilizados, pois ainda não foram publicados.
Está prevista eventual ponderação para correção das variáveis sexo e idade, com base nos percentuais anteriormente mencionados, caso ocorram diferenças superiores a 3 pontos percentuais entre o previsto na amostra e a coleta de dados realizada. Para as variáveis de grau de instrução e nível econômico do entrevistado, o fator previsto para ponderação é 1 (resultados obtidos em campo). O nível de confiança estimado é de 95% e a margem de erro máxima estimada considerando um modelo de amostragem aleatório simples, é de aproximadamente 2 (dois) pontos percentuais para mais ou para menos sobre os resultados encontrados no total da amostra.

";"O trabalho de coleta de dados é acompanhado presencialmente por supervisores. São selecionados aleatoriamente 15% (quinze por cento) dos questionários para uma verificação posterior com ligações telefônicas para os números indicados nos formulários, em caso de dúvida, o formulário é descartado e o entrevistador chamado para esclarecimentos.";"O anexo do arquivo com os bairros será realizado até o dia seguinte da divulgação conforme indicado no §7º. do art. 2º. da Resolução-TSE nº. 23.600/2019."
"07/08/2026";"05:47:04";2026;81;"Eleições Gerais 2026";"GO";"GO";"GOIÁS";"GO098852026";"2026-04-01 22:00:39";"N";"81908345000140";"INSTITUTO PARANA DE PESQUISAS E ANALISE DE CONSUMIDOR LTDA";"#NULO#";"Governador, Senador";"2026-04-01 00:00:00";"2026-04-03 00:00:00";"2026-04-07 00:00:00";1310;"10245 - 4ª Região";"Tatiani Cristina Ara";"45000,00";"Pesquisa com metodologia quantitativa, com a realização de entrevistas pessoais, domiciliares e presenciais, utilizando questionário estruturado junto a uma amostra representativa do eleitorado do Estado de Goiás.


";"""A amostra será representativa do eleitorado da área pesquisada e será selecionada em três etapas. Na primeira etapa realiza-se um sorteio probabilístico dos municípios onde as entrevistas serão realizadas através do método PPT (Probabilidade Proporcional ao Tamanho), considerando a população eleitora com 16 anos ou mais residente nos municípios como base para essa seleção. Na segunda etapa, faz-se um sorteio probabilístico das localidades, onde as entrevistas serão realizadas, através do método PPT (Probabilidade Proporcional ao Tamanho), tomando a população eleitora de 16 anos ou mais residente nas localidades como base para essa seleção. Na terceira etapa, a seleção do entrevistado dentro da localidade, será feita utilizando-se quotas amostrais proporcionais, em função das seguintes variáveis:
GÊNERO: TSE Março 2026 (https://sig.tse.jus.br/ords/dwapr/r/seai/sig-eleitor-eleitorado-mensal/cruzamento-eleitorado-mensal?p24_metricas=E&p24_back=22&p24_cruzamento_1=ds_sexo&clear=24&p0_uf=GO&p0_mes=3&debug=LEVEL5&session=312990078978641)
Masculino - 47%; |
Feminino - 53%; |
FAIXA ETÁRIA: TSE Março 2026 (https://sig.tse.jus.br/ords/dwapr/r/seai/sig-eleitor-eleitorado-mensal/cruzamento-eleitorado-mensal?p24_cruzamento_1=ds_faixa_etaria&p24_metricas=E&p24_back=22&clear=24&p0_uf=GO&p0_mes=3&debug=LEVEL5&session=8904950028837)
Entre 16 e 24 anos: 13%; |
Entre 25 e 34 anos: 20%; |
Entre 35 e 44 anos: 20%; |
Entre 45 e 59 anos: 26%; |
Com 60 anos ou mais: 21%; |
ESCOLARIDADE: TSE Março 2026 (https://sig.tse.jus.br/ords/dwapr/r/seai/sig-eleitor-eleitorado-mensal/cruzamento-eleitorado-mensal?p24_cruzamento_1=ds_grau_instrucao&p24_metricas=E&p24_back=22&clear=24&p0_uf=GO&p0_mes=3&debug=LEVEL5&session=309383598034615)
De analfabeto até ensino fundamental completo: 34%; |
Ensino médio incompleto ou completo: 47% |
Ensino superior incompleto ou completo: 19% |
RENDA DOMICILIAR MENSAL:  (https://cidades.ibge.gov.br/brasil/go/pesquisa/23/24304) IBGE - Censo 2010. Observação: Conforme informações obtidas do Instituto Brasileiro de Geografia e Estatística, o IBGE, não divulgou - e não tem previsão - de data para divulgação do perfil econômico (nível econômico) da população brasileira; portanto, os dados quanto ao nível econômico obtidos no Censo 2022, não podem ser utilizados, pois não foram publicados. (https://censo2022.ibge.gov.br/panorama/)
Sem rendimentos até 2 salários mínimos: 43% |
Mais de 2 a 5 salários mínimos: 37% |
Mais de 5 salários mínimos: 20% |
Está prevista eventual ponderação para correção das variáveis gênero e faixa etária, com base nos percentuais acima apresentados, caso ocorram diferenças superiores a 3,0 (três) pontos percentuais entre o previsto na amostra e a coleta realizada; para as variáveis escolaridade e renda domiciliar mensal, o fator de ponderação é igual a 1 (resultados obtidos no campo). O nível de confiança estimado é de 95% (noventa e cinco por cento) para uma margem de erro estimada, considerando uma técnica de amostragem aleatória simples, de aproximadamente 2,8 (dois vírgula oito) pontos percentuais para mais ou para menos sobre os resultados obtidos.""





";"""As entrevistas serão conduzidas por uma equipe de entrevistadores e supervisores devidamente qualificados pelo Instituto Paraná Pesquisas, todos com experiência e treinamento específico em pesquisas de opinião pública. 
Controle: O controle do processo será realizado por meio de um software de coleta de dados, o qual permitirá o monitoramento garantindo o cumprimento das cotas amostrais.
Conferência e Fiscalização: Durante a coleta de dados os questionários aplicados são fiscalizados e conferidos através de um supervisor.   
Adicionalmente, pelo menos 30% dos questionários passarão por uma verificação posterior, que avaliará a precisão na aplicação e a adequação dos entrevistados às variáveis das quotas amostrais. Ou seja, no mínimo 393 entrevistas desta pesquisa serão auditadas pela equipe de qualidade do Instituto Paraná Pesquisas, podendo essa auditoria ser solicitada ao Instituto a qualquer momento.
Verificação: Após a coleta, os questionários passam por uma etapa de verificação e validação dos dados, para garantir a integridade e precisão dos dados coletados.""





";" ""A pesquisa será realizada no Estado de Goiás, a relação dos dados relativos aos municípios e às localidades será apresentado até o dia seguinte à data a partir da qual a pesquisa puder ser divulgada, conforme §7º do art. 2º da Resolução-TSE nº. 23.600/2019""





"
"07/08/2026";"05:47:04";2026;81;"Eleições Gerais 2026";"GO";"GO";"GOIÁS";"GO071722026";"2026-07-31 21:32:29";"N";"04851508000154";"INSTITUTO GAZETA LTDA";"IGAPE- INSTITUTO GAZETA DE PEQUISAS";"Governador, Senador";"2026-07-31 00:00:00";"2026-08-04 00:00:00";"2026-08-06 00:00:00";500;"10394";"FILIPE MOREIRA MARTINE";"4000,00";"A metodologia utilizada é Survey quantitativo, com realização das entrevistas de maneira pessoal em domicílio, com aplicação de questionário estruturado e padronizado em plataforma digital (tablet ou computador) junto a uma amostra representativa dos eleitores de Caldas Novas.";"O universo da pesquisa é composto por eleitores de Caldas Novas, com idade a partir de 16 anos. A amostra prevista será de 500 entrevistas. A Seleção da amostra será realizada utilizando-se quotas amostrais proporcionais, em função das seguintes variáveis. SEXO: Masculino: (47%); Feminino: (53%) - IDADE: 16 a 29 anos (22%); 30 a 44 anos: (31%); 45 a 59 anos: (27%); 60 anos ou mais: (20%) - ESCOLARIDADE: Analfabeto/Lê e escreve/ Fundamental completo ou incompleto: (34%); Médio completo ou incompleto: (48%); Superior completo ou incompleto: (18%) ¿ RENDA INDIVIDUAL: Até 1 SM: (29%); De 1 a 2 SM: (42%); Acima de 2 SM (29%). Está prevista eventual ponderação para correção das variáveis, com base nos percentuais acima apresentados - Área física: Caldas Novas - GO. Margem de Erro: A margem de erro máxima prevista para o total da amostra é de 4,3 pontos percentuais para mais ou para menos, considerando um nível de confiança de 95%. Fonte de Dados: TSE ¿ Estatísticas do Eleitorado 2026 e IBGE Censo 2022. ";"A coleta de dados é realizada por entrevistadores, orientados por coordenadores de campo. Todos os questionários preenchidos recebem crítica para avaliação da consistência dos dados coletados, sendo que 20% dos questionários serão submetidos à conferência através de novos contatos com os entrevistados, medida sempre adotada que visa garantir a qualidade e fidelidade dos dados coletados.";"Conforme §6º. do art. 2º. da Resolução-TSE nº. 23.549, o pedido de registro poderá ser complementado pela entrega destes dados ao Tribunal Eleitoral até o sétimo dia seguinte ao registro da pesquisa. Serão enviados os dados relativos aos bairros abrangidos, na ausência de delimitação dos bairros, será identificada a área em que foi realizada)"
"07/08/2026";"05:47:04";2026;81;"Eleições Gerais 2026";"GO";"GO";"GOIÁS";"GO022272026";"2026-03-11 21:59:31";"S";"44826961000125";"SMS - DIRECT PESQUISAS E MARKETING LTDA";"DIRECT PESQUISAS";"Governador, Senador, Deputado Federal, Deputado Estadual";"2026-03-13 00:00:00";"2026-03-15 00:00:00";"2026-03-17 00:00:00";600;"10526";"José Dos Reis Cunha Filho";"5000,00";"Pesquisa quantitativa com abordagem porta a porta, com eleitores que votam e/ou residem no município de Rio Verde no estado de Goiás, consistindo na realização de entrevistas pessoais e individuais, com a aplicação de questionário estruturado junto a uma amostra representativa do eleitorado em estudo. Devido a ordem probabilística da amostra, nesta pesquisa será considerada apenas os eleitores residentes dentro do município ou que no dia da entrevista estejam nele. Todas as entrevistas são espontâneas e os dados são sigilosos, guardados no banco de dados do instituto para tabulação e apresentação gráfica e analítica.";"Trata-se de uma amostra probabilística estratificada, com abordagem aleatória simples através de cotas de sexo, idade e escolaridade, ponderadas de acordo com a estatística do Eleitorado do TSE, 2026 (https://sig.tse.jus.br) e renda ponderada de acordo com registro do último senso estratificado do IBGE (https://cidades.ibge.gov.br) e em conformidade com a Resolução do TSE 23.600/2019, complementada pela Resolução 23.676/2021, com entrevistas domiciliares aos eleitores de 16 anos ou mais que exerça seu voto no município de Rio Verde. Totalizando uma população eleitoral de 149.113 e amostra de 600, a um nível de confiança = 95%; Nível de significância = 5%; Margem de erro = 3,99%, com P = 0,5.
SEXO: Masculino (47,17%), Feminino (52,83%); FAIXA ETÁRIA: até 24 anos (12,55%), de 25 a 34 anos (21,19%), de 35 a 44 anos (23,70%), de 45 a 59 anos (24,89%), 60 anos ou mais (17,67%); ESCOLARIDADE: Analfabeto (2,09%), Lê e escreve (6,35%), 1º Grau inc/comp (23,77%), 2º Grau inc/comp (46,81%), 3º Grau inc/comp (20,98%); RENDA: Até 1 salário (13,70%), entre 1 e 2 salários (18,42%), entre 2 e 5 salários (39,64%), entre 5 e 10 salários (18,82%), Mais de 10 salários (9,42%).
";"Os questionários são aplicados com uso de equipamentos eletrônicos, supervisão in loco e via GPS, passarão por conferência através de novo contato até 20% dos entrevistados, todas as regiões pesquisadas foram selecionadas proporcionalmente.";"Os bairros serão anexados de acordo com a resolução."
"07/08/2026";"05:47:04";2026;81;"Eleições Gerais 2026";"GO";"GO";"GOIÁS";"GO005012026";"2026-03-27 17:33:38";"N";"81908345000140";"INSTITUTO PARANA DE PESQUISAS E ANALISE DE CONSUMIDOR LTDA";"#NULO#";"Governador, Senador";"2026-03-28 00:00:00";"2026-03-31 00:00:00";"2026-04-02 00:00:00";1300;"10245 - 4ª Região";"Tatiani Cristina Ara";"45000,00";"Pesquisa com metodologia quantitativa, com a realização de entrevistas pessoais, domiciliares e presenciais, utilizando questionário estruturado junto a uma amostra representativa do eleitorado do Estado de Goiás.


";"""A amostra será representativa do eleitorado da área pesquisada e será selecionada em três etapas. Na primeira etapa realiza-se um sorteio probabilístico dos municípios onde as entrevistas serão realizadas através do método PPT (Probabilidade Proporcional ao Tamanho), considerando a população eleitora com 16 anos ou mais residente nos municípios como base para essa seleção. Na segunda etapa, faz-se um sorteio probabilístico das localidades, onde as entrevistas serão realizadas, através do método PPT (Probabilidade Proporcional ao Tamanho), tomando a população eleitora de 16 anos ou mais residente nas localidades como base para essa seleção. Na terceira etapa, a seleção do entrevistado dentro da localidade, será feita utilizando-se quotas amostrais proporcionais, em função das seguintes variáveis:
GÊNERO: TSE Fevereiro 2026 (https://sig.tse.jus.br/ords/dwapr/r/seai/sig-eleitor-eleitorado-mensal/cruzamento-eleitorado-mensal?p24_metricas=E&p24_back=22&p24_cruzamento_1=ds_sexo&clear=24&p0_uf=GO&p0_mes=2&debug=LEVEL5&session=312990078978641)
Masculino - 47%; |
Feminino - 53%; |
FAIXA ETÁRIA: TSE Fevereiro 2026 (https://sig.tse.jus.br/ords/dwapr/r/seai/sig-eleitor-eleitorado-mensal/cruzamento-eleitorado-mensal?p24_cruzamento_1=ds_faixa_etaria&p24_metricas=E&p24_back=22&clear=24&p0_uf=GO&p0_mes=2&debug=LEVEL5&session=8904950028837)
Entre 16 e 24 anos: 13%; |
Entre 25 e 34 anos: 20%; |
Entre 35 e 44 anos: 20%; |
Entre 45 e 59 anos: 26%; |
Com 60 anos ou mais: 21%; |
ESCOLARIDADE: TSE Fevereiro 2026 (https://sig.tse.jus.br/ords/dwapr/r/seai/sig-eleitor-eleitorado-mensal/cruzamento-eleitorado-mensal?p24_cruzamento_1=ds_grau_instrucao&p24_metricas=E&p24_back=22&clear=24&p0_uf=GO&p0_mes=2&debug=LEVEL5&session=309383598034615)
De analfabeto até ensino fundamental completo: 34%; |
Ensino médio incompleto ou completo: 47% |
Ensino superior incompleto ou completo: 19% |
RENDA DOMICILIAR MENSAL:  (https://cidades.ibge.gov.br/brasil/go/pesquisa/23/24304) IBGE - Censo 2010. Observação: Conforme informações obtidas do Instituto Brasileiro de Geografia e Estatística, o IBGE, não divulgou - e não tem previsão - de data para divulgação do perfil econômico (nível econômico) da população brasileira; portanto, os dados quanto ao nível econômico obtidos no Censo 2022, não podem ser utilizados, pois não foram publicados. (https://censo2022.ibge.gov.br/panorama/)
Sem rendimentos até 2 salários mínimos: 43% |
Mais de 2 a 5 salários mínimos: 37% |
Mais de 5 salários mínimos: 20% |
Está prevista eventual ponderação para correção das variáveis gênero e faixa etária, com base nos percentuais acima apresentados, caso ocorram diferenças superiores a 3,0 (três) pontos percentuais entre o previsto na amostra e a coleta realizada; para as variáveis escolaridade e renda domiciliar mensal, o fator de ponderação é igual a 1 (resultados obtidos no campo). O nível de confiança estimado é de 95% (noventa e cinco por cento) para uma margem de erro estimada, considerando uma técnica de amostragem aleatória simples, de aproximadamente 2,8 (dois vírgula oito) pontos percentuais para mais ou para menos sobre os resultados obtidos.""





";"""As entrevistas serão conduzidas por uma equipe de entrevistadores e supervisores devidamente qualificados pelo Instituto Paraná Pesquisas, todos com experiência e treinamento específico em pesquisas de opinião pública. 
Controle: O controle do processo será realizado por meio de um software de coleta de dados, o qual permitirá o monitoramento garantindo o cumprimento das cotas amostrais.
Conferência e Fiscalização: Durante a coleta de dados os questionários aplicados são fiscalizados e conferidos através de um supervisor.   
Adicionalmente, pelo menos 30% dos questionários passarão por uma verificação posterior, que avaliará a precisão na aplicação e a adequação dos entrevistados às variáveis das quotas amostrais. Ou seja, no mínimo 390 entrevistas desta pesquisa serão auditadas pela equipe de qualidade do Instituto Paraná Pesquisas, podendo essa auditoria ser solicitada ao Instituto a qualquer momento.
Verificação: Após a coleta, os questionários passam por uma etapa de verificação e validação dos dados, para garantir a integridade e precisão dos dados coletados.""





";" ""A pesquisa será realizada no Estado de Goiás, a relação dos dados relativos aos municípios e às localidades será apresentado até o dia seguinte à data a partir da qual a pesquisa puder ser divulgada, conforme §7º do art. 2º da Resolução-TSE nº. 23.600/2019""





"
"07/08/2026";"05:47:04";2026;81;"Eleições Gerais 2026";"GO";"GO";"GOIÁS";"GO068172026";"2026-05-22 15:26:39";"S";"14293213000163";"NUMEN DATA PESQUISA E CONSULTORIA LTDA";"NUMEN DATA";"Governador, Senador";"2026-05-25 00:00:00";"2026-05-26 00:00:00";"2026-05-28 00:00:00";1500;"9531";"Lorena Maurícia Neris Silva";"21000,00";"Pesquisa probabilística estratificada quantitativa por amostragem. Aplicação de questionário estruturado por meio IVR, ligações telefonicas. O universo da pesquisa é o conjunto de eleitoras e eleitores com 16 anos ou mais no estado de Goiás.";"Universo: 5.126.435 eleitoras e eleitores residentes no Goiás com 16 anos de idade ou mais. Tamanho da amostra: 1100 entrevistas. Técnica de amostragem: estratificada a partir da base de dados do IBGE, estimativa populacional 2025 e TSE 2026 para o estado de Goiás. Os números relativos a sexo e faixa etária são do TSE 2026: Sexo: (Masculino 48% e Feminino: 52%). Faixa Etária: (16 a 24 anos 13%, 25 a 44 anos 41%, 45 a 59 anos 26% e 60 anos ou mais 20%). Grau de Instrução: até nível fundamental completo ou incompleto (inclui os sem escolaridade e analfabetos) =36%, nível médio (inclui incompleto)=46% e nível superior (inclui superior incompleto) = 18%. Nível Econômico, será utilizada a o CENSO 2010 e 2022, fonte IBGE, com crusamentos de dados primários da base de dados da Numen Data de pesquisas anteriores (Até 2 salários mínimos 43%, mais de 2 salários mínimos 57%).A margem de erro máxima prevista é de 3 pontos percentuais para mais ou para menos, considerando um nível de confiança de 95%.";"A verificação e conferência é realizada maneira automática pelo sistema de pesquisa com cerca de 20% dos respondentes que completaram o formulário.";"A área de abrangência da coleta é o estado de Goiás, A relação do quantitativo das localidades selecionadas para aplicação da amostra será apresentada até o 7º dia seguinte ao registro da pesquisa, conforme expresso no art. 2º, §7º da Resolução 23.600/2019 do TSE."
"07/08/2026";"05:47:04";2026;81;"Eleições Gerais 2026";"GO";"GO";"GOIÁS";"GO013402026";"2026-05-27 09:17:57";"N";"29533384000190";"INSTITUTO GOIAS PESQUISAS LTDA";"GOIAS PESQUISAS";"Governador, Senador";"2026-05-27 00:00:00";"2026-05-30 00:00:00";"2026-06-02 00:00:00";1150;"8956";"Francy Anne Barbosa Cesar";"45000,00";"Pesquisa quantitativa de opinião política, realizada através de entrevistas telefônicas assistidas por computador (CATI) via sistema de Unidade de Resposta Audível. As chamadas são direcionadas para terminais de telefonia fixa e móvel (celulares), utilizando discagem aleatória dentro dos prefixos ativos no estado de Goiás. O sistema opera de forma impessoal, onde o respondente interage com perguntas pré-gravadas utilizando o teclado do aparelho. A coleta é monitorada em tempo real para controle de cotas e filtragem de inconsistências.";"Universo: Eleitores do Estado de Goiás. Tamanho da amostra: A amostra prevista é de 1.150 entrevistas. Técnica de amostragem: A amostra é estratificada por região geográfica intermediária (IBGE- Censo 2022), onde em cada estrato, num primeiro estágio, são sorteados aleatoriamente os municípios que farão parte do levantamento. No segundo estágio, a seleção do entrevistado dentro da localidade será feita utilizando-se quotas amostrais proporcionais as características demográficas do universo, em função das seguintes variáveis: GÊNERO: Masculino 47,03%; Feminino 52,97% | FAIXA ETÁRIA: Entre 16 e 24 anos: 12,68%; Entre 25 e 34 anos: 19,50%; Entre 35 e 44 anos: 20,25%; Entre 45 e 59 anos: 26,23%; 60 anos ou mais: 21,34% | ESCOLARIDADE: De analfabeto até ensino fundamental completo: 34,37%; Ensino médio incompleto ou completo: 46,94% Ensino superior incompleto ou completo: 18,69%. NÍVEL ECONÔMICO: População Economicamente Ativa: 66,38%; População Não Economicamente Ativa: 33,62% (Sem rendimento Até 1 SM - 59,42%; Acima de 1 até 3 SM 31,39%; Acima de 3 até 5 SM 4,99 e Mais de 5 SM 4,20%). Está prevista eventual ponderação para correção das variáveis gênero, faixa etária e escolaridade, com base nos percentuais acima apresentados, caso ocorram diferenças superiores a 3,0 (três) pontos percentuais entre o previsto na amostra e a coleta realizada. Para a variável nível econômico, o fator de ponderação é igual a 1, (resultados obtidos no campo). O nível de confiança estimado é de 95% (noventa e cinco por cento) para uma margem de erro estimada, considerando uma técnica de amostragem aleatória simples, de aproximadamente 2,89 (dois vírgula oitenta e nove) pontos percentuais sobre os resultados obtidos. Ressalta-se que esta margem de erro e grau de confiabilidade se aplica ao total da amostra, não devendo ser considerado para os resultados dentro de cada estrato e nem para os resultados gerados pelo cruzamento de variáveis. Fonte de Dados: Para as variáveis de Gênero, Faixa Etária e Grau de Instrução, os dados foram extraídos do repositório de estatísticas do eleitorado do TSE (Tribunal Superior Eleitoral), atualizados em abril de 2026, referentes ao Estado de Goiás. Para a variável de Nível Econômico, utilizou-se a PNAD Contínua 4º. Trim 2025 (IBGE), no estado de Goiás. Área física: A relação completa dos municípios e bairros pesquisados será encaminhada a esse tribunal posteriormente até o sétimo dia seguinte à data de registro da pesquisa, conforme Resolução 23.600/2019 do TSE, no art.2º §7º.";"O controle de qualidade é realizado diretamente pelo sistema de coleta, que monitora rigorosamente as cotas em tempo real e encerra a entrevista automaticamente caso o perfil já tenha sido preenchido. A verificação da autenticidade é feita através da auditoria integral dos logs de chamadas (comprovação de origem e duração). São aplicados filtros para descarte de outliers de duração e detecção de padrões de resposta repetitivos. Como segunda camada de proteção, é enviado um SMS - Short Message Service (Serviço de Mensagens Curtas) de agradecimento aos participantes que concluíram o questionário, servindo como registro de validação.";"A pesquisa será realizada no Estado de Goiás. A relação dos municípios e bairros pertencentes à amostra será apresentada até o dia seguinte à data a partir da qual a pesquisa puder ser divulgada, conforme §7º do art. 2º da Resolução TSE nº. 23.600/2019."
"07/08/2026";"05:47:04";2026;81;"Eleições Gerais 2026";"GO";"GO";"GOIÁS";"GO038752026";"2026-03-11 22:03:20";"S";"44826961000125";"SMS - DIRECT PESQUISAS E MARKETING LTDA";"DIRECT PESQUISAS";"Governador, Senador, Deputado Federal, Deputado Estadual";"2026-03-13 00:00:00";"2026-03-14 00:00:00";"2026-03-17 00:00:00";400;"10526";"José Dos Reis Cunha Filho";"4000,00";"Pesquisa quantitativa com abordagem porta a porta, com eleitores que votam e/ou residem no município de Jataí no estado de Goiás, consistindo na realização de entrevistas pessoais e individuais, com a aplicação de questionário estruturado junto a uma amostra representativa do eleitorado em estudo. Devido a ordem probabilística da amostra, nesta pesquisa será considerada apenas os eleitores residentes dentro do município ou que no dia da entrevista estejam nele. Todas as entrevistas são espontâneas e os dados são sigilosos, guardados no banco de dados do instituto para tabulação e apresentação gráfica e analítica.";"Trata-se de uma amostra probabilística estratificada, com abordagem aleatória simples através de cotas de sexo, idade e escolaridade, ponderadas de acordo com a estatística do Eleitorado do TSE, 2026 (https://sig.tse.jus.br) e renda ponderada de acordo com registro do último senso estratificado do IBGE (https://cidades.ibge.gov.br) e em conformidade com a Resolução do TSE 23.600/2019, complementada pela Resolução 23.676/2021, com entrevistas domiciliares aos eleitores de 16 anos ou mais que exerça seu voto no município de Jataí. Totalizando uma população eleitoral de 72.283 e amostra de 400, a um nível de confiança = 95%; Nível de significância = 5%; Margem de erro = 4,89%, com P = 0,5.
SEXO: Masculino (46,76%), Feminino (53,24%); FAIXA ETÁRIA: até 24 anos (12,08%), de 25 a 34 anos (18,97%), de 35 a 44 anos (19,99%), de 45 a 59 anos (25,98%), 60 anos ou mais (22,98%); ESCOLARIDADE: Analfabeto (3,18%), Lê e escreve (5,04%), 1º Grau inc/comp (26,95%), 2º Grau inc/comp (43,62%), 3º Grau inc/comp (21,21%); RENDA: Até 1 salário (12,90%), entre 1 e 2 salários (18,00%), entre 2 e 5 salários (39,50%), entre 5 e 10 salários (18,83%), Mais de 10 salários (10,77%).
";"Os questionários são aplicados com uso de equipamentos eletrônicos, supervisão in loco e via GPS, passarão por conferência através de novo contato até 20% dos entrevistados, todas as regiões pesquisadas foram selecionadas proporcionalmente.";"Os bairros serão anexados de acordo com a resolução."
"07/08/2026";"05:47:04";2026;81;"Eleições Gerais 2026";"GO";"GO";"GOIÁS";"GO013362026";"2026-05-15 16:34:45";"N";"04851508000154";"INSTITUTO GAZETA LTDA";"IGAPE- INSTITUTO GAZETA DE PEQUISAS";"Governador, Senador, Deputado Federal, Deputado Estadual";"2026-05-16 00:00:00";"2026-05-21 00:00:00";"2026-05-21 00:00:00";2000;"10394";"FILIPE MOREIRA MARTINE";"8000,00";"A metodologia utilizada é Survey quantitativo, com realização das entrevistas de maneira pessoal em domicílio, com aplicação de questionário estruturado e padronizado em plataforma digital (tablet ou computador) junto a uma amostra representativa dos eleitores da Região Imediata de Goiânia (IBGE).";"O universo da pesquisa é composto por eleitores da Região Imediata de Goiânia (IBGE), com idade a partir de 16 anos. A amostra prevista será de 2000 entrevistas. A Seleção da amostra será realizada utilizando-se quotas amostrais proporcionais, em função das seguintes variáveis. SEXO: Masculino: (46); Feminino: (54%) - IDADE: 16 a 29 anos (21%); 30 a 44 anos: (32%); 45 a 59 anos: (26%); 60 anos ou mais: (21%) - ESCOLARIDADE: Analfabeto/Lê e escreve: (5%); Fundamental completo ou incompleto: (23%); Médio completo ou incompleto: (50%); Superior completo ou incompleto: (23%); RENDA: Até 1 SM: (37%); De 1 A 2 SM: (39%); Acima de 2 SM (25%) - Área física: Municípios da Região Imediata de Goiânia (IBGE). Margem de Erro: A margem de erro máxima prevista para o total da amostra é de 2,0 pontos percentuais para mais ou para menos, considerando um nível de confiança de 95%. Fonte de Dados: TSE: Estatísticas do Eleitorado 2026 e IBGE Censo 2022.";"A coleta de dados é realizada por entrevistadores, orientados por coordenadores de campo. Todos os questionários preenchidos recebem crítica para avaliação da consistência dos dados coletados, sendo que 20% dos questionários serão submetidos à conferência através de novos contatos com os entrevistados, medida sempre adotada que visa garantir a qualidade e fidelidade dos dados coletados. Conforme §6º. do art. 2º. da Resolução-TSE nº. 23.549, o pedido de registro poderá ser complementado pela entrega destes dados ao Tribunal Eleitoral até o sétimo dia seguinte ao registro da pesquisa. Serão enviados os dados relativos aos bairros abrangidos, na ausência de delimitação dos bairros, será identificada a área em que foi realizada).";"#NULO#"
"07/08/2026";"05:47:04";2026;81;"Eleições Gerais 2026";"GO";"GO";"GOIÁS";"GO010732026";"2026-07-30 19:28:22";"N";"25159754000110";"KLIK INTELIGENCIA LTDA";"KLIK";"Governador, Senador, Deputado Federal, Deputado Estadual";"2026-07-30 00:00:00";"2026-08-04 00:00:00";"2026-08-05 00:00:00";1200;"8631";"ALEXANDRE VASCONCELOS LIMA";"10000,00";"Pesquisa quantitativa de opiniao publica sobre intencao de voto, com abrangencia no estado de Goias, referente as Eleicoes Gerais de 2026. Cargos abrangidos: Presidente da Republica, Governador do Estado e Senador da Republica, com questoes espontaneas e estimuladas; e Deputado Federal e Deputado Estadual, exclusivamente com questoes espontaneas, sem apresentacao de nomes.

UNIVERSO: eleitores com 16 anos ou mais residentes no estado de Goias.

DESENHO: amostragem nao probabilistica por cotas, com coleta mista e com os pontos de coleta do componente presencial definidos por sorteio de setores censitarios. O sorteio define onde coletar, nao quem responde. Nenhum componente desta pesquisa e probabilistico.

MODOS DE COLETA
(a) Componente online - 1.000 entrevistas por questionario autoadministrado, com recrutamento georreferenciado em plataformas digitais segmentadas por municipio e por perfil sociodemografico, bloqueio de respostas duplicadas por endereco IP e por identificacao de dispositivo e validacao automatizada de qualidade. Abrangencia estadual: o instrumento oferece as 246 opcoes de municipio do estado. Campo de 30/07/2026 a 04/08/2026, de forma continua.
(b) Componente presencial - 200 entrevistas assistidas por tablet, realizadas dentro do perimetro de setores censitarios previamente sorteados na Regiao Metropolitana de Goiania e na Regiao Metropolitana do Entorno do Distrito Federal. Campo de 01/08/2026 a 04/08/2026.

INSTRUMENTO: questionario estruturado unico, com redacao identica nos dois componentes, reproduzido na integra no arquivo anexo. Aplicacao continua, sem divisao em blocos, na ordem fixa de apresentacao reproduzida no anexo. As questoes espontaneas sao respondidas em campo aberto de texto, sem exibicao de nomes. Na questao de segundo voto para Senador, a plataforma impede a selecao do mesmo candidato indicado como primeiro voto. No componente presencial, as questoes de intencao de voto sao autopreenchidas pelo entrevistado diretamente no tablet, sem leitura em voz alta pelo entrevistador, para mitigar o efeito de desejabilidade social e equalizar o efeito de modo entre os componentes.

TRIAGEM: municipio de residencia, faixa etaria, renda familiar, sexo e grau de instrucao, coletados nas cinco primeiras questoes do instrumento, nos dois componentes, e utilizados para o controle de cotas.

PERIODO DE CAMPO: de 30/07/2026 a 04/08/2026.

RESPONSABILIDADE TECNICA: os servicos tecnicos de Estatistica sao dirigidos pelo estatistico ALEXANDRE VASCONCELOS LIMA, CPF no 000.262.621-77, registrado no CONRE - 1a Regiao sob o no 8631, na condicao de prestador de servicos, com integral autonomia tecnica, conforme Termo de Compromisso e Responsabilidade Tecnica firmado junto ao Conselho Regional de Estatistica da 1a Regiao.

EXECUCAO E CONTRATACAO: pesquisa executada por KLIK INTELIGENCIA LTDA, CNPJ 25.159.754/0001-10, registrada no CONRE - 1a Regiao sob o no 8928, e contratada por TRANSMISSAO POLITICA LTDA, CNPJ 52.769.364/0001-34, que custeia integralmente a sua realizacao.";"DESENHO: amostragem nao probabilistica por cotas, com pontos de coleta do componente presencial definidos por sorteio de setores censitarios em dois estagios. O sorteio determina os pontos de coleta; o entrevistado e selecionado por cota. Nenhum componente e probabilistico.

TAMANHO: 1.200 entrevistas, sendo 1.000 no componente online e 200 no componente presencial.

ESTRATIFICACAO: 6 estratos correspondentes as Regioes Geograficas Intermediarias do IBGE, com alocacao das 1.200 entrevistas proporcional ao eleitorado de cada estrato (TSE: 5.081.043 eleitores), pelo maior resto: Goiania 631; Luziania-Aguas Lindas de Goias 212; Rio Verde 115; Porangatu-Uruacu 102; Itumbiara 78; Sao Luis de Montes Belos-Ipora 62. O presencial integra a meta dos estratos que contem os recortes metropolitanos; o online de cada estrato e a meta menos o presencial nele realizado: Goiania 489 online e 142 presenciais; Luziania-Aguas Lindas 154 online e 58 presenciais; demais estratos integralmente online. Dentro de cada estrato, distribuicao proporcional ao eleitorado municipal.

COTAS: cotas cruzadas de sexo por faixa etaria em cada estrato, e cotas de grau de instrucao e renda familiar no total da amostra. Referencias de sexo e faixa etaria: cadastro do TSE; de instrucao e renda: Censo Demografico 2022 do IBGE, populacao de 16 anos ou mais, compatibilizadas as faixas do instrumento.

FAIXAS (identicas as do questionario anexo). Sexo: homem; mulher. Faixa etaria: 16 a 24; 25 a 34; 35 a 44; 45 a 59; 60 anos ou mais. Instrucao: fundamental; medio; superior. Renda familiar mensal: 5 faixas, de ate R$ 2.000,00 a mais de R$ 10.000,00.

ABRANGENCIA DOS COMPONENTES: o online cobre o estado inteiro, nos 6 estratos. O presencial e restrito, por viabilidade operacional, a dois recortes delimitados por ato normativo estadual (art. 2o, par. 7o-E, da Res.-TSE 23.600/2019): Regiao Metropolitana de Goiania (LC estadual 139/2018, art. 1o, red. LC 149/2019 - 21 municipios) e Regiao Metropolitana do Entorno do DF (LC estadual 181/2023, art. 3o - 11 municipios), que somam 2.550.402 eleitores, cerca de metade do eleitorado estadual. Alocacao presencial proporcional ao eleitorado dos recortes: 142 na RM de Goiania e 58 na RM do Entorno. Os demais municipios e estratos sao cobertos exclusivamente pelo online.

SORTEIO DOS PONTOS PRESENCIAIS: realizado em 30/07/2026, antes do inicio do campo presencial, por PPS sistematico em dois estagios, com inicio aleatorio derivado da semente registrada (20260729), reproduzivel por terceiros. Estagio 1: municipios dentro de cada recorte, medida de tamanho: eleitorado municipal (TSE), admitida selecao multipla dos autorrepresentativos. Estagio 2: setores censitarios nos municipios sorteados, medida de tamanho: populacao residente do setor (Censo 2022/IBGE), pois o TSE nao publica eleitorado por setor censitario. Resultado: 18 setores efetivos e 16 de reserva em 4 municipios - Goiania (11), Trindade (1), Aguas Lindas de Goias (4) e Novo Gama (2). Relacao dos setores, semente, algoritmo e codigos SHA-256 das bases arquivados antes do campo presencial, com assinatura eletronica qualificada do estatistico responsavel tecnico. Reserva acionada exclusivamente por substituicao, sem novo sorteio.

SOBRECOLETA E FECHAMENTO: casos excedentes de cada celula reduzidos por sorteio aleatorio simples dentro da propria celula; o descarte e neutro e nao altera a classificacao do desenho.

PONDERACAO: ajuste iterativo proporcional (raking) as distribuicoes marginais oficiais de sexo, faixa etaria, instrucao, renda e estrato, com truncamento de pesos extremos para limitar o efeito de delineamento.

PRECISAO: confianca de 95%. Efeito de delineamento de projeto deff = 1,50; tamanho efetivo n_ef = 800. Margem de erro maxima de 3 pontos percentuais, para mais ou para menos, calculada sobre o tamanho efetivo e referida a proporcao de 50%. Deff e margem finais serao apurados sobre a base final e constarao do relatorio completo de resultados.";"CONTROLE DO COMPONENTE ONLINE
- Bloqueio de respostas duplicadas por endereco IP e por identificacao de dispositivo (fingerprint), com controle adicional para cenarios de CGNAT.
- Validacao georreferenciada do municipio de resposta, com descarte de registros fora da abrangencia declarada.
- Tempo minimo de preenchimento por secao, com descarte automatico de questionarios concluidos abaixo do limiar.
- Deteccao de padrao de resposta invariante e de inconsistencia entre respostas de triagem e respostas do corpo do questionario.
- Painel de acompanhamento diario do preenchimento das celulas de cota, com redirecionamento da midia de recrutamento para as celulas deficitarias.

CONTROLE DO COMPONENTE PRESENCIAL
- Conferencia da geolocalizacao de cada entrevista contra o perimetro do setor censitario previamente sorteado. Divergencia em relacao ao poligono do setor gera bloqueio do registro e reabordagem.
- Cada entrevistador recebe o poligono georreferenciado dos setores sob sua responsabilidade, em formato KML, carregado no dispositivo de coleta. O entrevistador nao define o local de coleta.
- Registro de data, hora de inicio e hora de termino de cada entrevista, com auditoria dos tempos atipicos.
- Supervisao de campo com acompanhamento presencial de amostra das abordagens de cada entrevistador.
- Instrucoes de coleta e de preenchimento de cotas entregues e assinadas por cada entrevistador antes do inicio do campo.

VERIFICACAO POSTERIOR
- Checagem telefonica de no minimo 20 por cento das entrevistas presenciais, sorteadas aleatoriamente e distribuidas entre todos os entrevistadores, com reconfirmacao dos dados de triagem e de ao menos uma questao substantiva.
- Checagem de 100 por cento das entrevistas de qualquer entrevistador em que se identifique divergencia na conferencia amostral, com anulacao integral do trabalho em caso de confirmacao de irregularidade.
- Auditoria de consistencia entre os dois componentes por meio de celula de sobreposicao, destinada a medir o efeito de modo.
- Conferencia final da base pelo estatistico responsavel tecnico antes da consolidacao dos resultados.

ARQUIVAMENTO E AUDITABILIDADE
Permanecem arquivados e a disposicao da Justica Eleitoral, nos termos do art. 13 da Resolucao-TSE no 23.600/2019: a relacao dos setores censitarios sorteados, com semente aleatoria, algoritmo de sorteio e codigos de verificacao de integridade, assinada eletronicamente pelo estatistico responsavel tecnico em data anterior ao inicio do campo presencial; a base bruta e a base final; os registros de geolocalizacao e de horario de cada entrevista; o relatorio de descartes e de controle de qualidade; as planilhas de checagem; e a memoria de calculo da alocacao amostral e da ponderacao.";"ABRANGENCIA: estado de Goias, composto por 246 municipios.

COMPONENTE ONLINE - abrangencia estadual. O instrumento oferece as 246 opcoes de municipio do estado. A amostra total de 1.200 entrevistas e alocada proporcionalmente ao eleitorado dos 6 estratos (Regioes Geograficas Intermediarias do IBGE, cadastro do TSE com 5.081.043 eleitores), pelo maior resto, e o online de cada estrato corresponde a meta total menos as entrevistas presenciais nele realizadas:

Estrato 1 - Goiania (2.669.765 eleitores): 631 entrevistas - 489 online e 142 presenciais
Estrato 2 - Luziania-Aguas Lindas de Goias (897.717): 212 - 154 online e 58 presenciais
Estrato 3 - Rio Verde (488.851): 115 - integralmente online
Estrato 4 - Porangatu-Uruacu (429.981): 102 - integralmente online
Estrato 5 - Itumbiara (330.430): 78 - integralmente online
Estrato 6 - Sao Luis de Montes Belos-Ipora (264.299): 62 - integralmente online

A relacao dos municipios efetivamente alcancados pelo componente online sera informada na complementacao deste registro, na forma do par. 7o do art. 2o da Resolucao-TSE no 23.600/2019.

COMPONENTE PRESENCIAL - 200 entrevistas, restritas a dois recortes metropolitanos delimitados por ato normativo estadual:

(a) REGIAO METROPOLITANA DE GOIANIA - art. 1o da Lei Complementar estadual no 139, de 22 de janeiro de 2018, com a redacao dada pela Lei Complementar estadual no 149, de 15 de maio de 2019 (21 municipios). Entrevistas: 142, realizadas nos municipios de Goiania (11 setores censitarios sorteados) e Trindade (1 setor).

(b) REGIAO METROPOLITANA DO ENTORNO DO DISTRITO FEDERAL - art. 3o da Lei Complementar estadual no 181, de 4 de janeiro de 2023 (11 municipios). Entrevistas: 58, realizadas nos municipios de Aguas Lindas de Goias (4 setores) e Novo Gama (2 setores).

Os municipios do componente presencial foram definidos por sorteio PPS sistematico com probabilidade proporcional ao eleitorado, e os setores censitarios por sorteio com probabilidade proporcional a populacao residente, em ato unico realizado em 30/07/2026, anterior ao inicio do campo presencial, arquivado com assinatura eletronica qualificada do estatistico responsavel tecnico. Ha lote de reserva de 16 setores, acionavel exclusivamente por substituicao. A relacao completa dos setores, com codigo IBGE, municipio e recorte, consta do arquivo anexo a este registro.

JUSTIFICATIVA TECNICA - art. 2o, par. 7o-F, da Resolucao-TSE no 23.600/2019: a metodologia do componente online nao permite identificacao do respondente por setor censitario, uma vez que o recrutamento e feito por midia digital segmentada e a localizacao e validada no nivel municipal, sem coleta de endereco domiciliar. A unidade territorial compativel efetivamente utilizada nesse componente e o municipio. Os procedimentos de controle e ponderacao aplicados constam dos campos proprios deste registro. No componente presencial, a identificacao por setor censitario esta integralmente disponivel e consta do arquivo anexo.

COMPLEMENTACAO (par. 7o do art. 2o da Res.-TSE 23.600/2019). Amostra realizada: 766 entrevistas (547 online e 219 presenciais), de 30/07/2026 a 04/08/2026. Municipios abrangidos: 110 pelo componente online, relacionados no arquivo anexo com o numero de entrevistas de cada um; no componente presencial, Goiania, Trindade, Aguas Lindas de Goias e Novo Gama, com o numero de eleitores pesquisados em cada um dos 18 setores censitarios relacionado no arquivo anexo (nenhum setor de reserva acionado). Composicao da amostra (par. 7o, IV): mulheres 53,6%, homens 46,4%; 16-24: 13,7%, 25-34: 20,7%, 35-44: 19,4%, 45-59: 24,8%, 60+: 21,5%; fundamental 40,6%, medio 40,7%, superior 18,7%; renda ate R$ 2 mil 44,6%, 2-3 mil 19,1%, 3-5 mil 17,3%, 5-10 mil 10,2%, acima de 10 mil 8,8%."
"07/08/2026";"05:47:04";2026;81;"Eleições Gerais 2026";"GO";"GO";"GOIÁS";"GO034932026";"2026-06-16 11:27:22";"N";"15015873000145";"DIAGNOSTICO PESQUISAS DE COMPORTAMENTO EIRELI";"DIAGNOSTICO PESQUISAS DE COMPORTAMENTO";"Governador, Senador, Deputado Federal, Deputado Estadual";"2026-06-15 00:00:00";"2026-06-18 00:00:00";"2026-06-22 00:00:00";1100;"8631";"Alexandre Vasconcelos Lima";"65000,00";"Tipo de Pesquisa: Quantitativa, descritiva e de opinião pública.Técnica de Coleta: Entrevistas pessoais e individuais, aplicadas de forma presencial por meio de questionário estruturado. Universo da Pesquisa (População-Alvo): Eleitores residentes no estado de Goiás, com idade igual ou superior a 16 anos, aptos a votar no pleito de 2026. Locais de Realização: A coleta será realizada em domicílios e/ou pontos de fluxo populacional, cobrindo uma amostra representativa dos 48 municípios selecionados, divididos e distribuídos proporcionalmente pelas mesorregiões do estado de Goiás.";"A amostra é estratificada por região geográfica intermediária (IBGE - Censo 2022), onde em cada estrato, num primeiro estágio, são sorteados aleatoriamente os municípios que farão parte do levantamento. No segundo estágio, a seleção do entrevistado dentro da localidade será feita utilizando-se quotas amostrais proporcionais as características demográficas do universo, em função das seguintes variáveis:Gênero: Masculino 47,0% e Feminino 53,0%. Faixa Etária: Entre 16 e 24 anos: 13,1%; Entre 25 e 34 anos: 19,4%; Entre 35 e 44 anos: 20,1%; Entre 45 e 59 anos: 26,1% e 60 anos ou mais: 21,2%. Escolaridade: De analfabeto até ensino fundamental completo: 34,2%; Ensino médio incompleto ou completo: 47,2% e Ensino superior incompleto ou completo: 18,6%. Nível Econômico: Sem rendimento até 3 SM: 89,9%; Acima de 3 SM: 10,1%). Está prevista eventual ponderação para correção das variáveis gênero, faixa etária e escolaridade, com base nos percentuais acima apresentados, caso ocorram diferenças superiores a 3,0 (três) pontos percentuais entre o previsto na amostra e a coleta realizada. Para a variável nível econômico, o fator de ponderação é igual a 1 (resultados obtidos no campo).O nível de confiança estimado é de 95% (noventa e cinco por cento) para uma margem de erro estimada, considerando uma técnica de amostragem aleatória simples, de 3 (três) pontos percentuais sobre os resultados obtidos. Ressalta-se que esta margem de erro e grau de confiabilidade se aplica ao total da amostra, não devendo ser considerado para os resultados dentro de cada estrato e nem para os resultados gerados pelo cruzamento de variáveis.As variáveis de Gênero, Faixa Etária e Grau de Instrução possuem dados extraídos do repositório de estatísticas do eleitorado do TSE (Tribunal Superior Eleitoral), atualizados em maio de 2026, referentes ao Estado de Goiás. Para a variável de Nível Econômico, utilizou-se o Censo 2010, disponível em https://cidades.ibge.gov.br/brasil/go/pesquisa/23/24304?detalhes=true.";"Os pesquisadores envolvidos na realização desta pesquisa são treinados pelo Instituto e recebem instruções específicas para a realização da coleta de dados. São checados e auditados, no mínimo, 20% dos questionários de cada pesquisador, seja in loco por supervisores de campo ou, posteriormente, por telefone. 
Crítica integral dos questionários, que consiste em checagem da coerência das respostas individuais e a integridade do preenchimento de todos os blocos de perfil e intenção de voto. Caso seja identificada qualquer irregularidade ou fraude em um questionário auditado, o lote correspondente ao trabalho daquele entrevistador na localidade é anulado e descartado, sendo imediatamente substituído por novas coletas para manter o tamanho e o equilíbrio do plano amostral.";"Cidades: Goiania, Aparecida de Goiânia, Senador Canedo, Trindade, Anápolis, Jaragua, Goianesia, Ceres, Rialma, Nova Gloria, Campinorte, Uruaçu, Porangatu, Minaçu, Posse, Iaciara, Campos Belos, Luziania, Formosa, Valparaiso de Goiás, Água Lindas de Goiás, Cidade Ocidental, Novo Gama, Cristalina,  Rio Verde, Santa Helena, Quirinópolis, Jatai, Mineiros, Itaruma, São Simão, Palmeiras de Goiás,  Acreuna, Itumbiara, Goiatuba, Morrinhos, Caldas Novas, Catalão, Ipameri, Pires do Rio, Três Ranchos, Itaberai, Ipora, São Luis dos Montes Belos, Goiás, Caiapônia, Jussara, São Miguel do Araguaia."
"07/08/2026";"05:47:04";2026;81;"Eleições Gerais 2026";"GO";"GO";"GOIÁS";"GO033052026";"2026-07-27 08:37:58";"N";"44826961000125";"SMS - DIRECT PESQUISAS E MARKETING LTDA";"DIRECT PESQUISAS";"Governador, Senador, Deputado Federal, Deputado Estadual";"2026-07-27 00:00:00";"2026-07-30 00:00:00";"2026-08-02 00:00:00";1500;"10526";"Jose Dos Reis Cunha Filho";"8000,00";"Pesquisa quantitativa com abordagem porta a porta, com eleitores que votam e/ou residem no município de Goiânia no estado de Goiás, consistindo na realização de entrevistas pessoais e individuais, com a aplicação de questionário estruturado junto a uma amostra representativa do eleitorado em estudo. Devido a ordem probabilística da amostra, nesta pesquisa será considerada apenas os eleitores residentes dentro do município ou que no dia da entrevista estejam nele. Todas as entrevistas são espontâneas e os dados são sigilosos, guardados no banco de dados do instituto para tabulação e apresentação gráfica e analítica.";"Trata-se de uma amostra probabilística estratificada, com abordagem aleatória simples através de cotas de sexo, idade e escolaridade, ponderadas de acordo com a estatística do Eleitorado do TSE, 2026 (https://sig.tse.jus.br) e renda ponderada de acordo com registro do último senso estratificado do IBGE (https://cidades.ibge.gov.br) de acordo com a Resolução do TSE 23.600/2019, complementada pela Resolução 23.676/2021, com entrevistas domiciliares aos eleitores de 16 anos ou mais que exerça seu voto no município de Goiânia. Totalizando uma população eleitoral de 1.016.176 e amostra de 1.500, a um nível de confiança = 95%; Nível de significância = 5%; Margem de erro = 2,53%, com P = 0,5.
SEXO: Masculino (44,94%), Feminino (55,06%); FAIXA ETÁRIA: até 24 anos (10,93%), de 25 a 34 anos (18,93%), de 35 a 44 anos (20,77%), de 45 a 59 anos (26,48%), 60 anos ou mais (22,88%); ESCOLARIDADE: Analfabeto (0,68%), Lê e escreve (2,36%), 1º Grau inc/comp (18,26%), 2º Grau inc/comp (48,63%), 3º Grau inc/comp (30,07%); RENDA: Até 1 salário (10,10%), entre 1 e 2 salários (14,30%), entre 2 e 5 salários (35,45%), entre 5 e 10 salários (21,87%), Mais de 10 salários (18,28%).
";"Os questionários são aplicados com uso de equipamentos eletrônicos, supervisão in loco e via GPS, passarão por conferência através de novo contato até 20% dos entrevistados, todas as regiões pesquisadas foram selecionadas proporcionalmente.";"Os bairros serão anexados de acordo com a resolução."
"07/08/2026";"05:47:04";2026;81;"Eleições Gerais 2026";"GO";"GO";"GOIÁS";"GO037512026";"2026-07-03 18:23:46";"S";"22345021000181";"REAL TIME MIDIA LTDA";"REAL TIME BIG DATA";"Governador, Senador";"2026-07-07 00:00:00";"2026-07-08 00:00:00";"2026-07-09 00:00:00";1600;"10839";"Isabela Zara Cremoneze";"64000,00";"Pesquisa quantitativa, que consiste na realização de entrevistas com eleitores do universo a ser explorado, feitas em combinação mista por entrevistadores humanos e recursos de inteligência artificial, com a aplicação de questionário estruturado com abordagens telefônicas e digitais junto a uma amostra representativa do eleitorado em estudo. Pesquisa realizada no Estado de Goiás (GO).";"Representativo do eleitorado da área em estudo, elaborada em três estágios.
No primeiro estágio, realiza-se um sorteio probabilístico dos municípios onde as entrevistas serão realizadas, pelo método PPT (Probabilidade Proporcional ao Tamanho), tomando a população eleitora de 16 anos ou mais residente nos municípios como base para essa seleção.
No segundo estágio, efetua-se um sorteio probabilístico das localidades dentro dos municípios selecionados, também pelo método PPT (Probabilidade Proporcional ao Tamanho), considerando a população eleitora de 16 anos ou mais residente nessas localidades como base para a seleção.
No terceiro e último estágio, dentro das localidades sorteadas, os respondentes são selecionados por meio de quotas amostrais proporcionais, em função de variáveis significativas, a saber:
GÊNERO:
Feminino: 52,98%;
Masculino: 47,02%.
(Fonte: TSE, Junho/2026 -- https://sig.tse.jus.br/ords/dwapr/r/seai/sig-eleitor-eleitorado-mensal/cruzamento-eleitorado-mensal?p24_metricas=E&p24_back=22&p24_cruzamento_1=ds_sexo&clear=24&session=12221024132088)
FAIXA ETÁRIA:
16 anos: 0,44%;
17 anos: 0,76%;
18 a 20 anos: 4,51%;
21 a 24 anos: 7,21%;
25 a 34 anos: 19,41%;
35 a 44 anos: 20,12%;
45 a 59 anos: 26,20%;
60 a 69 anos: 11,99%;
70 a 79 anos: 6,58%;
Superior a 79 anos: 2,78%.
(Fonte: TSE, Junho/2026 -- https://sig.tse.jus.br/ords/dwapr/r/seai/sig-eleitor-eleitorado-mensal/cruzamento-eleitorado-mensal?p24_cruzamento_1=ds_faixa_etaria&p24_metricas=E&p24_back=22&clear=24&session=12221024132088)
ESCOLARIDADE:
Analfabeto: 2,41%;
Lê e Escreve: 5,48%;
Ensino Fundamental Incompleto: 20,65%;
Ensino Fundamental Completo: 5,61%;
Ensino Médio Incompleto: 17,82%;
Ensino Médio Completo: 29,41%;
Ensino Superior Incompleto: 6,90%;
Ensino Superior Completo: 11,72%.
(Fonte: TSE, Junho/2026 -- https://sig.tse.jus.br/ords/dwapr/r/seai/sig-eleitor-eleitorado-mensal/cruzamento-eleitorado-mensal?p24_cruzamento_1=ds_grau_instrucao&p24_metricas=E&p24_back=22&clear=24&session=12221024132088)
RENDA DOMICILIAR MENSAL:
Sem rendimento: 3,44%;
Até 1/2 Salário Mínimo: 1,54%;
Mais de 1/2 a 1 Salário Mínimo: 13,65%;
Mais de 1 a 2 Salários Mínimos: 24,43%;
Mais de 2 a 5 Salários Mínimos: 36,58%;
Mais de 5 a 10 Salários Mínimos: 13,61%;
Mais de 10 a 20 Salários Mínimos: 4,75%;
Mais de 20 Salários Mínimos: 1,99%;
(Fonte: IBGE (CENSO-2010) -- https://cidades.ibge.gov.br/brasil/go/pesquisa/23/26504?detalhes=true
Observação: De acordo com informações do Instituto Brasileiro de Geografia e Estatística (IBGE), não há previsão de data para a divulgação do perfil econômico da população brasileira do CENSO 2022. Portanto, os dados sobre o nível econômico obtidos no Censo 2022 não podem ser utilizados, pois ainda não foram publicados.
Está prevista eventual ponderação para correção das variáveis sexo e idade, com base nos percentuais anteriormente mencionados, caso ocorram diferenças superiores a 3 pontos percentuais entre o previsto na amostra e a coleta de dados realizada. Para as variáveis de grau de instrução e nível econômico do entrevistado, o fator previsto para ponderação é 1 (resultados obtidos em campo). O nível de confiança estimado é de 95% e a margem de erro máxima estimada considerando um modelo de amostragem aleatório simples, é de aproximadamente 2 (dois) pontos percentuais para mais ou para menos sobre os resultados encontrados no total da amostra.

";"O trabalho de coleta de dados é acompanhado por supervisores humanos. São selecionados aleatoriamente 15% (quinze por cento) dos questionários para uma verificação posterior e, em caso de dúvida, o formulário é descartado e o responsável pela coleta chamado para esclarecimentos. Há uma equipe especializada que confere os dados à exaustão com objetivo de averiguar e aferir os resultados coletados.";"O anexo do arquivo com os bairros será realizado até o dia seguinte da divulgação conforme indicado no §7º. do art. 2º. da Resolução-TSE nº. 23.600/2019.

"
"07/08/2026";"05:47:04";2026;81;"Eleições Gerais 2026";"GO";"GO";"GOIÁS";"GO054432026";"2026-07-06 21:13:58";"N";"31884294000195";"VILANI E BARBOSA NEGOCIOS LTDA";"DATA RD";"Governador, Senador";"2026-07-07 00:00:00";"2026-07-09 00:00:00";"2026-07-12 00:00:00";1509;"10808";"JERFSON BRUNO DO NASCIMENTO HONORIO";"19700,00";"Apresentam-se os dados da pesquisa eleitoral de opinião pública a ser conduzida no estado de Goiás. Esta pesquisa quantitativa será realizada por meio de entrevistas telefônicas, utilizando questionários estruturados e padronizados, aplicados a uma amostra representativa da população alvo. A coleta de dados será conduzida por entrevistadores treinados, utilizando o sistema CATI (Computer-Assisted Telephone Interviewing), com apoio de dispositivos eletrônicos para registro das respostas.

Nota 1: Pode ocorrer que o total da linha não corresponda exatamente ao somatório das células individuais devido ao arredondamento computacional. No entanto, essas diferenças são compensadas em outras linhas, sem perda da representatividade da amostra. É normal que algumas células apresentem mais entrevistas do que o registrado, pois arredondamos números para refletir a realidade da pesquisa. Por exemplo, se a distribuição resultar em 1,5 entrevistas, arredondamos para 2 entrevistas, pois não é possível realizar uma fração de entrevista. Logo, o somatório pode apresentar uma soma superior ao registrado.

Nota 2: É importante destacar que o registro é exclusivamente para fins de divulgação, o que significa que uma pesquisa pode ser realizada antes ou depois da data de registro. Este requisito está claramente estabelecido no Artigo 10 da resolução. Art. 10. Na divulgação dos resultados de pesquisas, ATUAIS OU NÃO, serão obrigatoriamente informados: I - o período de realização da coleta de dados; II - a margem de erro; III - o nível de confiança; IV - o número de entrevistas; V - o nome da entidade ou da empresa que a realizou e, se for o caso, de quem a contratou; VI - o número de registro da pesquisa.

Nota 3: Ao registrar uma pesquisa, é comum cometer erros de digitação ou outros equívocos. O TSE permite a correção ou exclusão de registros no sistema PesqEle até 5 dias após a data de registro. Quando uma modificação é realizada, o sistema gera um novo número de registro e atualiza a data para a data da modificação, conforme o artigo 8 da resolução. Em relação à exclusão, o sistema permite a remoção total do registro. Após os 5 dias, o sistema impede quaisquer modificações ou exclusões. É importante observar que é possível excluir um registro e refazê-lo com as mesmas informações do registro excluído, como questionário, nota fiscal, entre outros. Art. 8o O registro da pesquisa poderá ser alterado desde que não expirado o prazo de 5 (cinco) dias para a divulgação do seu resultado. § 1o A alteração de que trata o caput implica a atribuição de novo número de identificação à pesquisa e o reinício da contagem do prazo previsto no caput do art. 2o desta Resolução, a partir do recebimento das alterações com a indicação, pelo sistema, da nova data a partir da qual será permitida a divulgação da pesquisa. § 3o ...a pesquisa ser cancelada pela própria usuária ou pelo próprio usuário, sem prejuízo da apresentação de um novo registro.

Nota 4: Pagante(S) Do Trabalho Em Branco: Quando o campo 'pagante' está em branco, isso ocorre porque o contratante é também o pagante da pesquisa. O sistema do TSE presume que qualquer pessoa com um mínimo de interesse verificará facilmente a origem dos recursos ao lado do nome do contratante, fora que a nota fiscal também está disponível para qualquer pessoa. A informação de pagante só é preenchida quando há duas partes envolvidas: um contratante e um pagante
";"I) Público Pesquisado: Eleitores no estado de Goiás. Modalidade de aplicação: entrevistas telefônicas.

II) Tipo de Amostra: A amostra é representativa do eleitorado estadual, selecionada em três estágios. No primeiro estágio, os estados são selecionados de forma probabilística utilizando o método da probabilidade proporcional ao tamanho (PPT), com base no total do eleitorado de cada unidade federativa, garantindo que estados com maior contingente eleitoral contribuam proporcionalmente com maior volume de contatos. No segundo estágio, dentro de cada estado selecionado, os números de telefone são selecionados por meio de discagem aleatória (RDD ? Random Digit Dialing), abrangendo linhas fixas e móveis (celulares) ativas no estado alvo, assegurando cobertura do universo de eleitores com acesso a telefone. No terceiro estágio, dentro de cada contato estabelecido, o entrevistado é selecionado por cotas proporcionais aos atributos de sexo, faixa etária, grau de instrução e renda, de acordo com o perfil do eleitorado em estudo. Fonte de Dados: Tribunal Superior Eleitoral (TSE, July/2026) e Instituto Brasileiro de Geografia e Estatística (IBGE, CENSO 2022).

III) Tamanho da Amostra: 1509 entrevistas.

IV) Ponderação: A ponderação é realizada considerando 53% para o sexo feminino e 47% para o sexo masculino. Em relação às faixas etárias, a distribuição é a seguinte: 13.1% de 16 a 24 anos, 19.4% de 25 a 34 anos, 20.1% de 35 a 44 anos, 26.1% de 45 a 59 anos e 21.3% com 60 anos ou mais. Para o grau de instrução, são utilizadas as seguintes categorias: 7.9% de Analfabeto/Lê e Escreve, 26.3% até o ensino fundamental, 47.2% até o ensino médio e 18.6% até a faculdade ou mais. Em relação à renda, são utilizadas as seguintes categorias: 15.7% até 1 salário mínimo, 25.3% de 1 a 2 salários mínimos e 59% acima de 2 salários mínimos. Está prevista uma ponderação para correção de variáveis de sexo e faixa etária, com base nos percentuais acima apresentados, de acordo com o previsto na amostra (TSE) e a coleta realizada. Para as variáveis de escolaridade e renda domiciliar mensal, o fator de ponderação será igual a 1, conforme os resultados obtidos em campo.

V) Área Física de Realização da Pesquisa: A amostra será coletada em toda a extensão geográfica do estado de Goiás.

VI) Intervalo de Confiança/Margem de Erro: O intervalo de confiança estimado é de 95% com uma margem de erro de 2.52% para mais ou para menos sobre os resultados encontrados no total da amostra. Este grau de confiança e margem de erro não devem ser considerados para resultados dentro de cada estrato, nem para os resultados gerados pelos cruzamentos de variáveis. Os percentuais que não totalizam 100% são devido a arredondamentos ou a múltiplas alternativas de resposta. O cálculo amostral é realizado pela proporção [estimador = p e (1-p) ou p e q).

VII) O modelo de questionário aplicado está disponível em anexo.

VIII) Na elaboração de todos os questionários emitidos pela empresa Conecta, é implementado um sistema de aleatorização para a ordem das respostas de cada uma das perguntas. Essa prática é essencial para evitar possíveis vieses que poderiam surgir caso as respostas fossem sempre apresentadas na mesma ordem. Ao aleatorizar as respostas, garantimos que todos os participantes tenham a mesma oportunidade de encontrar cada resposta em diferentes posições do questionário. Isso contribui significativamente para minimizar qualquer influência que a ordem das perguntas possa ter sobre as respostas. No contexto telefônico, a leitura das alternativas pelo entrevistador segue ordem definida por sorteio sistematizado pelo software de coleta.";"Para a realização da pesquisa utiliza-se uma equipe de entrevistadores e coordenadores de campo devidamente treinados para o trabalho pela empresa Conecta. As entrevistas são gravadas mediante consentimento do entrevistado, para fins de controle de qualidade. Durante a realização dos trabalhos de campo, os entrevistadores são submetidos a uma fiscalização permanente por parte dos coordenadores e são realizadas checagem de 20% da amostra para atestar a realização das entrevistas e a fidedignidade dos dados, garantindo-se dessa forma, robustez na precisão dos estimadores dos parâmetros populacionais.";"#NULO#"
"07/08/2026";"05:47:04";2026;81;"Eleições Gerais 2026";"GO";"GO";"GOIÁS";"GO058782026";"2026-07-18 12:35:51";"N";"44826961000125";"SMS - DIRECT PESQUISAS E MARKETING LTDA";"DIRECT PESQUISAS";"Governador, Senador, Deputado Federal, Deputado Estadual";"2026-07-20 00:00:00";"2026-07-21 00:00:00";"2026-07-24 00:00:00";500;"10526";"Jose Dos Reis Cunha Filho";"5000,00";"Pesquisa quantitativa com abordagem porta a porta, com eleitores que votam e/ou residem no município de Formosa no estado de Goiás, consistindo na realização de entrevistas pessoais e individuais, com a aplicação de questionário estruturado junto a uma amostra representativa do eleitorado em estudo. Devido a ordem probabilística da amostra, nesta pesquisa será considerada apenas os eleitores residentes dentro do município ou que no dia da entrevista estejam nele. Todas as entrevistas são espontâneas e os dados são sigilosos, guardados no banco de dados do instituto para tabulação e apresentação gráfica e analítica.";"Trata-se de uma amostra probabilística estratificada, com abordagem aleatória simples através de cotas de sexo, idade e escolaridade, ponderadas de acordo com a estatística do Eleitorado do TSE, 2026 (https://sig.tse.jus.br) e renda ponderada de acordo com registro do último senso estratificado do IBGE (https://cidades.ibge.gov.br) de acordo com a Resolução do TSE 23.600/2019, complementada pela Resolução 23.676/2021, com entrevistas domiciliares aos eleitores de 16 anos ou mais que exerça seu voto no município de Formosa. Totalizando uma população eleitoral de 77.904 e amostra de 500, a um nível de confiança = 95%; Nível de significância = 5%; Margem de erro = 4,37%, com P = 0,5.
SEXO: Masculino (46,41%), Feminino (53,59%); FAIXA ETÁRIA: até 24 anos (14,23%), de 25 a 34 anos (20,21%), de 35 a 44 anos (20,93%), de 45 a 59 anos (25,86%), 60 anos ou mais (18,77%); ESCOLARIDADE: Analfabeto (3,74%), Lê e escreve (4,66%), 1º Grau inc/comp (22,20%), 2º Grau inc/comp (46,49%), 3º Grau inc/comp (22,91%); RENDA: Até 1 salário (18,55%), entre 1 e 2 salários (23,89%), entre 2 e 5 salários (33,41%), entre 5 e 10 salários (14,53%), Mais de 10 salários (9,62%).
";"Os questionários são aplicados com uso de equipamentos eletrônicos, supervisão in loco e via GPS, passarão por conferência através de novo contato até 20% dos entrevistados, todas as regiões pesquisadas foram selecionadas proporcionalmente.";"Os bairros serão anexados de acordo com a resolução."
"07/08/2026";"05:47:04";2026;81;"Eleições Gerais 2026";"GO";"GO";"GOIÁS";"GO082702026";"2026-04-27 22:37:30";"N";"44826961000125";"SMS - DIRECT PESQUISAS E MARKETING LTDA";"DIRECT PESQUISAS";"Governador, Senador, Deputado Federal, Deputado Estadual";"2026-04-24 00:00:00";"2026-04-25 00:00:00";"2026-05-03 00:00:00";350;"10526";"José Dos Reis Cunha Filho";"4000,00";"Pesquisa quantitativa com abordagem porta a porta, com eleitores que votam e/ou residem no município de Pirenópolis no estado de Goiás, consistindo na realização de entrevistas pessoais e individuais, com a aplicação de questionário estruturado junto a uma amostra representativa do eleitorado em estudo. Devido a ordem probabilística da amostra, nesta pesquisa será considerada apenas os eleitores residentes dentro do município ou que no dia da entrevista estejam nele. Todas as entrevistas são espontâneas e os dados são sigilosos, guardados no banco de dados do instituto para tabulação e apresentação gráfica e analítica.";"Trata-se de uma amostra probabilística estratificada, com abordagem aleatória simples através de cotas de sexo, idade e escolaridade, ponderadas de acordo com a estatística do Eleitorado do TSE, 2026 (https://sig.tse.jus.br) e renda ponderada de acordo com registro do último senso estratificado do IBGE (https://cidades.ibge.gov.br) e em conformidade com a Resolução do TSE 23.600/2019, complementada pela Resolução 23.676/2021, com entrevistas domiciliares aos eleitores de 16 anos ou mais que exerça seu voto no município de Pirenópolis. Totalizando uma população eleitoral de 20.314 e amostra de 350, a um nível de confiança = 95%; Nível de significância = 5%; Margem de erro = 5,19%, com P = 0,5.
SEXO: Masculino (48,70%), Feminino (51,30%); FAIXA ETÁRIA: até 24 anos (10,43%), de 25 a 34 anos (17,31%), de 35 a 44 anos (17,97%), de 45 a 59 anos (28,51%), 60 anos ou mais (25,77%); ESCOLARIDADE: Analfabeto (3,24%), Lê e escreve (6,50%), 1º Grau inc/comp (30,92%), 2º Grau inc/comp (40,57%), 3º Grau inc/comp (18,77%); RENDA: Até 1 salário (19,80%), entre 1 e 2 salários (28,70%), entre 2 e 5 salários (36,53%), entre 5 e 10 salários (11,86%), Mais de 10 salários (3,10%).
";"Os questionários são aplicados com uso de equipamentos eletrônicos, supervisão in loco e via GPS, passarão por conferência através de novo contato até 20% dos entrevistados, todas as regiões pesquisadas foram selecionadas proporcionalmente.";"Os bairros serão anexados de acordo com a resolução."
"07/08/2026";"05:47:04";2026;81;"Eleições Gerais 2026";"GO";"GO";"GOIÁS";"GO019842026";"2026-06-23 18:03:24";"S";"38396085000141";"DANGER COMUNICACAO E MARKETING LTDA";"MEDEIROS COMUNICACAO E ASSESSORIA";"Deputado Federal";"2026-06-15 00:00:00";"2026-06-23 00:00:00";"2026-06-29 00:00:00";1705;"00000";"LUCAS MEDEIROS DE PAIVA";"2000,00";"REDES SOCIAIS/ENQUETE.";"TODOS OS TIPOS DE CONTAS NO INSTAGRAM.";"A PARTIR DE ENQUETE COM PROVA EM REDE SOCIAL ATRAVÉS DO LINK: https://www.instagram.com/p/DZnWyeRRD6a/?igsh=MXR6Z29iOGQxbWs1eQ==";"REGIÃO SUDOESTE GOIANO."
"07/08/2026";"05:47:04";2026;81;"Eleições Gerais 2026";"GO";"GO";"GOIÁS";"GO067542026";"2026-04-08 21:43:59";"S";"00654576000172";"INSTITUTO VERITA LTDA";"VERITA";"Governador, Senador";"2026-04-09 00:00:00";"2026-04-13 00:00:00";"2026-04-14 00:00:00";1525;"10699";"GUILHERME ALVARENGA LAIA";"117425,00";"Pesquisa quantitativa, que consiste na realização de entrevistas, com a aplicação de questionário estruturado junto a uma amostra representativa do eleitorado desta Unidade de Federação.";"ESTUDO REPRESENTATIVO DO ELEITORADO DO ESTADO DE GOIÁS - MÉTODO PPT (Probabilidade Proporcional ao Tamanho) - PLANO AMOSTRAL E PONDERAÇÃO QUANTO A SEXO, IDADE, GRAU DE INSTRUÇÃO E NÍVEL ECONÔMICO DO ENTREVISTADO; INTERVALO DE CONFIANÇA E MARGEM DE ERRO: Representativo do eleitorado da área em estudo, elaborada, em vários estágios, da seguinte forma: - 1. Divisão da UF em estratos proporcionais de municípios. 2. Ordenação dos municípios de cada estrato segundo o porte. 3. Sorteio dos municípios de cada estrato. 4. Os respondentes são selecionados através de quotas amostrais proporcionais em função de variáveis significativas, a saber: GÊNERO / FAIXA ETÁRIA - FEMININO E MASCULINO 16 A 34 ANOS 16,7% E 15,2%, 35 A 54 ANOS 20,6% E 18,4%, 55 ANOS OU MAIS 15,7% E 13,5%. GRAU DE INSTRUÇÃO ¿ FEMININO E MASCULINO Sem instrução até Ensino Médio completo 60,8%, Ensino superior incompleto e completo 39,2% NÍVEL ECONÔMICO - FEMININO população não economicamente ativa 46,5% população economicamente ativa 53,5% MASCULINO população não economicamente ativa 27,2% população economicamente ativa 72,8%. RENDA FAMILIAR DO DOMICÍLIO renda familiar de até 2 salários-mínimos 30,7%; de 2 a 5 salários-mínimos 44,2%, acima de 5 salários-mínimos 25,1%. Está prevista eventual ponderação para correção das variáveis, com base nos percentuais anteriormente mencionados, caso ocorram diferenças superiores a margem de erro da pesquisa prevista entre a amostra e a coleta de dados realizada. O fator previsto para ponderação é 1 (resultados obtidos na coleta de dados). O intervalo de confiança estimado é de 95% e a margem de erro máxima estimada considerando um modelo de amostragem aleatório simples, é de aproximadamente 2,5 pontos percentuais para mais ou para menos sobre os resultados encontrados no total da amostra. FONTE DOS DADOS: IBGE/Censo 2022 para fins de densidade demográfica, setores censitários e alocação da amostra. IBGE/PNAD/PNADC/MEC/INEP para fins de Nível Econômico e Escolaridade. TSE FEVEREIRO/2026 para fins de Sexo, Faixa Etária e eleitorado por município ou regiões previamente definidas (importante ressaltar para o público leigo que os dados do TSE são os únicos corretos para gênero, idade dos eleitores e quantitativo de eleitores por municípios já que a base de dados se atualiza automaticamente, PORÉM, dados de escolaridade e nível econômico NÃO são corretos e confiáveis devido a desatualização que ocorre naturalmente com o passar dos anos). Definição de margem de erro e intervalo de confiança: Margem de erro e intervalo de confiança não são grandezas diretamente proporcionais. A SOMA NÃO TEM QUE RESULTAR 100%. ";"Após os trabalhos de coleta de dados, os questionários são submetidos a uma fiscalização, conferência e checagem de cerca de 20% (vinte por cento) dos questionários aplicados.";"A relação dos municípios sorteados ou selecionados para esta pesquisa será apresentada em arquivo anexo até 1 (um) dia após a divulgação desta pesquisa conforme §7º. do art. 2º. da Resolução-TSE nº. 23.600/2019. A área de abrangência desta pesquisa é o Estado DE GOIÁS."
"07/08/2026";"05:47:04";2026;81;"Eleições Gerais 2026";"GO";"GO";"GOIÁS";"GO092292026";"2026-04-08 17:45:31";"S";"05270800000146";"GERP MERCADOLOGIA LTDA";"GRUPO GERP GERP MERCADO GERP OPINIAO GERPAUDIT";"Governador";"2026-04-08 00:00:00";"2026-04-14 00:00:00";"2026-04-14 00:00:00";1200;"8153 - 2ª REGIÃO";"CLENILSON SANTOS DE OLIVEIRA";"12000,00";"A população pesquisada é definida como pessoas maiores de 16 anos, eleitoras e residentes nos municípios do estado de Goiás. A pesquisa é do tipo QUANTITATIVA e os entrevistados serão selecionados por cotas em função das variáveis sexo, faixa etária, renda do chefe do domicílio e área de residência. Os dados para definição das cotas foram obtidos de publicações do IBGE e da Estatística do Eleitorado do TSE. Os dados serão tabulados em função das variáveis sócio-econômicas e agregados segundo as diversas áreas de residência de interesse.";"Com a realização de 1200 (mil e duzentas) entrevistas, dentro de um universo considerado infinito e um nível de confiança de 95,55%, a margem de erro para projeções dos dados é estimada em 2,89 pontos percentuais, nos casos limites em que as variáveis assumam o percentual de 50%. O resultado projetado para a população pesquisada vai de um mínimo de 47,11% a um máximo de 52,89%. Para o mesmo número de entrevistas, a margem de erro tende a se estreitar quando os percentuais se aproximam de 0% ou de 100%. Se a variável incidir em 10%, por exemplo, a margem de erro é estimada em 1,73 pontos percentuais. E o resultado projetado vai de um mínimo de 8,27% a um máximo de 91,73%. O Instituto Gerp utiliza dois desvios padrões para o cálculo da margem de erro em todos os seus projetos de pesquisa, o que representa um nível de confiança de 95,55%, confiando ao trabalho uma segurança ainda maior do que o normalmente utilizado pelo mercado. Está prevista eventual ponderação para correção das variáveis área de residência, sexo, faixa etária e renda do chefe do domicílio, caso ocorram diferenças superiores a 2 pontos percentuais entre o previsto na amostra e a coleta de dados realizada. O plano amostral a ser cumprido, pelo entrevistador, é o definido a seguir: IDADE/SEXO: 16-17/masculino (0,68%), 16-17/feminino (0,64%), 18-24/ masculino (12,08%), 18-24/feminino (11,36%), 25-34/masculino (19,60%), 25-34/feminino (19,59%), 35 44/masculino (20,44%), 35-44/feminino (20,30%), 45- 59/masculino (26,29%), 45-59/feminino (26,35%), 60 ou +/masculino (20,91%), 60 ou +/feminino (21,74%) RENDA DO CHEFE DO DOMICÍLIO: Até 01 SM (18,63%), De 01 a 02 SM (24,43%), De 02 a 05 SM (36,58%), De 05 a 10 SM (13,61%), De 10 a 20 SM (4,75%), Mais de 20 SM (1,99%)";"Como de praxe em pesquisas realizadas pelo INSTITUTO DE PESQUISA GERP, todas as entrevistas são criticadas e 20%, no mínimo, são verificados junto ao próprio entrevistado. O trabalho de entrevistas é permanentemente acompanhado por um supervisor local, que controla e fiscaliza a aplicação dos questionários (por telefone, Sistema Cati), com o entrevistador, entrevistando pessoalmente o entrevistado. Além disso, há um controle de qualidade do trabalho nos sistemas de processamento das informações. Para melhor explicitar os mecanismos de controle e verificação, segue o abaixo escrito: Todas as equipes de entrevistadores possuem também um supervisor interno, em caráter permanente, que é responsável pela fiscalização da coleta de dados e verificação das respostas junto aos próprios entrevistados; Cada questionário enviado ao sistema é objeto de uma checagem do seu correto preenchimento e pelo menos 20% das entrevistas são verificadas junto ao entrevistado pelo supervisor interno. Ou seja, em 20% das entrevistas, o supervisor interno liga para o entrevistado e refaz as perguntas, verificando, assim, a veracidade das respostas. As entrevistas objeto da verificação são escolhidas por critério de sorteio aleatório. Ex.: a cada 05 entrevistas enviadas ao sistema, 01 é verificada pelo supervisor interno. Ao término da pesquisa, o INSTITUTO DE PESQUISA GERP, faz uma rigorosa crítica a todos os questionários enviados, onde são checadas inconsistências nas respostas. Caso seja constatada alguma inconsistência, o entrevistado é contatado, a dúvida é solucionada ou a entrevista é descartada.
";"A pesquisa englobará as cinco Mesorregiões do estado de Goiás: Noroeste Goiano, Norte Goiano, Centro Goiano, Leste Goiano e Sul Goiano."
"07/08/2026";"05:47:04";2026;81;"Eleições Gerais 2026";"GO";"GO";"GOIÁS";"GO087742026";"2026-05-30 23:23:33";"S";"14293213000163";"NUMEN DATA PESQUISA E CONSULTORIA LTDA";"NUMEN DATA";"Governador, Senador";"2026-06-01 00:00:00";"2026-06-02 00:00:00";"2026-06-05 00:00:00";1500;"9531";"Lorena Maurícia Neris Silva";"21000,00";"Pesquisa probabilística estratificada quantitativa por amostragem. Aplicação de questionário estruturado por meio IVR, ligações telefonicas. O universo da pesquisa é o conjunto de eleitoras e eleitores com 16 anos ou mais no estado de Goiás.";"Universo: 5.126.435 eleitoras e eleitores residentes no Goiás com 16 anos de idade ou mais. Tamanho da amostra: 1100 entrevistas. Técnica de amostragem: estratificada a partir da base de dados do IBGE, estimativa populacional 2025 e TSE 2026 para o estado de Goiás. Os números relativos a sexo e faixa etária são do TSE 2026: Sexo: (Masculino 48% e Feminino: 52%). Faixa Etária: (16 a 24 anos 13%, 25 a 44 anos 41%, 45 a 59 anos 26% e 60 anos ou mais 20%). Grau de Instrução: até nível fundamental completo ou incompleto (inclui os sem escolaridade e analfabetos) =36%, nível médio (inclui incompleto)=46% e nível superior (inclui superior incompleto) = 18%. Nível Econômico, será utilizada a o CENSO 2010 e 2022, fonte IBGE, com crusamentos de dados primários da base de dados da Numen Data de pesquisas anteriores (Até 2 salários mínimos 43%, mais de 2 salários mínimos 57%).A margem de erro máxima prevista é de 3 pontos percentuais para mais ou para menos, considerando um nível de confiança de 95%.";"A verificação e conferência é realizada maneira automática pelo sistema de pesquisa com cerca de 20% dos respondentes que completaram o formulário.";"A área de abrangência da coleta é o estado de Goiás, A relação do quantitativo das localidades selecionadas para aplicação da amostra será apresentada até o 7º dia seguinte ao registro da pesquisa, conforme expresso no art. 2º, §7º da Resolução 23.600/2019 do TSE."
"07/08/2026";"05:47:04";2026;81;"Eleições Gerais 2026";"GO";"GO";"GOIÁS";"GO080462026";"2026-02-22 20:36:14";"N";"44826961000125";"SMS - DIRECT PESQUISAS E MARKETING LTDA";"DIRECT PESQUISAS";"Governador, Senador, Deputado Federal, Deputado Estadual";"2026-02-22 00:00:00";"2026-02-24 00:00:00";"2026-02-28 00:00:00";600;"10526";"José Dos Reis Cunha Filho";"5000,00";"Pesquisa quantitativa com abordagem porta a porta, com eleitores que votam e/ou residem no município de Rio Verde no estado de Goiás, consistindo na realização de entrevistas pessoais e individuais, com a aplicação de questionário estruturado junto a uma amostra representativa do eleitorado em estudo. Devido a ordem probabilística da amostra, nesta pesquisa será considerada apenas os eleitores residentes dentro do município ou que no dia da entrevista estejam nele. Todas as entrevistas são espontâneas e os dados são sigilosos, guardados no banco de dados do instituto para tabulação e apresentação gráfica e analítica.";"Trata-se de uma amostra probabilística estratificada, com abordagem aleatória simples através de cotas de sexo, idade e escolaridade, ponderadas de acordo com a estatística do Eleitorado do TSE, 2026 (https://sig.tse.jus.br) e renda ponderada de acordo com registro do último senso estratificado do IBGE (https://cidades.ibge.gov.br) e em conformidade com a Resolução do TSE 23.600/2019, complementada pela Resolução 23.676/2021, com entrevistas domiciliares aos eleitores de 16 anos ou mais que exerça seu voto no município de Rio Verde. Totalizando uma população eleitoral de 148.607 e amostra de 600, a um nível de confiança = 95%; Nível de significância = 5%; Margem de erro = 3,99%, com P = 0,5.
SEXO: Masculino (47,13%), Feminino (52,87%); FAIXA ETÁRIA: até 24 anos (12,51%), de 25 a 34 anos (21,23%), de 35 a 44 anos (23,73%), de 45 a 59 anos (24,88%), 60 anos ou mais (17,65%); ESCOLARIDADE: Analfabeto (2,09%), Lê e escreve (6,38%), 1º Grau inc/comp (23,82%), 2º Grau inc/comp (46,72%), 3º Grau inc/comp (20,99%); RENDA: Até 1 salário (13,70%), entre 1 e 2 salários (18,42%), entre 2 e 5 salários (39,64%), entre 5 e 10 salários (18,82%), Mais de 10 salários (9,42%).
";"Os questionários são aplicados com uso de equipamentos eletrônicos, supervisão in loco e via GPS, passarão por conferência através de novo contato até 20% dos entrevistados, todas as regiões pesquisadas foram selecionadas proporcionalmente.";"Os bairros serão anexados de acordo com a resolução."
"07/08/2026";"05:47:04";2026;81;"Eleições Gerais 2026";"GO";"GO";"GOIÁS";"GO007342026";"2026-05-21 23:35:44";"S";"39147895000127";"AGENCIA CALCULU'S DE PESQUISA E JORNALISMO LTDA";"JORNAL LIDER";"Governador, Deputado Federal, Deputado Estadual";"2026-05-19 00:00:00";"2026-05-20 00:00:00";"2026-05-27 00:00:00";452;"8745";"CLEUDIMAR NOBRE DANTAS";"3000,00";"Pesquisa quantitativa, do tipo survey, com realização de entrevistas diretas, por meio da aplicação de questionário estruturado, em uma amostra significativa da população em estudo, composta pelo eleitorado do município de Município de Itumbiara/GO com total de 74.295 eleitores em abril de 2026. A pesquisa foi realizada nos dias 19 a 20 de maio de 2026.";"O universo pesquisado (ou população de estudo) é o eleitorado do Município de Itumbiara/GO com total de 74.295 eleitores em abril de 2026, com 16 anos ou mais, que esteja apto a votar. O tamanho da amostra prevista é de 452 entrevistas, com uma margem de erro de 4,6% e confiabilidade de 95%. A amostra foi calculada pelo método de amostragem aleatória simples, essa amostra é estratificada, urbana, com as cotas de ponderação segundo as variáveis sexo, idade, grau de instrução e nível econômico do eleitorado. O tamanho dos estratos será proporcional a esses segmentos, de acordo com as informações de estatística do eleitorado fornecidas pelo Tribunal Superior Eleitoral ¿ TSE (dados do eleitorado de abril/2026) e, para as classes de rendimento, dados do Censo Demográfico 2010 realizado pelo Instituto Brasileiro de Geografia e Estatística - IBGE. Os tamanhos desses segmentos são:
1. Sexo (Feminino: 53,7% / Masculino: 46,3%); 2. Faixa etária (16-24 anos: 11,6% / 25-34 anos: 17,7% / 35-44 anos: 19,1% / 45-59 anos: 27,0% / 60 anos ou mais: 24,6%); 3. Escolaridade (Analfabeto: 2,5% / Lê e escreve: 4,8% / Ensino Fundamental (incompleto/completo): 26,3% / Ensino Médio (incompleto/completo): 45,8% / Ensino Superior (incompleto/completo): 20,6%; 4. Renda familiar (até 1 salário mínimo: 55,1% / De 1 a 2 salários mínimos: 23,3% / De 2 a 3 salários mínimos: 8,5% / De 3 a 5 salários mínimos: 6,8% / Acima de 5 salários mínimos: 6,3%). Ao final da pesquisa, será aplicado fator de ponderação de modo a corrigir as possíveis diferenças entre os valores esperados da amostra e aqueles coletados durante o trabalho de campo. ";"A pesquisa foi realizada por uma equipe de 3 (quatro) entrevistadores e 1 (um) supervisor de campo da empresa AGENCIA CALCULU'S DE PESQUISA E JORNALISMO LTDA, devidamente treinados. Os questionários são submetidos a uma fiscalização de, no mínimo, 20% dos questionários aplicados por cada entrevistador. A fiscalização é realizada simultaneamente à coleta de dados em campo.";"A área de abrangência da pesquisa é o Município de Itumbiara/GO. A relação completa dos municípios será encaminhada posteriormente, a partir do dia em que a pesquisa puder ser divulgada e até o dia seguinte, conforme Resolução 23.600/2019 do TSE."
"07/08/2026";"05:47:04";2026;81;"Eleições Gerais 2026";"GO";"GO";"GOIÁS";"GO015342026";"2026-04-21 22:58:42";"S";"44826961000125";"SMS - DIRECT PESQUISAS E MARKETING LTDA";"DIRECT PESQUISAS";"Governador, Senador, Deputado Federal, Deputado Estadual";"2026-04-23 00:00:00";"2026-04-25 00:00:00";"2026-04-27 00:00:00";1500;"10526";"José Dos Reis Cunha Filho";"5000,00";"Pesquisa quantitativa com abordagem porta a porta, com eleitores que votam e/ou residem nos municípios que compõe o Vale do São Patrício e Região, totalizando 21 cidades, no estado de Goiás, consistindo na realização de entrevistas pessoais e individuais, com a aplicação de questionário estruturado junto a uma amostra representativa do eleitorado em estudo. Devido a ordem probabilística da amostra, nesta pesquisa será considerada apenas os eleitores residentes dentro do município ou que no dia da entrevista estejam nele. Todas as entrevistas são espontâneas e os dados são sigilosos, guardados no banco de dados do instituto para tabulação e apresentação gráfica e analítica.";"Trata-se de uma amostra probabilística estratificada, com abordagem aleatória simples através de cotas de sexo, idade e escolaridade, ponderadas de acordo com a estatística do Eleitorado do TSE, 2026 (https://sig.tse.jus.br) e renda ponderada de acordo com registro do último senso estratificado do IBGE (https://cidades.ibge.gov.br) e em conformidade com a Resolução do TSE 23.600/2019, complementada pela Resolução 23.676/2021, com entrevistas domiciliares aos eleitores de 16 anos ou mais que exerça seu voto nos municípios de Jaraguá, Ceres, Rialma, Santa Isabel, Carmo do Rio Verde, Vila Propicio, Nova Gloria, Uruaçu, Barro Alto, Pirenópolis, Itapaci, Crixás, Padre Bernardo, Rubiataba, São Luiz do Norte, Niquelândia, Campinorte, Mara Rosa, Itapuranga, Cocalzinho de Goiás e Uruana. Totalizando uma população eleitoral de 306.917 e amostra de 1.500, a um nível de confiança = 95%; Nível de significância = 5%; Margem de erro = 2,54%, com P = 0,5.
SEXO: Masculino (48,24%), Feminino (51,76%); FAIXA ETÁRIA: até 24 anos (11,55%), de 25 a 34 anos (17,95%), de 35 a 44 anos (18,51%), de 45 a 59 anos (27,19%), 60 anos ou mais (24,80%); ESCOLARIDADE: Analfabeto (3,96%), Lê e escreve (8,54%), 1º Grau inc/comp (29,53%), 2º Grau inc/comp (42,86%), 3º Grau inc/comp (15,11%); RENDA: Até 1 salário (15,67%), entre 1 e 2 salários (21,92%), entre 2 e 5 salários (38,15%), entre 5 e 10 salários (15,58%), Mais de 10 salários (8,68%).
";"Os questionários são aplicados com uso de equipamentos eletrônicos, supervisão in loco e via GPS, passarão por conferência através de novo contato até 20% dos entrevistados, todas as regiões pesquisadas foram selecionadas proporcionalmente.";"Os municípios serão anexados de acordo com a resolução."
"07/08/2026";"05:47:04";2026;81;"Eleições Gerais 2026";"GO";"GO";"GOIÁS";"GO073902026";"2026-04-14 21:01:52";"N";"44826961000125";"SMS - DIRECT PESQUISAS E MARKETING LTDA";"DIRECT PESQUISAS";"Governador, Senador, Deputado Federal, Deputado Estadual";"2026-04-15 00:00:00";"2026-04-17 00:00:00";"2026-04-20 00:00:00";800;"10526";"José Dos Reis Cunha Filho";"6000,00";"Pesquisa quantitativa com abordagem porta a porta, com eleitores que votam e/ou residem no município de Anápolis no estado de Goiás, consistindo na realização de entrevistas pessoais e individuais, com a aplicação de questionário estruturado junto a uma amostra representativa do eleitorado em estudo. Devido a ordem probabilística da amostra, nesta pesquisa será considerada apenas os eleitores residentes dentro do município ou que no dia da entrevista estejam nele. Todas as entrevistas são espontâneas e os dados são sigilosos, guardados no banco de dados do instituto para tabulação e apresentação gráfica e analítica.";"Trata-se de uma amostra probabilística estratificada, com abordagem aleatória simples através de cotas de sexo, idade e escolaridade, ponderadas de acordo com a estatística do Eleitorado do TSE, 2026 (https://sig.tse.jus.br) e renda ponderada de acordo com registro do último senso estratificado do IBGE (https://cidades.ibge.gov.br) e em conformidade com a Resolução do TSE 23.600/2019, complementada pela Resolução 23.676/2021, com entrevistas domiciliares aos eleitores de 16 anos ou mais que exerça seu voto nos municípios de Anápolis. Totalizando uma população eleitoral de 283.464 e amostra de 800, a um nível de confiança = 95%; Nível de significância = 5%; Margem de erro = 3,46%, com P = 0,5.
SEXO: Masculino (46,23%), Feminino (53,77%); FAIXA ETÁRIA: até 24 anos (12,31%), de 25 a 34 anos (19,61%), de 35 a 44 anos (19,86%), de 45 a 59 anos (25,70%), 60 anos ou mais (22,51%); ESCOLARIDADE: Analfabeto (1,28%), Lê e escreve (3,51%), 1º Grau inc/comp (25,15%), 2º Grau inc/comp (48,33%), 3º Grau inc/comp (21,73%); RENDA: Até 1 salário (13,69%), entre 1 e 2 salários (21,05%), entre 2 e 5 salários (39,67%), entre 5 e 10 salários (16,60%), Mais de 10 salários (8,99%).
";"Os questionários são aplicados com uso de equipamentos eletrônicos, supervisão in loco e via GPS, passarão por conferência através de novo contato até 20% dos entrevistados, todas as regiões pesquisadas foram selecionadas proporcionalmente.";"Os bairros serão anexados de acordo com a resolução."
"07/08/2026";"05:47:04";2026;81;"Eleições Gerais 2026";"GO";"GO";"GOIÁS";"GO020582026";"2026-06-02 21:33:22";"S";"00654576000172";"INSTITUTO VERITA LTDA";"VERITA";"Governador, Senador";"2026-06-02 00:00:00";"2026-06-06 00:00:00";"2026-06-08 00:00:00";1525;"10699";"GUILHERME ALVARENGA LAIA";"117425,00";"Pesquisa quantitativa, que consiste na realização de entrevistas, com a aplicação de questionário estruturado junto a uma amostra representativa do eleitorado desta Unidade da Federação.";"ESTUDO REPRESENTATIVO DO ELEITORADO DO ESTADO DE GOIÁS - MÉTODO PPT (Probabilidade Proporcional ao Tamanho) - PLANO AMOSTRAL E PONDERAÇÃO QUANTO A SEXO, IDADE, GRAU DE INSTRUÇÃO E NÍVEL ECONÔMICO DO ENTREVISTADO; INTERVALO DE CONFIANÇA E MARGEM DE ERRO: Representativo do eleitorado da área em estudo, elaborada, em vários estágios, da seguinte forma: - 1. Divisão da UF em estratos proporcionais de municípios. 2. Ordenação dos municípios de cada estrato segundo o porte. 3. Sorteio dos municípios de cada estrato. 4. Os respondentes são selecionados através de quotas amostrais proporcionais em função de variáveis significativas, a saber: GÊNERO / FAIXA ETÁRIA - FEMININO E MASCULINO 16 A 34 ANOS 16,7% E 15,2%, 35 A 54 ANOS 20,6% E 18,4%, 55 ANOS OU MAIS 15,7% E 13,5%. GRAU DE INSTRUÇÃO ¿ FEMININO E MASCULINO Sem instrução até Ensino Médio completo 60,8%, Ensino superior incompleto e completo 39,2% NÍVEL ECONÔMICO - FEMININO população não economicamente ativa 46,5% população economicamente ativa 53,5% MASCULINO população não economicamente ativa 27,2% população economicamente ativa 72,8%. RENDA FAMILIAR DO DOMICÍLIO renda familiar de até 2 salários-mínimos 30,7%; de 2 a 5 salários-mínimos 44,2%, acima de 5 salários-mínimos 25,1%. Está prevista eventual ponderação para correção das variáveis, com base nos percentuais anteriormente mencionados, caso ocorram diferenças superiores a margem de erro da pesquisa previsto entre a amostra e a coleta de dados realizada. O fator previsto para ponderação é 1 (resultados obtidos na coleta de dados). O intervalo de confiança estimado é de 95% e a margem de erro máxima estimada considerando um modelo de amostragem aleatório simples, é de aproximadamente 2,5 pontos percentuais para mais ou para menos sobre os resultados encontrados no total da amostra. FONTE DOS DADOS: IBGE/Censo 2022 para fins de densidade demográfica, setores censitários e alocação da amostra. IBGE/PNAD/PNADC/MEC/INEP para fins de Nível Econômico e Escolaridade. TSE FEVEREIRO/2026 para fins de Sexo, Faixa Etária e eleitorado por município ou regiões previamente definidas (importante ressaltar para o público leigo que os dados do TSE são os únicos corretos para gênero, idade dos eleitores e quantitativo de eleitores por municípios já que a base de dados se atualiza automaticamente, PORÉM, dados de escolaridade e nível econômico NÃO são corretos e confiáveis devido a desatualização que ocorre naturalmente com o passar dos anos). Definição de margem de erro e intervalo de confiança: Margem de erro e intervalo de confiança não são grandezas diretamente proporcionais. A SOMA NÃO TEM QUE RESULTAR 100%. ";"Após os trabalhos de coleta de dados, os questionários são submetidos a uma fiscalização, conferência e checagem de cerca de 20% (vinte por cento) dos questionários aplicados.";"A relação dos municípios sorteados ou selecionados para esta pesquisa será apresentada em arquivo anexo até 1 (um) dia após a divulgação desta pesquisa conforme §7º. do art. 2º. da Resolução-TSE nº. 23.600/2019. A área de abrangência desta pesquisa é o Estado DE GOIÁS"
"07/08/2026";"05:47:04";2026;81;"Eleições Gerais 2026";"GO";"GO";"GOIÁS";"GO020442026";"2026-02-24 22:33:27";"N";"44826961000125";"SMS - DIRECT PESQUISAS E MARKETING LTDA";"DIRECT PESQUISAS";"Governador, Senador, Deputado Federal, Deputado Estadual";"2026-02-24 00:00:00";"2026-02-25 00:00:00";"2026-03-02 00:00:00";450;"10526";"José Dos Reis Cunha Filho";"4000,00";"Pesquisa quantitativa com abordagem porta a porta, com eleitores que votam e/ou residem no município de Jataí no estado de Goiás, consistindo na realização de entrevistas pessoais e individuais, com a aplicação de questionário estruturado junto a uma amostra representativa do eleitorado em estudo. Devido a ordem probabilística da amostra, nesta pesquisa será considerada apenas os eleitores residentes dentro do município ou que no dia da entrevista estejam nele. Todas as entrevistas são espontâneas e os dados são sigilosos, guardados no banco de dados do instituto para tabulação e apresentação gráfica e analítica.";"Trata-se de uma amostra probabilística estratificada, com abordagem aleatória simples através de cotas de sexo, idade e escolaridade, ponderadas de acordo com a estatística do Eleitorado do TSE, 2026 (https://sig.tse.jus.br) e renda ponderada de acordo com registro do último senso estratificado do IBGE (https://cidades.ibge.gov.br) e em conformidade com a Resolução do TSE 23.600/2019, complementada pela Resolução 23.676/2021, com entrevistas domiciliares aos eleitores de 16 anos ou mais que exerça seu voto no município de Jataí. Totalizando uma população eleitoral de 71.925 e amostra de 450, a um nível de confiança = 95%; Nível de significância = 5%; Margem de erro = 4,61%, com P = 0,5.
SEXO: Masculino (46,74%), Feminino (53,26%); FAIXA ETÁRIA: até 24 anos (11,93%), de 25 a 34 anos (18,97%), de 35 a 44 anos (20,07%), de 45 a 59 anos (26,04%), 60 anos ou mais (22,98%); ESCOLARIDADE: Analfabeto (3,19%), Lê e escreve (5,05%), 1º Grau inc/comp (27,02%), 2º Grau inc/comp (43,49%), 3º Grau inc/comp (21,25%); RENDA: Até 1 salário (12,90%), entre 1 e 2 salários (18,00%), entre 2 e 5 salários (39,50%), entre 5 e 10 salários (18,83%), Mais de 10 salários (10,77%).
";"Os questionários são aplicados com uso de equipamentos eletrônicos, supervisão in loco e via GPS, passarão por conferência através de novo contato até 20% dos entrevistados, todas as regiões pesquisadas foram selecionadas proporcionalmente.";"Os bairros serão anexados de acordo com a resolução."
"07/08/2026";"05:47:04";2026;81;"Eleições Gerais 2026";"GO";"GO";"GOIÁS";"GO051142026";"2026-02-21 00:00:00";"N";"56824073000152";"EXATA.GO PESQUISA LTDA";"EXATA.GO";"Governador, Senador";"2026-02-21 00:00:00";"2026-02-26 00:00:00";"2026-02-26 00:00:00";3470;"10809";"Estenio da Costa Santos";"13500,00";"A pesquisa será do tipo quantitativo, por amostragem aleatória, com aplicação de questionário estruturado e abordagem de moradores eleitores em 62 municípios do estado de Goiás, divididos em 09 (nove) regiões, em pontos estratégicos de fluxo de pessoal dos municípios e por visitas às residências dos municípios. O conjunto da população de Goiás, com 16 anos ou mais e que são votantes no referido estado foi tomado como universo da pesquisa.";"O universo da pesquisa se concentra na população do município de em 62 municípios do estado de Goiás, divididos em 09 (nove) regiões (listados em anexo) com 16 anos ou mais votantes no estado. Tamanho da amostra: A amostra prevista é de 3.470 entrevistas. Técnica de amostragem: A amostra é representativa do universo pesquisado e selecionada em duas etapas. Na primeira etapa são definidos os municípios que farão parte da amostra. Numa segunda etapa são sorteados os pontos de abordagem onde serão aplicadas as entrevistas. Por fim, os entrevistados são selecionados aleatoriamente para responder ao questionário, de acordo com cotas de sexo e faixa etária. Os dados relativos a sexo e faixa etária são: Sexo masculino: 48%; Sexo feminino: 52%, Idade: 16 a 24 anos: 13,22%; 25 a 34 anos: 20,47%; 35 a 44 anos: 20,84%; 45 a 59 anos: 25,70% e 60 anos ou mais: 19,77%. Para grau de instrução, os dados utilizados como referência são: Analfabetos: 2,4%; Lê e escreve + Ensino fundamental incompleto: 27,5%; Ensino fundamental completo + Ensino médio incompleto: 23,0%; Ensino médio completo + Ensino superior incompleto: 35,5%, Ensino superior completo ou mais: 11,6%. Os dados utilizados para definição e seleção da amostra são baseados nos dados fornecidos pelo TSE (setembro/2025), IBGE (PNAD Contínua, Censo 2010 e Censo 2022) e dados primários de outros levantamentos do instituto. Ponderação dos resultados: Está prevista eventual ponderação para correção nos tamanhos dos estratos, considerando as variáveis sexo, faixa etária e escolaridade, de acordo com os percentuais detalhados anteriormente, casos as diferenças sejam maiores que 3 pontos percentuais. Para o nível econômico do entrevistado (renda individual mensal aproximada declarada) os dados de referência são: até 2 S. M. (salários mínimos) = 37,58%; mais de 2 S. M. e menos de 5 S. M. = 38,17%; mais de 5 S. M. = 24,25%. Para essa variável, o fator previsto para ponderação é 1 (resultados obtidos em campo). Área física: A relação completa dos municípios incluídos no levantamento será encaminhada a esse tribunal posteriormente, a partir do dia em que a pesquisa puder ser divulgada e até o dia seguinte, conforme a Resoluções 23.600/2019, no art.2º §7º e 23.727/2024 do TSE. Margem de Erro: A margem de erro máxima prevista é de 1,7 pontos percentuais para mais ou para menos, considerando um nível de confiança de 95% e baseada em uma amostra aleatória.
";"Os entrevistadores envolvidos na realização desta pesquisa são treinados pelo Instituto e recebem instruções específicas para cada projeto realizado. A coleta será feita com a utilização de questionário impresso, que serão computados posteriormente à pesquisa de campo. Os pesquisadores são supervisionados por um coordenador que estará em campo juntamente com a equipe garantindo a lisura da pesquisa. Internamente, todo o material é verificado e codificado. Antes do processamento final e emissão dos resultados, realiza-se processo de consistência dos dados. Os dados coletados e tratados nesta pesquisa atendem às exigências da LGPD, Lei Geral de Proteção de Dados, garantindo ao respondente o sigilo de sua identidade e o correto tratamento de suas respostas.";"A relação completa dos municípios incluídos no levantamento será encaminhada posteriormente, a partir do dia em que a pesquisa puder ser divulgada e até o dia seguinte, conforme a Resoluções 23.600/2019 e 23.727/2024 do TSE."
"07/08/2026";"05:47:04";2026;81;"Eleições Gerais 2026";"GO";"GO";"GOIÁS";"GO002112026";"2026-04-24 16:19:36";"N";"22445600000104";"QUAEST PESQUISAS, CONSULTORIA E PROJETOS LTDA.";"#NULO#";"Governador, Senador";"2026-04-24 00:00:00";"2026-04-28 00:00:00";"2026-04-30 00:00:00";1104;"6731";"Margarida Maria de Mendonça";"239169,81";"Pesquisa quantitativa, de survey, que consiste na realização de entrevistas pessoais, domiciliares e presenciais, conduzidas por profissionais treinados, com a aplicação de questionários estruturados a uma amostra representativa da população votante de 16 anos ou mais residente no estado de Goiás. O desenho amostral aplicado combina sorteio probabilístico de municípios e de setores censitários fornecidos pelo IBGE (unidades territoriais homogêneas, de tamanho similar a quadras ou blocos), dentro dos quais serão selecionadas pessoas respondentes por meio de cotas amostrais.";"O público pesquisado é composto por eleitores de 16 anos ou mais residentes na área de abrangência da pesquisa. Para produzir uma amostra representativa desse público-alvo, utilizamos um desenho amostral por conglomerados que prevê três estágios. No primeiro estágio, é feito um sorteio probabilístico de municípios para comporem a amostra por meio do método PPT (Probabilidade Proporcional ao Tamanho) a partir de suas populações votantes acima de 16 anos. Dentro da lista de municípios sorteados, no segundo estágio, é realizado um sorteio probabilístico por meio do método PPT (Probabilidade Proporcional ao Tamanho) de setores censitários a serem visitados pelos entrevistadores, sorteio que tem como base o total de habitantes residentes nos setores de acordo com dados do Censo de 2022, o que garante a dispersão aleatória e estatística da amostra dentro dos territórios municipais, independentemente de divisões administrativas. Finalmente, dentro da lista de setores censitários sorteados, no último estágio são selecionados domicílios e pessoas a serem entrevistadas utilizando-se cotas amostrais para as seguintes variáveis: sexo, idade, renda familiar e escolaridade. O perfil da amostra, definido pelas cotas previstas, é o seguinte:

Sexo: Masculino (47%); Feminino (53%). 
Faixa etária: 16-34 anos (33%); 35-59 anos (46%); 60 ou mais (21%). 
Renda domiciliar total, incluindo pensões, benefícios e rendimentos de trabalhos informais: Até 2 salários-mínimos (27%); Mais de 2 a 5 salários-mínimos (47%); Mais de 5 salários-mínimos (26%). 
Nível de instrução: Até Fundamental completo ou médio incompleto (40%); Médio completo ou superior incompleto (41%); Superior completo ou mais (19%). 

Fonte dos dados: para a distribuição de sexo e idade, TSE-Tribunal Superior Eleitoral - março/2026; para a malha de setores censitários, Censo 2022 (IBGE); para a distribuição de renda domiciliar, PNADc Anual 2024, 5a visita (IBGE); e, para a distribuição de escolaridade/instrução, PNADc trimestral 4-2025 (IBGE). A PNADc é utilizada por ser a fonte oficial mais atualizada de rendimentos do país, incluindo rendimentos informais, pensões, entre outros, e corrigindo as defasagens temporais do Censo 2022, além de ser a fonte mais atualizada de nível de instrução da população com 16 anos ou mais dada ausência de atualização obrigatória da escolaridade no registro de eleitores do TSE.

Está prevista eventual pós-estratificação da amostra, por meio de algoritmos de calibração (rake) e modelos (MrP), para correção de estimativas e das distribuições das variáveis sexo, idade, renda familiar e escolaridade, com base nos percentuais anteriormente mencionados, caso ocorram diferenças entre os percentuais previstos na amostra e a coleta de dados realizada. 

Dentro do público-alvo anteriormente descrito, serão realizadas 1.104 entrevistas. O nível de confiança das estimativas é de 95% e a margem de erro máxima prevista, atendendo às diretivas do TSE e usando o cálculo para amostra aleatória simples (AAS) como aproximação, é de cerca de 3 pontos percentuais para mais ou para menos em relação aos totais da amostra.";"As entrevistas serão realizadas por uma equipe de entrevistadores devidamente qualificada, com experiência e treinamento em pesquisa de opinião pública. Todo trabalho é feito em tablets ou outros dispositivos eletrônicos. Após a realização da coleta de dados, as entrevistas junto aos respondentes são checadas por meio de procedimentos de consistência e de georreferenciamento dos locais de aplicação em tempo real. Adicionalmente, ao longo e após os trabalhos de campo, é realizada uma fiscalização que consiste na checagem de áudio de uma amostra de 30% dos questionários aplicados para verificação das respostas e da adequação dos entrevistados aos parâmetros amostrais.";"A área de abrangência da coleta é o território do estado de Goiás. A relação do número de pessoas pesquisadas nas áreas de aplicação da pesquisa, discriminadas por município, bairros e setores censitários a partir dos identificadores utilizados pelo IBGE, além da composição do eleitorado entrevistado na área de abrangência quanto a gênero, idade, grau de instrução e nível econômico, constará em anexo. O mapa com os códigos destes setores censitários e as áreas que delimitam no país todo podem ser conferidos na seguinte fonte oficial: https://censo2022.ibge.gov.br/panorama/mapas.html?localidade=&recorte=setores_censitarios"
"07/08/2026";"05:47:04";2026;81;"Eleições Gerais 2026";"GO";"GO";"GOIÁS";"GO085252026";"2026-04-28 22:22:43";"N";"56824073000152";"EXATA.GO PESQUISA LTDA";"EXATA.GO";"Governador, Senador";"2026-04-20 00:00:00";"2026-04-30 00:00:00";"2026-05-04 00:00:00";3300;"7655";"AUGUSTO DA SILVA ROCHA";"25000,00";"A pesquisa será do tipo quantitativo, por amostragem aleatória, 
com aplicação de questionário estruturado e abordagem de moradores eleitores nos municípios do estado de Goias, 
divididos nas regiões dentro do estado, em pontos estratégicos de fluxo de pessoal dos municípios e por visitas às residências 
dos municípios. O conjunto da população do Estado de Goias com 16 anos ou mais e que são votantes no referido estado
 foi tomado como universo da pesquisa.";"A amostra será representativa do eleitorado da área pesquisada e será selecionada em três etapas. Na primeira etapa realiza-se um sorteio probabilístico dos municípios onde as entrevistas serão realizadas através do método PPT (Probabilidade Proporcional ao Tamanho), considerando a população eleitora com 16 anos ou mais residente nos municípios como base para essa seleção. Na segunda etapa, faz-se um sorteio probabilístico das localidades, onde as entrevistas serão realizadas, através do método PPT (Probabilidade Proporcional ao Tamanho), tomando a população eleitora de 16 anos ou mais residente nas localidades como base para essa seleção. Na terceira etapa, a seleção do entrevistado dentro da localidade, será feita utilizando-se quotas amostrais proporcionais, em função das variáveis sexo, faixa etária, grau de instrução e Nível socioeconômico (renda mensal familiar).
Por fim, os entrevistados são selecionados aleatoriamente para responder ao questionário, de acordo com cotas: 
SEXO: FEMININO	53,0%	;
MASCULINO	47,0%	;

Faixa Etária:  16 a 24 anos	12,46%	;
25 a 34 anos	19,57%	;
35 a 44 anos	20,32%	;
45 a 59 anos	26,30%	;
60 anos ou mais	21,35%	;

Grau de instrução: 
ANALFABETO	2,44%	;
LÊ E ESCREVE	5,57%	;
ENSINO FUNDAMENTAL INCOMPLETO	20,84%	;
ENSINO FUNDAMENTAL COMPLETO	5,66%	;
ENSINO MÉDIO INCOMPLETO	17,31%	;
ENSINO MÉDIO COMPLETO	29,46%	;
SUPERIOR INCOMPLETO	6,90%	;
SUPERIOR COMPLETO	11,82%	;


Nível econômico (renda mensal familiar): 
Até 1/2 salário mínimo	1,5%	;
Mais de 1/2 a 1 salário mínimo	13,6%	;
Mais de 1 a 2 salários mínimos	24,4%	;
Mais de 2 a 5 salários mínimos	36,6%	;
Mais de 5 a 10 salários mínimos	13,6%	;
Mais de 10 a 20 salários mínimos	4,8%	;
Mais de 20 salários mínimos	2,0%	;
Sem rendimento	3,5%	;


Fonte pública dos dados IBGE 
 IBGE | Cidades@ | Goiás | Pesquisa | Censo 2010 | Universo - Características da população e dos domicílios;
https://cidades.ibge.gov.br/brasil/go/pesquisa/23/24304?detalhes=true;

(TSE/MAR2026):  https://sig.tse.jus.br/ords/dwapr/r/seai/sig-eleitor-eleitorado-mensal/cruzamento-eleitorado-mensal?p24_metricas=E&p24_back=22&p24_cruzamento_1=ds_sexo&clear=24&session=314327461887677
Ano=2026;
Mês = Março;
UF= GO;
Observação: Conforme informações disponibilizadas pelo Instituto Brasileiro de Geografia e Estatística (IBGE), não houve nem há previsão de divulgação do perfil econômico (nível econômico) da população brasileira no âmbito do Censo Demográfico de 2022 (https://censo2022.ibge.gov.br/panorama/), para essa variável será adotado o fator de ponderação igual a 1, correspondente aos resultados obtidos em campo, caso seja verificada diferença superior à margem de erro prevista no estudo entre a projeção da amostra baseada nos dados do IBGE 2010 e os dados efetivamente coletados. Para as variáveis de sexo, idade e grau de instrução, está previsto uma eventual ponderação, nos limites da margem de erro, para correção nos tamanhos das variáveis, caso ocorra uma diferença entre a previsão da amostra e a coleta dos dados realizados sobre a faixa de eleitores acima de 16 anos. 
Margem de Erro: A margem de erro máxima prevista é de 1,7 pontos percentuais para mais ou para menos, 
considerando um nível de confiança de 95%.
";"Os entrevistadores envolvidos na realização desta pesquisa são treinados pelo Instituto e recebem instruções específicas para cada projeto realizado. A coleta será feita com a utilização de questionário impresso, que serão computados posteriormente à pesquisa de campo. Os pesquisadores são supervisionados por um coordenador que estará em campo juntamente com a equipe garantindo a lisura da pesquisa. Internamente, todo o material é verificado e codificado. Antes do processamento final e emissão dos resultados, realiza-se processo de consistência dos dados. Os dados coletados e tratados nesta pesquisa atendem às exigências da LGPD, Lei Geral de Proteção de Dados, garantindo ao respondente o sigilo de sua identidade e o correto tratamento de suas respostas.
";"A relação completa dos municípios incluídos no levantamento será encaminhada posteriormente, a partir do dia em que a pesquisa puder ser divulgada e até o dia seguinte, conforme a Resoluções 23.600/2019 e 23.747/2026 do TSE."
"07/08/2026";"05:47:04";2026;81;"Eleições Gerais 2026";"GO";"GO";"GOIÁS";"GO012932026";"2026-05-08 19:57:14";"N";"44826961000125";"SMS - DIRECT PESQUISAS E MARKETING LTDA";"DIRECT PESQUISAS";"Governador, Senador, Deputado Federal, Deputado Estadual";"2026-05-10 00:00:00";"2026-05-14 00:00:00";"2026-05-14 00:00:00";2000;"10526";"José Dos Reis Cunha Filho";"20000,00";"Pesquisa quantitativa com abordagem porta a porta, com eleitores que votam e/ou residem nos municípios que compõe a região do entorno de Brasília, totalizando 08 cidades, no estado de Goiás, consistindo na realização de entrevistas pessoais e individuais, com a aplicação de questionário estruturado junto a uma amostra representativa do eleitorado em estudo. Devido a ordem probabilística da amostra, nesta pesquisa será considerada apenas os eleitores residentes dentro do município ou que no dia da entrevista estejam nele. Todas as entrevistas são espontâneas e os dados são sigilosos, guardados no banco de dados do instituto para tabulação e apresentação gráfica e analítica.";"Trata-se de uma amostra probabilística estratificada, com abordagem aleatória simples através de cotas de sexo, idade e escolaridade, ponderadas de acordo com a estatística do Eleitorado do TSE, 2026 (https://sig.tse.jus.br) e renda ponderada de acordo com registro do último senso estratificado do IBGE (https://cidades.ibge.gov.br) e em conformidade com a Resolução do TSE 23.600/2019, complementada pela Resolução 23.676/2021, com entrevistas domiciliares aos eleitores de 16 anos ou mais que exerça seu voto nos municípios de Luziânia, Formosa, Planaltina de Goiás, Águas Lindas de Goiás, Valparaíso de Goiás, Novo Gama, Cidade Ocidental e Santo Antônio do Descoberto. Totalizando uma população eleitoral de 306.917 e amostra de 2.000, a um nível de confiança = 95%; Nível de significância = 5%; Margem de erro = 2,19%, com P = 0,5.
SEXO: Masculino (46,16%), Feminino (53,84%); FAIXA ETÁRIA: até 24 anos (16,55%), de 25 a 34 anos (22,45%), de 35 a 44 anos (20,94%), de 45 a 59 anos (25,47%), 60 anos ou mais (14,59%); ESCOLARIDADE: Analfabeto (2,21%), Lê e escreve (5,17%), 1º Grau inc/comp (26,77%), 2º Grau inc/comp (51,73%), 3º Grau inc/comp (14,12%); RENDA: Até 1 salário (17,25%), entre 1 e 2 salários (24,67%), entre 2 e 5 salários (38,90%), entre 5 e 10 salários (13,40%), Mais de 10 salários (5,78%).
";"Os questionários são aplicados com uso de equipamentos eletrônicos, supervisão in loco e via GPS, passarão por conferência através de novo contato até 20% dos entrevistados, todas as regiões pesquisadas foram selecionadas proporcionalmente.";"Os municípios serão anexados de acordo com a resolução."
"07/08/2026";"05:47:04";2026;81;"Eleições Gerais 2026";"GO";"GO";"GOIÁS";"GO020702026";"2026-05-12 15:58:40";"N";"81908345000140";"INSTITUTO PARANA DE PESQUISAS E ANALISE DE CONSUMIDOR LTDA";"#NULO#";"Governador, Senador";"2026-05-15 00:00:00";"2026-05-17 00:00:00";"2026-05-18 00:00:00";1350;"10245 - 4ª Região";"Tatiani Cristina Ara";"45000,00";"Pesquisa com metodologia quantitativa, com a realização de entrevistas pessoais, domiciliares e presenciais, utilizando questionário estruturado junto a uma amostra representativa do eleitorado do Estado de Goiás.


";"""A amostra será representativa do eleitorado da área pesquisada e será selecionada em três etapas. Na primeira etapa realiza-se um sorteio probabilístico dos municípios onde as entrevistas serão realizadas através do método PPT (Probabilidade Proporcional ao Tamanho), considerando a população eleitora com 16 anos ou mais residente nos municípios como base para essa seleção. Na segunda etapa, faz-se um sorteio probabilístico das localidades, onde as entrevistas serão realizadas, através do método PPT (Probabilidade Proporcional ao Tamanho), tomando a população eleitora de 16 anos ou mais residente nas localidades como base para essa seleção. Na terceira etapa, a seleção do entrevistado dentro da localidade, será feita utilizando-se quotas amostrais proporcionais, em função das seguintes variáveis:
GÊNERO: TSE Abril 2026 (https://sig.tse.jus.br/ords/dwapr/r/seai/sig-eleitor-eleitorado-mensal/cruzamento-eleitorado-mensal?p24_metricas=E&p24_back=22&p24_cruzamento_1=ds_sexo&clear=24&p0_uf=GO&p0_mes=4&debug=LEVEL5&session=312990078978641)
Masculino - 47%; |
Feminino - 53%; |
FAIXA ETÁRIA: TSE Abril 2026 (https://sig.tse.jus.br/ords/dwapr/r/seai/sig-eleitor-eleitorado-mensal/cruzamento-eleitorado-mensal?p24_cruzamento_1=ds_faixa_etaria&p24_metricas=E&p24_back=22&clear=24&p0_uf=GO&p0_mes=4&debug=LEVEL5&session=8904950028837)
Entre 16 e 24 anos: 13%; |
Entre 25 e 34 anos: 20%; |
Entre 35 e 44 anos: 20%; |
Entre 45 e 59 anos: 26%; |
Com 60 anos ou mais: 21%; |
ESCOLARIDADE: TSE Abril 2026 (https://sig.tse.jus.br/ords/dwapr/r/seai/sig-eleitor-eleitorado-mensal/cruzamento-eleitorado-mensal?p24_cruzamento_1=ds_grau_instrucao&p24_metricas=E&p24_back=22&clear=24&p0_uf=GO&p0_mes=4&debug=LEVEL5&session=309383598034615)
De analfabeto até ensino fundamental completo: 34%; |
Ensino médio incompleto ou completo: 47% |
Ensino superior incompleto ou completo: 19% |
RENDA DOMICILIAR MENSAL:  (https://cidades.ibge.gov.br/brasil/go/pesquisa/23/24304) IBGE - Censo 2010. Observação: Conforme informações obtidas do Instituto Brasileiro de Geografia e Estatística, o IBGE, não divulgou - e não tem previsão - de data para divulgação do perfil econômico (nível econômico) da população brasileira; portanto, os dados quanto ao nível econômico obtidos no Censo 2022, não podem ser utilizados, pois não foram publicados. (https://censo2022.ibge.gov.br/panorama/)
Sem rendimentos até 2 salários mínimos: 43% |
Mais de 2 a 5 salários mínimos: 37% |
Mais de 5 salários mínimos: 20% |
Está prevista eventual ponderação para correção das variáveis gênero e faixa etária, com base nos percentuais acima apresentados, caso ocorram diferenças superiores a 3,0 (três) pontos percentuais entre o previsto na amostra e a coleta realizada; para as variáveis escolaridade e renda domiciliar mensal, o fator de ponderação é igual a 1 (resultados obtidos no campo). O nível de confiança estimado é de 95% (noventa e cinco por cento) para uma margem de erro estimada, considerando uma técnica de amostragem aleatória simples, de aproximadamente 2,7 (dois vírgula sete) pontos percentuais para mais ou para menos sobre os resultados obtidos.""





";"""As entrevistas serão conduzidas por uma equipe de entrevistadores e supervisores devidamente qualificados pelo Instituto Paraná Pesquisas, todos com experiência e treinamento específico em pesquisas de opinião pública. 
Controle: O controle do processo será realizado por meio de um software de coleta de dados, o qual permitirá o monitoramento garantindo o cumprimento das cotas amostrais.
Conferência e Fiscalização: Durante a coleta de dados os questionários aplicados são fiscalizados e conferidos através de um supervisor.   
Adicionalmente, pelo menos 30% dos questionários passarão por uma verificação posterior, que avaliará a precisão na aplicação e a adequação dos entrevistados às variáveis das quotas amostrais. Ou seja, no mínimo 405 entrevistas desta pesquisa serão auditadas pela equipe de qualidade do Instituto Paraná Pesquisas, podendo essa auditoria ser solicitada ao Instituto a qualquer momento.
Verificação: Após a coleta, os questionários passam por uma etapa de verificação e validação dos dados, para garantir a integridade e precisão dos dados coletados.""





";" ""A pesquisa será realizada no Estado de Goiás, a relação dos dados relativos aos municípios e às localidades será apresentada até o dia seguinte à data a partir da qual a pesquisa puder ser divulgada, conforme §7º do art. 2º da Resolução-TSE nº. 23.600/2019""





"
"07/08/2026";"05:47:04";2026;81;"Eleições Gerais 2026";"GO";"GO";"GOIÁS";"GO017012026";"2026-07-24 19:09:43";"N";"22445600000104";"QUAEST PESQUISAS, CONSULTORIA E PROJETOS LTDA.";"#NULO#";"Governador, Senador";"2026-07-24 00:00:00";"2026-07-28 00:00:00";"2026-07-30 00:00:00";1104;"6731";"Margarida Maria de Mendonca";"239169,82";"
Pesquisa quantitativa, de survey, que consiste na realização de entrevistas pessoais, domiciliares e presenciais, conduzidas por profissionais treinados, com a aplicação de questionários estruturados a uma amostra representativa da população votante de 16 anos ou mais residente no estado de Goiás. O desenho amostral aplicado combina sorteio probabilístico de municípios e de setores censitários fornecidos pelo IBGE (unidades territoriais homogêneas, de tamanho similar a quadras ou blocos), dentro dos quais serão selecionadas pessoas respondentes por meio de cotas amostrais.";"O público pesquisado é composto por eleitores de 16 anos ou mais residentes na área de abrangência da pesquisa. Para produzir uma amostra representativa desse público-alvo, utilizamos um desenho amostral por conglomerados que prevê três estágios. No primeiro estágio, é feito um sorteio probabilístico de municípios para comporem a amostra por meio do método PPT (Probabilidade Proporcional ao Tamanho) a partir de suas populações votantes acima de 16 anos. Dentro da lista de municípios sorteados, no segundo estágio, é realizado um sorteio probabilístico por meio do método PPT (Probabilidade Proporcional ao Tamanho) de setores censitários a serem visitados pelos entrevistadores, sorteio que tem como base o total de habitantes residentes nos setores de acordo com dados do Censo de 2022, o que garante a dispersão aleatória e estatística da amostra dentro dos territórios municipais, independentemente de divisões administrativas. Finalmente, dentro da lista de setores censitários sorteados, no último estágio são selecionados domicílios e pessoas a serem entrevistadas utilizando-se cotas amostrais para as seguintes variáveis: sexo, idade, renda familiar e escolaridade. O perfil da amostra, definido pelas cotas previstas, é o seguinte:

Sexo: Masculino (47%); Feminino (53%). 
Faixa etária: 16-34 anos (32%); 35-59 anos (46%); 60 ou mais (22%). 
Renda domiciliar total, incluindo pensões, benefícios e rendimentos de trabalhos informais: Até 2 salários-mínimos (24%); Mais de 2 a 5 salários-mínimos (49%); Mais de 5 salários-mínimos (27%). 
Nível de instrução: Até Fundamental completo ou médio incompleto (40%); Médio completo ou superior incompleto (41%); Superior completo ou mais (19%). 

Fonte dos dados: para a distribuição de sexo e idade, TSE-Tribunal Superior Eleitoral - julho/2026; para a malha de setores censitários, Censo 2022 (IBGE); para a distribuição de renda domiciliar, PNADc Anual 2025, 1ª visita (IBGE); e, para a distribuição de escolaridade/instrução, PNADc trimestral 1-2026 (IBGE). A PNADc é utilizada por ser a fonte oficial mais atualizada de rendimentos do país, incluindo rendimentos informais, pensões, entre outros, e corrigindo as defasagens temporais do Censo 2022, além de ser a fonte mais atualizada de nível de instrução da população com 16 anos ou mais dada ausência de atualização obrigatória da escolaridade no registro de eleitores do TSE.

Está prevista eventual pós-estratificação da amostra, por meio de algoritmos de calibração (rake) e modelos (MrP), para correção de estimativas e das distribuições das variáveis sexo, idade, renda familiar e escolaridade, com base nos percentuais anteriormente mencionados, caso ocorram diferenças entre os percentuais previstos na amostra e a coleta de dados realizada. 

Dentro do público-alvo anteriormente descrito, serão realizadas 1.104 entrevistas. O nível de confiança das estimativas é de 95% e a margem de erro máxima prevista, atendendo às diretivas do TSE e usando o cálculo para amostra aleatória simples (AAS) como aproximação, é de cerca de 3 pontos percentuais para mais ou para menos em relação aos totais da amostra.";"As entrevistas serão realizadas por uma equipe de entrevistadores devidamente qualificada, com experiência e treinamento em pesquisa de opinião pública. Todo trabalho é feito em tablets ou outros dispositivos eletrônicos. Após a realização da coleta de dados, as entrevistas junto aos respondentes são checadas por meio de procedimentos de consistência e de georreferenciamento dos locais de aplicação em tempo real. Adicionalmente, ao longo e após os trabalhos de campo, é realizada uma fiscalização que consiste na checagem de áudio de uma amostra de 30% dos questionários aplicados para verificação das respostas e da adequação dos entrevistados aos parâmetros amostrais.";"A área de abrangência da coleta é o território do estado de Goiás. A relação do número de pessoas pesquisadas nas áreas de aplicação da pesquisa, discriminadas por município, bairros e setores censitários a partir dos identificadores utilizados pelo IBGE, além da composição do eleitorado entrevistado na área de abrangência quanto a gênero, idade, grau de instrução e nível econômico, constará em anexo. O mapa com os códigos destes setores censitários e as áreas que delimitam no país todo podem ser conferidos na seguinte fonte oficial: https://censo2022.ibge.gov.br/panorama/mapas.html?localidade=&recorte=setores_censitarios"
"07/08/2026";"05:47:04";2026;81;"Eleições Gerais 2026";"GO";"GO";"GOIÁS";"GO019812026";"2026-01-30 22:15:41";"N";"44826961000125";"SMS - DIRECT PESQUISAS E MARKETING LTDA";"DIRECT PESQUISAS";"Governador, Senador, Deputado Federal, Deputado Estadual";"2026-02-02 00:00:00";"2026-02-03 00:00:00";"2026-02-05 00:00:00";500;"10526";"José Dos Reis Cunha Filho";"4000,00";"Pesquisa quantitativa com abordagem porta a porta, com eleitores que votam e/ou residem no município de Trindade no estado de Goiás, consistindo na realização de entrevistas pessoais e individuais, com a aplicação de questionário estruturado junto a uma amostra representativa do eleitorado em estudo. Devido a ordem probabilística da amostra, nesta pesquisa será considerada apenas os eleitores residentes dentro do município ou que no dia da entrevista estejam nele. Todas as entrevistas são espontâneas e os dados são sigilosos, guardados no banco de dados do instituto para tabulação e apresentação gráfica e analítica.";"Trata-se de uma amostra probabilística estratificada, com abordagem aleatória simples através de cotas de sexo, idade e escolaridade, ponderadas de acordo com a estatística do Eleitorado do TSE, 2025 (https://sig.tse.jus.br) e renda ponderada de acordo com registro do último senso estratificado do IBGE (https://cidades.ibge.gov.br) de acordo com a Resolução do TSE 23.600/2019, complementada pela Resolução 23.676/2021, com entrevistas domiciliares aos eleitores de 16 anos ou mais que exerça seu voto no município de Trindade. Totalizando uma população eleitoral de 92.299 e amostra de 500, a um nível de confiança = 95%; Nível de significância = 5%; Margem de erro = 4,37%, com P = 0,5.
SEXO: Masculino (47,18%), Feminino (52,82%); FAIXA ETÁRIA: até 24 anos (22,83%), de 25 a 34 anos (21,07%), de 35 a 44 anos (20,82%), de 45 a 59 anos (22,52%), 60 anos ou mais (12,76%); ESCOLARIDADE: Analfabeto (1,83%), Lê e escreve (5,74%), 1º Grau inc/comp (28,17%), 2º Grau inc/comp (50,61%), 3º Grau inc/comp (13,65%); RENDA: Até 1 salário (16,23%), entre 1 e 2 salários (24,05%), entre 2 e 5 salários (43,22%), entre 5 e 10 salários (12,77%), Mais de 10 salários (3,74%).
";"Os questionários são aplicados com uso de equipamentos eletrônicos, supervisão in loco e via GPS, passarão por conferência através de novo contato até 20% dos entrevistados, todas as regiões pesquisadas foram selecionadas proporcionalmente.";"Os bairros serão anexados de acordo com a resolução."
"07/08/2026";"05:47:04";2026;81;"Eleições Gerais 2026";"GO";"GO";"GOIÁS";"GO078592026";"2026-05-27 13:59:20";"N";"31884294000195";"VILANI E BARBOSA NEGOCIOS LTDA";"DATA RD";"Governador, Senador";"2026-05-27 00:00:00";"2026-05-29 00:00:00";"2026-06-02 00:00:00";1509;"10808";"CP-Brasil AC Certisign RFB G5 A1 17334115000115 JERFSON BRUNO DO NASCIMENTO HONORIO";"19700,00";"Apresentam-se os dados da pesquisa eleitoral de opinião pública a ser conduzida no estado do Goiás. Esta pesquisa quantitativa será realizada por meio de entrevistas telefônicas, utilizando questionários estruturados e padronizados, aplicados a uma amostra representativa da população alvo. A coleta de dados será conduzida por entrevistadores treinados, utilizando o sistema CATI (Computer-Assisted Telephone Interviewing), com apoio de dispositivos eletrônicos para registro das respostas. 
 
Nota 1: até a presente data de registro, os dados de renda mais atualizado são do Censo de 2010, visto que o IBGE ainda não divulgou tal atualização para o censo 2022. No mais, os dados de tamanho de população de cada bairro, seguem os dados já disponibilizadas no censo de 2022. 
 
Nota 2: Pode ocorrer que o total da linha não corresponda exatamente ao somatório das células individuais devido ao arredondamento computacional. No entanto, essas diferenças são compensadas em outras linhas, sem perda da representatividade da amostra. É normal que algumas células apresentem mais entrevistas do que o registrado, pois arredondamos números para refletir a realidade da pesquisa. Por exemplo, se a distribuição resultar em 1,5 entrevistas, arredondamos para 2 entrevistas, pois não é possível realizar uma fração de entrevista. Logo, o somatório pode apresentar uma soma superior ao registrado. 
 
Nota 3: É importante destacar que o registro é exclusivamente para fins de divulgação, o que significa que uma pesquisa pode ser realizada antes ou depois da data de registro. Este requisito está claramente estabelecido no Artigo 10 da resolução. Art. 10. Na divulgação dos resultados de pesquisas, ATUAIS OU NÃO, serão obrigatoriamente informados: I - o período de realização da coleta de dados; II - a margem de erro; III - o nível de confiança; IV - o número de entrevistas; V - o nome da entidade ou da empresa que a realizou e, se for o caso, de quem a contratou; VI - o número de registro da pesquisa. 
 
Nota 4: Ao registrar uma pesquisa, é comum cometer erros de digitação ou outros equívocos. O TSE permite a correção ou exclusão de registros no sistema PesqEle até 5 dias após a data de registro. Quando uma modificação é realizada, o sistema gera um novo número de registro e atualiza a data para a data da modificação, conforme o artigo 8 da resolução. Em relação à exclusão, o sistema permite a remoção total do registro. Após os 5 dias, o sistema impede quaisquer modificações ou exclusões. É importante observar que é possível excluir um registro e refazê-lo com as mesmas informações do registro excluído, como questionário, nota fiscal, entre outros. Art. 8o O registro da pesquisa poderá ser alterado desde que não expirado o prazo de 5 (cinco) dias para a divulgação do seu resultado. § 1o A alteração de que trata o caput implica a atribuição de novo número de identificação à pesquisa e o reinício da contagem do prazo previsto no caput do art. 2o desta Resolução, a partir do recebimento das alterações com a indicação, pelo sistema, da nova data a partir da qual será permitida a divulgação da pesquisa. § 3o ...a pesquisa ser cancelada pela própria usuária ou pelo próprio usuário, sem prejuízo da apresentação de um novo registro. 
 
Nota 5: Pagante(S) Do Trabalho Em Branco: Quando o campo 'pagante' está em branco, isso ocorre porque o contratante é também o pagante da pesquisa. O sistema do TSE presume que qualquer pessoa com um mínimo de interesse verificará facilmente a origem dos recursos ao lado do nome do contratante, fora que a nota fiscal também está disponível para qualquer pessoa. A informação de pagante só é preenchida quando há duas partes envolvidas: um contratante e um pagante 
 ";"I) Público Pesquisado: Eleitores no estado do Goiás. 
 
II) Tipo de Amostra: A amostra é representativa do eleitorado estadual, selecionada em três estágios. No primeiro estágio, os municípios são selecionados de forma probabilística utilizando o método da probabilidade proporcional ao tamanho (PPT), com base no total do eleitorado de cada município do estado, garantindo que municípios com maior contingente eleitoral contribuam proporcionalmente com maior volume de contatos. No segundo estágio, dentro de cada município selecionado, os números de telefone são selecionados por meio de discagem aleatória (RDD ¿ Random Digit Dialing), abrangendo linhas fixas e móveis (celulares) ativas no município alvo, assegurando cobertura do universo de eleitores com acesso a telefone. No terceiro estágio, dentro de cada contato estabelecido, o entrevistado é selecionado por cotas proporcionais aos atributos de sexo, faixa etária, grau de instrução e renda, de acordo com o perfil do eleitorado em estudo. Fonte de Dados: Tribunal Superior Eleitoral (TSE, ABRIL/2026 DE 2024) e Instituto Brasileiro de Geografia e Estatística (IBGE, CENSO 2010/2022) 
 
III) Tamanho da Amostra: 1509 entrevistas. 
 
IV) Ponderação: A ponderação é realizada considerando 52.97% para o sexo feminino e 47.03% para o sexo masculino. Em relação às faixas etárias, a distribuição é a seguinte: 12.68% de 16 a 24 anos, 19.50% de 25 a 34 anos, 20.25% de 35 a 44 anos, 26.23% de 45 a 59 anos e 21.33% com 60 anos ou mais. Para o grau de instrução, são utilizadas as seguintes distribuições: 7.96% de Analfabeto/Lê e Escreve, 26.41% do Ensino Fundamental Incompleto/Completo, 46.94% do Ensino Médio Incompleto/Completo e 18.69% do Ensino Superior Incompleto/Completo. Em relação à renda, as distribuições são as seguintes: 43.1% com até 2 salários mínimos, 36.6% acima de 2 salários mínimos até 5 salários mínimos e 20.4% acima de 5 salários mínimos. Está prevista uma ponderação para correção de variáveis de sexo e faixa etária, com base nos percentuais acima apresentados, de acordo com o previsto na amostra (TSE) e a coleta realizada. Para as variáveis de escolaridade e renda domiciliar mensal, o fator de ponderação será igual a 1, conforme os resultados obtidos em campo. 
 
V) Área Física de Realização da Pesquisa: A amostra será coletada em toda a extensão geográfica do estado do Goiás.
 
VI) Intervalo de Confiança/Margem de Erro: O intervalo de confiança estimado é de 95,0% com uma margem de erro de 2.52% para mais ou para menos sobre os resultados encontrados no total da amostra. Este grau de confiança e margem de erro não devem ser considerados para resultados dentro de cada estrato, nem para os resultados gerados pelos cruzamentos de variáveis. Os percentuais que não totalizam 100% são devido a arredondamentos ou a múltiplas alternativas de resposta. O cálculo amostral é realizado pela proporção [estimador = p e (1-p) ou p e q). 
 
VII) O modelo de questionário aplicado está disponível em anexo. 
 
VIII) Na elaboração de todos os questionários emitidos pela empresa DataRD, é implementado um sistema de aleatorização para a ordem das respostas de cada uma das perguntas. Essa prática é essencial para evitar possíveis vieses que poderiam surgir caso as respostas fossem sempre apresentadas na mesma ordem. Ao aleatorizar as respostas, garantimos que todos os participantes tenham a mesma oportunidade de encontrar cada resposta em diferentes posições do questionário. Isso contribui significativamente para minimizar qualquer influência que a ordem das perguntas possa ter sobre as respostas. No contexto telefônico, a leitura das alternativas pelo entrevistador segue ordem definida por sorteio sistematizado pelo software de coleta. 
 ";"Para a realização da pesquisa utiliza-se uma equipe de entrevistadores e coordenadores de campo devidamente treinados para o trabalho pelo DataRD. As entrevistas são gravadas mediante consentimento do entrevistado, para fins de controle de qualidade. Durante a realização dos trabalhos de campo, os entrevistadores são submetidos a uma fiscalização permanente por parte dos coordenadores e são realizadas checagem de 20% da amostra para atestar a realização das entrevistas e a fidedignidade dos dados, garantindo-se dessa forma, robustez na precisão dos estimadores dos parâmetros populacionais. ";"Conforme disposto no § 7° do art. 2° da Resolução-TSE n° 23.600/2019, que a partir do dia em que a pesquisa puder ser divulgada e até o dia seguinte, o registro deverá ser complementado, sob pena de ser a pesquisa considerada não registrada, com os dados relativos à sua abrangência (incisos I, II e III)."
"07/08/2026";"05:47:04";2026;81;"Eleições Gerais 2026";"GO";"GO";"GOIÁS";"GO039862026";"2026-01-15 20:41:51";"S";"44826961000125";"SMS - DIRECT PESQUISAS E MARKETING LTDA";"DIRECT PESQUISAS";"Governador, Senador, Deputado Federal, Deputado Estadual, Deputado Distrital";"2026-01-15 00:00:00";"2026-01-16 00:00:00";"2026-01-21 00:00:00";500;"10526";"José Dos Reis Cunha Filho";"3500,00";"Pesquisa quantitativa com abordagem porta a porta, com eleitores que votam e/ou residem no município de Goianésia no estado de Goiás, consistindo na realização de entrevistas pessoais e individuais, com a aplicação de questionário estruturado junto a uma amostra representativa do eleitorado em estudo. Devido a ordem probabilística da amostra, nesta pesquisa será considerada apenas os eleitores residentes dentro do município ou que no dia da entrevista estejam nele. Todas as entrevistas são espontâneas e os dados são sigilosos, guardados no banco de dados do instituto para tabulação e apresentação gráfica e analítica.";"Trata-se de uma amostra probabilística estratificada, com abordagem aleatória simples através de cotas de sexo, idade e escolaridade, ponderadas de acordo com a estatística do Eleitorado do TSE, 2025 (https://sig.tse.jus.br) e renda ponderada de acordo com registro do último senso do IBGE 2010 (https://cidades.ibge.gov.br) de acordo com a Resolução do TSE 23.600/2019, complementada pela Resolução 23.676/2021, com entrevistas domiciliares aos eleitores de 16 anos ou mais que exerça seu voto no município de Goianésia. Totalizando uma população eleitoral de 58.128 e amostra de 500, a um nível de confiança = 95%; Nível de significância = 5%; Margem de erro = 4,36%, com P = 0,5.
SEXO: Masculino (46,89%), Feminino (53,11%); FAIXA ETÁRIA: até 24 anos (13,39%), de 25 a 34 anos (20,98%), de 35 a 44 anos (20,38%), de 45 a 59 anos (25,96%), 60 anos ou mais (19,29%); ESCOLARIDADE: Analfabeto (3,65%), Lê e escreve (7,55%), 1º Grau inc/comp (27,72%), 2º Grau inc/comp (44,53%), 3º Grau inc/comp (16,55%); RENDA: Até 1 salário (12,81%), entre 1 e 2 salários (19,72%), entre 2 e 5 salários (42,99%), entre 5 e 10 salários (17,23%), Mais de 10 salários (7,25%).
";"Os questionários são aplicados com uso de equipamentos eletrônicos, supervisão in loco e via GPS, passarão por conferência através de novo contato até 20% dos entrevistados, todas as regiões pesquisadas foram selecionadas proporcionalmente.";"Os municipios serão anexados de acordo com a resolução."
"07/08/2026";"05:47:04";2026;81;"Eleições Gerais 2026";"GO";"GO";"GOIÁS";"GO034282026";"2026-01-30 21:58:43";"N";"44826961000125";"SMS - DIRECT PESQUISAS E MARKETING LTDA";"DIRECT PESQUISAS";"Governador, Senador, Deputado Federal, Deputado Estadual";"2026-02-03 00:00:00";"2026-02-04 00:00:00";"2026-02-05 00:00:00";500;"10526";"José Dos Reis Cunha Filho";"4000,00";"Pesquisa quantitativa com abordagem porta a porta, com eleitores que votam e/ou residem no município de Senador Canedo no estado de Goiás, consistindo na realização de entrevistas pessoais e individuais, com a aplicação de questionário estruturado junto a uma amostra representativa do eleitorado em estudo. Devido a ordem probabilística da amostra, nesta pesquisa será considerada apenas os eleitores residentes dentro do município ou que no dia da entrevista estejam nele. Todas as entrevistas são espontâneas e os dados são sigilosos, guardados no banco de dados do instituto para tabulação e apresentação gráfica e analítica.";"Trata-se de uma amostra probabilística estratificada, com abordagem aleatória simples através de cotas de sexo, idade e escolaridade, ponderadas de acordo com a estatística do Eleitorado do TSE, 2025 (https://sig.tse.jus.br) e renda ponderada de acordo com registro do último senso estratificado do IBGE (https://cidades.ibge.gov.br) de acordo com a Resolução do TSE 23.600/2019, complementada pela Resolução 23.676/2021, com entrevistas domiciliares aos eleitores de 16 anos ou mais que exerça seu voto no município de Senador Canedo. Totalizando uma população eleitoral de 91.489 e amostra de 500, a um nível de confiança = 95%; Nível de significância = 5%; Margem de erro = 4,37%, com P = 0,5.
SEXO: Masculino (46,44%), Feminino (53,56%); FAIXA ETÁRIA: até 24 anos (14,87%), de 25 a 34 anos (22,74%), de 35 a 44 anos (23,83%), de 45 a 59 anos (25,02%), 60 anos ou mais (13,54%); ESCOLARIDADE: Analfabeto (1,25%), Lê e escreve (3,60%), 1º Grau inc/comp (28,27%), 2º Grau inc/comp (55,00%), 3º Grau inc/comp (11,88%); RENDA: Até 1 salário (13,35%), entre 1 e 2 salários (23,38%), entre 2 e 5 salários (45,36%), entre 5 e 10 salários (14,00%), Mais de 10 salários (3,91%).
";"Os questionários são aplicados com uso de equipamentos eletrônicos, supervisão in loco e via GPS, passarão por conferência através de novo contato até 20% dos entrevistados, todas as regiões pesquisadas foram selecionadas proporcionalmente.";"Os bairros serão anexados de acordo com a resolução."
"07/08/2026";"05:47:04";2026;81;"Eleições Gerais 2026";"GO";"GO";"GOIÁS";"GO014752026";"2026-07-15 15:53:52";"N";"41296892000105";"INSTITUTO MAIS";"INSTITUTO MAIS";"Governador, Senador";"2026-07-16 00:00:00";"2026-07-20 00:00:00";"2026-07-21 00:00:00";1200;"7655";"Augusto da Silva Rocha";"25000,00";"A pesquisa será do tipo quantitativo, por amostragem aleatória, com aplicação de questionário estruturado e abordagem de moradores eleitores nos municípios do estado de Goias, divididos nas regiões dentro do estado. O conjunto da população do Estado de Goias com 16 anos ou mais e que são votantes no referido estado foi tomado como universo da pesquisa.";"A amostra será representativa do eleitorado da área pesquisada e será selecionada em três etapas. Na primeira etapa realiza-se um sorteio probabilístico dos municípios onde as entrevistas serão realizadas através do método PPT (Probabilidade Proporcional ao Tamanho), considerando a população eleitora com 16 anos ou mais residente nos municípios como base para essa seleção. Na segunda etapa, faz-se um sorteio probabilístico das localidades, onde as entrevistas serão realizadas, através do método PPT (Probabilidade Proporcional ao Tamanho), tomando a população eleitora de 16 anos ou mais residente nas localidades como base para essa seleção. Na terceira etapa, a seleção do entrevistado dentro da localidade, será feita utilizando-se quotas amostrais proporcionais, em função das variáveis sexo, faixa etária, grau de instrução e Nível socioeconômico (renda mensal familiar). Por fim, os entrevistados são selecionados aleatoriamente para responder ao questionário, de acordo com cotas: SEXO: FEMININO 52,97% ; MASCULINO 47,03% ; Faixa Etária: 16 a 24 anos 13,12% ; 25 a 34 anos 19,40% ; 35 a 44 anos 20,12% ; 45 a 59 anos 26,12% ; 60 anos ou mais 21,24% ; Grau de instrução: ANALFABETO 2,43% ; LÊ E ESCREVE 5,53% ; ENSINO FUNDAMENTAL COMPLETO 5,64% ; ENSINO FUNDAMENTAL INCOMPLETO 20,76% ; ENSINO MÉDIO COMPLETO 29,44% ; ENSINO MÉDIO INCOMPLETO 17,52% ; SUPERIOR COMPLETO 11,78% ; SUPERIOR INCOMPLETO 6,90% ; Nível econômico (renda mensal familiar): Até 1/2 salário mínimo 1,5% ; Mais de 1/2 a 1 salário mínimo 13,6% ; Mais de 1 a 2 salários mínimos 24,4% ; Mais de 2 a 5 salários mínimos 36,6% ; Mais de 5 a 10 salários mínimos 13,6% ; Mais de 10 a 20 salários mínimos 4,8% ; Mais de 20 salários mínimos 2,0% ; Sem rendimento 3,5% ; Fonte pública dos dados IBGE IBGE | Cidades@ | Goiás | Pesquisa | Censo 2010 | Universo - Características da população e dos domicílios; https://cidades.ibge.gov.br/brasil/go/pesquisa/23/24304?detalhes=true; (TSE/MAIO2026): https://sig.tse.jus.br/ords/dwapr/r/seai/sig-eleitor-eleitorado-mensal/cruzamento-eleitorado-mensal?p24_metricas=E&p24_back=22&p24_cruzamento_1=ds_sexo&clear=24&session=314327461887677 Ano=2026; Mês = MAIO; UF= GO; Observação: Conforme informações disponibilizadas pelo Instituto Brasileiro de Geografia e Estatística (IBGE), não houve nem há previsão de divulgação do perfil econômico (nível econômico) da população brasileira no âmbito do Censo Demográfico de 2022 (https://censo2022.ibge.gov.br/panorama/), para essa variável será adotado o fator de ponderação igual a 1, correspondente aos resultados obtidos em campo, caso seja verificada diferença superior à margem de erro prevista no estudo entre a projeção da amostra baseada nos dados do IBGE 2010 e os dados efetivamente coletados. Para as variáveis de sexo, idade e grau de instrução, está previsto uma eventual ponderação, nos limites da margem de erro, para correção nos tamanhos das variáveis, caso ocorra uma diferença entre a previsão da amostra e a coleta dos dados realizados sobre a faixa de eleitores acima de 16 anos. Margem de Erro: A margem de erro máxima prevista é de 2,8 pontos percentuais para mais ou para menos, considerando um nível de confiança de 95%.";"Os entrevistadores envolvidos na realização desta pesquisa são treinados pelo Instituto e recebem instruções específicas para cada projeto realizado. A coleta será feita com a utilização de questionário impresso, que serão computados posteriormente à pesquisa de campo. Os pesquisadores são supervisionados por um coordenador que estará em campo juntamente com a equipe garantindo a lisura da pesquisa. Internamente, todo o material é verificado e codificado. Antes do processamento final e emissão dos resultados, realiza-se processo de consistência dos dados. Os dados coletados e tratados nesta pesquisa atendem às exigências da LGPD, Lei Geral de Proteção de Dados, garantindo ao respondente o sigilo de sua identidade e o correto tratamento de suas respostas.";"#NULO#"
"07/08/2026";"05:47:04";2026;81;"Eleições Gerais 2026";"GO";"GO";"GOIÁS";"GO076702026";"2026-07-29 00:20:15";"N";"04851508000154";"INSTITUTO GAZETA LTDA";"IGAPE- INSTITUTO GAZETA DE PEQUISAS";"Governador, Senador, Deputado Federal, Deputado Estadual";"2026-07-23 00:00:00";"2026-07-25 00:00:00";"2026-08-04 00:00:00";500;"10394";"FILIPE MOREIRA MARTINE";"3500,00";"A metodologia utilizada é Survey quantitativo, com realização das entrevistas de maneira pessoal em domicílio, com aplicação de questionário estruturado e padronizado em plataforma digital (tablet ou computador) junto a uma amostra representativa dos eleitores de Novo Gama.";"O universo da pesquisa é composto por eleitores de Novo Gama, com idade a partir de 16 anos. A amostra prevista será de 500 entrevistas. A Seleção da amostra será realizada utilizando-se quotas amostrais proporcionais, em função das seguintes variáveis. SEXO: Masculino: (46%); Feminino: (54%) - IDADE: 16 a 29 anos (28%); 30 a 44 anos: (32%); 45 a 59 anos: (26%); 60 anos ou mais: (12%) - ESCOLARIDADE: Analfabeto/Lê e escreve e Fundamental completo ou incompleto: (37%); Médio completo ou incompleto: (51%); Superior completo ou incompleto: (12%) ¿ RENDA FAMILIAR: Até 1 SM: (41%); De 1 a 2 SM: (41%); Acima de 2 SM (18%). Está prevista eventual ponderação para correção das variáveis, com base nos percentuais acima apresentados - Área física: Município de Novo Gama - GO. Margem de Erro: A margem de erro máxima prevista para o total da amostra é de 4,3 pontos percentuais para mais ou para menos, considerando um nível de confiança de 95%. Fonte de Dados: TSE ¿ Estatísticas do Eleitorado 2026 e IBGE Censo 2022. ";"A coleta de dados é realizada por entrevistadores, orientados por coordenadores de campo. Todos os questionários preenchidos recebem crítica para avaliação da consistência dos dados coletados, sendo que 20% dos questionários serão submetidos à conferência através de novos contatos com os entrevistados, medida sempre adotada que visa garantir a qualidade e fidelidade dos dados coletados.";"Conforme §6º. do art. 2º. da Resolução-TSE nº. 23.549, o pedido de registro poderá ser complementado pela entrega destes dados ao Tribunal Eleitoral até o sétimo dia seguinte ao registro da pesquisa. Serão enviados os dados relativos aos bairros abrangidos, na ausência de delimitação dos bairros, será identificada a área em que foi realizada)"
"07/08/2026";"05:47:04";2026;81;"Eleições Gerais 2026";"GO";"GO";"GOIÁS";"GO058562026";"2026-03-13 22:19:14";"N";"44826961000125";"SMS - DIRECT PESQUISAS E MARKETING LTDA";"DIRECT PESQUISAS";"Governador, Senador, Deputado Federal, Deputado Estadual";"2026-03-14 00:00:00";"2026-03-17 00:00:00";"2026-03-19 00:00:00";1200;"10526";"José Dos Reis Cunha Filho";"15000,00";"Pesquisa quantitativa com abordagem porta a porta, com eleitores que votam e/ou residem no estado de Goiás, consistindo na realização de entrevistas pessoais e individuais, com a aplicação de questionário estruturado junto a uma amostra representativa do eleitorado em estudo. Devido a ordem probabilística da amostra, nesta pesquisa será considerada apenas os eleitores residentes dentro do município ou que no dia da entrevista estejam nele. Todas as entrevistas são espontâneas e os dados são sigilosos, guardados no banco de dados do instituto para tabulação e apresentação gráfica e analítica.";"Trata-se de uma amostra probabilística estratificada, com abordagem aleatória simples através de cotas de sexo, idade e escolaridade, ponderadas de acordo com a estatística do Eleitorado do TSE, 2026 (https://sig.tse.jus.br) e renda ponderada de acordo com registro do último senso estratificado do IBGE (https://cidades.ibge.gov.br) e em conformidade com a Resolução do TSE 23.600/2019, complementada pela Resolução 23.676/2021, com entrevistas domiciliares aos eleitores de 16 anos ou mais que exerça seu voto no estado de Goiás. Totalizando uma população eleitoral de 4.982.755 e amostra de 1.200, a um nível de confiança = 95%; Nível de significância = 5%; Margem de erro = 2,83%, com P = 0,5.
SEXO: Masculino (47,03%), Feminino (52,97%); FAIXA ETÁRIA: até 24 anos (12,36%), de 25 a 34 anos (19,60%), de 35 a 44 anos (20,37%), de 45 a 59 anos (26,32%), 60 anos ou mais (21,35%); ESCOLARIDADE: Analfabeto (2,45%), Lê e escreve (5,60%), 1º Grau inc/comp (26,56%), 2º Grau inc/comp (46,66%), 3º Grau inc/comp (18,73%); RENDA: Até 1 salário (15,67%), entre 1 e 2 salários (21,92%), entre 2 e 5 salários (38,15%), entre 5 e 10 salários (15,58%), Mais de 10 salários (8,68%).
";"Os questionários são aplicados com uso de equipamentos eletrônicos, supervisão in loco e via GPS, passarão por conferência através de novo contato até 20% dos entrevistados, todas as regiões pesquisadas foram selecionadas proporcionalmente.";"Os municípios serão anexados de acordo com a resolução."
"07/08/2026";"05:47:04";2026;81;"Eleições Gerais 2026";"GO";"GO";"GOIÁS";"GO041492026";"2026-03-19 22:47:59";"N";"04851508000154";"INSTITUTO GAZETA LTDA";"IGAPE- INSTITUTO GAZETA DE PEQUISAS";"Governador, Senador, Deputado Federal, Deputado Estadual";"2026-03-21 00:00:00";"2026-03-24 00:00:00";"2026-03-25 00:00:00";1200;"10394";"FILIPE MOREIRA MARTINE";"4000,00";"A metodologia utilizada é Survey quantitativo, com realização das entrevistas de maneira pessoal em domicílio, com aplicação de questionário estruturado e padronizado em plataforma digital (tablet ou computador) junto a uma amostra representativa dos eleitores da Região Geográfica Imediata de Luziânia ( Luziânia, Cidade Ocidental, Santo Antônio do Descoberto, Novo Gama, Valparaiso de Goias e Cristalina)";"O universo da pesquisa é composto por eleitores da Região Geográfica Imediata de Luziânia, com idade a partir de 16 anos. A amostra prevista será de 1200 entrevistas. A Seleção da amostra será realizada utilizando-se quotas amostrais proporcionais, em função das seguintes variáveis. SEXO: Masculino: (46%); Feminino: (54%) - IDADE: 16 a 29 anos (27%); 30 a 44 anos: (32%); 45 a 59 anos: (26%); 60 anos ou mais: (15%) - ESCOLARIDADE: Analfabeto/Lê e escreve: (7%); Fundamental completo ou incompleto: (27%); Médio completo ou incompleto: (52%); Superior completo ou incompleto: (14%); RENDA INDIVIDUAL: Até 1 SM: (36%); Acima de 1 a 2 SM: (40%); Acima de 2 SM (24%). Está prevista eventual ponderação para correção das variáveis, com base nos percentuais acima apresentados - Área física da Região Geográfica Imediata de Luziânia. Margem de Erro: A margem de erro máxima prevista para o total da amostra é de 2,8 pontos percentuais para mais ou para menos, considerando um nível de confiança de 95%. Fonte de Dados: TSE: Estatísticas do Eleitorado 2026 e IBGE Censo 2022.";"A coleta de dados é realizada por entrevistadores, orientados por coordenadores de campo. Todos os questionários preenchidos recebem crítica para avaliação da consistência dos dados coletados, sendo que 20% dos questionários serão submetidos à conferência através de novos contatos com os entrevistados, medida sempre adotada que visa garantir a qualidade e fidelidade dos dados coletados. Conforme §6º. do art. 2º. da Resolução-TSE nº. 23.549, o pedido de registro poderá ser complementado pela entrega destes dados ao Tribunal Eleitoral até o sétimo dia seguinte ao registro da pesquisa. Serão enviados os dados relativos aos bairros abrangidos, na ausência de delimitação dos bairros, será identificada a área em que foi realizada)";"Região Geográfica Imediata de Luziânia (Luziânia, Cidade Ocidental, Santo Antônio do Descoberto, Novo Gama, Valparaiso de Goias e Cristalina)"
"07/08/2026";"05:47:04";2026;81;"Eleições Gerais 2026";"GO";"GO";"GOIÁS";"GO051352026";"2026-04-06 22:54:20";"N";"44826961000125";"SMS - DIRECT PESQUISAS E MARKETING LTDA";"DIRECT PESQUISAS";"Governador, Senador, Deputado Federal, Deputado Estadual";"2026-04-07 00:00:00";"2026-04-10 00:00:00";"2026-04-12 00:00:00";1000;"10526";"José Dos Reis Cunha Filho";"10000,00";"Pesquisa quantitativa com abordagem porta a porta, com eleitores que votam e/ou residem na região metropolitana circunvizinhas entorno de Goiânia nos municípios de maior população eleitoral, sendo eles Aparecida de Goiânia, Anápolis, Trindade e Senador Canedo, no estado de Goiás, consistindo na realização de entrevistas pessoais e individuais, com a aplicação de questionário estruturado junto a uma amostra representativa do eleitorado em estudo. Devido a ordem probabilística da amostra, nesta pesquisa será considerada apenas os eleitores residentes dentro do município ou que no dia da entrevista estejam nele. Todas as entrevistas são espontâneas e os dados são sigilosos, guardados no banco de dados do instituto para tabulação e apresentação gráfica e analítica.";"Trata-se de uma amostra probabilística estratificada, com abordagem aleatória simples através de cotas de sexo, idade e escolaridade, ponderadas de acordo com a estatística do Eleitorado do TSE, 2026 (https://sig.tse.jus.br) e renda ponderada de acordo com registro do último senso estratificado do IBGE (https://cidades.ibge.gov.br) e em conformidade com a Resolução do TSE 23.600/2019, complementada pela Resolução 23.676/2021, com entrevistas domiciliares aos eleitores de 16 anos ou mais que exerça seu voto nos municípios de Aparecida de Goiânia, Anápolis, Trindade e Senador Canedo. Totalizando uma população eleitoral de 805.572 e amostra de 1.000, a um nível de confiança = 95%; Nível de significância = 5%; Margem de erro = 3,10%, com P = 0,5.
SEXO: Masculino (46,18%), Feminino (53,82%); FAIXA ETÁRIA: até 24 anos (13,14%), de 25 a 34 anos (20,97%), de 35 a 44 anos (21,43%), de 45 a 59 anos (25,77%), 60 anos ou mais (18,69%); ESCOLARIDADE: Analfabeto (0,68%), Lê e escreve (2,40%), 1º Grau inc/comp (18,46%), 2º Grau inc/comp (48,36%), 3º Grau inc/comp (30,10%); RENDA: Até 1 salário (13,43%), entre 1 e 2 salários (21,18%), entre 2 e 5 salários (42,42%), entre 5 e 10 salários (16,34%), Mais de 10 salários (6,63%).
";"Os questionários são aplicados com uso de equipamentos eletrônicos, supervisão in loco e via GPS, passarão por conferência através de novo contato até 20% dos entrevistados, todas as regiões pesquisadas foram selecionadas proporcionalmente.";"Os municípios serão anexados de acordo com a resolução."
"07/08/2026";"05:47:04";2026;81;"Eleições Gerais 2026";"GO";"GO";"GOIÁS";"GO012992026";"2026-03-17 23:13:35";"S";"00654576000172";"INSTITUTO VERITA LTDA";"VERITA";"Governador, Senador, Deputado Federal";"2026-03-18 00:00:00";"2026-03-24 00:00:00";"2026-03-23 00:00:00";1525;"10699";"GUILHERME ALVARENGA LAIA";"119350,00";"Pesquisa quantitativa, que consiste na realização de entrevistas, com a aplicação de questionário estruturado junto a uma amostra representativa do eleitorado desta Unidade da Federação.";"ESTUDO REPRESENTATIVO DO ELEITORADO DO ESTADO DE GOIÁS - MÉTODO PPT (Probabilidade Proporcional ao Tamanho) - PLANO AMOSTRAL E PONDERAÇÃO QUANTO A SEXO, IDADE, GRAU DE INSTRUÇÃO E NÍVEL ECONÔMICO DO ENTREVISTADO; INTERVALO DE CONFIANÇA E MARGEM DE ERRO: Representativo do eleitorado da área em estudo, elaborada, em vários estágios, da seguinte forma: - 1. Divisão da UF em estratos proporcionais de municípios. 2. Ordenação dos municípios de cada estrato segundo o porte. 3. Sorteio dos municípios de cada estrato. 4. Os respondentes são selecionados através de quotas amostrais proporcionais em função de variáveis significativas, a saber: GÊNERO / FAIXA ETÁRIA - FEMININO E MASCULINO 16 A 34 ANOS 16,7% E 15,2%, 35 A 54 ANOS 20,6% E 18,4%, 55 ANOS OU MAIS 15,7% E 13,5%. GRAU DE INSTRUÇÃO - FEMININO Sem instrução até Ensino Médio completo 60,8%, Ensino superior incompleto e completo % NÍVEL ECONÔMICO - FEMININO população não economicamente ativa 46,5% população economicamente ativa 53,5% MASCULINO população não economicamente ativa 27,2% população economicamente ativa 72,8%. RENDA FAMILIAR DO DOMICÍLIO renda familiar de até 2 salários-mínimos 30,7%; de 2 a 5 salários-mínimos 44,2%, acima de 5 salários-mínimos 25,1%. Está prevista eventual ponderação para correção das variáveis, com base nos percentuais anteriormente mencionados, caso ocorram diferenças superiores a margem de erro da pesquisa previsto entre a amostra e a coleta de dados realizada. O fator previsto para ponderação é 1 (resultados obtidos na coleta de dados). O intervalo de confiança estimado é de 95% e a margem de erro máxima estimada considerando um modelo de amostragem aleatório simples, é de aproximadamente 3  pontos percentuais para mais ou para menos sobre os resultados encontrados no total da amostra. FONTE DOS DADOS: IBGE/Censo 2022 para fins de densidade demográfica, setores censitários e alocação da amostra. IBGE/PNAD/PNADC/MEC/INEP para fins de Nível Econômico e Escolaridade. TSE FEVEREIRO/2026 para fins de Sexo, Faixa Etária e eleitorado por município ou regiões previamente definidas (importante ressaltar para o público leigo que os dados do TSE são os únicos corretos para gênero, idade dos eleitores e quantitativo de eleitores por municípios já que a base de dados se atualiza automaticamente, PORÉM, dados de escolaridade e nível econômico NÃO são corretos e confiáveis devido a desatualização que ocorre naturalmente com o passar dos anos). Definição de margem de erro e intervalo de confiança: Margem de erro e intervalo de confiança não são grandezas diretamente proporcionais. A SOMA NÃO TEM QUE RESULTAR 100%. ";"Após os trabalhos de coleta de dados, os questionários são submetidos a uma fiscalização, conferência e checagem de cerca de 20% (vinte por cento) dos questionários aplicados.";"A relação dos municípios sorteados ou selecionados para esta pesquisa será apresentada em arquivo anexo até 1 (um) dia após a divulgação desta pesquisa conforme §7º. do art. 2º. da Resolução-TSE nº. 23.600/2019. A área de abrangência desta pesquisa é o Estado DE GOIÁS."
"07/08/2026";"05:47:04";2026;81;"Eleições Gerais 2026";"GO";"GO";"GOIÁS";"GO055142026";"2026-04-25 20:39:02";"S";"00654576000172";"INSTITUTO VERITA LTDA";"VERITA";"Governador, Senador";"2026-04-26 00:00:00";"2026-04-30 00:00:00";"2026-05-01 00:00:00";1525;"10699";"GUILHERME ALVARENGA LAIA";"117425,00";"Pesquisa quantitativa, que consiste na realização de entrevistas, com a aplicação de questionário estruturado junto a uma amostra representativa do eleitorado desta Unidade da Federação.";"ESTUDO REPRESENTATIVO DO ELEITORADO DO ESTADO DE GOIÁS - MÉTODO PPT (Probabilidade Proporcional ao Tamanho) - PLANO AMOSTRAL E PONDERAÇÃO QUANTO A SEXO, IDADE, GRAU DE INSTRUÇÃO E NÍVEL ECONÔMICO DO ENTREVISTADO; INTERVALO DE CONFIANÇA E MARGEM DE ERRO: Representativo do eleitorado da área em estudo, elaborada, em vários estágios, da seguinte forma: - 1. Divisão da UF em estratos proporcionais de municípios. 2. Ordenação dos municípios de cada estrato segundo o porte. 3. Sorteio dos municípios de cada estrato. 4. Os respondentes são selecionados através de quotas amostrais proporcionais em função de variáveis significativas, a saber: GÊNERO / FAIXA ETÁRIA - FEMININO E MASCULINO 16 A 34 ANOS 16,7% E 15,2%, 35 A 54 ANOS 20,6% E 18,4%, 55 ANOS OU MAIS 15,7% E 13,5%. GRAU DE INSTRUÇÃO ¿ FEMININO E MASCULINO Sem instrução até Ensino Médio completo 60,8%, Ensino superior incompleto e completo 39,2% NÍVEL ECONÔMICO - FEMININO população não economicamente ativa 46,5% população economicamente ativa 53,5% MASCULINO população não economicamente ativa 27,2% população economicamente ativa 72,8%. RENDA FAMILIAR DO DOMICÍLIO renda familiar de até 2 salários-mínimos 30,7%; de 2 a 5 salários-mínimos 44,2%, acima de 5 salários-mínimos 25,1%. Está prevista eventual ponderação para correção das variáveis, com base nos percentuais anteriormente mencionados, caso ocorram diferenças superiores a margem de erro da pesquisa previsto entre a amostra e a coleta de dados realizada. O fator previsto para ponderação é 1 (resultados obtidos na coleta de dados). O intervalo de confiança estimado é de 95% e a margem de erro máxima estimada considerando um modelo de amostragem aleatório simples, é de aproximadamente 2,5 pontos percentuais para mais ou para menos sobre os resultados encontrados no total da amostra. FONTE DOS DADOS: IBGE/Censo 2022 para fins de densidade demográfica, setores censitários e alocação da amostra. IBGE/PNAD/PNADC/MEC/INEP para fins de Nível Econômico e Escolaridade. TSE FEVEREIRO/2026 para fins de Sexo, Faixa Etária e eleitorado por município ou regiões previamente definidas (importante ressaltar para o público leigo que os dados do TSE são os únicos corretos para gênero, idade dos eleitores e quantitativo de eleitores por municípios já que a base de dados se atualiza automaticamente, PORÉM, dados de escolaridade e nível econômico NÃO são corretos e confiáveis devido a desatualização que ocorre naturalmente com o passar dos anos). Definição de margem de erro e intervalo de confiança: Margem de erro e intervalo de confiança não são grandezas diretamente proporcionais. A SOMA NÃO TEM QUE RESULTAR 100%. ";"Após os trabalhos de coleta de dados, os questionários são submetidos a uma fiscalização, conferência e checagem de cerca de 20% (vinte por cento) dos questionários aplicados.";"A relação dos municípios sorteados ou selecionados para esta pesquisa será apresentada em arquivo anexo até 1 (um) dia após a divulgação desta pesquisa conforme §7º. do art. 2º. da Resolução-TSE nº. 23.600/2019. A área de abrangência desta pesquisa é o Estado DE GOIÁS"
"07/08/2026";"05:47:04";2026;81;"Eleições Gerais 2026";"GO";"GO";"GOIÁS";"GO023952026";"2026-03-07 19:40:06";"N";"56824073000152";"EXATA.GO PESQUISA LTDA";"EXATA.GO";"Governador, Senador";"2026-03-08 00:00:00";"2026-03-12 00:00:00";"2026-03-13 00:00:00";3200;"10809";"ESTENIO DA COSTA SANTOS";"15000,00";"A pesquisa será do tipo quantitativo, por amostragem aleatória, com aplicação de questionário estruturado e abordagem de moradores eleitores em 55 municípios do estado de Goiás, divididos em 09 (nove) regiões, em pontos estratégicos de fluxo de pessoal dos municípios e por visitas às residências dos municípios. O conjunto da população de estado de Goiás, com 16 anos ou mais e que são votantes no referido estado foi tomado como universo da pesquisa.";"O universo da pesquisa se concentra na população do município de em 55 municípios do estado de Goiás, divididos em 09 (nove) regiões (listados em anexo) com 16 anos ou mais votantes no estado. Tamanho da amostra: A amostra prevista é de 3.200 entrevistas. Técnica de amostragem: A amostra é representativa do universo pesquisado e selecionada em duas etapas. Na primeira etapa são definidos os municípios que farão parte da amostra. Numa segunda etapa são sorteados os pontos de abordagem onde serão aplicadas as entrevistas. Por fim, os entrevistados são selecionados aleatoriamente para responder ao questionário, de acordo com cotas de sexo e faixa etária. Os dados relativos a sexo e faixa etária são: Sexo masculino: 48%; Sexo feminino: 52%, Idade: 16 a 24 anos: 13,22%; 25 a 34 anos: 20,47%; 35 a 44 anos: 20,84%; 45 a 59 anos: 25,70% e 60 anos ou mais: 19,77%. Para grau de instrução, os dados utilizados como referência são: Analfabetos: 2,4%; Lê e escreve + Ensino fundamental incompleto: 27,5%; Ensino fundamental completo + Ensino médio incompleto: 23,0%; Ensino médio completo + Ensino superior incompleto: 35,5%, Ensino superior completo ou mais: 11,6%. Os dados utilizados para definição e seleção da amostra são baseados nos dados fornecidos pelo TSE (setembro/2025), IBGE (PNAD Contínua, Censo 2010 e Censo 2022) e dados primários de outros levantamentos do instituto. Ponderação dos resultados: Está prevista eventual ponderação para correção nos tamanhos dos estratos, considerando as variáveis sexo, faixa etária e escolaridade, de acordo com os percentuais detalhados anteriormente, casos as diferenças sejam maiores que 3 pontos percentuais. Para o nível econômico do entrevistado (renda individual mensal aproximada declarada) os dados de referência são: até 2 S. M. (salários mínimos) = 37,58%; mais de 2 S. M. e menos de 5 S. M. = 38,17%; mais de 5 S. M. = 24,25%. Para essa variável, o fator previsto para ponderação é 1 (resultados obtidos em campo). Área física: A relação completa dos municípios incluídos no levantamento será encaminhada a esse tribunal posteriormente, a partir do dia em que a pesquisa puder ser divulgada e até o dia seguinte, conforme a Resoluções 23.600/2019, no art.2º §7º e 23.727/2024 do TSE. Margem de Erro: A margem de erro máxima prevista é de 1,74 pontos percentuais para mais ou para menos, considerando um nível de confiança de 95% e baseada em uma amostra aleatória.";"Os entrevistadores envolvidos na realização desta pesquisa são treinados pelo Instituto e recebem instruções específicas para cada projeto realizado. A coleta será feita com a utilização de questionário impresso, que serão computados posteriormente à pesquisa de campo. Os pesquisadores são supervisionados por um coordenador que estará em campo juntamente com a equipe garantindo a lisura da pesquisa. Internamente, todo o material é verificado e codificado. Antes do processamento final e emissão dos resultados, realiza-se processo de consistência dos dados. Os dados coletados e tratados nesta pesquisa atendem às exigências da LGPD, Lei Geral de Proteção de Dados, garantindo ao respondente o sigilo de sua identidade e o correto tratamento de suas respostas.";"A relação completa dos municípios incluídos no levantamento será encaminhada posteriormente, a partir do dia em que a pesquisa puder ser divulgada e até o dia seguinte, conforme a Resoluções 23.600/2019 e 23.727/2024 do TSE."
"07/08/2026";"05:47:04";2026;81;"Eleições Gerais 2026";"GO";"GO";"GOIÁS";"GO033242026";"2026-02-21 23:34:07";"N";"44826961000125";"SMS - DIRECT PESQUISAS E MARKETING LTDA";"DIRECT PESQUISAS";"Governador, Senador, Deputado Federal, Deputado Estadual";"2026-02-22 00:00:00";"2026-02-25 00:00:00";"2026-02-27 00:00:00";1200;"10526";"José Dos Reis Cunha Filho";"10000,00";"Pesquisa quantitativa com abordagem porta a porta, com eleitores que votam e/ou residem no estado de Goiás, consistindo na realização de entrevistas pessoais e individuais, com a aplicação de questionário estruturado junto a uma amostra representativa do eleitorado em estudo. Devido a ordem probabilística da amostra, nesta pesquisa será considerada apenas os eleitores residentes dentro do município ou que no dia da entrevista estejam nele. Todas as entrevistas são espontâneas e os dados são sigilosos, guardados no banco de dados do instituto para tabulação e apresentação gráfica e analítica.";"Trata-se de uma amostra probabilística estratificada, com abordagem aleatória simples através de cotas de sexo, idade e escolaridade, ponderadas de acordo com a estatística do Eleitorado do TSE, 2026 (https://sig.tse.jus.br) e renda ponderada de acordo com registro do último senso estratificado do IBGE (https://cidades.ibge.gov.br) e em conformidade com a Resolução do TSE 23.600/2019, complementada pela Resolução 23.676/2021, com entrevistas domiciliares aos eleitores de 16 anos ou mais que exerça seu voto no estado de Goiás. Totalizando uma população eleitoral de 5.126.435 e amostra de 1.200, a um nível de confiança = 95%; Nível de significância = 5%; Margem de erro = 2,83%, com P = 0,5.
SEXO: Masculino (47,02%), Feminino (52,98%); FAIXA ETÁRIA: até 24 anos (12,30%), de 25 a 34 anos (19,63%), de 35 a 44 anos (20,41%), de 45 a 59 anos (26,34%), 60 anos ou mais (21,33%); ESCOLARIDADE: Analfabeto (2,45%), Lê e escreve (5,62%), 1º Grau inc/comp (26,62%), 2º Grau inc/comp (46,55%), 3º Grau inc/comp (18,76%); RENDA: Até 1 salário (15,67%), entre 1 e 2 salários (21,92%), entre 2 e 5 salários (38,15%), entre 5 e 10 salários (15,58%), Mais de 10 salários (8,68%).
";"Os questionários são aplicados com uso de equipamentos eletrônicos, supervisão in loco e via GPS, passarão por conferência através de novo contato até 20% dos entrevistados, todas as regiões pesquisadas foram selecionadas proporcionalmente.";"Os municípios serão anexados de acordo com a resolução."
"07/08/2026";"05:47:04";2026;81;"Eleições Gerais 2026";"GO";"GO";"GOIÁS";"GO081422026";"2026-07-30 22:41:44";"N";"31884294000195";"VILANI E BARBOSA NEGOCIOS LTDA";"DATA RD";"Governador, Senador";"2026-07-31 00:00:00";"2026-08-04 00:00:00";"2026-08-05 00:00:00";1509;"10808";"JERFSON BRUNO DO NASCIMENTO HONORIO";"19700,00";"Apresentam-se os dados da pesquisa eleitoral de opinião pública a ser conduzida no estado de Goiás. Esta pesquisa quantitativa será realizada por meio de entrevistas telefônicas, utilizando questionários estruturados e padronizados, aplicados a uma amostra representativa da população alvo. A coleta de dados será conduzida por entrevistadores treinados, utilizando o sistema CATI (Computer-Assisted Telephone Interviewing), com apoio de dispositivos eletrônicos para registro das respostas.

Nota 1: Pode ocorrer que o total da linha não corresponda exatamente ao somatório das células individuais devido ao arredondamento computacional. No entanto, essas diferenças são compensadas em outras linhas, sem perda da representatividade da amostra. É normal que algumas células apresentem mais entrevistas do que o registrado, pois arredondamos números para refletir a realidade da pesquisa. Por exemplo, se a distribuição resultar em 1,5 entrevistas, arredondamos para 2 entrevistas, pois não é possível realizar uma fração de entrevista. Logo, o somatório pode apresentar uma soma superior ao registrado.

Nota 2: É importante destacar que o registro é exclusivamente para fins de divulgação, o que significa que uma pesquisa pode ser realizada antes ou depois da data de registro. Este requisito está claramente estabelecido no Artigo 10 da resolução. Art. 10. Na divulgação dos resultados de pesquisas, ATUAIS OU NÃO, serão obrigatoriamente informados: I - o período de realização da coleta de dados; II - a margem de erro; III - o nível de confiança; IV - o número de entrevistas; V - o nome da entidade ou da empresa que a realizou e, se for o caso, de quem a contratou; VI - o número de registro da pesquisa.

Nota 3: Ao registrar uma pesquisa, é comum cometer erros de digitação ou outros equívocos. O TSE permite a correção ou exclusão de registros no sistema PesqEle até 5 dias após a data de registro. Quando uma modificação é realizada, o sistema gera um novo número de registro e atualiza a data para a data da modificação, conforme o artigo 8 da resolução. Em relação à exclusão, o sistema permite a remoção total do registro. Após os 5 dias, o sistema impede quaisquer modificações ou exclusões. É importante observar que é possível excluir um registro e refazê-lo com as mesmas informações do registro excluído, como questionário, nota fiscal, entre outros. Art. 8o O registro da pesquisa poderá ser alterado desde que não expirado o prazo de 5 (cinco) dias para a divulgação do seu resultado. § 1o A alteração de que trata o caput implica a atribuição de novo número de identificação à pesquisa e o reinício da contagem do prazo previsto no caput do art. 2o desta Resolução, a partir do recebimento das alterações com a indicação, pelo sistema, da nova data a partir da qual será permitida a divulgação da pesquisa. § 3o ...a pesquisa ser cancelada pela própria usuária ou pelo próprio usuário, sem prejuízo da apresentação de um novo registro.

Nota 4: Pagante(S) Do Trabalho Em Branco: Quando o campo 'pagante' está em branco, isso ocorre porque o contratante é também o pagante da pesquisa. O sistema do TSE presume que qualquer pessoa com um mínimo de interesse verificará facilmente a origem dos recursos ao lado do nome do contratante, fora que a nota fiscal também está disponível para qualquer pessoa. A informação de pagante só é preenchida quando há duas partes envolvidas: um contratante e um pagante";"I) Público Pesquisado: Eleitores no estado de Goiás. Modalidade de aplicação: entrevistas telefônicas.

II) Tipo de Amostra: A amostra é representativa do eleitorado estadual, selecionada em três estágios. No primeiro estágio, os estados são selecionados de forma probabilística utilizando o método da probabilidade proporcional ao tamanho (PPT), com base no total do eleitorado de cada unidade federativa, garantindo que estados com maior contingente eleitoral contribuam proporcionalmente com maior volume de contatos. No segundo estágio, dentro de cada estado selecionado, os números de telefone são selecionados por meio de discagem aleatória (RDD ¿ Random Digit Dialing), abrangendo linhas fixas e móveis (celulares) ativas no estado alvo, assegurando cobertura do universo de eleitores com acesso a telefone. No terceiro estágio, dentro de cada contato estabelecido, o entrevistado é selecionado por cotas proporcionais aos atributos de sexo, faixa etária, grau de instrução e renda, de acordo com o perfil do eleitorado em estudo. Fonte de Dados: Tribunal Superior Eleitoral (TSE, July/2026) e Instituto Brasileiro de Geografia e Estatística (IBGE, CENSO 2022).

III) Tamanho da Amostra: 1509 entrevistas.

IV) Ponderação: A ponderação é realizada considerando 53% para o sexo feminino e 47% para o sexo masculino. Em relação às faixas etárias, a distribuição é a seguinte: 12.9% de 16 a 24 anos, 19.4% de 25 a 34 anos, 20.1% de 35 a 44 anos, 26.2% de 45 a 59 anos e 21.3% com 60 anos ou mais. Para o grau de instrução, são utilizadas as seguintes categorias: 7.9% de Analfabeto/Lê e Escreve, 26.3% até o ensino fundamental, 47.2% até o ensino médio e 18.6% até a faculdade ou mais. Em relação à renda, são utilizadas as seguintes categorias: 56.3% até 1 salário mínimo, 26.8% de 1 a 2 salários mínimos e 16.8% acima de 2 salários mínimos. Está prevista uma ponderação para correção de variáveis de sexo e faixa etária, com base nos percentuais acima apresentados, de acordo com o previsto na amostra (TSE) e a coleta realizada. Para as variáveis de escolaridade e renda domiciliar mensal, o fator de ponderação será igual a 1, conforme os resultados obtidos em campo.

V) Área Física de Realização da Pesquisa: A amostra será coletada em toda a extensão geográfica do estado de Goiás.

VI) Intervalo de Confiança/Margem de Erro: O intervalo de confiança estimado é de 95% com uma margem de erro de 2.52% para mais ou para menos sobre os resultados encontrados no total da amostra. Este grau de confiança e margem de erro não devem ser considerados para resultados dentro de cada estrato, nem para os resultados gerados pelos cruzamentos de variáveis. Os percentuais que não totalizam 100% são devido a arredondamentos ou a múltiplas alternativas de resposta. O cálculo amostral é realizado pela proporção [estimador = p e (1-p) ou p e q).

VII) O modelo de questionário aplicado está disponível em anexo.

VIII) Na elaboração de todos os questionários emitidos pela empresa Conecta, é implementado um sistema de aleatorização para a ordem das respostas de cada uma das perguntas. Essa prática é essencial para evitar possíveis vieses que poderiam surgir caso as respostas fossem sempre apresentadas na mesma ordem. Ao aleatorizar as respostas, garantimos que todos os participantes tenham a mesma oportunidade de encontrar cada resposta em diferentes posições do questionário. Isso contribui significativamente para minimizar qualquer influência que a ordem das perguntas possa ter sobre as respostas. No contexto telefônico, a leitura das alternativas pelo entrevistador segue ordem definida por sorteio sistematizado pelo software de coleta.";"Para a realização da pesquisa utiliza-se uma equipe de entrevistadores e coordenadores de campo devidamente treinados para o trabalho pela empresa Conecta. As entrevistas são gravadas mediante consentimento do entrevistado, para fins de controle de qualidade. Durante a realização dos trabalhos de campo, os entrevistadores são submetidos a uma fiscalização permanente por parte dos coordenadores e são realizadas checagem de 20% da amostra para atestar a realização das entrevistas e a fidedignidade dos dados, garantindo-se dessa forma, robustez na precisão dos estimadores dos parâmetros populacionais.";"#NULO#"
"07/08/2026";"05:47:04";2026;81;"Eleições Gerais 2026";"GO";"GO";"GOIÁS";"GO031162026";"2026-06-12 20:23:36";"N";"04851508000154";"INSTITUTO GAZETA LTDA";"IGAPE- INSTITUTO GAZETA DE PEQUISAS";"Governador, Senador, Deputado Federal, Deputado Estadual";"2026-06-09 00:00:00";"2026-06-11 00:00:00";"2026-06-18 00:00:00";600;"10394";"FILIPE MOREIRA MARTINE";"4000,00";"A metodologia utilizada é Survey quantitativo, com realização das entrevistas de maneira pessoal em domicílio, com aplicação de questionário estruturado e padronizado em plataforma digital (tablet ou computador) junto a uma amostra representativa dos eleitores de Valparaíso de Goiás";"O universo da pesquisa é composto por eleitores de Valparaíso de Goiás, com idade a partir de 16 anos. A amostra prevista será de 600 entrevistas. A Seleção da amostra será realizada utilizando-se quotas amostrais proporcionais, em função das seguintes variáveis. SEXO: Masculino: (45%); Feminino: (55%) - IDADE: 16 a 29 anos (20%); 30 a 44 anos: (30%); 45 a 59 anos: (27%); 60 anos ou mais: (23%) - ESCOLARIDADE: Analfabeto/Lê e escreve: (3%); Fundamental completo ou incompleto: (19%); Médio completo ou incompleto: (48%); Superior completo ou incompleto: (30%); RENDA INDIVIDUAL: Até 1 SM: (27%); De 1 a 2 SM: (40%); Acima de 2 SM (33%). Está prevista eventual ponderação para correção das variáveis, com base nos percentuais acima apresentados - Área física: Município de Valparaíso de Goiás - GO. Margem de Erro: A margem de erro máxima prevista para o total da amostra é de 4,0 pontos percentuais para mais ou para menos, considerando um nível de confiança de 95%. Fonte de Dados: TSE: Estatísticas do Eleitorado 2026 e IBGE Censo 2022.";"A coleta de dados é realizada por entrevistadores, orientados por coordenadores de campo. Todos os questionários preenchidos recebem crítica para avaliação da consistência dos dados coletados, sendo que 20% dos questionários serão submetidos à conferência através de novos contatos com os entrevistados, medida sempre adotada que visa garantir a qualidade e fidelidade dos dados coletados. Conforme §6º. do art. 2º. da Resolução-TSE nº. 23.549, o pedido de registro poderá ser complementado pela entrega destes dados ao Tribunal Eleitoral até o sétimo dia seguinte ao registro da pesquisa. Serão enviados os dados relativos aos bairros abrangidos, na ausência de delimitação dos bairros, será identificada a área em que foi realizada)";"Céu Azul III ;
Parque Esplanada;
 Céu Azul I ;
Céu Azul II ;
Parque Araruama ;
Sítio Chácara Anhanguera; 
Valparaíso - Etapa B; 
Valparaíso - Etapa A ;
Valparaíso - Etapa D ;
Valparaíso - Etapa E; 
Ipanema; 
Morada 18; 
Jardim Oriente; 
Valparaíso - Etapa C ;
Santa Rita; 
Vila Izabel ;
Jardim dos Ipês; 
Jardim Jockey Clube; 
Parque Rio Branco ;
Parque Marajó ;
Cidade Jardim;"
"07/08/2026";"05:47:04";2026;81;"Eleições Gerais 2026";"GO";"GO";"GOIÁS";"GO093612026";"2026-05-05 22:25:50";"N";"44826961000125";"SMS - DIRECT PESQUISAS E MARKETING LTDA";"DIRECT PESQUISAS";"Governador, Senador, Deputado Federal, Deputado Estadual";"2026-05-06 00:00:00";"2026-05-08 00:00:00";"2026-05-11 00:00:00";700;"10526";"José Dos Reis Cunha Filho";"8000,00";"Pesquisa quantitativa com abordagem porta a porta, com eleitores que votam e/ou residem no município de Anápolis no estado de Goiás, consistindo na realização de entrevistas pessoais e individuais, com a aplicação de questionário estruturado junto a uma amostra representativa do eleitorado em estudo. Devido a ordem probabilística da amostra, nesta pesquisa será considerada apenas os eleitores residentes dentro do município ou que no dia da entrevista estejam nele. Todas as entrevistas são espontâneas e os dados são sigilosos, guardados no banco de dados do instituto para tabulação e apresentação gráfica e analítica.";"Trata-se de uma amostra probabilística estratificada, com abordagem aleatória simples através de cotas de sexo, idade e escolaridade, ponderadas de acordo com a estatística do Eleitorado do TSE, 2026 (https://sig.tse.jus.br) e renda ponderada de acordo com registro do último senso estratificado do IBGE (https://cidades.ibge.gov.br) e em conformidade com a Resolução do TSE 23.600/2019, complementada pela Resolução 23.676/2021, com entrevistas domiciliares aos eleitores de 16 anos ou mais que exerça seu voto nos municípios de Anápolis. Totalizando uma população eleitoral de 285.753 e amostra de 700, a um nível de confiança = 95%; Nível de significância = 5%; Margem de erro = 3,7%, com P = 0,5.
SEXO: Masculino (46,21%), Feminino (53,79%); FAIXA ETÁRIA: até 24 anos (12,52%), de 25 a 34 anos (20,86%), de 35 a 44 anos (20,39%), de 45 a 59 anos (25,42%), 60 anos ou mais (20,81%); ESCOLARIDADE: Analfabeto (1,27%), Lê e escreve (3,48%), 1º Grau inc/comp (25,04%), 2º Grau inc/comp (48,51%), 3º Grau inc/comp (21,70%); RENDA: Até 1 salário (13,69%), entre 1 e 2 salários (21,05%), entre 2 e 5 salários (39,67%), entre 5 e 10 salários (16,60%), Mais de 10 salários (8,99%).
";"Os questionários são aplicados com uso de equipamentos eletrônicos, supervisão in loco e via GPS, passarão por conferência através de novo contato até 20% dos entrevistados, todas as regiões pesquisadas foram selecionadas proporcionalmente.";"Os bairros serão anexados de acordo com a resolução."
"07/08/2026";"05:47:04";2026;81;"Eleições Gerais 2026";"GO";"GO";"GOIÁS";"GO031452026";"2026-05-12 18:52:04";"N";"44826961000125";"SMS - DIRECT PESQUISAS E MARKETING LTDA";"DIRECT PESQUISAS";"Governador, Senador, Deputado Federal, Deputado Estadual";"2026-05-12 00:00:00";"2026-05-16 00:00:00";"2026-05-18 00:00:00";1200;"10526";"José Dos Reis Cunha Filho";"25000,00";"Pesquisa quantitativa com abordagem porta a porta, com eleitores que votam e/ou residem no estado de Goiás, consistindo na realização de entrevistas pessoais e individuais, com a aplicação de questionário estruturado junto a uma amostra representativa do eleitorado em estudo. Devido a ordem probabilística da amostra, nesta pesquisa será considerada apenas os eleitores residentes dentro do município ou que no dia da entrevista estejam nele. Todas as entrevistas são espontâneas e os dados são sigilosos, guardados no banco de dados do instituto para tabulação e apresentação gráfica e analítica.";"Trata-se de uma amostra probabilística estratificada, com abordagem aleatória simples através de cotas de sexo, idade e escolaridade, ponderadas de acordo com a estatística do Eleitorado do TSE, 2026 (https://sig.tse.jus.br) e renda ponderada de acordo com registro do último senso estratificado do IBGE (https://cidades.ibge.gov.br) e em conformidade com a Resolução do TSE 23.600/2019, complementada pela Resolução 23.676/2021, com entrevistas domiciliares aos eleitores de 16 anos ou mais que exerça seu voto no estado de Goiás. Totalizando uma população eleitoral de 5.037.772 e amostra de 1.200, a um nível de confiança = 95%; Nível de significância = 5%; Margem de erro = 2,83%, com P = 0,5.
SEXO: Masculino (47,03%), Feminino (52,97%); FAIXA ETÁRIA: até 24 anos (12,68%), de 25 a 34 anos (19,50%), de 35 a 44 anos (20,25%), de 45 a 59 anos (26,23%), 60 anos ou mais (21,33%); ESCOLARIDADE: Analfabeto (2,43%), Lê e escreve (5,53%), 1º Grau inc/comp (26,40%), 2º Grau inc/comp (46,96%), 3º Grau inc/comp (18,68%); RENDA: Até 1 salário (15,67%), entre 1 e 2 salários (21,92%), entre 2 e 5 salários (38,15%), entre 5 e 10 salários (15,58%), Mais de 10 salários (8,68%).
Sistema interno de controle e verificação, conferência e fiscalização da coleta de dados e do trabalho de campo*: 
";"Os questionários são aplicados com uso de equipamentos eletrônicos, supervisão in loco e via GPS, passarão por conferência através de novo contato até 20% dos entrevistados, todas as regiões pesquisadas foram selecionadas proporcionalmente.";"Os municípios serão anexados de acordo com a resolução."
"07/08/2026";"05:47:04";2026;81;"Eleições Gerais 2026";"GO";"GO";"GOIÁS";"GO077582026";"2026-05-23 18:38:20";"S";"44826961000125";"SMS - DIRECT PESQUISAS E MARKETING LTDA";"DIRECT PESQUISAS";"Governador, Senador, Deputado Federal, Deputado Estadual";"2026-05-24 00:00:00";"2026-05-26 00:00:00";"2026-05-29 00:00:00";1500;"10526";"José Dos Reis Cunha Filho";"12000,00";"Pesquisa quantitativa com abordagem porta a porta, com eleitores que votam e/ou residem no município de Goiânia no estado de Goiás, consistindo na realização de entrevistas pessoais e individuais, com a aplicação de questionário estruturado junto a uma amostra representativa do eleitorado em estudo. Devido a ordem probabilística da amostra, nesta pesquisa será considerada apenas os eleitores residentes dentro do município ou que no dia da entrevista estejam nele. Todas as entrevistas são espontâneas e os dados são sigilosos, guardados no banco de dados do instituto para tabulação e apresentação gráfica e analítica.";"Trata-se de uma amostra probabilística estratificada, com abordagem aleatória simples através de cotas de sexo, idade e escolaridade, ponderadas de acordo com a estatística do Eleitorado do TSE, 2026 (https://sig.tse.jus.br) e renda ponderada de acordo com registro do último senso estratificado do IBGE (https://cidades.ibge.gov.br) de acordo com a Resolução do TSE 23.600/2019, complementada pela Resolução 23.676/2021, com entrevistas domiciliares aos eleitores de 16 anos ou mais que exerça seu voto no município de Goiânia. Totalizando uma população eleitoral de 1.008.569 e amostra de 1.500, a um nível de confiança = 95%; Nível de significância = 5%; Margem de erro = 2,53%, com P = 0,5.
SEXO: Masculino (44,94%), Feminino (55,06%); FAIXA ETÁRIA: até 24 anos (10,81%), de 25 a 34 anos (18,95%), de 35 a 44 anos (20,90%), de 45 a 59 anos (26,48%), 60 anos ou mais (22,86%); ESCOLARIDADE: Analfabeto (0,68%), Lê e escreve (2,39%), 1º Grau inc/comp (18,39%), 2º Grau inc/comp (48,47%), 3º Grau inc/comp (30,08%); RENDA: Até 1 salário (10,10%), entre 1 e 2 salários (14,30%), entre 2 e 5 salários (35,45%), entre 5 e 10 salários (21,87%), Mais de 10 salários (18,28%).
";"Os questionários são aplicados com uso de equipamentos eletrônicos, supervisão in loco e via GPS, passarão por conferência através de novo contato até 20% dos entrevistados, todas as regiões pesquisadas foram selecionadas proporcionalmente.";"Os bairros serão anexados de acordo com a resolução."
"07/08/2026";"05:47:04";2026;81;"Eleições Gerais 2026";"GO";"GO";"GOIÁS";"GO090032026";"2026-02-18 22:05:12";"N";"04851508000154";"INSTITUTO GAZETA LTDA";"IGAPE- INSTITUTO GAZETA DE PEQUISAS";"Governador, Senador, Deputado Federal, Deputado Estadual, Deputado Distrital";"2026-02-20 00:00:00";"2026-02-22 00:00:00";"2026-02-24 00:00:00";600;"10394";"FILIPE MOREIRA MARTINE";"3000,00";"A metodologia utilizada é Survey quantitativo, com realização das entrevistas de maneira pessoal em domicílio, com aplicação de questionário estruturado e padronizado em plataforma digital (tablet ou computador) junto a uma amostra representativa dos eleitores de Aparecida de Goiânia.";"O universo da pesquisa é composto por eleitores de Aparecida de Goiânia, com idade a partir de 16 anos. A amostra prevista será de 600 entrevistas. A Seleção da amostra será realizada utilizando-se quotas amostrais proporcionais, em função das seguintes variáveis. SEXO: Masculino: (46%); Feminino: (54%) - IDADE: 16 a 29 anos (24%); 30 a 44 anos: (33%); 45 a 59 anos: (26%); 60 anos ou mais: (17%) - ESCOLARIDADE: Analfabeto/Lê e escreve: (6%); Fundamental completo ou incompleto: (26%); Médio completo ou incompleto: (54%); Superior completo ou incompleto: (14%); RENDA INDIVIDUAL: Até 1 SM: (29%); De 1 a 2 SM: (41%); Acima de 2 SM (30%). Está prevista eventual ponderação para correção das variáveis, com base nos percentuais acima apresentados - Área física: Município de Aparecida de Goiânia - GO. Margem de Erro: A margem de erro máxima prevista para o total da amostra é de 4,0 pontos percentuais para mais ou para menos, considerando um nível de confiança de 95%. Fonte de Dados: TSE: Estatísticas do Eleitorado 2026 e IBGE Censo 2022.";"A coleta de dados é realizada por entrevistadores, orientados por coordenadores de campo. Todos os questionários preenchidos recebem crítica para avaliação da consistência dos dados coletados, sendo que 20% dos questionários serão submetidos à conferência através de novos contatos com os entrevistados, medida sempre adotada que visa garantir a qualidade e fidelidade dos dados coletados. Conforme §6º. do art. 2º. da Resolução-TSE nº. 23.549, o pedido de registro poderá ser complementado pela entrega destes dados ao Tribunal Eleitoral até o sétimo dia seguinte ao registro da pesquisa. Serão enviados os dados relativos aos bairros abrangidos, na ausência de delimitação dos bairros, será identificada a área em que foi realizada)";"SEGUE EM ANEXO, CONFORME LEGISLAÇÃO VIGENTE"
"07/08/2026";"05:47:04";2026;81;"Eleições Gerais 2026";"GO";"GO";"GOIÁS";"GO015282026";"2026-07-29 00:19:00";"N";"04851508000154";"INSTITUTO GAZETA LTDA";"IGAPE- INSTITUTO GAZETA DE PEQUISAS";"Governador, Senador, Deputado Federal, Deputado Estadual";"2026-07-24 00:00:00";"2026-07-27 00:00:00";"2026-08-04 00:00:00";600;"10394";"FILIPE MOREIRA MARTINE";"4000,00";"A metodologia utilizada é Survey quantitativo, com realização das entrevistas de maneira pessoal em domicílio, com aplicação de questionário estruturado e padronizado em plataforma digital (tablet ou computador) junto a uma amostra representativa dos eleitores de Luziânia.";"O universo da pesquisa é composto por eleitores de Luziânia, com idade a partir de 16 anos. A amostra prevista será de 600 entrevistas. A Seleção da amostra será realizada utilizando-se quotas amostrais proporcionais, em função das seguintes variáveis. SEXO: Masculino: (46%); Feminino: (54%) - IDADE: 16 a 29 anos (26%); 30 a 44 anos: (31%); 45 a 59 anos: (26%); 60 anos ou mais: (17%) - ESCOLARIDADE: Analfabeto/Lê e escreve e Fundamental completo ou incompleto: (25%); Médio completo ou incompleto: (55%); Superior completo ou incompleto: (20%) ¿ RENDA FAMILIAR: Até 1 SM: (37%); De 1 a 2 SM: (41%); Acima de 2 SM (22%). Está prevista eventual ponderação para correção das variáveis, com base nos percentuais acima apresentados - Área física: Município de Luziânia - GO. Margem de Erro: A margem de erro máxima prevista para o total da amostra é de 4,8 pontos percentuais para mais ou para menos, considerando um nível de confiança de 95%. Fonte de Dados: TSE ¿ Estatísticas do Eleitorado 2026 e IBGE Censo 2022. ";"A coleta de dados é realizada por entrevistadores, orientados por coordenadores de campo. Todos os questionários preenchidos recebem crítica para avaliação da consistência dos dados coletados, sendo que 20% dos questionários serão submetidos à conferência através de novos contatos com os entrevistados, medida sempre adotada que visa garantir a qualidade e fidelidade dos dados coletados.";"Conforme §6º. do art. 2º. da Resolução-TSE nº. 23.549, o pedido de registro poderá ser complementado pela entrega destes dados ao Tribunal Eleitoral até o sétimo dia seguinte ao registro da pesquisa. Serão enviados os dados relativos aos bairros abrangidos, na ausência de delimitação dos bairros, será identificada a área em que foi realizada)"
"07/08/2026";"05:47:04";2026;81;"Eleições Gerais 2026";"GO";"GO";"GOIÁS";"GO013082026";"2026-05-10 20:04:34";"N";"04851508000154";"INSTITUTO GAZETA LTDA";"IGAPE- INSTITUTO GAZETA DE PEQUISAS";"Governador, Senador, Deputado Federal, Deputado Estadual";"2026-05-11 00:00:00";"2026-05-15 00:00:00";"2026-05-16 00:00:00";500;"10394";"FILIPE MOREIRA MARTINE";"3000,00";"A metodologia utilizada é Survey quantitativo, com realização das entrevistas de maneira pessoal em domicílio, com aplicação de questionário estruturado e padronizado em plataforma digital (tablet ou computador) junto a uma amostra representativa dos eleitores de Itumbiara.";"O universo da pesquisa é composto por eleitores de Itumbiara, com idade a partir de 16 anos. A amostra prevista será de 500 entrevistas. A Seleção da amostra será realizada utilizando-se quotas amostrais proporcionais, em função das seguintes variáveis. SEXO: Masculino: (46%); Feminino: (54%) - IDADE: 16 a 29 anos (20%); 30 a 44 anos: (28%); 45 a 59 anos: (27%); 60 anos ou mais: (25%) - ESCOLARIDADE: Analfabeto/Lê e escreve: (7%); Fundamental completo ou incompleto: (27%); Médio completo ou incompleto: (45%); Superior completo ou incompleto: (21%); RENDA INDIVIDUAL: Até 1 SM: (30%); De 1 a 2 SM: (32%); Acima de 2 SM (38%). Está prevista eventual ponderação para correção das variáveis, com base nos percentuais acima apresentados - Área física: Município de Itumbiara - GO. Margem de Erro: A margem de erro máxima prevista para o total da amostra é de 4,3 pontos percentuais para mais ou para menos, considerando um nível de confiança de 95%. Fonte de Dados: TSE: Estatísticas do Eleitorado 2026 e IBGE Censo 2022.";"A coleta de dados é realizada por entrevistadores, orientados por coordenadores de campo. Todos os questionários preenchidos recebem crítica para avaliação da consistência dos dados coletados, sendo que 20% dos questionários serão submetidos à conferência através de novos contatos com os entrevistados, medida sempre adotada que visa garantir a qualidade e fidelidade dos dados coletados. Conforme §6º. do art. 2º. da Resolução-TSE nº. 23.549, o pedido de registro poderá ser complementado pela entrega destes dados ao Tribunal Eleitoral até o sétimo dia seguinte ao registro da pesquisa. Serão enviados os dados relativos aos bairros abrangidos, na ausência de delimitação dos bairros, será identificada a área em que foi realizada)";"CENTRO, JARDIM LIBERDADE, AFONSO PENA, VILA VITORIA, PLANALTO, SETOR NOSSA SENHORA DA SAUDE, CONJ. HAB. DONA NORMA GIBALDI, JARDIM LEONORA, SETOR SANTOS DUMONT, VILA DE FURNAS, ALTO DA BOA VISTA, NOVA AURORA, SETOR BURITYS, SETOR PARANAIBA, PARQUE DOS BURITIS, NOVA VENEZA, SETOR DONA MAROLINA, VILA MUTIRÃO"
"07/08/2026";"05:47:04";2026;81;"Eleições Gerais 2026";"GO";"GO";"GOIÁS";"GO010192026";"2026-04-17 21:31:53";"N";"44826961000125";"SMS - DIRECT PESQUISAS E MARKETING LTDA";"DIRECT PESQUISAS";"Governador, Senador, Deputado Federal, Deputado Estadual";"2026-04-17 00:00:00";"2026-04-18 00:00:00";"2026-04-23 00:00:00";600;"10526";"José Dos Reis Cunha Filho";"5000,00";"Pesquisa quantitativa com abordagem porta a porta, com eleitores que votam e/ou residem no município de Goianésia no estado de Goiás, consistindo na realização de entrevistas pessoais e individuais, com a aplicação de questionário estruturado junto a uma amostra representativa do eleitorado em estudo. Devido a ordem probabilística da amostra, nesta pesquisa será considerada apenas os eleitores residentes dentro do município ou que no dia da entrevista estejam nele. Todas as entrevistas são espontâneas e os dados são sigilosos, guardados no banco de dados do instituto para tabulação e apresentação gráfica e analítica.";"Trata-se de uma amostra probabilística estratificada, com abordagem aleatória simples através de cotas de sexo, idade e escolaridade, ponderadas de acordo com a estatística do Eleitorado do TSE, 2026 (https://sig.tse.jus.br) e renda ponderada de acordo com registro do último senso estratificado do IBGE (https://cidades.ibge.gov.br) e em conformidade com a Resolução do TSE 23.600/2019, complementada pela Resolução 23.676/2021, com entrevistas domiciliares aos eleitores de 16 anos ou mais que exerça seu voto no município de Goianésia. Totalizando uma população eleitoral de 58.596 e amostra de 600, a um nível de confiança = 95%; Nível de significância = 5%; Margem de erro = 3,98%, com P = 0,5.
SEXO: Masculino (46,90%), Feminino (53,10%); FAIXA ETÁRIA: até 24 anos (13,37%), de 25 a 34 anos (20,60%), de 35 a 44 anos (19,99%), de 45 a 59 anos (25,63%), 60 anos ou mais (20,40%); ESCOLARIDADE: Analfabeto (3,62%), Lê e escreve (7,42%), 1º Grau inc/comp (27,49%), 2º Grau inc/comp (44,94%), 3º Grau inc/comp (16,52%); RENDA: Até 1 salário (12,82%), entre 1 e 2 salários (19,72%), entre 2 e 5 salários (42,99%), entre 5 e 10 salários (17,23%), Mais de 10 salários (7,25%).
";"Os questionários são aplicados com uso de equipamentos eletrônicos, supervisão in loco e via GPS, passarão por conferência através de novo contato até 20% dos entrevistados, todas as regiões pesquisadas foram selecionadas proporcionalmente.";"Os bairros serão anexados de acordo com a resolução."
"07/08/2026";"05:47:04";2026;81;"Eleições Gerais 2026";"GO";"GO";"GOIÁS";"GO075062026";"2026-06-27 09:45:09";"N";"04851508000154";"INSTITUTO GAZETA LTDA";"IGAPE- INSTITUTO GAZETA DE PEQUISAS";"Governador, Senador, Deputado Federal, Deputado Estadual";"2026-06-26 00:00:00";"2026-07-02 00:00:00";"2026-07-03 00:00:00";3000;"10394";"FILIPE MOREIRA MARTINE";"12000,00";"A metodologia utilizada é Survey quantitativo, com realização das entrevistas através de pesquisa telefônica, com aplicação de questionário estruturado e padronizado em plataforma digital (tablet ou computador) junto a uma amostra representativa dos eleitores do Estado de Goias.";"O universo da pesquisa é composto por eleitores de Goiás, com idade a partir de 16 anos. A amostra prevista será de 3.000 entrevistas. A Seleção da amostra será realizada utilizando-se quotas amostrais proporcionais, em função das seguintes variáveis. SEXO: Masculino: (47%); Feminino: (53%) - IDADE: 16 a 29 anos (22%); 30 a 44 anos: (30%); 45 a 59 anos: (26%); 60 anos ou mais: (22%) - ESCOLARIDADE: Analfabeto/Lê e escreve: (8%); Fundamental completo ou incompleto: (27%); Médio completo ou incompleto: (47%); Superior completo ou incompleto: (18%); RENDA INDIVIDUAL: Até 1 SM: (32%); De 1 a 2 SM: (35%); Acima de 2 SM (33%). Está prevista eventual ponderação para correção das variáveis, com base nos percentuais acima apresentados - Área física: Unidade Federativa de Goiás. Margem de Erro: A margem de erro máxima prevista para o total da amostra é de 1,8 pontos percentuais para mais ou para menos, considerando um nível de confiança de 95%. Fonte de Dados: TSE: Estatísticas do Eleitorado 2026 e IBGE Censo 2022.";"A coleta de dados é realizada por entrevistadores, orientados por coordenadores de campo. Todos os questionários preenchidos recebem crítica para avaliação da consistência dos dados coletados, sendo que 20% dos questionários serão submetidos à conferência através de novos contatos com os entrevistados, medida sempre adotada que visa garantir a qualidade e fidelidade dos dados coletados. Conforme §6º. do art. 2º. da Resolução-TSE nº. 23.549, o pedido de registro poderá ser complementado pela entrega destes dados ao Tribunal Eleitoral até o sétimo dia seguinte ao registro da pesquisa. Serão enviados os dados relativos aos bairros abrangidos, na ausência de delimitação dos bairros, será identificada a área em que foi realizada)";"#NULO#"
"07/08/2026";"05:47:04";2026;81;"Eleições Gerais 2026";"GO";"GO";"GOIÁS";"GO010632026";"2026-05-07 21:58:45";"S";"22345021000181";"REAL TIME MIDIA LTDA";"REAL TIME BIG DATA";"Governador, Senador";"2026-05-11 00:00:00";"2026-05-12 00:00:00";"2026-05-13 00:00:00";1600;"10839";"Isabela Zara Cremoneze";"64000,00";"Pesquisa quantitativa, que consiste na realização de entrevistas pessoais, com a aplicação de questionário estruturado junto a uma amostra representativa do eleitorado em estudo. Pesquisa realizada no Estado de Goiás (GO).";"Representativo do eleitorado da área em estudo, elaborada em três estágios.
No primeiro estágio, realiza-se um sorteio probabilístico dos municípios onde as entrevistas serão realizadas, pelo método PPT (Probabilidade Proporcional ao Tamanho), tomando a população eleitora de 16 anos ou mais residente nos municípios como base para essa seleção.
No segundo estágio, efetua-se um sorteio probabilístico das localidades dentro dos municípios selecionados, também pelo método PPT (Probabilidade Proporcional ao Tamanho), considerando a população eleitora de 16 anos ou mais residente nessas localidades como base para a seleção.
No terceiro e último estágio, dentro das localidades sorteadas, os respondentes são selecionados por meio de quotas amostrais proporcionais, em função de variáveis significativas, a saber:
GÊNERO:
Feminino: 52,97%;
Masculino: 47,03%.
(Fonte: TSE, Abril/2026 -- https://sig.tse.jus.br/ords/dwapr/r/seai/sig-eleitor-eleitorado-mensal/cruzamento-eleitorado-mensal?p24_metricas=E&p24_back=22&p24_cruzamento_1=ds_sexo&clear=24&session=12221024132088)
FAIXA ETÁRIA:
16 anos: 0,31%;
17 anos: 0,64%;
18 a 20 anos: 4,50%;
21 a 24 anos: 7,23%;
25 a 34 anos: 19,50%;
35 a 44 anos: 20,25%;
45 a 59 anos: 26,23%;
60 a 69 anos: 12,00%;
70 a 79 anos: 6,58%;
Superior a 79 anos: 2,75%.
(Fonte: TSE, Abril/2026 -- https://sig.tse.jus.br/ords/dwapr/r/seai/sig-eleitor-eleitorado-mensal/cruzamento-eleitorado-mensal?p24_cruzamento_1=ds_faixa_etaria&p24_metricas=E&p24_back=22&clear=24&session=12221024132088)
ESCOLARIDADE:
Analfabeto: 2,43%;
Lê e Escreve: 5,53%;
Ensino Fundamental Incompleto: 20,76%;
Ensino Fundamental Completo: 5,64%;
Ensino Médio Incompleto: 17,52%;
Ensino Médio Completo: 29,44%;
Ensino Superior Incompleto: 6,90%;
Ensino Superior Completo: 11,78%.
(Fonte: TSE, Abril/2026 -- https://sig.tse.jus.br/ords/dwapr/r/seai/sig-eleitor-eleitorado-mensal/cruzamento-eleitorado-mensal?p24_cruzamento_1=ds_grau_instrucao&p24_metricas=E&p24_back=22&clear=24&session=12221024132088)
RENDA DOMICILIAR MENSAL:
Sem rendimento: 3,44%;
Até 1/2 Salário Mínimo: 1,54%;
Mais de 1/2 a 1 Salário Mínimo: 13,65%;
Mais de 1 a 2 Salários Mínimos: 24,43%;
Mais de 2 a 5 Salários Mínimos: 36,58%;
Mais de 5 a 10 Salários Mínimos: 13,61%;
Mais de 10 a 20 Salários Mínimos: 4,75%;
Mais de 20 Salários Mínimos: 1,99%;
(Fonte: IBGE (CENSO-2010) -- https://cidades.ibge.gov.br/brasil/go/pesquisa/23/26504?detalhes=true
Observação: De acordo com informações do Instituto Brasileiro de Geografia e Estatística (IBGE), não há previsão de data para a divulgação do perfil econômico da população brasileira do CENSO 2022. Portanto, os dados sobre o nível econômico obtidos no Censo 2022 não podem ser utilizados, pois ainda não foram publicados.
Está prevista eventual ponderação para correção das variáveis sexo e idade, com base nos percentuais anteriormente mencionados, caso ocorram diferenças superiores a 3 pontos percentuais entre o previsto na amostra e a coleta de dados realizada. Para as variáveis de grau de instrução e nível econômico do entrevistado, o fator previsto para ponderação é 1 (resultados obtidos em campo). O nível de confiança estimado é de 95% e a margem de erro máxima estimada considerando um modelo de amostragem aleatório simples, é de aproximadamente 2 (dois) pontos percentuais para mais ou para menos sobre os resultados encontrados no total da amostra.

";"O trabalho de coleta de dados é acompanhado presencialmente por supervisores. São selecionados aleatoriamente 15% (quinze por cento) dos questionários para uma verificação posterior com ligações telefônicas para os números indicados nos formulários, em caso de dúvida, o formulário é descartado e o entrevistador chamado para esclarecimentos.";"O anexo do arquivo com os bairros será realizado até o dia seguinte da divulgação conforme indicado no §7º. do art. 2º. da Resolução-TSE nº. 23.600/2019."
"07/08/2026";"05:47:04";2026;81;"Eleições Gerais 2026";"GO";"GO";"GOIÁS";"GO030622026";"2026-07-27 19:35:48";"N";"44826961000125";"SMS - DIRECT PESQUISAS E MARKETING LTDA";"DIRECT PESQUISAS";"Governador, Senador, Deputado Federal, Deputado Estadual";"2026-07-28 00:00:00";"2026-07-31 00:00:00";"2026-08-02 00:00:00";2000;"10526";"Jose Dos Reis Cunha Filho";"20000,00";"Pesquisa quantitativa com abordagem porta a porta, com eleitores que votam e/ou residem no estado de Goiás, consistindo na realização de entrevistas pessoais e individuais, com a aplicação de questionário estruturado junto a uma amostra representativa do eleitorado em estudo. Devido a ordem probabilística da amostra, nesta pesquisa será considerada apenas os eleitores residentes dentro do município ou que no dia da entrevista estejam nele. Todas as entrevistas são espontâneas e os dados são sigilosos, guardados no banco de dados do instituto para tabulação e apresentação gráfica e analítica.";"Trata-se de uma amostra probabilística estratificada, com abordagem aleatória simples através de cotas de sexo, idade e escolaridade, ponderadas de acordo com a estatística do Eleitorado do TSE, 2026 (https://sig.tse.jus.br) e renda ponderada de acordo com registro do último senso estratificado do IBGE (https://cidades.ibge.gov.br) e em conformidade com a Resolução do TSE 23.600/2019, complementada pela Resolução 23.676/2021, com entrevistas domiciliares aos eleitores de 16 anos ou mais que exerça seu voto no estado de Goiás. Totalizando uma população eleitoral de 5.081.043 e amostra de 2.000, a um nível de confiança = 95%; Nível de significância = 5%; Margem de erro = 2,19%, com P = 0,5.
SEXO: Masculino (47,02%), Feminino (52,98%); FAIXA ETÁRIA: até 24 anos (12,92%), de 25 a 34 anos (19,41%), de 35 a 44 anos (20,12%), de 45 a 59 anos (26,20%), 60 anos ou mais (21,35%); ESCOLARIDADE: Analfabeto (2,41%), Lê e escreve (5,48%), 1º Grau inc/comp (26,26%), 2º Grau inc/comp (47,23%), 3º Grau inc/comp (18,62%); RENDA: Até 1 salário (15,67%), entre 1 e 2 salários (21,92%), entre 2 e 5 salários (38,15%), entre 5 e 10 salários (15,58%), Mais de 10 salários (8,68%).
";"Os questionários são aplicados com uso de equipamentos eletrônicos, supervisão in loco e via GPS, passarão por conferência através de novo contato até 20% dos entrevistados, todas as regiões pesquisadas foram selecionadas proporcionalmente.";"Os municípios serão anexados de acordo com a resolução."
"07/08/2026";"05:47:04";2026;81;"Eleições Gerais 2026";"GO";"GO";"GOIÁS";"GO029012026";"2026-02-24 22:26:10";"N";"44826961000125";"SMS - DIRECT PESQUISAS E MARKETING LTDA";"DIRECT PESQUISAS";"Governador, Senador, Deputado Federal, Deputado Estadual";"2026-02-25 00:00:00";"2026-02-26 00:00:00";"2026-03-02 00:00:00";400;"10526";"José Dos Reis Cunha Filho";"3500,00";"Pesquisa quantitativa com abordagem porta a porta, com eleitores que votam e/ou residem no município de Mineiros no estado de Goiás, consistindo na realização de entrevistas pessoais e individuais, com a aplicação de questionário estruturado junto a uma amostra representativa do eleitorado em estudo. Devido a ordem probabilística da amostra, nesta pesquisa será considerada apenas os eleitores residentes dentro do município ou que no dia da entrevista estejam nele. Todas as entrevistas são espontâneas e os dados são sigilosos, guardados no banco de dados do instituto para tabulação e apresentação gráfica e analítica.";"Trata-se de uma amostra probabilística estratificada, com abordagem aleatória simples através de cotas de sexo, idade e escolaridade, ponderadas de acordo com a estatística do Eleitorado do TSE, 2026 (https://sig.tse.jus.br) e renda ponderada de acordo com registro do último senso estratificado do IBGE (https://cidades.ibge.gov.br) e em conformidade com a Resolução do TSE 23.600/2019, complementada pela Resolução 23.676/2021, com entrevistas domiciliares aos eleitores de 16 anos ou mais que exerça seu voto no município de Mineiros. Totalizando uma população eleitoral de 50.531 e amostra de 400, a um nível de confiança = 95%; Nível de significância = 5%; Margem de erro = 4,88%, com P = 0,5.
SEXO: Masculino (47,49%), Feminino (52,51%); FAIXA ETÁRIA: até 24 anos (13,40%), de 25 a 34 anos (21,27%), de 35 a 44 anos (22,31%), de 45 a 59 anos (23,66%), 60 anos ou mais (19,35%); ESCOLARIDADE: Analfabeto (3,41%), Lê e escreve (4,19%), 1º Grau inc/comp (30,51%), 2º Grau inc/comp (40,69%), 3º Grau inc/comp (21,20%); RENDA: Até 1 salário (13,15%), entre 1 e 2 salários (18,91%), entre 2 e 5 salários (39,99%), entre 5 e 10 salários (19,01%), Mais de 10 salários (8,94%).
";"Os questionários são aplicados com uso de equipamentos eletrônicos, supervisão in loco e via GPS, passarão por conferência através de novo contato até 20% dos entrevistados, todas as regiões pesquisadas foram selecionadas proporcionalmente.";"Os bairros serão anexados de acordo com a resolução."
"07/08/2026";"05:47:04";2026;81;"Eleições Gerais 2026";"GO";"GO";"GOIÁS";"GO025072026";"2026-07-11 19:25:53";"S";"00654576000172";"INSTITUTO VERITA LTDA";"VERITA";"Governador, Senador";"2026-07-12 00:00:00";"2026-07-16 00:00:00";"2026-07-17 00:00:00";1525;"10699";"Guilherme Alvarenga Laia";"117425,00";"Pesquisa quantitativa, que consiste na realização de entrevistas, com a aplicação de questionário estruturado junto a uma amostra representativa do eleitorado desta Unidade da Federação.";"ESTUDO REPRESENTATIVO DO ELEITORADO DO ESTADO DE GOIÁS - MÉTODO PPT (Probabilidade Proporcional ao Tamanho) - PLANO AMOSTRAL E PONDERAÇÃO QUANTO A SEXO, IDADE, GRAU DE INSTRUÇÃO E NÍVEL ECONÔMICO DO ENTREVISTADO; INTERVALO DE CONFIANÇA E MARGEM DE ERRO: Representativo do eleitorado da área em estudo, elaborada, em vários estágios, da seguinte forma: - 1. Divisão da UF em estratos proporcionais de municípios. 2. Ordenação dos municípios de cada estrato segundo o porte. 3. Sorteio dos municípios de cada estrato. 4. Os respondentes são selecionados através de quotas amostrais proporcionais em função de variáveis significativas, a saber: GÊNERO / FAIXA ETÁRIA - FEMININO E MASCULINO 16 A 34 ANOS 17% E 15,5%, 35 A 54 ANOS 20,4% E 18,2%, 55 ANOS OU MAIS 15,6% E 13,4%. GRAU DE INSTRUÇÃO ¿ FEMININO E MASCULINO Sem instrução até Ensino Médio completo 60,8%, Ensino superior incompleto e completo 39,2% NÍVEL ECONÔMICO - FEMININO população não economicamente ativa 46,5% população economicamente ativa 53,5% MASCULINO população não economicamente ativa 27,2% população economicamente ativa 72,8%. RENDA FAMILIAR DO DOMICÍLIO renda familiar de até 2 salários-mínimos 30,7%; de 2 a 5 salários-mínimos 44,2%, acima de 5 salários-mínimos 25,1%. Está prevista eventual ponderação para correção das variáveis, com base nos percentuais anteriormente mencionados, caso ocorram diferenças superiores a margem de erro da pesquisa previsto entre a amostra e a coleta de dados realizada. O fator previsto para ponderação é 1 (resultados obtidos na coleta de dados). O intervalo de confiança estimado é de 95% e a margem de erro máxima estimada considerando um modelo de amostragem aleatório simples, é de aproximadamente 2,5 pontos percentuais para mais ou para menos sobre os resultados encontrados no total da amostra. FONTE DOS DADOS: IBGE/Censo 2022 para fins de densidade demográfica, setores censitários e alocação da amostra. IBGE/PNAD/PNADC/MEC/INEP para fins de Nível Econômico e Escolaridade. TSE JUNHO/2026 para fins de Sexo, Faixa Etária e eleitorado por município ou regiões previamente definidas (importante ressaltar para o público leigo que os dados do TSE são os únicos corretos para gênero, idade dos eleitores e quantitativo de eleitores por municípios já que a base de dados se atualiza automaticamente, PORÉM, dados de escolaridade e nível econômico NÃO são corretos e confiáveis devido a desatualização que ocorre naturalmente com o passar dos anos). Definição de margem de erro e intervalo de confiança: Margem de erro e intervalo de confiança não são grandezas diretamente proporcionais. A SOMA NÃO TEM QUE RESULTAR 100%. ";"Após os trabalhos de coleta de dados, os questionários são submetidos a uma fiscalização, conferência e checagem de cerca de 20% (vinte por cento) dos questionários aplicados.";"A relação dos municípios sorteados ou selecionados para esta pesquisa será apresentada em arquivo anexo até 1 (um) dia após a divulgação desta pesquisa conforme §7º. do art. 2º. da Resolução-TSE nº. 23.600/2019. A área de abrangência desta pesquisa é o Estado DE GOIÁS."
"07/08/2026";"05:47:04";2026;81;"Eleições Gerais 2026";"GO";"GO";"GOIÁS";"GO069672026";"2026-01-21 09:36:53";"N";"01403730000104";"E P P EMPRESA DE PESQUISA E CONSULTORIA LTDA - ME";"E P P";"Governador, Senador, Deputado Federal, Deputado Estadual";"2026-01-12 00:00:00";"2026-01-14 00:00:00";"2026-01-27 00:00:00";593;"8745";"Cleudimar Nobre Dantas";"15000,00";"Pesquisa quantitativa, do tipo survey, com realização de entrevistas diretas, por meio da aplicação de questionário estruturado, em uma amostra significativa da população em estudo, composta pelo eleitorado do município de Município de Porangatu/GO com total de 30.370 eleitores em dezembro de 2025. A pesquisa foi realizada nos dias 12 a 14 de janeiro de 2026.";"O universo pesquisado (ou população de estudo) é o eleitorado do município de Município de Porangatu/GO com total de 30.370 eleitores em dezembro de 2025, com 16 anos ou mais, que esteja apto a votar. O tamanho da amostra prevista é de 593 entrevistas, com uma margem de erro de 4% e confiabilidade de 95%. A amostra foi calculada pelo método de amostragem aleatória simples, essa amostra é estratificada, urbana, com as cotas de ponderação segundo as variáveis sexo, idade, grau de instrução e nível econômico do eleitorado. O tamanho dos estratos será proporcional a esses segmentos, de acordo com as informações de estatística do eleitorado fornecidas pelo Tribunal Superior Eleitoral ¿ TSE (dados do eleitorado de dezembro/2025) e, para as classes de rendimento, dados do Censo Demográfico 2010 realizado pelo Instituto Brasileiro de Geografia e Estatística - IBGE. Os tamanhos desses segmentos são:
1. Sexo (Feminino: 53% / Masculino: 47%); 2. Faixa etária (16-24 anos: 12% / 25-34 anos: 18% / 35-44 anos: 18% / 45-59 anos: 27% / 60 anos ou mais: 25%); 3. Escolaridade (Analfabeto: 4% / Lê e escreve: 5% / Ensino Fundamental (incompleto/completo): 30% / Ensino Médio (incompleto/completo): 42% / Ensino Superior (incompleto/completo): 19%; 4. Renda familiar (até 1 salário mínimo: 68% / De 1 a 2 salários mínimos: 18% / De 2 a 5 salários mínimos: 9% / De 5 a 10 salários mínimos: 4% / Acima de 10 salários mínimos: 1%). Ao final da pesquisa, será aplicado fator de ponderação de modo a corrigir as possíveis diferenças entre os valores esperados da amostra e aqueles coletados durante o trabalho de campo.";"A pesquisa foi realizada por uma equipe de 4 (quatro) entrevistadores e 1 (um) supervisor de campo da empresa EPP EMPRESA DE PESQUISA E CONSULTORIA LTDA - ME, devidamente treinados. Os questionários são submetidos a uma fiscalização de, no mínimo, 20% dos questionários aplicados por cada entrevistador. A fiscalização é realizada simultaneamente à coleta de dados em campo.";"A área de abrangência da pesquisa é o município de Município de Porangatu/GO. A relação completa dos municípios será encaminhada posteriormente, a partir do dia em que a pesquisa puder ser divulgada e até o dia seguinte, conforme Resolução 23.600/2019 do TSE."
"07/08/2026";"05:47:04";2026;81;"Eleições Gerais 2026";"GO";"GO";"GOIÁS";"GO047102026";"2026-03-11 22:06:17";"S";"44826961000125";"SMS - DIRECT PESQUISAS E MARKETING LTDA";"DIRECT PESQUISAS";"Governador, Senador, Deputado Federal, Deputado Estadual";"2026-03-14 00:00:00";"2026-03-15 00:00:00";"2026-03-17 00:00:00";350;"10526";"José Dos Reis Cunha Filho";"4000,00";"Pesquisa quantitativa com abordagem porta a porta, com eleitores que votam e/ou residem no município de Mineiros no estado de Goiás, consistindo na realização de entrevistas pessoais e individuais, com a aplicação de questionário estruturado junto a uma amostra representativa do eleitorado em estudo. Devido a ordem probabilística da amostra, nesta pesquisa será considerada apenas os eleitores residentes dentro do município ou que no dia da entrevista estejam nele. Todas as entrevistas são espontâneas e os dados são sigilosos, guardados no banco de dados do instituto para tabulação e apresentação gráfica e analítica.";"Trata-se de uma amostra probabilística estratificada, com abordagem aleatória simples através de cotas de sexo, idade e escolaridade, ponderadas de acordo com a estatística do Eleitorado do TSE, 2026 (https://sig.tse.jus.br) e renda ponderada de acordo com registro do último senso estratificado do IBGE (https://cidades.ibge.gov.br) e em conformidade com a Resolução do TSE 23.600/2019, complementada pela Resolução 23.676/2021, com entrevistas domiciliares aos eleitores de 16 anos ou mais que exerça seu voto no município de Mineiros. Totalizando uma população eleitoral de 50.728 e amostra de 350, a um nível de confiança = 95%; Nível de significância = 5%; Margem de erro = 5,22%, com P = 0,5.
SEXO: Masculino (47,51%), Feminino (52,49%); FAIXA ETÁRIA: até 24 anos (13,42%), de 25 a 34 anos (21,21%), de 35 a 44 anos (22,33%), de 45 a 59 anos (23,66%), 60 anos ou mais (19,38%); ESCOLARIDADE: Analfabeto (3,40%), Lê e escreve (4,19%), 1º Grau inc/comp (30,43%), 2º Grau inc/comp (40,80%), 3º Grau inc/comp (21,18%); RENDA: Até 1 salário (13,15%), entre 1 e 2 salários (18,91%), entre 2 e 5 salários (39,99%), entre 5 e 10 salários (19,01%), Mais de 10 salários (8,94%).
";"Os questionários são aplicados com uso de equipamentos eletrônicos, supervisão in loco e via GPS, passarão por conferência através de novo contato até 20% dos entrevistados, todas as regiões pesquisadas foram selecionadas proporcionalmente.";"Os bairros serão anexados de acordo com a resolução."
"07/08/2026";"05:47:04";2026;81;"Eleições Gerais 2026";"GO";"GO";"GOIÁS";"GO030312026";"2026-04-06 22:42:24";"N";"24091590000173";"DATA POVO INSTITUTO DE PESQUISAS MARKETING E CONSULTORIA LTDA";"DATA POVO CONSULTORIA";"Governador";"2026-04-02 00:00:00";"2026-04-04 00:00:00";"2026-04-12 00:00:00";1000;"10233";"Israel Oliveira da Costa Sousa";"72000,00";"Pesquisa quantitativa, do tipo Survey, com realização de entrevistas diretas, por meio da aplicação de questionário estruturado, em uma amostra significativa da população em estudo, composta pelo eleitorado do Brasil.";"O universo pesquisado é o eleitorado Estado de Goiás, com 16 anos ou mais, que esteja apto a votar. O tamanho da amostra prevista é de 1.000 entrevistas, com uma margem de erro de 3,10% A amostra foi calculada pelo método de amostragem aleatória simples, essa amostra é estratificada com as cotas de ponderação segundo as variáveis sexo, idade, grau de instrução e nível econômico do eleitorado. O tamanho dos estratos será proporcional a esses segmentos, de acordo com as informações de estatística do eleitorado fornecidas pelo Tribunal Superior Eleitoral - TSE (dados do eleitorado de março/2026) e para as classes de rendimento, dados do Censo Demográfico realizado pelo Instituto Brasileiro de Geografia e Estatística - IBGE. Os tamanhos desses segmentos são: SEXO: Masculino (47%) e Feminino (53%); FAIXA ETÁRIA: 16 a 24 anos (12%), 25 a 44 anos (40%), 45 a 59 anos (26%) e 60 anos acima (21%); GRAU DE INSTRUÇÃO: Sem escolaridade/Lê e escreve (8%), Ensino Fundamental Incompleto/Completo (27%), Ensino Médio Incompleto/Completo (46%) e Ensino Superior Incompleto/Completo (19%); NÍVEL ECONÔMICO: Sem rendimento (4%), Até 1 salário mínimo (11%), De 1 a 2 salários mínimos (22%), De 2 a 5 salários mínimos (38%), De 5 a 10 salários mínimos (16%) e Acima de 10 salários mínimos (9%).";"O trabalho de coleta de dados é feito por entrevistadores e acompanhado in loco por supervisores. Após os trabalhos de campo, os questionários são submetidos a uma fiscalização de cerca de 20% (vinte por cento) dos questionários aplicados pelos entrevistadores; para verificação das respostas e da adequação dos entrevistadores aos parâmetros amostrais. Codificação e crítica de 100% dos questionários antes da tabulação.";"Goiânia, Aparecida de Goiânia, Anápolis, Rio Verde, Águas Lindas de Goiás, Luziânia, Valparaíso de Goiás, Senador Canedo, Trindade, Catalão, Formosa, Itumbiara, Planaltina, Jataí, Novo Gama, Caldas Novas, Cristalina, Itaberaí, Padre Bernardo, Posse, Uruaçu, Alexânia, Abadiânia."
"07/08/2026";"05:47:04";2026;81;"Eleições Gerais 2026";"GO";"GO";"GOIÁS";"GO076832026";"2026-06-10 09:02:32";"N";"56824073000152";"EXATA.GO PESQUISA LTDA";"EXATA.GO";"Governador, Senador";"2026-06-08 00:00:00";"2026-06-13 00:00:00";"2026-06-16 00:00:00";3600;"7655";"AUGUSTO DA SILVA ROCHA";"20000,00";"A pesquisa será do tipo quantitativo, por amostragem aleatória, com aplicação de questionário estruturado e abordagem de moradores eleitores nos municípios do estado de Goias, divididos nas regiões dentro do estado, em pontos estratégicos de fluxo de pessoal dos municípios e por visitas às residências dos municípios. O conjunto da população do Estado de Goias com 16 anos ou mais e que são votantes no referido estado foi tomado como universo da pesquisa.";"A amostra será representativa do eleitorado da área pesquisada e será selecionada em três etapas. Na primeira etapa realiza-se um sorteio probabilístico dos municípios onde as entrevistas serão realizadas através do método PPT (Probabilidade Proporcional ao Tamanho), considerando a população eleitora com 16 anos ou mais residente nos municípios como base para essa seleção. Na segunda etapa, faz-se um sorteio probabilístico das localidades, onde as entrevistas serão realizadas, através do método PPT (Probabilidade Proporcional ao Tamanho), tomando a população eleitora de 16 anos ou mais residente nas localidades como base para essa seleção. Na terceira etapa, a seleção do entrevistado dentro da localidade, será feita utilizando-se quotas amostrais proporcionais, em função das variáveis sexo, faixa etária, grau de instrução e Nível socioeconômico (renda mensal familiar). Por fim, os entrevistados são selecionados aleatoriamente para responder ao questionário, de acordo com cotas: 

SEXO: FEMININO  	52,97%	;
MASCULINO  	47,03%	;

Faixa Etária: 16 a 24 anos	13,12%	;
25 a 34 anos	19,40%	;
35 a 44 anos	20,12%	;
45 a 59 anos	26,12%	;
60 anos ou mais	21,24%	;

Grau de instrução: ANALFABETO	2,43%	;
LÊ E ESCREVE	5,53%	;
ENSINO FUNDAMENTAL COMPLETO	5,64%	;
ENSINO FUNDAMENTAL INCOMPLETO	20,76%	;
ENSINO MÉDIO COMPLETO	29,44%	;
ENSINO MÉDIO INCOMPLETO	17,52%	;
SUPERIOR COMPLETO	11,78%	;
SUPERIOR INCOMPLETO	6,90%	;



Nível econômico (renda mensal familiar): Até 1/2 salário mínimo 1,5% ; Mais de 1/2 a 1 salário mínimo 13,6% ; Mais de 1 a 2 salários mínimos 24,4% ; Mais de 2 a 5 salários mínimos 36,6% ; Mais de 5 a 10 salários mínimos 13,6% ; Mais de 10 a 20 salários mínimos 4,8% ; Mais de 20 salários mínimos 2,0% ; Sem rendimento 3,5% ; Fonte pública dos dados IBGE IBGE | Cidades@ | Goiás | Pesquisa | Censo 2010 | Universo - Características da população e dos domicílios; https://cidades.ibge.gov.br/brasil/go/pesquisa/23/24304?detalhes=true; 
(TSE/MAIO2026): https://sig.tse.jus.br/ords/dwapr/r/seai/sig-eleitor-eleitorado-mensal/cruzamento-eleitorado-mensal?p24_metricas=E&p24_back=22&p24_cruzamento_1=ds_sexo&clear=24&session=314327461887677 Ano=2026; Mês = MAIO; UF= GO; 
Observação: Conforme informações disponibilizadas pelo Instituto Brasileiro de Geografia e Estatística (IBGE), não houve nem há previsão de divulgação do perfil econômico (nível econômico) da população brasileira no âmbito do Censo Demográfico de 2022 (https://censo2022.ibge.gov.br/panorama/), para essa variável será adotado o fator de ponderação igual a 1, correspondente aos resultados obtidos em campo, caso seja verificada diferença superior à margem de erro prevista no estudo entre a projeção da amostra baseada nos dados do IBGE 2010 e os dados efetivamente coletados. Para as variáveis de sexo, idade e grau de instrução, está previsto uma eventual ponderação, nos limites da margem de erro, para correção nos tamanhos das variáveis, caso ocorra uma diferença entre a previsão da amostra e a coleta dos dados realizados sobre a faixa de eleitores acima de 16 anos. Margem de Erro: A margem de erro máxima prevista é de 1,63 pontos percentuais para mais ou para menos, considerando um nível de confiança de 95%.";"Os entrevistadores envolvidos na realização desta pesquisa são treinados pelo Instituto e recebem instruções específicas para cada projeto realizado. A coleta será feita com a utilização de questionário impresso, que serão computados posteriormente à pesquisa de campo. Os pesquisadores são supervisionados por um coordenador que estará em campo juntamente com a equipe garantindo a lisura da pesquisa. Internamente, todo o material é verificado e codificado. Antes do processamento final e emissão dos resultados, realiza-se processo de consistência dos dados. Os dados coletados e tratados nesta pesquisa atendem às exigências da LGPD, Lei Geral de Proteção de Dados, garantindo ao respondente o sigilo de sua identidade e o correto tratamento de suas respostas.";"#NULO#"
"07/08/2026";"05:47:04";2026;81;"Eleições Gerais 2026";"GO";"GO";"GOIÁS";"GO055532026";"2026-04-06 21:21:02";"N";"44826961000125";"SMS - DIRECT PESQUISAS E MARKETING LTDA";"DIRECT PESQUISAS";"Governador, Senador, Deputado Federal, Deputado Estadual";"2026-04-07 00:00:00";"2026-04-10 00:00:00";"2026-04-12 00:00:00";1000;"10526";"José Dos Reis Cunha Filho";"10000,00";"Pesquisa quantitativa com abordagem porta a porta, com eleitores que votam e/ou residem no município de Goiânia no estado de Goiás, consistindo na realização de entrevistas pessoais e individuais, com a aplicação de questionário estruturado junto a uma amostra representativa do eleitorado em estudo. Devido a ordem probabilística da amostra, nesta pesquisa será considerada apenas os eleitores residentes dentro do município ou que no dia da entrevista estejam nele. Todas as entrevistas são espontâneas e os dados são sigilosos, guardados no banco de dados do instituto para tabulação e apresentação gráfica e analítica.";"Trata-se de uma amostra probabilística estratificada, com abordagem aleatória simples através de cotas de sexo, idade e escolaridade, ponderadas de acordo com a estatística do Eleitorado do TSE, 2026 (https://sig.tse.jus.br) e renda ponderada de acordo com registro do último senso estratificado do IBGE (https://cidades.ibge.gov.br) de acordo com a Resolução do TSE 23.600/2019, complementada pela Resolução 23.676/2021, com entrevistas domiciliares aos eleitores de 16 anos ou mais que exerça seu voto no município de Goiânia. Totalizando uma população eleitoral de 1.001.969 e amostra de 1.000, a um nível de confiança = 95%; Nível de significância = 5%; Margem de erro = 3,10%, com P = 0,5.
SEXO: Masculino (44,93%), Feminino (55,07%); FAIXA ETÁRIA: até 24 anos (10,61%), de 25 a 34 anos (19,01%), de 35 a 44 anos (20,96%), de 45 a 59 anos (26,52%), 60 anos ou mais (22,89%); ESCOLARIDADE: Analfabeto (0,68%), Lê e escreve (2,40%), 1º Grau inc/comp (18,46%), 2º Grau inc/comp (48,37%), 3º Grau inc/comp (30,09%); RENDA: Até 1 salário (10,10%), entre 1 e 2 salários (14,30%), entre 2 e 5 salários (35,45%), entre 5 e 10 salários (21,87%), Mais de 10 salários (18,28%).
";"Os questionários são aplicados com uso de equipamentos eletrônicos, supervisão in loco e via GPS, passarão por conferência através de novo contato até 20% dos entrevistados, todas as regiões pesquisadas foram selecionadas proporcionalmente.";"Os bairros serão anexados de acordo com a resolução."
"07/08/2026";"05:47:04";2026;81;"Eleições Gerais 2026";"GO";"GO";"GOIÁS";"GO088332026";"2026-07-18 11:24:28";"N";"44826961000125";"SMS - DIRECT PESQUISAS E MARKETING LTDA";"DIRECT PESQUISAS";"Governador, Senador, Deputado Federal, Deputado Estadual";"2026-07-17 00:00:00";"2026-07-21 00:00:00";"2026-07-24 00:00:00";1500;"10526";"Jose Dos Reis Cunha Filho";"12000,00";"Pesquisa quantitativa com abordagem porta a porta, com eleitores que votam e/ou residem nos municípios selecionados na região nordeste do estado de Goiás, totalizando 08 cidades, consistindo na realização de entrevistas pessoais e individuais, com a aplicação de questionário estruturado junto a uma amostra representativa do eleitorado em estudo. Devido a ordem probabilística da amostra, nesta pesquisa será considerada apenas os eleitores residentes dentro do município ou que no dia da entrevista estejam nele. Todas as entrevistas são espontâneas e os dados são sigilosos, guardados no banco de dados do instituto para tabulação e apresentação gráfica e analítica.";"Trata-se de uma amostra probabilística estratificada, com abordagem aleatória simples através de cotas de sexo, idade e escolaridade, ponderadas de acordo com a estatística do Eleitorado do TSE, 2026 (https://sig.tse.jus.br) e renda ponderada de acordo com registro do último senso estratificado do IBGE (https://cidades.ibge.gov.br) e em conformidade com a Resolução do TSE 23.600/2019, complementada pela Resolução 23.676/2021, com entrevistas domiciliares aos eleitores de 16 anos ou mais que exerça seu voto nos municípios de Campos Belos, Cavalcante, São João da Aliança, Alto Paraiso, São Domingos, Monte Alegre, Agua Fria de Goiás, Divinopolis de Goiás e Teresina de Goiás. Totalizando uma população eleitoral de 64.945 e amostra de 1.500, a um nível de confiança = 95%; Nível de significância = 5%; Margem de erro = 2,501%, com P = 0,5.
SEXO: Masculino (49,54%), Feminino (50,46%); FAIXA ETÁRIA: até 24 anos (14,74%), de 25 a 34 anos (19,22%), de 35 a 44 anos (20,76%), de 45 a 59 anos (24,61%), 60 anos ou mais (20,67%); ESCOLARIDADE: Analfabeto (6,22%), Lê e escreve (10,68%), 1º Grau inc/comp (24,87%), 2º Grau inc/comp (44,10%), 3º Grau inc/comp (14,13%); RENDA: Até 1 salário (34,29%), entre 1 e 2 salários (27,33%), entre 2 e 5 salários (27,23%), entre 5 e 10 salários (7,50%), Mais de 10 salários (3,65%).
";"Os questionários são aplicados com uso de equipamentos eletrônicos, supervisão in loco e via GPS, passarão por conferência através de novo contato até 20% dos entrevistados, todas as regiões pesquisadas foram selecionadas proporcionalmente.";"Os municípios serão anexados de acordo com a resolução."
"07/08/2026";"05:47:04";2026;81;"Eleições Gerais 2026";"GO";"GO";"GOIÁS";"GO050012026";"2026-02-04 13:59:24";"N";"04851508000154";"INSTITUTO GAZETA LTDA";"IGAPE- INSTITUTO GAZETA DE PEQUISAS";"Governador, Senador, Deputado Federal, Deputado Estadual";"2026-02-02 00:00:00";"2026-02-03 00:00:00";"2026-02-10 00:00:00";500;"10394";"FILIPE MOREIRA  MARTINE";"3000,00";"A metodologia utilizada é Survey quantitativo, com realização das entrevistas de maneira pessoal em domicílio, com aplicação de questionário estruturado e padronizado em plataforma digital (tablet ou computador) junto a uma amostra representativa dos eleitores de Senador Canedo.";"O universo da pesquisa é composto por eleitores de Senador Canedo, com idade a partir de 16 anos. A amostra prevista será de 500 entrevistas. A Seleção da amostra será realizada utilizando-se quotas amostrais proporcionais, em função das seguintes variáveis. SEXO: Masculino: (46%); Feminino: (54%) - IDADE: 16 a 29 anos (26%); 30 a 44 anos: (35%); 45 a 59 anos: (25%); 60 anos ou mais: (14%) - ESCOLARIDADE: Analfabeto/Lê e escreve: (5%); Fundamental completo ou incompleto: (28%); Médio completo ou incompleto: (55%); Superior completo ou incompleto: (12%); RENDA INDIVIDUAL: Até 1 SM: (31%); De 1 a 2 SM: (42%); Acima de 2 SM (27%). Está prevista eventual ponderação para correção das variáveis, com base nos percentuais acima apresentados - Área física: Município de Senador Canedo - GO. Margem de Erro: A margem de erro máxima prevista para o total da amostra é de 4,3 pontos percentuais para mais ou para menos, considerando um nível de confiança de 95%. Fonte de Dados: TSE: Estatísticas do Eleitorado 2026 e IBGE Censo 2022.";"A coleta de dados é realizada por entrevistadores, orientados por coordenadores de campo. Todos os questionários preenchidos recebem crítica para avaliação da consistência dos dados coletados, sendo que 20% dos questionários serão submetidos à conferência através de novos contatos com os entrevistados, medida sempre adotada que visa garantir a qualidade e fidelidade dos dados coletados. Conforme §6º. do art. 2º. da Resolução-TSE nº. 23.549, o pedido de registro poderá ser complementado pela entrega destes dados ao Tribunal Eleitoral até o sétimo dia seguinte ao registro da pesquisa. Serão enviados os dados relativos aos bairros abrangidos, na ausência de delimitação dos bairros, será identificada a área em que foi realizada)";"Os bairros serão anexados de acordo com a resolução."
"07/08/2026";"05:47:04";2026;81;"Eleições Gerais 2026";"GO";"GO";"GOIÁS";"GO043682026";"2026-02-02 23:08:17";"S";"44826961000125";"SMS - DIRECT PESQUISAS E MARKETING LTDA";"DIRECT PESQUISAS";"Governador, Senador, Deputado Federal, Deputado Estadual";"2026-02-04 00:00:00";"2026-02-05 00:00:00";"2026-02-08 00:00:00";400;"10526";"José Dos Reis Cunha Filho";"4000,00";"Pesquisa quantitativa com abordagem porta a porta, com eleitores que votam e/ou residem no município de Pontalina no estado de Goiás, consistindo na realização de entrevistas pessoais e individuais, com a aplicação de questionário estruturado junto a uma amostra representativa do eleitorado em estudo. Devido a ordem probabilística da amostra, nesta pesquisa será considerada apenas os eleitores residentes dentro do município ou que no dia da entrevista estejam nele. Todas as entrevistas são espontâneas e os dados são sigilosos, guardados no banco de dados do instituto para tabulação e apresentação gráfica e analítica.";"Trata-se de uma amostra probabilística estratificada, com abordagem aleatória simples através de cotas de sexo, idade e escolaridade, ponderadas de acordo com a estatística do Eleitorado do TSE, 2026 (https://sig.tse.jus.br) e renda ponderada de acordo com registro do último senso estratificado do IBGE (https://cidades.ibge.gov.br) de acordo com a Resolução do TSE 23.600/2019, complementada pela Resolução 23.676/2021, com entrevistas domiciliares aos eleitores de 16 anos ou mais que exerça seu voto no município de Pontalina. Totalizando uma população eleitoral de 14.030 e amostra de 400, a um nível de confiança = 95%; Nível de significância = 5%; Margem de erro = 4,83%, com P = 0,5.
SEXO: Masculino (47,35%), Feminino (52,65%); FAIXA ETÁRIA: até 24 anos (9,89%), de 25 a 34 anos (17,17%), de 35 a 44 anos (17,73%), de 45 a 59 anos (27,87%), 60 anos ou mais (27,35%); ESCOLARIDADE: Analfabeto (2,86%), Lê e escreve (6,00%), 1º Grau inc/comp (35,75%), 2º Grau inc/comp (40,80%), 3º Grau inc/comp (14,59%); RENDA: Até 1 salário (25,91%), entre 1 e 2 salários (24,41%), entre 2 e 5 salários (36,25%), entre 5 e 10 salários (9,10%), Mais de 10 salários (4,32%).
";"Os questionários são aplicados com uso de equipamentos eletrônicos, supervisão in loco e via GPS, passarão por conferência através de novo contato até 20% dos entrevistados, todas as regiões pesquisadas foram selecionadas proporcionalmente.";"Os bairros serão anexados de acordo com a resolução."
"07/08/2026";"05:47:04";2026;81;"Eleições Gerais 2026";"GO";"GO";"GOIÁS";"GO040102026";"2026-01-29 21:44:39";"N";"44826961000125";"SMS - DIRECT PESQUISAS E MARKETING LTDA";"DIRECT PESQUISAS";"Governador, Senador, Deputado Federal, Deputado Estadual";"2026-01-30 00:00:00";"2026-02-01 00:00:00";"2026-02-04 00:00:00";600;"10526";"José Dos Reis Cunha Filho";"6000,00";"Pesquisa quantitativa com abordagem porta a porta, com eleitores que votam e/ou residem no município de Anápolis no estado de Goiás, consistindo na realização de entrevistas pessoais e individuais, com a aplicação de questionário estruturado junto a uma amostra representativa do eleitorado em estudo. Devido a ordem probabilística da amostra, nesta pesquisa será considerada apenas os eleitores residentes dentro do município ou que no dia da entrevista estejam nele. Todas as entrevistas são espontâneas e os dados são sigilosos, guardados no banco de dados do instituto para tabulação e apresentação gráfica e analítica.";"Trata-se de uma amostra probabilística estratificada, com abordagem aleatória simples através de cotas de sexo, idade e escolaridade, ponderadas de acordo com a estatística do Eleitorado do TSE, 2025 (https://sig.tse.jus.br) e renda ponderada de acordo com registro do último senso estratificado do IBGE (https://cidades.ibge.gov.br) de acordo com a Resolução do TSE 23.600/2019, complementada pela Resolução 23.676/2021, com entrevistas domiciliares aos eleitores de 16 anos ou mais que exerça seu voto no município de Anápolis. Totalizando uma população eleitoral de 278.795 e amostra de 600, a um nível de confiança = 95%; Nível de significância = 5%; Margem de erro = 4,00%, com P = 0,5.
SEXO: Masculino (46,19%), Feminino (53,81%); FAIXA ETÁRIA: até 24 anos (11,87%), de 25 a 34 anos (20,02%), de 35 a 44 anos (20,32%), de 45 a 59 anos (26,26%), 60 anos ou mais (21,52%); ESCOLARIDADE: Analfabeto (1,30%), Lê e escreve (3,59%), 1º Grau inc/comp (25,43%), 2º Grau inc/comp (47,79%), 3º Grau inc/comp (21,90%); RENDA: Até 1 salário (13,69%), entre 1 e 2 salários (21,05%), entre 2 e 5 salários (39,67%), entre 5 e 10 salários (16,60%), Mais de 10 salários (8,99%).
";"Os questionários são aplicados com uso de equipamentos eletrônicos, supervisão in loco e via GPS, passarão por conferência através de novo contato até 20% dos entrevistados, todas as regiões pesquisadas foram selecionadas proporcionalmente.";"Os bairros serão anexados de acordo com a resolução."
"07/08/2026";"05:47:04";2026;81;"Eleições Gerais 2026";"GO";"GO";"GOIÁS";"GO008542026";"2026-02-02 22:44:14";"S";"44826961000125";"SMS - DIRECT PESQUISAS E MARKETING LTDA";"DIRECT PESQUISAS";"Governador, Senador, Deputado Federal, Deputado Estadual";"2026-02-03 00:00:00";"2026-02-06 00:00:00";"2026-02-08 00:00:00";1000;"10526";"José Dos Reis Cunha Filho";"15000,00";"Pesquisa quantitativa com abordagem porta a porta, com eleitores que votam e/ou residem no município de Goiânia no estado de Goiás, consistindo na realização de entrevistas pessoais e individuais, com a aplicação de questionário estruturado junto a uma amostra representativa do eleitorado em estudo. Devido a ordem probabilística da amostra, nesta pesquisa será considerada apenas os eleitores residentes dentro do município ou que no dia da entrevista estejam nele. Todas as entrevistas são espontâneas e os dados são sigilosos, guardados no banco de dados do instituto para tabulação e apresentação gráfica e analítica.";"Trata-se de uma amostra probabilística estratificada, com abordagem aleatória simples através de cotas de sexo, idade e escolaridade, ponderadas de acordo com a estatística do Eleitorado do TSE, 2026 (https://sig.tse.jus.br) e renda ponderada de acordo com registro do último senso estratificado do IBGE (https://cidades.ibge.gov.br) de acordo com a Resolução do TSE 23.600/2019, complementada pela Resolução 23.676/2021, com entrevistas domiciliares aos eleitores de 16 anos ou mais que exerça seu voto no município de Goiânia. Totalizando uma população eleitoral de 993.976 e amostra de 1.000, a um nível de confiança = 95%; Nível de significância = 5%; Margem de erro = 3,10%, com P = 0,5.
SEXO: Masculino (44,91%), Feminino (55,09%); FAIXA ETÁRIA: até 24 anos (10,55%), de 25 a 34 anos (19,37%), de 35 a 44 anos (21,36%), de 45 a 59 anos (26,96%), 60 anos ou mais (21,76%); ESCOLARIDADE: Analfabeto (0,69%), Lê e escreve (2,41%), 1º Grau inc/comp (18,57%), 2º Grau inc/comp (48,17%), 3º Grau inc/comp (30,16%); RENDA: Até 1 salário (10,10%), entre 1 e 2 salários (14,30%), entre 2 e 5 salários (35,45%), entre 5 e 10 salários (21,87%), Mais de 10 salários (18,28%).
";"Os questionários são aplicados com uso de equipamentos eletrônicos, supervisão in loco e via GPS, passarão por conferência através de novo contato até 20% dos entrevistados, todas as regiões pesquisadas foram selecionadas proporcionalmente.";"Os bairros serão anexados de acordo com a resolução."
"07/08/2026";"05:47:04";2026;81;"Eleições Gerais 2026";"GO";"GO";"GOIÁS";"GO097102026";"2026-01-13 18:09:01";"S";"44826961000125";"SMS - DIRECT PESQUISAS E MARKETING LTDA";"DIRECT PESQUISAS";"Governador, Senador, Deputado Federal, Deputado Estadual";"2026-01-08 00:00:00";"2026-01-12 00:00:00";"2026-01-19 00:00:00";1200;"10526";"José Dos Reis Cunha Filho";"20000,00";"Pesquisa quantitativa com abordagem porta a porta, com eleitores que votam e/ou residem no estado de Goiás, consistindo na realização de entrevistas pessoais e individuais, com a aplicação de questionário estruturado junto a uma amostra representativa do eleitorado em estudo. Devido a ordem probabilística da amostra, nesta pesquisa será considerada apenas os eleitores residentes dentro do município ou que no dia da entrevista estejam nele. Todas as entrevistas são espontâneas e os dados são sigilosos, guardados no banco de dados do instituto para tabulação e apresentação gráfica e analítica.";"Trata-se de uma amostra probabilística estratificada, com abordagem aleatória simples através de cotas de sexo, idade e escolaridade, ponderadas de acordo com a estatística do Eleitorado do TSE, 2025 (https://sig.tse.jus.br) e renda ponderada de acordo com registro do último senso do IBGE (https://cidades.ibge.gov.br) de acordo com a Resolução do TSE 23.600/2019, complementada pela Resolução 23.676/2021, com entrevistas domiciliares aos eleitores de 16 anos ou mais que exerça seu voto no estado de Goiás. Totalizando uma população eleitoral de 5.126.435 e amostra de 1.200, a um nível de confiança = 95%; Nível de significância = 5%; Margem de erro = 2,83%, com P = 0,5.
SEXO: Masculino (47,59%), Feminino (52,41%); FAIXA ETÁRIA: até 24 anos (13,27%), de 25 a 34 anos (20,54%), de 35 a 44 anos (20,91%), de 45 a 59 anos (25,77%), 60 anos ou mais (19,51%); ESCOLARIDADE: Analfabeto (2,45%), Lê e escreve (5,81%), 1º Grau inc/comp (27,49%), 2º Grau inc/comp (45,94%), 3º Grau inc/comp (18,31%); RENDA: Até 1 salário (15,67%), entre 1 e 2 salários (21,92%), entre 2 e 5 salários (38,15%), entre 5 e 10 salários (15,58%), Mais de 10 salários (8,68%).
";"Os questionários são aplicados com uso de equipamentos eletrônicos, supervisão in loco e via GPS, passarão por conferência através de novo contato até 20% dos entrevistados, todas as regiões pesquisadas foram selecionadas proporcionalmente.";"Os municípios serão anexados de acordo com a resolução."
"07/08/2026";"05:47:04";2026;81;"Eleições Gerais 2026";"GO";"GO";"GOIÁS";"GO009762026";"2026-03-14 20:56:23";"N";"04851508000154";"INSTITUTO GAZETA LTDA";"IGAPE- INSTITUTO GAZETA DE PEQUISAS";"Governador, Senador, Deputado Federal, Deputado Estadual, Deputado Distrital";"2026-03-15 00:00:00";"2026-03-18 00:00:00";"2026-03-20 00:00:00";1000;"10394";"Filipe Moreira Martine";"4000,00";"
A metodologia utilizada é Survey quantitativo, com realização das entrevistas de maneira pessoal em domicílio, com aplicação de questionário estruturado e padronizado em plataforma digital (tablet ou computador) junto a uma amostra representativa dos eleitores de Goiânia.
";"
O universo da pesquisa é composto por eleitores de Goiânia, com idade a partir de 16 anos. A amostra prevista será de 1000 entrevistas. A Seleção da amostra será realizada utilizando-se quotas amostrais proporcionais, em função das seguintes variáveis. SEXO: Masculino: (45); Feminino: (55%) - IDADE: 16 a 29 anos (21%); 30 a 44 anos: (32%); 45 a 59 anos: (27%); 60 anos ou mais: (22%) - ESCOLARIDADE: Analfabeto/Lê e escreve: (3%); Fundamental completo ou incompleto: (19%); Médio completo ou incompleto: (48%); Superior completo ou incompleto: (30%); RENDA: Até 1 SM: (38%); De 1 A 2 SM: (33%); Acima de 2 SM (29%) - Área física: Município de Goiânia. Margem de Erro: A margem de erro máxima prevista para o total da amostra é de 3,1 pontos percentuais para mais ou para menos, considerando um nível de confiança de 95%. Fonte de Dados: TSE: Estatísticas do Eleitorado 2026 e IBGE Censo 2022.
";"A coleta de dados é realizada por entrevistadores, orientados por coordenadores de campo. Todos os questionários preenchidos recebem crítica para avaliação da consistência dos dados coletados, sendo que 20% dos questionários serão submetidos à conferência através de novos contatos com os entrevistados, medida sempre adotada que visa garantir a qualidade e fidelidade dos dados coletados. Conforme §6º. do art. 2º. da Resolução-TSE nº. 23.549, o pedido de registro poderá ser complementado pela entrega destes dados ao Tribunal Eleitoral até o sétimo dia seguinte ao registro da pesquisa. Serão enviados os dados relativos aos bairros abrangidos, na ausência de delimitação dos bairros, será identificada a área em que foi realizada)";"segue em anexo conforme orientação de legislação vigente"
"07/08/2026";"05:47:04";2026;81;"Eleições Gerais 2026";"GO";"GO";"GOIÁS";"GO018952026";"2026-02-04 15:03:21";"N";"04851508000154";"INSTITUTO GAZETA LTDA";"IGAPE- INSTITUTO GAZETA DE PEQUISAS";"Governador, Senador, Deputado Federal, Deputado Estadual";"2026-02-05 00:00:00";"2026-02-07 00:00:00";"2026-02-10 00:00:00";500;"10394";"FILIPE MOREIRA MARTINE";"3000,00";"A metodologia utilizada é Survey quantitativo, com realização das entrevistas de maneira pessoal em domicílio, com aplicação de questionário estruturado e padronizado em plataforma digital (tablet ou computador) junto a uma amostra representativa dos eleitores de Trindade.";"O universo da pesquisa é composto por eleitores de Trindade, com idade a partir de 16 anos. A amostra prevista será de 500 entrevistas. A Seleção da amostra será realizada utilizando-se quotas amostrais proporcionais, em função das seguintes variáveis. SEXO: Masculino: (46%); Feminino: (54%) - IDADE: 16 a 29 anos (23%); 30 a 44 anos: (32%); 45 a 59 anos: (26%); 60 anos ou mais: (19%) - ESCOLARIDADE: Analfabeto/Lê e escreve: (8%); Fundamental completo ou incompleto: (28%); Médio completo ou incompleto: (51%); Superior completo ou incompleto: (13%); RENDA INDIVIDUAL: Até 1 SM: (39%); Acima de 1 a 2 SM: (35%); Acima de 2 SM (27%). Está prevista eventual ponderação para correção das variáveis, com base nos percentuais acima apresentados - Área física: Município de Trindade - GO. Margem de Erro: A margem de erro máxima prevista para o total da amostra é de 4,3 pontos percentuais para mais ou para menos, considerando um nível de confiança de 95%. Fonte de Dados: TSE: Estatísticas do Eleitorado 2026 e IBGE Censo 2022.";"A coleta de dados é realizada por entrevistadores, orientados por coordenadores de campo. Todos os questionários preenchidos recebem crítica para avaliação da consistência dos dados coletados, sendo que 20% dos questionários serão submetidos à conferência através de novos contatos com os entrevistados, medida sempre adotada que visa garantir a qualidade e fidelidade dos dados coletados. Conforme §6º. do art. 2º. da Resolução-TSE nº. 23.549, o pedido de registro poderá ser complementado pela entrega destes dados ao Tribunal Eleitoral até o sétimo dia seguinte ao registro da pesquisa. Serão enviados os dados relativos aos bairros abrangidos, na ausência de delimitação dos bairros, será identificada a área em que foi realizada)";"a relação está em anexo conforme legislação"
"07/08/2026";"05:47:04";2026;81;"Eleições Gerais 2026";"GO";"GO";"GOIÁS";"GO073692026";"2026-02-06 19:26:57";"N";"44826961000125";"SMS - DIRECT PESQUISAS E MARKETING LTDA";"DIRECT PESQUISAS";"Governador, Senador, Deputado Federal, Deputado Estadual";"2026-02-09 00:00:00";"2026-02-11 00:00:00";"2026-02-12 00:00:00";400;"10526";"José Dos Reis Cunha Filho";"4000,00";"Pesquisa quantitativa com abordagem porta a porta, com eleitores que votam e/ou residem no município de Porangatu no estado de Goiás, consistindo na realização de entrevistas pessoais e individuais, com a aplicação de questionário estruturado junto a uma amostra representativa do eleitorado em estudo. Devido a ordem probabilística da amostra, nesta pesquisa será considerada apenas os eleitores residentes dentro do município ou que no dia da entrevista estejam nele. Todas as entrevistas são espontâneas e os dados são sigilosos, guardados no banco de dados do instituto para tabulação e apresentação gráfica e analítica.";"Trata-se de uma amostra probabilística estratificada, com abordagem aleatória simples através de cotas de sexo, idade e escolaridade, ponderadas de acordo com a estatística do Eleitorado do TSE, 2026 (https://sig.tse.jus.br) e renda ponderada de acordo com registro do último senso estratificado do IBGE (https://cidades.ibge.gov.br) de acordo com a Resolução do TSE 23.600/2019, complementada pela Resolução 23.676/2021, com entrevistas domiciliares aos eleitores de 16 anos ou mais que exerça seu voto no município de Porangatu. Totalizando uma população eleitoral de 30.473 e amostra de 400, a um nível de confiança = 95%; Nível de significância = 5%; Margem de erro = 4,87%, com P = 0,5.
SEXO: Masculino (47,18%), Feminino (52,82%); FAIXA ETÁRIA: até 24 anos (12,46%), de 25 a 34 anos (17,88%), de 35 a 44 anos (18,27%), de 45 a 59 anos (26,79%), 60 anos ou mais (24,61%); ESCOLARIDADE: Analfabeto (3,92%), Lê e escreve (5,39%), 1º Grau inc/comp (29,50%), 2º Grau inc/comp (42,08%), 3º Grau inc/comp (19,11%); RENDA: Até 1 salário (24,07%), entre 1 e 2 salários (24,11%), entre 2 e 5 salários (35,28%), entre 5 e 10 salários (11,42%), Mais de 10 salários (5,11%).
";"Os questionários são aplicados com uso de equipamentos eletrônicos, supervisão in loco e via GPS, passarão por conferência através de novo contato até 20% dos entrevistados, todas as regiões pesquisadas foram selecionadas proporcionalmente.";"Os bairros serão anexados de acordo com a resolução."
"07/08/2026";"05:47:04";2026;81;"Eleições Gerais 2026";"GO";"GO";"GOIÁS";"GO079822026";"2026-04-02 06:32:10";"N";"04851508000154";"INSTITUTO GAZETA LTDA";"IGAPE- INSTITUTO GAZETA DE PEQUISAS";"Governador, Senador, Deputado Federal, Deputado Estadual";"2026-04-02 00:00:00";"2026-04-07 00:00:00";"2026-04-08 00:00:00";1500;"10394";"FILIPE MOREIRA MARTINE";"5000,00";"A metodologia utilizada é Survey quantitativo, com realização das entrevistas de maneira pessoal em domicílio, com aplicação de questionário estruturado e padronizado em plataforma digital (tablet ou computador) junto a uma amostra representativa dos eleitores da Região GEOGRAFICA INTERMEDIARIA DE RIO VERDE,  ( Composta por 29 municipios)";"O universo da pesquisa é composto por eleitores da Região Geográfica Intermediaria de Rio Verde, com idade a partir de 16 anos. A amostra prevista será de 1500 entrevistas. A Seleção da amostra será realizada utilizando-se quotas amostrais proporcionais, em função das seguintes variáveis. SEXO: Masculino: (48%); Feminino: (52%) - IDADE: 16 a 29 anos (22%); 30 a 44 anos: (32%); 45 a 59 anos: (26%); 60 anos ou mais: (20%) - ESCOLARIDADE: Analfabeto/Lê e escreve: (10%); Fundamental completo ou incompleto: (28%); Médio completo ou incompleto: (43%); Superior completo ou incompleto: (19%); RENDA INDIVIDUAL: Até 1 SM: (28%); Acima de 1 a 2 SM: (36%); Acima de 2 SM (36%). Está prevista eventual ponderação para correção das variáveis, com base nos percentuais acima apresentados - Área física da  Região Geográfica Intermediaria de Rio Verde. Margem de Erro: A margem de erro máxima prevista para o total da amostra é de 2,5 pontos percentuais para mais ou para menos, considerando um nível de confiança de 95%. Fonte de Dados: TSE: Estatísticas do Eleitorado 2026 e IBGE Censo 2022";"A coleta de dados é realizada por entrevistadores, orientados por coordenadores de campo. Todos os questionários preenchidos recebem crítica para avaliação da consistência dos dados coletados, sendo que 20% dos questionários serão submetidos à conferência através de novos contatos com os entrevistados, medida sempre adotada que visa garantir a qualidade e fidelidade dos dados coletados. Conforme §6º. do art. 2º. da Resolução-TSE nº. 23.549, o pedido de registro poderá ser complementado pela entrega destes dados ao Tribunal Eleitoral até o sétimo dia seguinte ao registro da pesquisa. Serão enviados os dados relativos aos bairros abrangidos, na ausência de delimitação dos bairros, será identificada a área em que foi realizada)";"REGIÃO INTERMÉDIARIA DE RIO VERDE,  (DADOS IBGE). Realizada nos Municípios:
RIO VERDE,
JATAI, 
MINEIROS, 
QUIRINOPOLIS, 
SANTA HELENA, 
CAIAPONIA,
SAO SIMÃO, 
CAÇU, 
DOVERLANDIA, 
PARANAIGUARA, 
CASTELANDIA, 
APARECIDA DO RIO DOCE, 
SERRANOPOLIS, 
APORE, 
TURVELÂNDIA, 
GOUVELANDIA,
INACIOLANDIA, 
CACHOEIRA ALTA, 
MAURILANDIA, 
ITAJA, 
MONTEVIDIU,
ITARUMÃ, 
SANTO ANTONIO DA BARRA, 
CHAPADAO DO CEU. "
"07/08/2026";"05:47:04";2026;81;"Eleições Gerais 2026";"GO";"GO";"GOIÁS";"GO062742026";"2026-01-27 23:24:36";"N";"44826961000125";"SMS - DIRECT PESQUISAS E MARKETING LTDA";"DIRECT PESQUISAS";"Governador, Senador, Deputado Federal, Deputado Estadual, Deputado Distrital";"2026-01-28 00:00:00";"2026-01-30 00:00:00";"2026-02-02 00:00:00";800;"10526";"José Dos Reis Cunha Filho";"6000,00";"Pesquisa quantitativa com abordagem porta a porta, com eleitores que votam e/ou residem no município de Aparecida de Goiânia no estado de Goiás, consistindo na realização de entrevistas pessoais e individuais, com a aplicação de questionário estruturado junto a uma amostra representativa do eleitorado em estudo. Devido a ordem probabilística da amostra, nesta pesquisa será considerada apenas os eleitores residentes dentro do município ou que no dia da entrevista estejam nele. Todas as entrevistas são espontâneas e os dados são sigilosos, guardados no banco de dados do instituto para tabulação e apresentação gráfica e analítica.";"Trata-se de uma amostra probabilística estratificada, com abordagem aleatória simples através de cotas de sexo, idade e escolaridade, ponderadas de acordo com a estatística do Eleitorado do TSE, 2025 (https://sig.tse.jus.br) e renda ponderada de acordo com registro do último senso do IBGE 2010 (https://cidades.ibge.gov.br) de acordo com a Resolução do TSE 23.600/2019, complementada pela Resolução 23.676/2021, com entrevistas domiciliares aos eleitores de 16 anos ou mais que exerça seu voto no município de Aparecida de Goiânia. Totalizando uma população eleitoral de 330.667 e amostra de 800, a um nível de confiança = 95%; Nível de significância = 5%; Margem de erro = 3,46%, com P = 0,5.
SEXO: Masculino (46,03%), Feminino (53,97%); FAIXA ETÁRIA: até 24 anos (13,20%), de 25 a 34 anos (22,16%), de 35 a 44 anos (22,37%), de 45 a 59 anos (26,19%), 60 anos ou mais (16,08%); ESCOLARIDADE: Analfabeto (1,36%), Lê e escreve (4,30%), 1º Grau inc/comp (26,58%), 2º Grau inc/comp (53,47%), 3º Grau inc/comp (14,29%); RENDA: Até 1 salário (12,60%), entre 1 e 2 salários (20,22%), entre 2 e 5 salários (43,81%), entre 5 e 10 salários (17,38%), Mais de 10 salários (5,99%).
";"Os questionários são aplicados com uso de equipamentos eletrônicos, supervisão in loco e via GPS, passarão por conferência através de novo contato até 20% dos entrevistados, todas as regiões pesquisadas foram selecionadas proporcionalmente.";"Os bairros serão anexados de acordo com a resolução."
"07/08/2026";"05:47:04";2026;81;"Eleições Gerais 2026";"GO";"GO";"GOIÁS";"GO013662026";"2026-06-30 18:59:18";"N";"81908345000140";"INSTITUTO PARANA DE PESQUISAS E ANALISE DE CONSUMIDOR LTDA";"#NULO#";"Governador, Senador";"2026-07-03 00:00:00";"2026-07-05 00:00:00";"2026-07-06 00:00:00";1300;"10245 - 4ª";"Tatiani Cristina Ara";"45000,00";"Pesquisa com metodologia quantitativa, com a realização de entrevistas pessoais, domiciliares e presenciais, utilizando questionário estruturado junto a uma amostra representativa do eleitorado do Estado de Goiás.


";"""A amostra será representativa do eleitorado da área pesquisada e será selecionada em três etapas. Na primeira etapa realiza-se um sorteio probabilístico dos municípios onde as entrevistas serão realizadas através do método PPT (Probabilidade Proporcional ao Tamanho), considerando a população eleitora com 16 anos ou mais residente nos municípios como base para essa seleção. Na segunda etapa, faz-se um sorteio probabilístico das localidades, onde as entrevistas serão realizadas, através do método PPT (Probabilidade Proporcional ao Tamanho), tomando a população eleitora de 16 anos ou mais residente nas localidades como base para essa seleção. Na terceira etapa, a seleção do entrevistado dentro da localidade, será feita utilizando-se quotas amostrais proporcionais, em função das seguintes variáveis:
GÊNERO: TSE Maio 2026 (https://sig.tse.jus.br/ords/dwapr/r/seai/sig-eleitor-eleitorado-mensal/cruzamento-eleitorado-mensal?p24_metricas=E&p24_back=22&p24_cruzamento_1=ds_sexo&clear=24&p0_uf=GO&p0_mes=5&debug=LEVEL5&session=312990078978641)
Masculino - 47%; |
Feminino - 53%; |
FAIXA ETÁRIA: TSE Maio 2026 (https://sig.tse.jus.br/ords/dwapr/r/seai/sig-eleitor-eleitorado-mensal/cruzamento-eleitorado-mensal?p24_cruzamento_1=ds_faixa_etaria&p24_metricas=E&p24_back=22&clear=24&p0_uf=GO&p0_mes=5&debug=LEVEL5&session=8904950028837)
Entre 16 e 24 anos: 13%; |
Entre 25 e 34 anos: 20%; |
Entre 35 e 44 anos: 20%; |
Entre 45 e 59 anos: 26%; |
Com 60 anos ou mais: 21%; |
ESCOLARIDADE: TSE Maio 2026 (https://sig.tse.jus.br/ords/dwapr/r/seai/sig-eleitor-eleitorado-mensal/cruzamento-eleitorado-mensal?p24_cruzamento_1=ds_grau_instrucao&p24_metricas=E&p24_back=22&clear=24&p0_uf=GO&p0_mes=5&debug=LEVEL5&session=309383598034615)
De analfabeto até ensino fundamental completo: 34%; |
Ensino médio incompleto ou completo: 47% |
Ensino superior incompleto ou completo: 19% |
RENDA DOMICILIAR MENSAL:  (https://cidades.ibge.gov.br/brasil/go/pesquisa/23/24304) IBGE - Censo 2010. Observação: Conforme informações obtidas do Instituto Brasileiro de Geografia e Estatística, o IBGE, não divulgou - e não tem previsão - de data para divulgação do perfil econômico (nível econômico) da população brasileira; portanto, os dados quanto ao nível econômico obtidos no Censo 2022, não podem ser utilizados, pois não foram publicados. (https://censo2022.ibge.gov.br/panorama/)
Sem rendimentos até 2 salários mínimos: 43% |
Mais de 2 a 5 salários mínimos: 37% |
Mais de 5 salários mínimos: 20% |
Está prevista eventual ponderação para correção das variáveis gênero e faixa etária, com base nos percentuais acima apresentados, caso ocorram diferenças superiores a 3,0 (três) pontos percentuais entre o previsto na amostra e a coleta realizada; para as variáveis escolaridade e renda domiciliar mensal, o fator de ponderação é igual a 1 (resultados obtidos no campo). O nível de confiança estimado é de 95% (noventa e cinco por cento) para uma margem de erro estimada, considerando uma técnica de amostragem aleatória simples, de aproximadamente 2,8 (dois vírgula oito) pontos percentuais para mais ou para menos sobre os resultados obtidos.""









";"""As entrevistas serão conduzidas por uma equipe de entrevistadores e supervisores devidamente qualificados pelo Instituto Paraná Pesquisas, todos com experiência e treinamento específico em pesquisas de opinião pública. 
Controle: O controle do processo será realizado por meio de um software de coleta de dados, o qual permitirá o monitoramento garantindo o cumprimento das cotas amostrais.
Conferência e Fiscalização: Durante a coleta de dados os questionários aplicados são fiscalizados e conferidos através de um supervisor.   
Adicionalmente, pelo menos 30% dos questionários passarão por uma verificação posterior, que avaliará a precisão na aplicação e a adequação dos entrevistados às variáveis das quotas amostrais. Ou seja, no mínimo 390 entrevistas desta pesquisa serão auditadas pela equipe de qualidade do Instituto Paraná Pesquisas, podendo essa auditoria ser solicitada ao Instituto a qualquer momento.
Verificação: Após a coleta, os questionários passam por uma etapa de verificação e validação dos dados, para garantir a integridade e precisão dos dados coletados.""











";" ""A pesquisa será realizada no Estado de Goiás, a relação dos dados relativos aos municípios e às localidades será apresentado até o dia seguinte à data a partir da qual a pesquisa puder ser divulgada, conforme §7º do art. 2º da Resolução-TSE nº. 23.600/2019""





"
"07/08/2026";"05:47:04";2026;81;"Eleições Gerais 2026";"GO";"GO";"GOIÁS";"GO050742026";"2026-06-23 17:40:59";"S";"38396085000141";"DANGER COMUNICACAO E MARKETING LTDA";"MEDEIROS COMUNICACAO E ASSESSORIA";"Deputado Estadual";"2026-06-13 00:00:00";"2026-06-22 00:00:00";"2026-06-29 00:00:00";2195;"00000";"LUCAS MEDEIROS DE PAIVA";"50,00";"ENQUETE EM REDES SOCIAIS. ";"CONFIANÇA 100%, SÃO PESSOAS REAIS. 

MARGEM DE ERRO 0,5 PARA MAIS OU MENOS. ";"O PRÓPRIO INSTAGRAM: https://www.instagram.com/p/DZhrYHnxay6/?igsh=MThsN3pzb2diNzJsZw== ";"SUDOESTE GOIANO "
"07/08/2026";"05:47:04";2026;81;"Eleições Gerais 2026";"GO";"GO";"GOIÁS";"GO089632026";"2026-06-23 21:58:00";"N";"26757039000141";"M.V. DE ALENCAR ISAAC INSTITUTO LUPA";"LUPA INSTITUTO DE PESQUISA";"Governador";"2026-06-24 00:00:00";"2026-06-30 00:00:00";"2026-06-29 00:00:00";1000;"8956";"Francy Anne Barbosa César";"22000,00";"Objetivos: O intuito da pesquisa é averiguar a intenção de votos dos candidatos em/no GOIÁS - BR. Utilizou-se a pesquisa quantitativa, por meio de questionários, Plano amostral e ponderação quanto a sexo, idade, grau de instrução e nível econômico do entrevistado; Nível de confiança e margem de erro.";"Calculou-se a amostra com nível de confiança de 95,00% e margem de erro de 3,1 pontos percentuais para mais ou para menos. O tamanho da população alvo (número de eleitores de(o) GOIÁS - BR) é igual a 5.080.088 eleitores, conforme o Tribunal Superior Eleitoral. Com base no tamanho populacional, nível de confiança e margem de erro chegou-se à amostra de 1000 eleitores de(o) GOIÁS - BR. O eleitor é selecionado aleatoriamente, um por domicílio. Ponderou-se a amostra conforme sexo, idade, grau de instrução, nível econômico e regiões. Os dados referentes a sexo, idade e grau de instrução foram retirados no site do TSE (Tribunal Superior Eleitoral), por meio da url- https://sig.tse.jus.br/ords/dwapr/r/seai/sig-eleitor-eleitorado-mensal/home, tendo como mês e ano de referência. A fonte dos dados relacionados ao nível econômico é do IBGE (Instituto Brasileiro de Geografia e Estatística). Acessado pelo site na data deste plano amostral por meio da url https://sidra.ibge.gov.br/Tabela/1161. Ambas as fontes foram pesquisadas em 23/06/2026. Ponderação quanto ao sexo: masculino - 47,03%; feminino - 52,97% e não informado - 0,00% Ponderação quanto à faixa etária: 16 a 24 anos - 13,05%; 25 a 34 anos - 19,42%; 35 a 44 anos - 20,13%; 45 a 59 anos - 26,14%; 60 anos ou mais - 21,25% e Inválida/Não se aplica/Não informada - 0,00% Ponderação quanto ao grau de escolaridade: Analfabeto - 2,41%; lê e escreve - 5,49%; ensino fundamental - 26,27%; ensino médio - 47,19%; ensino superior - 18,63% e não informado - 0,00%. Ponderação quanto ao nível econômico: Sem rendimento - até 1 salário mínimo - 59,43%; acima de 1 até 3 salários mínimos - 31,39%; acima de 3 até 5 salários mínimos - 4,99%; acima de 5 salários mínimos - 4,20%;";"Todos os entrevistadores são treinados para o trabalho de campo. Cada entrevistador está devidamente identificado com crachá (com foto) e colete do instituto. Os supervisores de campo acompanham in loco a coleta dos dados, garantindo a conferência de todo material coletado. O método é uma entrevista por casa. São entrevistados maiores de 16 anos que votam em GOIÁS - BR. As coletas serão realizadas de forma eletrônica, por meio de tablets, garantindo assim maior agilidade nas informações. Pelo menos 10% dos questionários aplicados pelos entrevistadores são checados pelos supervisores de campo (in loco). Todos os dados são criticados e verificados.";"A área pesquisada será anexada conforme resolução."
"07/08/2026";"05:47:04";2026;81;"Eleições Gerais 2026";"GO";"GO";"GOIÁS";"GO065422026";"2026-05-07 17:11:35";"N";"04851508000154";"INSTITUTO GAZETA LTDA";"IGAPE- INSTITUTO GAZETA DE PEQUISAS";"Governador, Senador, Deputado Federal, Deputado Estadual";"2026-05-08 00:00:00";"2026-05-11 00:00:00";"2026-05-13 00:00:00";1200;"10394";"FILIPE MOREIRA MARTINE";"7500,00";"A metodologia utilizada é Survey quantitativo, com realização das entrevistas de maneira pessoal em domicílio, com aplicação de questionário estruturado e padronizado em plataforma digital (tablet ou computador) junto a uma amostra representativa dos eleitores da Região Imediata de Itapuranga - GO";"O universo da pesquisa é composto por eleitores da Região Geográfica Imediata de Itapuranga-GO, com idade a partir de 16 anos. A amostra prevista será de 1200 entrevistas. A Seleção da amostra será realizada utilizando-se quotas amostrais proporcionais, em função das seguintes variáveis. SEXO: Masculino: (49%); Feminino: (51%) - IDADE: 16 a 29 anos (20%); 30 a 44 anos: (27%); 45 a 59 anos: (28%); 60 anos ou mais: (26%) - ESCOLARIDADE: Analfabeto/Lê e escreve: (13%); Fundamental completo ou incompleto: (33%); Médio completo ou incompleto: (39%); Superior completo ou incompleto: (15%); RENDA INDIVIDUAL: Até 1 SM: (39%); Acima de 1 a 2 SM: (35%); Acima de 2 SM (27%). Está prevista eventual ponderação para correção das variáveis, com base nos percentuais acima apresentados - Área física da Região Geográfica Imediata de Itapuranga-GO. Margem de Erro: A margem de erro máxima prevista para o total da amostra é de 3,0 pontos percentuais para mais ou para menos, considerando um nível de confiança de 95%. Fonte de Dados: TSE: Estatísticas do Eleitorado 2026 e IBGE Censo 2022";"A coleta de dados é realizada por entrevistadores, orientados por coordenadores de campo. Todos os questionários preenchidos recebem crítica para avaliação da consistência dos dados coletados, sendo que 20% dos questionários serão submetidos à conferência através de novos contatos com os entrevistados, medida sempre adotada que visa garantir a qualidade e fidelidade dos dados coletados. Conforme §6º. do art. 2º. da Resolução-TSE nº. 23.549, o pedido de registro poderá ser complementado pela entrega destes dados ao Tribunal Eleitoral até o sétimo dia seguinte ao registro da pesquisa. Serão enviados os dados relativos aos bairros abrangidos, na ausência de delimitação dos bairros, será identificada a área em que foi realizada)";"Região Imediata de Itapuranga, municipios: ( Itapuranga, Goias, Jussara, Mozarlandia, Nova Crixas, Aruanã, Araguapaz, Santa Fé de Goias, Matrichã, Itapirapuã, Britânia)"
"07/08/2026";"05:47:04";2026;81;"Eleições Gerais 2026";"GO";"GO";"GOIÁS";"GO000722026";"2026-05-18 22:38:10";"N";"04851508000154";"INSTITUTO GAZETA LTDA";"IGAPE- INSTITUTO GAZETA DE PEQUISAS";"Governador, Senador, Deputado Federal, Deputado Estadual";"2026-05-19 00:00:00";"2026-05-21 00:00:00";"2026-05-24 00:00:00";800;"10394";"FILIPE MOREIRA MARTINE";"5000,00";"A metodologia utilizada é Survey quantitativo, com realização das entrevistas de maneira pessoal em domicílio, com aplicação de questionário estruturado e padronizado em plataforma digital (tablet ou computador) junto a uma amostra representativa dos eleitores de Jataí.";"O universo da pesquisa é composto por eleitores de Jataí, com idade a partir de 16 anos. A amostra prevista será de 800 entrevistas. A Seleção da amostra será realizada utilizando-se quotas amostrais proporcionais, em função das seguintes variáveis. SEXO: Masculino: (47%); Feminino: (53%) - IDADE: 16 a 29 anos (21%); 30 a 44 anos: (30%); 45 a 59 anos: (26%); 60 anos ou mais: (23%) - ESCOLARIDADE: Analfabeto/Lê e escreve: (8%); Fundamental completo ou incompleto: (27%); Médio completo ou incompleto: (44%); Superior completo ou incompleto: (21%); RENDA INDIVIDUAL: Até 1 SM: (27%); De 1 a 2 SM: (33%); Acima de 2 SM (40%). Está prevista eventual ponderação para correção das variáveis, com base nos percentuais acima apresentados - Área física: Município de Jataí - GO. Margem de Erro: A margem de erro máxima prevista para o total da amostra é de 3,4 pontos percentuais para mais ou para menos, considerando um nível de confiança de 95%. Fonte de Dados: TSE: Estatísticas do Eleitorado 2026 e IBGE Censo 2022.";"A coleta de dados é realizada por entrevistadores, orientados por coordenadores de campo. Todos os questionários preenchidos recebem crítica para avaliação da consistência dos dados coletados, sendo que 20% dos questionários serão submetidos à conferência através de novos contatos com os entrevistados, medida sempre adotada que visa garantir a qualidade e fidelidade dos dados coletados. Conforme §6º. do art. 2º. da Resolução-TSE nº. 23.549, o pedido de registro poderá ser complementado pela entrega destes dados ao Tribunal Eleitoral até o sétimo dia seguinte ao registro da pesquisa. Serão enviados os dados relativos aos bairros abrangidos, na ausência de delimitação dos bairros, será identificada a área em que foi realizada)";"Centro;
Vila Santa Maria;
Setor Oeste;
Conjunto Rio Claro;
Divino Espírito Santo;
Setor Jacutinga;
Vila Progresso;
Vila Olavo;
Setor Epaminondas;
Vila Jardim Rio Claro;
Vila São Pedro;
Setor Estrela Dalva;
Colmeia Park;
Setor Financeiro Fabriny;
Vila Sofia;
Dom Abel;
Setor das Mansões.
"
"07/08/2026";"05:47:04";2026;81;"Eleições Gerais 2026";"GO";"GO";"GOIÁS";"GO098542026";"2026-02-06 20:03:43";"N";"44826961000125";"SMS - DIRECT PESQUISAS E MARKETING LTDA";"DIRECT PESQUISAS";"Governador, Senador, Deputado Federal, Deputado Estadual";"2026-02-09 00:00:00";"2026-02-12 00:00:00";"2026-02-12 00:00:00";350;"10526";"José Dos Reis Cunha Filho";"4000,00";"Pesquisa quantitativa com abordagem porta a porta, com eleitores que votam e/ou residem no município de Uruaçu no estado de Goiás, consistindo na realização de entrevistas pessoais e individuais, com a aplicação de questionário estruturado junto a uma amostra representativa do eleitorado em estudo. Devido a ordem probabilística da amostra, nesta pesquisa será considerada apenas os eleitores residentes dentro do município ou que no dia da entrevista estejam nele. Todas as entrevistas são espontâneas e os dados são sigilosos, guardados no banco de dados do instituto para tabulação e apresentação gráfica e analítica.";"Trata-se de uma amostra probabilística estratificada, com abordagem aleatória simples através de cotas de sexo, idade e escolaridade, ponderadas de acordo com a estatística do Eleitorado do TSE, 2026 (https://sig.tse.jus.br) e renda ponderada de acordo com registro do último senso estratificado do IBGE (https://cidades.ibge.gov.br) de acordo com a Resolução do TSE 23.600/2019, complementada pela Resolução 23.676/2021, com entrevistas domiciliares aos eleitores de 16 anos ou mais que exerça seu voto no município de Uruaçu. Totalizando uma população eleitoral de 29.742 e amostra de 350, a um nível de confiança = 95%; Nível de significância = 5%; Margem de erro = 5,21%, com P = 0,5.
SEXO: Masculino (46,52%), Feminino (53,48%); FAIXA ETÁRIA: até 24 anos (11,78%), de 25 a 34 anos (18,98%), de 35 a 44 anos (19,25%), de 45 a 59 anos (26,86%), 60 anos ou mais (23,12%); ESCOLARIDADE: Analfabeto (2,34%), Lê e escreve (8,71%), 1º Grau inc/comp (25,93%), 2º Grau inc/comp (44,66%), 3º Grau inc/comp (18,36%); RENDA: Até 1 salário (17,60%), entre 1 e 2 salários (23,95%), entre 2 e 5 salários (37,42%), entre 5 e 10 salários (14,56%), Mais de 10 salários (6,48%).
";"Os questionários são aplicados com uso de equipamentos eletrônicos, supervisão in loco e via GPS, passarão por conferência através de novo contato até 20% dos entrevistados, todas as regiões pesquisadas foram selecionadas proporcionalmente.";"Os bairros serão anexados de acordo com a resolução."
"07/08/2026";"05:47:04";2026;81;"Eleições Gerais 2026";"GO";"GO";"GOIÁS";"GO075982026";"2026-02-24 21:54:26";"N";"06288268000157";"PODIUM CONSULTORIA, MARKETING, PESQUISAS E EDITORACAO LTDA";"INSTITUTO PODIUM";"Governador";"2026-02-26 00:00:00";"2026-02-27 00:00:00";"2026-03-02 00:00:00";350;"8631";"Alexandre Vasconcelos Lima";"6000,00";"Pesquisa com metodologia quantitativa, com a realização de entrevistas pessoais, face-a-face, utilizando questionário estruturado junto a uma amostra representativa do eleitorado do município de Acreúna-GO. A pesquisa foi realizada junto as pessoas que residem no município, que possuem idade igual ou superior a 16 (dezesseis) anos e que votam no município.";"Tamanho do universo: 15584. Tamanho da amostra: 350 eleitores. Nível de confiança: 90%. Margem de Erro Amostral: Máxima de 4,3 pontos percentuais para mais ou para menos nos dados da amostra global. Nos dados das amostras parciais (estratos), essa poderá ser maior. Tipo de amostra: Amostragem por quotas proporcionais às existentes no universo de acordo com as variáveis sexo, faixa etária, nível de instrução e nível sócio-econômico. A seleção do eleitor no domicílio (um por domicílio) é acidental de acordo com as quotas de ponderação. Ponderação quanto ao sexo: 49% do sexo Masculino e 51% do sexo Feminino. Ponderação quanto à faixa etária: 13% de 16 a 24 anos, 19% de 25 a 34 anos, 19% de 35 a 44 anos, 27% de 45 a 59 anos e 22% de 60 anos ou mais. Ponderação quanto ao nível de instrução: 58% até Ensino Fundamental Completo, 32% de Ensino Médio Incompleto/Completo e 10% de Ensino Superior Incompleto / Completo. Ponderação quanto à renda: 62% até 1 salário mínimo, 34% de 1 a 5 salários mínimos e 4% acima de 5 salários mínimos. Fontes: 1) Estatística do Eleitorado/TSE, data-base de janeiro/2026; 2) Censo 2010/IBGE (para ponderação quando à renda).";"A coleta de dados foi feita por unidade automatizada de respostas com reconhecimento de voz e transcrição de áudios em textos com utilização de questionário eletrônico elaborado de acordo com os objetivos da pesquisa. Após as entrevistas, os questionários foram filtrados, ocorrendo verificação por amostragem de 20% dos mesmos. Esta verificação se deu através de ligações e/ou visitas aos entrevistados, onde se abordava a veracidade de alguns itens coletados pelos entrevistadores, bem como a aplicação do mesmo. Ressalta-se que os entrevistadores foram treinados previamente a aplicação dos questionários.";"A pesquisa é restrita ao município de Acreúna-GO. Os bairros contemplados foram os seguintes: Setor Central, 
Setor Novo Horizonte,
Setor Sol Nascente, 
Setor Nuria,
Setor Ana Carla,
Setor Sul,
Setor Canada,
Setor Nova Acreuna,
Setor Sudoeste, 
Setor Talita, além do Distrito de Arantina"
