"DT_GERACAO";"HH_GERACAO";"AA_ELEICAO";"CD_ELEICAO";"NM_ELEICAO";"SG_UF";"SG_UE";"NM_UE";"NR_PROTOCOLO_REGISTRO";"DT_REGISTRO";"ST_PESQUISA_PROPRIA";"NR_CNPJ_EMPRESA";"NM_EMPRESA";"NM_EMPRESA_FANTASIA";"DS_CARGO";"DT_INICIO_PESQUISA";"DT_FIM_PESQUISA";"DT_DIVULGACAO";"QT_ENTREVISTADO";"CD_CONRE";"NM_ESTATISTICO_RESP";"VR_PESQUISA";"DS_METODOLOGIA_PESQUISA";"DS_PLANO_AMOSTRAL";"DS_SISTEMA_CONTROLE";"DS_DADO_MUNICIPIO"
"21/07/2026";"05:46:28";2026;81;"Eleições Gerais 2026";"SE";"SE";"SERGIPE";"SE072272026";"2026-04-03 00:00:00";"S";"24899123000174";"INSTITUTO FRANCA DE PESQUISAS LTDA";"INSTITUTO FRANCA DE PESQUISA PESQUISA E ASSESSORIA";"Governador, Senador";"2026-04-06 00:00:00";"2026-04-08 00:00:00";"2026-04-08 00:00:00";1200;"10682";"Aldine Andréa Oliveira de Sousa Cabral";"15000,00";"Pesquisa com metodologia quantitativa, com a realização de entrevistas individuais de forma presencial utilizando questionário estruturado junto a uma amostra representativa do eleitorado de SERGIPE.

OBS: 

a) Pesquisa realizada por iniciativa do Instituto França, com o objetivo de divulgação do trabalho da empresa e estratégia de marketing; 
b) O valor declarado é referente à estimativa de custos operacionais para a realização da pesquisa; 
c) De acordo com a legislação vigente, não é obrigatório emitir/anexar NF; 
d) Os recursos para a realização dessa pesquisa são oriundos do próprio caixa da empresa;";"O público pesquisado é composto por eleitores de 16 anos ou mais residentes na área de abrangência da pesquisa. Para produzir uma amostra representativa desse público-alvo, utilizamos um desenho amostral por conglomerados que prevê três estágios. No primeiro estágio, é feito um sorteio probabilístico de municípios para comporem a amostra por meio do método PPT (Probabilidade Proporcional ao Tamanho) a partir de suas populações votantes acima de 16 anos. Dentro da lista de municípios sorteados, no segundo estágio, é realizado um sorteio probabilístico por meio do método PPT (Probabilidade Proporcional ao Tamanho) de localidades a serem visitadas pelos entrevistadores, sorteio que tem como base o total de habitantes residentes nos setores de acordo com dados do Censo de 2022. Finalmente, dentro da lista de setores censitários sorteados, no último estágio são selecionados domicílios e pessoas a serem entrevistadas utilizando-se cotas amostrais para as seguintes variáveis: sexo, idade, renda familiar e escolaridade. A representatividade do eleitorado foi obtida por meio de dados fornecidos pelo TSE. As categorias demográficas foram estratificadas da seguinte forma: 

Sexo (Masculino 46,76% e Feminino: 53,24%); 

Faixa Etária: 15 anos (F = 0,03% M = 0,03%) 16 anos (F = 0,18% M = 0,18%) 17 anos (F = 0,70% M = 0,75%) 18 anos (F = 1,31% M = 1,54%) 19 anos (F = 1,62% M = 1,86%), 20 anos (F = 1,75% M = 1,95%), 21 a 24 anos (F = 7,22% M = 7,89%), 25 a 29 anos (F = 10,36% M = 10,86%), 30 a 34 anos (F = 10,15% M = 10,32%), 35 a 39 anos (F = 10,24% M = 10,29%), 40 a 44 anos (F = 10,41% M = 10,48%), 45 a 49 anos (F = 9,59% M = 9,54%), 50 a 54 anos (F = 8,29% M = 8,21%), 55 a 59 anos (F = 7,54% M = 7,37%), 60 a 64 anos (F = 6,35% M = 6,11%), 65 a 69 anos (F = 4,82% M = 4,54%), 70 a 74 anos (F = 3,73% M = 3,35%), 75 a 79 anos (F = 2,69% M = 2,34%), 80 a 84 anos (F = 1,69% M = 1,38%), 85 a 89 anos (F = 0,87% M = 0,66%), 90 a 94 anos 
(F = 0,35% M = 0,25%), 95 a 99 anos (F = 0,10% M = 0,08%), 100 anos ou mais (F = 0,03% M = 0,03%);

Grau de Instrução: Analfabeto (F = 4,65% M = 5,61%), Lê E Escreve (F = 8,30% M = 9,98%), Ensino Fundamental Incompleto (F = 25,92% M = 30,48%), Ensino Fundamental Completo (F = 4,03% M = 4,33%), Ensino Médio Incompleto (F = 18,55% M = 18,72%), Ensino Médio Completo (F = 23,83% M = 20,19%); Superior Incompleto (F = 5,48% M = 5,02%), Superior Completo (F= 9,24% M = 5,67%).

Para a variável Nível Econômico: SEM RENDA ATÉ 1 SALÁRIO-MÍNIMO 31,37%, MAIS DE 1 ATÉ 2 SALÁRIOS MÍNIMOS 24,54%, MAIS DE 2 ATÉ 5 SALÁRIOS MÍNIMOS 26,13%, MAIS DE 5 ATÉ 10 SALÁRIOS MÍNIMOS 8,74%, MAIS DE 10 SALÁRIOS MÍNIMOS 6,22%.

O número de entrevistas foi estabelecido em uma amostragem aleatória simples com nível estimado de 95% de confiança o que significa, a cada 100 pesquisas realizadas utilizando a mesma metodologia, espera-se que 95% tenham resultados dentro da margem de erro; e uma margem de erro estimada de 2,8 pontos percentuais para mais ou para menos. Está prevista uma eventual ponderação para correção das variáveis apresentadas, caso aconteçam diferenças superiores a 3% entre o previsto na amostra e a coleta de dados, no que pese serem estas variáveis de seleção e abordagem dos entrevistados. A amostra de Sexo, Faixa Etária, Grau de Instrução e Nível Econômico, foram definidas nas fontes oficiais de dados pela: base de dados do Tribunal Superior Eleitoral - TSE, a base de dados do Instituto Brasileiro de Geografia e Estatística - IBGE e a base de dados do Instituto França.
";"As entrevistas serão realizadas por equipes de entrevistadores devidamente qualificadas, com experiência e treinamento em pesquisa de opinião pública. Após a realização da coleta de dados, as entrevistas junto aos respondentes são checadas por meio de procedimentos de consistência em tempo real. Adicionalmente, ao longo dos trabalhos de campo, é realizada uma fiscalização in loco para adequação dos entrevistados aos parâmetros amostrais.";"A área de abrangência da coleta é o estado de SERGIPE. 

Dados relativos aos municípios e bairros abrangidos pela pesquisa. Na ausência de delimitação do bairro, será identificada a área em que foi realizada a pesquisa(conforme §7º. do art. 2º. da Resolução-TSE nº. 23.600/2019, A partir do dia em que a pesquisa puder ser divulgada e até o dia seguinte, o registro deverá ser complementado, sob pena de ser a pesquisa considerada não registrada; na ausência de delimitação do bairro, será identificada a área em que foi realizada):

Aqui está a lista das 30 maiores cidades de Sergipe, apenas com os nomes:

Aracaju;
Nossa Senhora do Socorro;
Itabaiana;
Lagarto;
São Cristóvão;
Estância;
Tobias Barreto;
Barra dos Coqueiros;
Simão Dias;
Nossa Senhora da Glória;
Itabaianinha;
Itaporanga d'Ajuda;
Canindé de São Francisco;
Capela;
Poço Redondo;
Porto da Folha;
Propriá;
Nossa Senhora das Dores;
Boquim;
Umbaúba;
Laranjeiras;
Poço Verde;
Salgado;
Aquidabã;
Carira;
Campo do Brito;
Areia Branca;
Riachão do Dantas;
Cristinápolis;
Ribeirópolis;

"
"21/07/2026";"05:46:28";2026;81;"Eleições Gerais 2026";"SE";"SE";"SERGIPE";"SE070752026";"2026-05-09 20:19:12";"N";"60391301000115";"POSITIVA PESQUISAS LTDA";"POSITIVA PESQUISAS";"Governador, Senador";"2026-05-10 00:00:00";"2026-05-13 00:00:00";"2026-05-15 00:00:00";600;"8855";"Danilo Messias Nascimento e Santos";"6000,00";"O presente estudo utiliza uma abordagem quantitativa (Survey), operacionalizada por meio de entrevistas individuais e diretas (face a face). A coleta de dados ocorre em domicílios selecionados de forma não sequencial, seguindo um roteiro estruturado de perguntas pré-definidas. O público-alvo compreende uma amostra fidedigna do eleitorado urbano e rural do município de Porto da Folha-SE, com um total de 600 entrevistas. Ressalta-se que a coleta exclui pontos de fluxo público e feiras livres, priorizando a ambiência domiciliar para maior precisão.";"A arquitetura da amostra baseia-se no universo de eleitores aptos no município de Porto da Folha. A distribuição foi planejada de forma proporcional, cruzando variáveis de gênero, idade, escolaridade e nível econômico. O nível de confiança estimado é de 95,00% e a margem de erro máxima é de 3,95 pontos percentuais.
Perfil do Eleitorado (Cotas de Gênero e Idade)
A amostra de 600 eleitores respeita a seguinte estratificação baseada em dados brutos do TSE:
¿ Sexo Masculino (48,68%): 16-17 anos (1,45%); 18-24 anos (6,93%); 25-34 anos (11,41%); 35-44 anos (9,96%); 45-59 anos (11,54%) e 60 anos ou mais (8,39%).
¿ Sexo Feminino (51,32%): 16-17 anos (1,40%); 18-24 anos (6,86%); 25-34 anos (10,98%); 35-44 anos (10,24%); 45-59 anos (11,46%) e 60 anos ou mais (9,38%).
Escolaridade e Renda (Cotas de Controle)
As quotas de instrução e rendimento foram harmonizadas para refletir o perfil socioeconômico local:
¿ Escolaridade: Analfabeto/Lê e Escreve (26,62%); Ensino Fundamental Incompleto/Completo (35,59%); Ensino Médio Incompleto/Completo (32,39%); Superior Incompleto/Completo (5,40%).
¿ Renda Familiar Mensal: Sem rendimentos até ¼ SM (28,1%); ¼ a ½ SM (22,3%); ½ a 1 SM (29,3%); 1 a 2 SM (11,8%); 2 a 3 SM (3,9%); 3 a 5 SM (2,3%); 5 a 10 SM (1,4%); acima de 10 SM (0,9%).
Ponderação
Está prevista eventual ponderação para correção das variáveis sexo e idade, caso ocorram diferenças superiores a 3 pontos percentuais entre o previsto e o coletado. Para as variáveis de instrução e nível econômico, dado o perfil de homogeneidade do município, o fator de ponderação previsto é 1 (um).
FONTES DOS DADOS: IBGE (Censo e Projeções) e TSE (Perfil do Eleitorado 2024/2026).";"A integridade da coleta é assegurada por supervisores que realizam a conferência em tempo real, visando evitar rasuras e erros de preenchimento, além de garantir o cumprimento rigoroso das cotas. A fiscalização segue os preceitos éticos do Código Internacional ICC/ESOMAR. O processamento dos dados é efetuado via Excel, com a técnica de dupla entrada para mitigar falhas de digitação e garantir a consistência estatística.";"Em conformidade com a Resolução-TSE nº 23.600/2019, a pesquisa abrange a sede municipal e os seguintes povoados/localidades, garantindo a representatividade de todas as áreas de interesse:
¿ Sede Municipal (Setores Urbanos);
¿ Povoados e Localidades Rurais: Lagoa da Volta, Lagoa Redonda, Linda França, Lagoa do Racho, Ilha do Ouro, Ranchinho, Lagoa do Salgado, Niterói, Mucambo, Vaca Serrada, Umbuzeiro do Matuto e Ilha de São Pedro."
"21/07/2026";"05:46:28";2026;81;"Eleições Gerais 2026";"SE";"SE";"SERGIPE";"SE051982026";"2026-03-21 14:17:57";"N";"60391301000115";"POSITIVA PESQUISAS LTDA";"POSITIVA PESQUISAS";"Governador, Senador, Deputado Federal, Deputado Estadual";"2026-03-22 00:00:00";"2026-03-25 00:00:00";"2026-03-27 00:00:00";1200;"8855";"Danilo Messias Nascimento e Santos";"16000,00";"Pesquisa com metodologia quantitativa (Survey), com a realização de entrevistas individuais face a face em domicílios não sequenciais utilizando questionário pré-estabelecido estruturado junto a uma amostra representativa do eleitorado urbano e rural do Estado de Sergipe, num total de 1200 entrevistas. Não foram realizadas amostras em pontos de fluxo e feiras livres.
";"A definição da amostra foi estabelecida a partir da população de interesse correspondente ao total de eleitores do Estado de Sergipe, distribuídos proporcionalmente por regiões geográficas (Grande Aracaju, Agreste, Sertão, Centro-Sul, Sul, Leste e Baixo São Francisco), sexo, faixa etária, escolaridade e renda. A partir de dados agregados do TSE (Perfil do Eleitorado 2024/2026) e projeções populacionais do IBGE (Censo 2022 e Projeções 2026), foi possível calcular as quotas de cada estrato.

A amostra de 1.200 eleitores foi obtida considerando a técnica de amostragem por quotas proporcionais. No corte por sexo, o eleitorado masculino representa 46,53% e o feminino 53,47%, subdivididos nas seguintes faixas etárias:

¿ Masculino (46,53%): 16 a 17 anos (0,85%); 18 a 24 anos (5,76%); 25 a 34 anos (9,41%); 35 a 44 anos (9,78%); 45 a 59 anos (11,85%) e 60 anos ou mais (8,88%).
¿ Feminino (53,47%): 16 a 17 anos (0,95%); 18 a 24 anos (6,74%); 25 a 34 anos (10,79%); 35 a 44 anos (11,32%); 45 a 59 anos (14,15%) e 60 anos ou mais (9,52%).
Grau de Instrução: As quotas de escolaridade foram definidas com base no cruzamento de dados do TSE e PNAD Contínua (IBGE), apresentando a seguinte distribuição: Sem instrução / Fundamental Incompleto (39,0%); Fundamental Completo / Médio Incompleto (17,0%); Médio Completo / Superior Incompleto (34,2%) e Superior Completo (9,8%).

Nível Econômico (Renda Domiciliar Per Capita): Sem rendimento a até 1/4 de salário mínimo (30,6%); Mais de 1/4 a 1/2 salário mínimo (22,4%); Mais de 1/2 a 1 salário mínimo (26,2%); Mais de 1 a 2 salários mínimos (12,8%) e Acima de 2 salários mínimos (8,0%).

Ponderação: Está prevista eventual ponderação para correção das variáveis sexo e idade, caso ocorram diferenças superiores a 3 pontos percentuais entre o previsto na amostra e a coleta realizada. Para as variáveis de instrução e nível econômico, o fator de ponderação previsto é 1 (um), dado que a amostragem por quotas já garante a representatividade proporcional às regiões do Estado.

Intervalo de Confiança e Margem de Erro: O nível de confiança estimado é de 95% e a margem de erro máxima estimada, considerando um modelo de amostragem aleatória simples, é de 2,83 pontos percentuais para mais ou para menos sobre os resultados totais da amostra.

FONTES DOS DADOS: 1. IBGE: Projeções Populacionais 2026 e PNAD Contínua (https://cidades.ibge.gov.br/brasil/se/panorama). 2. TSE: Perfil do Eleitorado de Sergipe ¿ Janeiro/Fevereiro 2026 (https://sig.tse.jus.br/ords/dwapr/r/seai/sig-eleicao-eleitorado).
";"Sistema interno de controle e verificação, conferência e fiscalização da coleta de dados e do trabalho de campo: Os supervisores fazem a conferência durante a coleta dos questionários com o objetivo de evitar rasuras, erros em questões de resposta única e múltipla, além de conferir as cotas individuais e gerais do bairro em comparação com o plano amostral geral e individual de cada grupo. Em seguida, o supervisor verifica e fiscaliza se as entrevistas estão sendo realizadas de acordo com os preceitos éticos que regem a prática de investigação social e de mercado (Código Internacional ICC/ ESOMAR) comprovando uma conduta honesta e transparente com a utilização dos métodos de abordagem e dos cartões resposta. Os dados coletados serão tratados pelo Excel, e faremos a técnica de dupla entrada para verificação de possíveis
 ";"Dados relativos aos municípios e bairros abrangidos pela pesquisa. Na ausência de delimitação do bairro, será identificada a área em que foi realizada a pesquisa(conforme §7º. do art. 2º. da Resolução-TSE nº. 23.600/2019, A partir do dia em que a pesquisa puder ser divulgada e até o dia seguinte, o registro deverá ser complementado, sob pena de ser a pesquisa considerada não registrada; na ausência de delimitação do bairro, será identificada a área em que foi realizada): Dados relativos aos municípios e bairros abrangidos pela pesquisa. Na ausência de delimitação do bairro, será identificada a área em que foi realizada a pesquisa(conforme §7º. do art. 2º. da Resolução-TSE nº. 23.600/2019, Até o sétimo dia seguinte ao registro da pesquisa, será ele complementado com os dados relativos aos bairros abrangidos; na ausência de delimitação do bairro, será identificada a área em que foi realizada): Dados relativos aos municípios e bairros abrangidos pela pesquisa. Na ausência de delimitação do bairro, será identificada a área em que foi realizada a pesquisa(conforme §7°. do art. 2º. da Resolução-TSE n°. 23.600/2019, Até o sétimo dia seguinte ao registro da pesquisa, será ele complementado com os dados relativos aos bairros abrangidos; na ausência de delimitação do bairro e povoados, será identificada a área em que foi realizada): Sede com as seguintes localidades; SERTÃO SERGIPANO;CENTRO SUL;VALE DO COTINGUIBA ¿ LESTE SERGIPANO;REGIÃO SUL;AGRESTE SERGIPANO;GRANDE ARACAJU: DISTRITO 1:(AEROPORTO;ATALAIA;COROA DO MEIO;FAROLÂNDIA;INÁCIO BARBOSA;JABOTIANA;SÃO CONRADO;SANTA MARIA) DISTRITO 2:(AMÉRICA;CAPUCHO;LUZIA;NOVO PARAÍSO;PONTO NOVO;SIQUEIRA CAMPOS) DISTRITO 3:(CENTRO;CIRURGIA;GRAGERU;GETÚLIO VARGAS;JARDINS;PEREIRA LOBO;SALGADO FILHO;SÃO JOSÉ;13 DE JULHO;SUISSA)DISTRITO 4:(CIDADE NOVA;COQUEIRAL;JAPAOZINHO;PALESTINA;PORTO DANTAS;SANTO ANTÔNIO;18 DO FORTE;INDUSTRIAL)DISTRITO 5:(BUGIO;JARDIM CENTENÁRIO;JOSÉ CONRADO;LAMARÃO;OLARIA;SANTOS DUMONT;SOLEDADE)Z. EXPANSÃO:(ARUANA;ZONA DE EXPANSÃO;MOSQUEIRO)"
"21/07/2026";"05:46:28";2026;81;"Eleições Gerais 2026";"SE";"SE";"SERGIPE";"SE086082026";"2026-06-01 22:49:15";"S";"00654576000172";"INSTITUTO VERITA LTDA";"VERITA";"Governador, Senador";"2026-06-02 00:00:00";"2026-06-06 00:00:00";"2026-06-07 00:00:00";1220;"10699";"GUILHERME ALVARENGA LAIA";"93940,00";"Pesquisa quantitativa, que consiste na realização de entrevistas, com a aplicação de questionário estruturado junto a uma amostra representativa do eleitorado desta Unidade da Federação.";"ESTUDO REPRESENTATIVO DO ELEITORADO DO ESTADO DE SERGIPE - MÉTODO PPT (Probabilidade Proporcional ao Tamanho) - PLANO AMOSTRAL E PONDERAÇÃO QUANTO A SEXO, IDADE, GRAU DE INSTRUÇÃO E NÍVEL ECONÔMICO DO ENTREVISTADO; INTERVALO DE CONFIANÇA E MARGEM DE ERRO: Representativo do eleitorado da área em estudo, elaborada, em vários estágios, da seguinte forma: - 1. Divisão da UF em estratos proporcionais de municípios. 2. Ordenação dos municípios de cada estrato segundo o porte. 3. Sorteio dos municípios de cada estrato. 4. Os respondentes são selecionados através de quotas amostrais proporcionais em função de variáveis significativas, a saber: GÊNERO / FAIXA ETÁRIA - FEMININO E MASCULINO 16 A 34 ANOS 17,7% E 16,5%, 35 A 54 ANOS 20,6% E 18%, 55 ANOS OU MAIS 15% E 12,2%. GRAU DE INSTRUÇÃO ¿ FEMININO E MASCULINO Sem instrução até Ensino Médio completo 68,9%, Ensino superior incompleto e completo 31,1% NÍVEL ECONÔMICO - FEMININO população não economicamente ativa 46,5% população economicamente ativa 53,5% MASCULINO população não economicamente ativa 27,2% população economicamente ativa 72,8%. RENDA FAMILIAR DO DOMICÍLIO renda familiar de até 2 salários-mínimos 30,7%; de 2 a 5 salários-mínimos 44,2%, acima de 5 salários-mínimos 25,1%. Está prevista eventual ponderação para correção das variáveis, com base nos percentuais anteriormente mencionados, caso ocorram diferenças superiores a margem de erro da pesquisa previsto entre a amostra e a coleta de dados realizada. O fator previsto para ponderação é 1 (resultados obtidos na coleta de dados). O intervalo de confiança estimado é de 95% e a margem de erro máxima estimada considerando um modelo de amostragem aleatório simples, é de aproximadamente 3 pontos percentuais para mais ou para menos sobre os resultados encontrados no total da amostra. FONTE DOS DADOS: IBGE/Censo 2022 para fins de densidade demográfica, setores censitários e alocação da amostra. IBGE/PNAD/PNADC/MEC/INEP para fins de Nível Econômico e Escolaridade. TSE FEVEREIRO/2026 para fins de Sexo, Faixa Etária e eleitorado por município ou regiões previamente definidas (importante ressaltar para o público leigo que os dados do TSE são os únicos corretos para gênero, idade dos eleitores e quantitativo de eleitores por municípios já que a base de dados se atualiza automaticamente, PORÉM, dados de escolaridade e nível econômico NÃO são corretos e confiáveis devido a desatualização que ocorre naturalmente com o passar dos anos). Definição de margem de erro e intervalo de confiança: Margem de erro e intervalo de confiança não são grandezas diretamente proporcionais. A SOMA NÃO TEM QUE RESULTAR 100%. ";"Após os trabalhos de coleta de dados, os questionários são submetidos a uma fiscalização, conferência e checagem de cerca de 20% (vinte por cento) dos questionários aplicados.";"A relação dos municípios sorteados ou selecionados para esta pesquisa será apresentada em arquivo anexo até 1 (um) dia após a divulgação desta pesquisa conforme §7º. do art. 2º. da Resolução-TSE nº. 23.600/2019. A área de abrangência desta pesquisa é o Estado DE SERGIPE"
"21/07/2026";"05:46:28";2026;81;"Eleições Gerais 2026";"SE";"SE";"SERGIPE";"SE097802026";"2026-06-03 09:39:26";"S";"35851783000100";"ECM - EDICAO, COMUNICACAO & MARKETING LTDA";"ECM-PESQUISAS";"Governador, Senador, Deputado Federal, Deputado Estadual";"2026-06-04 00:00:00";"2026-06-07 00:00:00";"2026-06-09 00:00:00";1200;"11003";"Flávio Ferreira da Conceição";"11000,00";"A pesquisa caracteriza-se como um estudo científico quantitativo, de natureza amostral, realizado por meio de entrevistas pessoais domiciliares, sem utilização de pontos de fluxo. A coleta de dados foi efetuada mediante aplicação de questionário estruturado junto a uma amostra representativa do eleitorado sergipano. A definição da amostra observou critérios técnicos de representatividade e proporcionalidade, visando garantir a adequada participação dos diferentes segmentos populacionais e a confiabilidade dos resultados obtidos.";"A pesquisa foi fundamentada nos princípios da Teoria da Amostragem e planejada para representar o eleitorado da área em estudo, com base nos dados do cadastro eleitoral do TSE atualizados até abril de 2026. O plano amostral foi elaborado em três estágios. No primeiro estágio, os municípios foram selecionados por sorteio probabilístico, utilizando o método de Probabilidade Proporcional ao Tamanho (PPT), tendo como referência a população eleitora com 16 anos ou mais. No segundo estágio, foram sorteadas as localidades de coleta dentro dos municípios selecionados, também pelo método PPT. No terceiro estágio, os entrevistados foram selecionados por meio de quotas amostrais proporcionais, definidas de acordo com variáveis demográficas (Fonte: TSE) e socioeconômicas relevantes (Fonte: IBGE), visando reproduzir a composição do eleitorado pesquisado. Dessa forma, a amostra combina seleção probabilística dos pontos de coleta e seleção por quotas dos entrevistados, garantindo representatividade dos diferentes segmentos da população. As categorias demográficas foram estratificadas e os percentuais apresentados a seguir: GÊNERO: Feminino 53,22%; Masculino 46,78%. FAIXA ETÁRIA: Feminino (16 anos 0,43%; 17 anos 0,86%; 18 anos 1,37%; 19 anos 1,63%; 20 anos 1,74%; 21 a 24 anos 7,16%; 25 a 29 anos 10,23%; 30 a 34 anos 10,11%; 35 a 39 anos 10,09%; 40 a 44 anos 10,37%; 45 a 49 anos 9,56%; 50 a 54 anos 8,26%; 55 a 59 anos 7,48%; 60 a 64 anos 6,35%; 65 a 69 anos 4,81%; 70 a 74 anos 3,72%; 75 a 79 anos 2,68%; 80 a 84 anos 1,70%; 85 a 89 anos 0,86%; 90 a 94 anos 0,36%; 95 a 99 anos 0,10%; 100 anos ou mais 0,03%). Masculino (16 anos 0,43%; 17 anos 0,91%; 18 anos 1,56%; 19 anos 1,86%; 20 anos 1,97%; 21 a 24 anos 7,82%; 25 a 29 anos 10,73%; 30 a 34 anos 10,30%; 35 a 39 anos 10,16%; 40 a 44 anos 10,43%; 45 a 49 anos 9,51%; 50 a 54 anos 8,18%; 55 a 59 anos 7,33%; 60 a 64 anos 6,11%; 65 a 69 anos 4,54%; 70 a 74 anos 3,34%; 75 a 79 anos 2,33%; 80 a 84 anos 1,39%; 85 a 89 anos 0,66%; 90 a 94 anos 0,25%; 95 a 99 anos 0,08%; 100 anos ou mais 0,03%). GRAU DE INSTRUÇÃO:  Feminino (Analfabeto 4,60%; Ensino Fundamental Completo 4,00%; Ensino Fundamental Incompleto 25,68%; Ensino Médio Completo 23,89%; Ensino Médio Incompleto 18,91%; Lê e Escreve 8,18%; Superior Completo 9,24%; Superior Incompleto 5,49%; Masculino (Analfabeto 5,56%; Ensino Fundamental Completo 4,30%; Ensino Fundamental Incompleto 30,28%; Ensino Médio Completo 20,22%; Ensino Médio Incompleto 19,09%; Lê e Escreve 9,85%; Superior Completo 5,68%; Superior Incompleto 5,02%. NÍVEL ECONÕMICO: Sem rendimento (5,03%); até 1 salário mínimo (72,37%); Mais de 1 a 2 salários mínimos (12,37%); Mais de 2 a 3 salários mínimos (3,89%); Mais de 3 a 5 salários mínimos (3,30%); Mais de 5 a 10 salários mínimos (2,25%); Mais de 10 salários mínimos (0,80%).A soma dos percentuais poderá não totalizar exatamente 100% em razão dos arredondamentos decorrentes da apresentação dos resultados com casas decimais. Dados obtidos para nível econômico: https://sidra.ibge.gov.br/Tabela/1385#resultado. A amostra a ser aplicada é de tamanho 1.200 (Mil e duzentos). O nível de confiança é de 95% e a margem de erro máxima estimada considerando um modelo de amostragem aleatório simples, é de 2,83 pontos percentuais para mais ou para menos sobre os resultados encontrados no total da amostra. FONTE DOS DADOS: TSE 2026, CENSO 2010, CENSO 2022.";"A pesquisa é realizada por entrevistadores, supervisor e estatístico. Os entrevistadores são devidamente treinados para conduzir as entrevistas de uma forma clara e imparcial. O supervisor desempenha o papel de garantir que a coleta dos dados seja feita de forma precisa e ética, além disso, incorporamos o acompanhamento da coleta on-line. Após os trabalhos de campo, os aplicativos de coleta dos dados são submetidos a uma fiscalização pelo supervisor e pelo estatístico, de cerca de 20% (vinte por cento) dos questionários aplicados pelos entrevistadores, para verificação das respostas. Findo esse processo os questionários vão para a organização do banco de dados em software estatístico a fim de que se prepare o relatório final de resultados para divulgação";"Pesquisa realizada nos municípios do estado de Sergipe: Itabaiana, Ribeirópolis, NSa Glória, Poço Redondo, Muribeca, Propriá, Lagarto, Simão Dias, Aracaju ,Barra dos Coqueiros, NSa Socorro, São Cristovão, Capela, NSa Dores, Estância, Itabaianinha."
"21/07/2026";"05:46:28";2026;81;"Eleições Gerais 2026";"SE";"SE";"SERGIPE";"SE065052026";"2026-05-29 10:44:48";"N";"26968007000195";"OSCAR WAGNER DE SOUZA FERREIRA";"W1 WEBTV";"Governador, Senador, Deputado Federal, Deputado Estadual";"2026-05-26 00:00:00";"2026-06-02 00:00:00";"2026-06-04 00:00:00";1000;"8855";"DANILO MESSIAS NASCIMENTO E SANTOS";"40000,00";"Pesquisa com metodologia quantitativa (Survey), com a realização de entrevistas individuais face a face (em domicílios, áreas de fluxo e ambiente de trabalho)  não sequenciais utilizando questionário pré-estabelecido estruturado junto a uma amostra representativa do eleitorado urbano e rural do Estado de Sergipe. O estudo tendo como principal objetivo avaliar o cenário político / eleitoral na área em estudo.";"A definição da amostra foi estabelecida a partir da população de interesse correspondente ao total de eleitores do Estado de Sergipe, distribuídos proporcionalmente por regiões geográficas (AGRESTE CENTRAL, ALTO SERTÃO, BAIXO SÃO FRANCISCO, CENTRO SUL, GRANDE ARACAJU, LESTE SERGIPANO, MÉDIO SERTÃO SERGIPANO e SUL SERGIPANO), sexo, faixa etária, escolaridade, religião e renda. A partir de dados agregados do TSE (Perfil Mensal do Eleitorado MAR/ABR 2026) e projeções populacionais do IBGE (Censos 2010 / 2022 e Projeções 2026), foi possível calcular as quotas de cada estrato. A amostra de 1.000 eleitores foi obtida considerando a técnica de amostragem por quotas proporcionais. No corte por sexo, o GÊNERO: FEMININO (53,23%); MASCULINO (46,77%), subdivididos nas seguintes faixas etárias: FAIXA ETÁRIA FEMININO: 16 anos (0,18%); 17 anos (0,70%); 18 anos (1,31%); 19 anos (1,62%); 20 anos (1,75%); 21 a 24 anos (7,22%); 25 a 29 anos (10,36%); 30 a 34 anos (10,15%); 35 a 39 anos (10,24%); 40 a 44 anos (10,41%); 45 a 49 anos (9,59%); 50 a 54 anos (8,29%); 55 a 59 anos (7,54%); 60 a 64 anos (6,35%); 65 a 69 anos (4,82%); 70 a 74 anos (3,73%); 75 a 79 anos (2,69%); 80 a 84 anos (1,69%); 85 a 89 anos (0,87%); 90 a 94 anos (0,35%); 95 a 99 anos (0,10%); 100 anos ou mais (0,03%). FAIXA ETÁRIA MASCULINO: 16 anos (0,18%); 17 anos (0,75%); 18 anos (1,54%); 19 anos (1,86%); 20 anos (1,95%);21 a 24 anos (7,89%); 25 a 29 anos (10,86%); 30 a 34 anos (10,32%); 35 a 39 anos (10,29%); 40 a 44 anos (10,48%); 45 a 49 anos (9,54%); 50 a 54 anos (8,21%); 55 a 59 anos (7,37%); 60 a 64 anos (6,11%); 65 a 69 anos (4,54%); 70 a 74 anos (3,35%); 75 a 79 anos (2,34%); 80 a 84 anos (1,38%); 85 a 89 anos (0,66%); 90 a 94 anos (0,25%); 95 a 99 anos (0,08%); 100 anos ou mais (0,03%). GRAU DE INSTRUÇÃO FEMININO: Analfabeto(4,65%); Ensino Fundamental Completo (4,03%); Ensino Fundamental Incompleto (25,92%); Ensino Médio Completo (23,83%); Ensino Médio Incompleto (18,55%); Lê e Escreve (8,30%); Superior Completo (9,24%); Superior Incompleto (5,48%). GRAU DE INSTRUÇÃO MASCULINO: Analfabeto (5,61%); Ensino Fundamental Completo(4,33%); Ensino Fundamental Incompleto (30,48%); Ensino Médio Completo(20,19%); Ensino Médio Incompleto (18,72%); Lê e Escreve(9,98%); Superior Completo(5,67%); Superior Incompleto(5,02%). Nível Econômico (MASCULINO/FEMININO): Sem rendimento (5,03%); até 1 salário mínimo (72,37%); Mais de 1 a 2 salários mínimos (12,37%); Mais de 2 a 3 salários mínimos (3,89%); Mais de 3 a 5 salários mínimos (3,30%); Mais de 5 a 10 salários mínimos (2,25%); Mais de 10 salários mínimos (0,80%). IMPORTANTE: No que se refere à composição das alternativas constantes do questionário, esclarece-se que, em determinados casos, procedeu-se à consolidação de opções, faixas ou estratos. Tal procedimento decorre de fundamentos técnicos amplamente reconhecidos na literatura estatística e visa assegurar a robustez, confiabilidade e validade inferencial dos resultados. Ponderação: Está prevista eventual ponderação para correção das variáveis sexo e idade, caso ocorram diferenças superiores a 3 pontos percentuais entre o previsto na amostra e a coleta realizada. Para as variáveis de instrução e nível econômico, o fator de ponderação previsto é 1 (um), dado que a amostragem por quotas já garante a representatividade proporcional às regiões do Estado. Intervalo de Confiança e Margem de Erro: O nível de confiança estimado é de 95% e a margem de erro máxima estimada, considerando um modelo de amostragem aleatória simples, é de 3 pontos percentuais para mais ou para menos sobre os resultados totais da amostra. ";"Utiliza-se uma equipe de entrevistadores e supervisores contratados pelo instituto devidamente treinados para o trabalho. Durante o trabalho de campo é feito acompanhamento para checagem e revisão de 100% (cem por cento) dos questionários aplicados por cada pesquisador. Desse modo, cada equipe de até 04 (quatro) pesquisadores é acompanhada por um Supervisor, que além de realizar a checagem, verifica em campo o andamento dos trabalhos, recolhendo questionários, orientando, validando e tirando dúvidas para verificação das respostas e da adequação dos entrevistados aos parâmetros amostrais. Após concluído o trabalho de campo, já nos escritórios da empresa, os questionários são revisados e criticados. Se necessário, e quando possível, as informações coletadas poderão ser checadas com os respondentes. Findo esse processo os questionários vão para a digitação e tabulação em software estatístico. A fim de que se prepare o relatório final de resultados para divulgação.";"Os dados relativos aos povoados e bairros abrangidos pela pesquisa, serão complementados após a conclusão do trabalho de campo, mas toma-se por base a seguinte distribuição das ÁREAS URBANA E RURAL: ARACAJU: DISTRITO 01; DISTRITO 02; DISTRITO 03; DISTRITO 04; DISTRITO 05 e; ZONA DE EXPANSÃO. SERGIPE: AGRESTE CENTRAL, ALTO SERTÃO, BAIXO SÃO FRANCISCO, CENTRO SUL, GRANDE ARACAJU, LESTE SERGIPANO, MÉDIO SERTÃO SERGIPANO e SUL SERGIPANO."
"21/07/2026";"05:46:28";2026;81;"Eleições Gerais 2026";"SE";"SE";"SERGIPE";"SE006842026";"2026-07-18 09:16:03";"N";"60391301000115";"POSITIVA PESQUISAS LTDA";"POSITIVA PESQUISAS";"Governador, Senador";"2026-07-19 00:00:00";"2026-07-22 00:00:00";"2026-07-24 00:00:00";1000;"8855";"Danilo Messias Nascimento e Santos";"20000,00";"O presente estudo utiliza uma abordagem quantitativa do tipo pesquisa de opinião (Survey), operacionalizada por meio de entrevistas individuais, diretas e pessoais (face a face). A coleta de dados ocorre em domicílios selecionados de forma não sequencial, seguindo um roteiro estruturado de perguntas pré-definidas. O público-alvo compreende uma amostra fidedigna do eleitorado do Estado de Sergipe, abrangendo tanto as zonas urbanas quanto as rurais, com um total de 1.000 questionários aplicados. Ressalta-se que a coleta exclui pontos de fluxo público, como feiras livres ou áreas de grande circulação de pedestres, garantindo o rigor do ambiente domiciliar.";"A arquitetura da amostra baseia-se no universo de eleitores aptos no Estado de Sergipe circunscrito aos municípios que compõem o escopo do plano de trabalho. A distribuição foi planejada proporcionalmente entre as regiões geográficas estruturadas na base de dados, cruzando variáveis de gênero, idade, escolaridade e poder aquisitivo. O estudo possui 95% de nível de confiança e uma margem de erro máxima de 3,10 pontos percentuais, para mais ou para menos.
Para o cálculo das quotas, utilizaram-se os dados oficiais do TSE (Perfil do Eleitorado) anexados e as atualizações demográficas do IBGE. A amostragem é realizada por cotas proporcionais, com a seguinte estratificação:
1. Perfil do Eleitorado (Composição de Gênero e Idade)
¿ Segmento Masculino (49,68%): 16/17 anos (1,45%); 18 a 24 anos (6,93%); 25 a 34 anos (11,41%); 35 a 44 anos (9,96%); 45 a 59 anos (11,54%) e 60 anos ou mais (8,39%).
¿ Segmento Feminino (50,32%): 16/17 anos (1,40%); 18 a 24 anos (6,86%); 25 a 34 anos (10,98%); 35 a 44 anos (10,24%); 45 a 59 anos (11,46%) e 60 anos ou mais (9,38%).
2. Escolaridade e Renda (Padrão Coletado)
As quotas de instrução e rendimento seguem o cruzamento analítico TSE/PNAD Contínua (IBGE):
¿ Instrução: Analfabeto / Lê e Escreve; Fund. Incompleto / Fund. Completo; Médio Incompleto / Médio Completo; Superior Incompleto / Superior Completo
¿ Renda Familiar Mensal: Sem rendimentos até ¼ SM; ¼ a ½ SM; ½ a 1 SM; 1 a 2 SM; 2 a 3 SM; 3 a 5 SM; 5 a 10 SM; +10 SM
Ponderação e Validação Estatística
A metodologia prevê ajustes estatísticos (ponderação) para sexo e idade caso o desvio entre a coleta e a amostra planejada supere 3 pontos percentuais. Para escolaridade e renda, a proporção é utilizada a região toda e o fator é unitário (1), visto que a proporcionalidade regional e municipal já se encontra resguardada pela distribuição rigorosa das cotas geográficas internas.
FONTES DOS DADOS: IBGE (Projeções Populacionais e PNAD Contínua) e TSE (Perfil do Eleitorado).";"A integridade da coleta é assegurada por um sistema rigoroso de controle interno. Supervisores realizam a conferência imediata dos formulários para eliminar inconsistências, rasuras ou erros de preenchimento em questões de escolha única ou múltipla, monitorando o cumprimento das quotas por setor e indivíduo. A fiscalização garante o alinhamento aos padrões éticos do Código Internacional ICC/ESOMAR. O processamento dos dados é efetuado via software de análise quantitativa, utilizando o método de dupla entrada para mitigar falhas de digitação.";"Em conformidade com as diretrizes de transparência e resoluções vigentes do TSE, o levantamento estatístico distribui as 1.000 amostras proporcionalmente pelo território de Sergipe, respeitando rigorosamente a divisão e peso do eleitorado de cada município dentro de sua respectiva região:
¿ Grande Aracaju (Amostra Região): Aracaju, Nossa Senhora do Socorro, São Cristóvão.
¿ Centro Sul (Amostra Região): Lagarto, Tobias Barreto, Simão Dias.
¿ Região Sul (Amostra Região): Estância, Itabaianinha, Itaporanga d'Ajuda, Boquim, Umbaúba.
¿ Agreste Sergipano (Amostra Região): Itabaiana, Carira, Ribeirópolis, Campo do Brito.
¿ Sertão Sergipano (Amostra Região): Nossa Senhora da Glória, Canindé de São Francisco, Porto da Folha, Nossa Senhora das Dores, Graccho Cardoso.
¿ Vale do Cotinguiba (Amostra Região): Capela, Laranjeiras, Japaratuba, Maruim.
¿ Baixo do São Francisco (Amostra Região): Propriá, Neópolis, Pacatuba, Japoatã.
 "
"21/07/2026";"05:46:28";2026;81;"Eleições Gerais 2026";"SE";"SE";"SERGIPE";"SE071412026";"2026-04-30 11:26:04";"N";"34996802000115";"EIPE - EXCLUSIVO INSTITUTO DE PESQUISA E ENSINO LTDA";"EIPE - EXCLUSIVO INSTITUTO DE PESQUISA E ENSINO";"Governador, Senador, Deputado Federal, Deputado Estadual";"2026-04-30 00:00:00";"2026-05-04 00:00:00";"2026-05-06 00:00:00";1206;"9902";"Ralbert de Almeida Menezes";"40000,00";"Pesquisa quantitativa, amostral, representativa do eleitorado do Estado de Sergipe, realizada por meio de 1.206 entrevistas pessoais, com distribuição proporcional ao tamanho da população. Foi utilizado questionário estruturado junto a uma amostra representativa do eleitorado em estudo.";"A amostra foi estabelecida a partir da população de interesse correspondente ao total de eleitores do Estado de Sergipe, distribuídos proporcionalmente por regiões geográficas (Agreste, Alto Sertão, Baixo São Francisco, Centro-Sul, Grande Aracaju, Leste, Médio Sertão e Sul). Representativa do eleitorado de 32 municípios do Estado de Sergipe, a partir dos dados fornecidos pelo TSE, atualizado em março de 2026, onde as entrevistas serão realizadas pelo método PPT (Probabilidade Proporcional ao Tamanho), tomando a população a partir 16 anos residente nos municípios do estado como base para tal seleção, dentro dos municípios e setores censitários, os respondentes são selecionados através de cotas amostrais proporcionais em função de variáveis: sexo, faixa etária, grau de instrução e nível econômico; Gênero: Feminino (53,23%); Masculino (46,77%). Faixa Etária (Feminino): 16 anos (0,16%); 17 anos (0,39%); 18 a 20 anos (2,50%); 21 a 24 anos (3,83%); 25 a 34 anos (10,89%); 35 a 44 anos (10,96%); 45 a 59 anos (13,52%); 60 a 69 anos (5,95%); 70 a 79 anos (3,41%); Superior a 79 anos (1,62%). Faixa Etária (Masculino): 16 anos (0,15%); 17 anos (0,36%); 18 a 20 anos (2,51%); 21 a 24 anos (3,68%); 25 a 34 anos (9,88%); 35 a 44 anos (9,68%); 45 a 59 anos (11,74%); 60 a 69 anos (4,99%); 70 a 79 anos (2,66%); Superior a 79 anos (1,12%). Grau de Instrução (Feminino): Analfabeto (2,47%); Ensino Fundamental Completo (2,14%); Ensino Fundamental Incompleto (13,75%); Ensino Médio Completo (12,71%); Ensino Médio Incompleto (9,93%); Lê e Escreve (4,39%); Superior Completo (4,92%); Superior Incompleto (2,92%). Grau de Instrução (Masculino): Analfabeto (2,61%); Ensino Fundamental Completo (2,02%); Ensino Fundamental Incompleto (14,22%); Ensino Médio Completo (9,45%); Ensino Médio Incompleto (8,81%); Lê e Escreve (4,65%); Superior Completo (2,66%); Superior Incompleto (2,35%). Nível Econômico: Será utilizada a distribuição proporcional da renda, fonte IBGE: Sem rendimento (Feminino 19,86%, Masculino 16,65%); Até 1 salário mínimo (Feminino 25,76%, Masculino 20,15%); Mais de 1 até 3 salários mínimos (Feminino 5,63%, Masculino 8,42%); Mais de 3 a 5 salários mínimos (Feminino 0,57%, Masculino 0,53%); Mais de 5 a 10 salários mínimos (Feminino 0,83%, Masculino 0,74%); Mais de 10 salários mínimos (Feminino 0,58%, Masculino 0,28%). A amostra a ser aplicada é de tamanho 1.206 para o universo de 1.715.967 eleitores do estado de Sergipe. O nível de confiança é de 95% e a margem de erro máxima estimada considerando um modelo de amostragem aleatório simples, é de 2,82 pontos percentuais para mais ou para menos sobre os resultados encontrados no total da amostra. FONTE DOS DADOS: Censos 2010 e 2022 (IBGE) | TSE 2026. Observação: Os índices acima estão sujeitos a arredondamentos matemáticos decimais.";"Para a realização da pesquisa, utiliza-se uma equipe de entrevistadoras, supervisores e estatístico contratados pelo EIPE - Exclusivo Instituto de Pesquisa e Ensino, devidamente treinados para o trabalho. Em seguida, o supervisor e o estatístico verificam e fiscalizam se as entrevistas estão sendo realizadas de acordo com os preceitos éticos que regem a prática de investigação social e de mercado (Código Internacional ICC/ESOMAR) comprovando uma conduta honesta e transparente com a utilização dos métodos de abordagem. Após os trabalhos de campo, os aplicativos de coleta dos dados são submetidos a uma fiscalização pelo supervisor e pelo estatístico, de cerca de 20% (vinte por cento) dos questionários aplicados pelas entrevistadoras, para verificação das respostas. Findo esse processo os questionários vão para a organização do banco de dados em software estatístico a fim de que se prepare o relatório final de resultados para divulgação. Essa abordagem rigorosa tem como objetivo manter a integridade dos dados coletados e assegurar a validade e confiabilidade dos resultados da pesquisa.";"Distribuição: A amostra será distribuída nos municípios proporcionalmente de acordo com os setores censitários: Municípios: Aracaju, Nossa Senhora do Socorro, Lagarto, Itabaiana, São Cristóvão, Estância, Tobias Barreto, Simão Dias, Itabaianinha, Barra dos Coqueiros, Nossa Senhora da Glória, Itaporanga d'Ajuda, Capela, Porto da Folha, Canindé de São Francisco, Poço Redondo, Laranjeiras, Boquim, Nossa Senhora das Dores, Propriá, Umbaúba, Poço Verde, Salgado, Riachão do Dantas, Aquidabã, Carira, Campo do Brito, Areia Branca, Japaratuba, Ribeirópolis, Cristinápolis e Neópolis. "
"21/07/2026";"05:46:28";2026;81;"Eleições Gerais 2026";"SE";"SE";"SERGIPE";"SE097672026";"2026-04-17 07:38:52";"N";"26968007000195";"OSCAR WAGNER DE SOUZA FERREIRA";"W1 WEBTV";"Governador, Senador";"2026-04-17 00:00:00";"2026-04-20 00:00:00";"2026-04-23 00:00:00";1000;"8855";"DANILO MESSIAS NASCIMENTO E SANTOS";"30000,00";"Pesquisa com metodologia quantitativa (Survey), com a realização de entrevistas individuais face a face (em domicílios, áreas de fluxo e ambiente de trabalho)  não sequenciais utilizando questionário pré-estabelecido estruturado junto a uma amostra representativa do eleitorado urbano e rural do Estado de Sergipe. O estudo tendo como principal objetivo avaliar o cenário político / eleitoral na área em estudo.";"A definição da amostra foi estabelecida a partir da população de interesse correspondente ao total de eleitores do Estado de Sergipe, distribuídos proporcionalmente por regiões geográficas (AGRESTE CENTRAL, ALTO SERTÃO, BAIXO SÃO FRANCISCO, CENTRO SUL, GRANDE ARACAJU, LESTE SERGIPANO, MÉDIO SERTÃO SERGIPANO e SUL SERGIPANO), sexo, faixa etária, escolaridade, religião e renda. A partir de dados agregados do TSE (Perfil Mensal do Eleitorado FEV/MAR 2026) e projeções populacionais do IBGE (Censos 2010 / 2022 e Projeções 2026), foi possível calcular as quotas de cada estrato. A amostra de 1.000 eleitores foi obtida considerando a técnica de amostragem por quotas proporcionais. No corte por sexo, o GÊNERO: FEMININO (53,23%); MASCULINO (46,77%), subdivididos nas seguintes faixas etárias: FAIXA ETÁRIA FEMININO: 16 anos (0,18%); 17 anos (0,70%); 18 anos (1,31%); 19 anos (1,62%); 20 anos (1,75%); 21 a 24 anos (7,22%); 25 a 29 anos (10,36%); 30 a 34 anos (10,15%); 35 a 39 anos (10,24%); 40 a 44 anos (10,41%); 45 a 49 anos (9,59%); 50 a 54 anos (8,29%); 55 a 59 anos (7,54%); 60 a 64 anos (6,35%); 65 a 69 anos (4,82%); 70 a 74 anos (3,73%); 75 a 79 anos (2,69%); 80 a 84 anos (1,69%); 85 a 89 anos (0,87%); 90 a 94 anos (0,35%); 95 a 99 anos (0,10%); 100 anos ou mais (0,03%). FAIXA ETÁRIA MASCULINO: 16 anos (0,18%); 17 anos (0,75%); 18 anos (1,54%); 19 anos (1,86%); 20 anos (1,95%);21 a 24 anos (7,89%); 25 a 29 anos (10,86%); 30 a 34 anos (10,32%); 35 a 39 anos (10,29%); 40 a 44 anos (10,48%); 45 a 49 anos (9,54%); 50 a 54 anos (8,21%); 55 a 59 anos (7,37%); 60 a 64 anos (6,11%); 65 a 69 anos (4,54%); 70 a 74 anos (3,35%); 75 a 79 anos (2,34%); 80 a 84 anos (1,38%); 85 a 89 anos (0,66%); 90 a 94 anos (0,25%); 95 a 99 anos (0,08%); 100 anos ou mais (0,03%). GRAU DE INSTRUÇÃO FEMININO: Analfabeto(4,65%); Ensino Fundamental Completo (4,03%); Ensino Fundamental Incompleto (25,92%); Ensino Médio Completo (23,83%); Ensino Médio Incompleto (18,55%); Lê e Escreve (8,30%); Superior Completo (9,24%); Superior Incompleto (5,48%). GRAU DE INSTRUÇÃO MASCULINO: Analfabeto (5,61%); Ensino Fundamental Completo(4,33%); Ensino Fundamental Incompleto (30,48%); Ensino Médio Completo(20,19%); Ensino Médio Incompleto (18,72%); Lê e Escreve(9,98%); Superior Completo(5,67%); Superior Incompleto(5,02%). Nível Econômico (MASCULINO/FEMININO): Sem rendimento (5,03%); até 1 salário mínimo (72,37%); Mais de 1 a 2 salários mínimos (12,37%); Mais de 2 a 3 salários mínimos (3,89%); Mais de 3 a 5 salários mínimos (3,30%); Mais de 5 a 10 salários mínimos (2,25%); Mais de 10 salários mínimos (0,80%). RELIGIÃO (MASCULINO/FEMININO): Catolicismo apostólico romano 56,80%, Evangélicos 26,90%, Outras religiosidades 4,00%, Sem religião 9,30%. IMPORTANTE: No que se refere à composição das alternativas constantes do questionário, esclarece-se que, em determinados casos, procedeu-se à consolidação de opções, faixas ou estratos. Tal procedimento decorre de fundamentos técnicos amplamente reconhecidos na literatura estatística e visa assegurar a robustez, confiabilidade e validade inferencial dos resultados. Ponderação: Está prevista eventual ponderação para correção das variáveis sexo e idade, caso ocorram diferenças superiores a 3 pontos percentuais entre o previsto na amostra e a coleta realizada. Para as variáveis de instrução e nível econômico, o fator de ponderação previsto é 1 (um), dado que a amostragem por quotas já garante a representatividade proporcional às regiões do Estado. Intervalo de Confiança e Margem de Erro: O nível de confiança estimado é de 95% e a margem de erro máxima estimada, considerando um modelo de amostragem aleatória simples, é de 3 pontos percentuais para mais ou para menos sobre os resultados totais da amostra. ";"Utiliza-se uma equipe de entrevistadores e supervisores contratados pelo instituto devidamente treinados para o trabalho. Durante o trabalho de campo é feito acompanhamento para checagem e revisão de 100% (cem por cento) dos questionários aplicados por cada pesquisador. Desse modo, cada equipe de até 04 (quatro) pesquisadores é acompanhada por um Supervisor, que além de realizar a checagem, verifica em campo o andamento dos trabalhos, recolhendo questionários, orientando, validando e tirando dúvidas para verificação das respostas e da adequação dos entrevistados aos parâmetros amostrais. Após concluído o trabalho de campo, já nos escritórios da empresa, os questionários são revisados e criticados. Se necessário, e quando possível, as informações coletadas poderão ser checadas com os respondentes. Findo esse processo os questionários vão para a digitação e tabulação em software estatístico. A fim de que se prepare o relatório final de resultados para divulgação.";"Os dados relativos aos povoados e bairros abrangidos pela pesquisa, serão complementados após a conclusão do trabalho de campo, mas toma-se por base a seguinte distribuição das ÁREAS URBANA E RURAL: ARACAJU: DISTRITO 01; DISTRITO 02; DISTRITO 03; DISTRITO 04; DISTRITO 05 e; ZONA DE EXPANSÃO. SERGIPE: AGRESTE CENTRAL, ALTO SERTÃO, BAIXO SÃO FRANCISCO, CENTRO SUL, GRANDE ARACAJU, LESTE SERGIPANO, MÉDIO SERTÃO SERGIPANO e SUL SERGIPANO."
"21/07/2026";"05:46:28";2026;81;"Eleições Gerais 2026";"SE";"SE";"SERGIPE";"SE000392026";"2026-05-17 13:22:34";"S";"35851783000100";"ECM - EDICAO, COMUNICACAO & MARKETING LTDA";"ECM-PESQUISAS";"Deputado Estadual";"2026-05-18 00:00:00";"2026-05-22 00:00:00";"2026-05-23 00:00:00";1200;"11003";"Flávio Ferreira da Conceição";"11000,00";"Pesquisa científica quantitativa, amostral, do tipo Survey, consistindo em entrevistas pessoais domiciliares, com aplicação de questionário estruturado junto a uma amostra representativa, com distribuição proporcional ao tamanho da população das regiões e  municípios de Sergipe.
";"A pesquisa é fundamentada em princípios da Teoria da Amostragem, através das Amostras Probabilísticas e Não Probabilísticas, por quotas/PPT/Estratificada/por conglomerados. O representativo do eleitorado foi obtido por meio de dados fornecidos pelo TSE, atualizados em março de 2026. Nesse procedimento, setores censitários foram sorteados com probabilidade proporcional ao tamanho da população residente, formada por pessoas com 16 anos ou mais. Posteriormente, foi selecionado um número fixo de participantes, seguindo quotas amostrais proporcionais para variáveis significativas. As categorias demográficas foram estratificadas e os percentuais apresentados a seguir são em relação ao valor total. GÊNERO: Feminino (53,23%); Masculino (46,77%). FAIXA ETÁRIA (Feminino: 16 anos (0,25%); 17 anos (0,72%); 18 anos (1,32%); 19 anos (1,62%); 20 anos (1,75%); 21 a 24 anos (7,20%); 25 a 29 anos (10,31%); 30 a 34 anos (10,15%); 35 a 39 anos (10,18%); 40 a 44 anos (10,41%); 45 a 49 anos (9,59%); 50 a 54 anos (8,28%); 55 a 59 anos (7,52%); 60 a 64 anos (6,36%); 65 a 69 anos (4,82%); 70 a 74 anos (3,73%); 75 a 79 anos (2,68%); 80 a 84 anos (1,70%); 85 a 89 anos (0,86%); 90 a 94 anos (0,36%); 95 a 99 anos (0,10%); 100 anos ou mais (0,03%). Masculino: 16 anos (0,26%); 17 anos (0,77%); 18 anos (1,54%); 19 anos (1,87%); 20 anos (1,96%); 21 a 24 anos (7,87%); 25 a 29 anos (10,81%); 30 a 34 anos (10,33%); 35 a 39 anos (10,24%); 40 a 44 anos (10,46%); 45 a 49 anos (9,53%); 50 a 54 anos (8,21%); 55 a 59 anos (7,36%); 60 a 64 anos (6,11%); 65 a 69 anos (4,55%); 70 a 74 anos (3,34%); 75 a 79 anos (2,34%); 80 a 84 anos (1,39%); 85 a 89 anos (0,66%); 90 a 94 anos (0,25%); 95 a 99 anos (0,08%); 100 anos ou mais (0,03%). ESCOLARIDADE; Feminino: Analfabeto (4,63%); Ensino fundamental completo (4,01%); Ensino fundamental incompleto (25,83%); Ensino médio completo (23,87%); Ensino médio incompleto (18,66%); Lê e escreve (8,26%); Superior completo (9,25%); Superior incompleto (5,49%). Masculino: Analfabeto (5,59%); Ensino fundamental completo (4,32%); Ensino fundamental incompleto (30,41%); Ensino médio completo (20,21%); Ensino médio incompleto (18,84%); Lê e escreve (9,92%); Superior completo (5,68%); Superior incompleto (5,03%). Nível Econômico: Sem rendimento (5,03%); até 1 salário mínimo (72,37%); Mais de 1 a 2 salários mínimos (12,37%); Mais de 2 a 3 salários mínimos (3,89%); Mais de 3 a 5 salários mínimos (3,30%); Mais de 5 a 10 salários mínimos (2,25%); Mais de 10 salários mínimos (0,80%). Dados obtidos para nível econômico: https://sidra.ibge.gov.br/Tabela/1385#resultado. A amostra a ser aplicada é de tamanho 1.200 (Mil e duzentos). O nível de confiança é de 95% e a margem de erro máxima estimada considerando um modelo de amostragem aleatório simples, é de 2,83 pontos percentuais para mais ou para menos sobre os resultados encontrados no total da amostra. FONTE DOS DADOS: TSE 2026, CENSO 2010, CENSO 2022. ";"A pesquisa é realizada por entrevistadores, supervisor e estatístico. Os entrevistadores são devidamente treinados para conduzir as entrevistas de uma forma clara e imparcial. O supervisor desempenha o papel de garantir que a coleta dos dados seja feita de forma precisa e ética, além disso, incorporamos o acompanhamento da coleta on-line. Após os trabalhos de campo, os aplicativos de coleta dos dados são submetidos a uma fiscalização pelo supervisor e pelo estatístico, de cerca de 20% (vinte por cento) dos questionários aplicados pelos entrevistadores, para verificação das respostas. Findo esse processo os questionários vão para a organização do banco de dados em software estatístico a fim de que se prepare o relatório final de resultados para divulgação";"Pesquisa realizada nos municípios do estado de Sergipe."
"21/07/2026";"05:46:28";2026;81;"Eleições Gerais 2026";"SE";"SE";"SERGIPE";"SE074082026";"2026-03-13 14:03:22";"N";"60391301000115";"POSITIVA PESQUISAS LTDA";"POSITIVA PESQUISAS";"Governador, Senador, Deputado Federal, Deputado Estadual";"2026-03-12 00:00:00";"2026-03-16 00:00:00";"2026-03-19 00:00:00";1800;"8855";"Danilo Messias Nascimento e Santos";"15000,00";"Pesquisa com metodologia quantitativa (Survey), com a realização de entrevistas individuais face a face em domicílios não sequenciais utilizando questionário pré-estabelecido estruturado junto a uma amostra representativa do eleitorado urbano e rural do Estado de Sergipe, num total de 1800 entrevistas. Não foram realizadas amostras em pontos de fluxo e feiras livres.
";"A definição da amostra foi estabelecida a partir da população de interesse correspondente ao total de eleitores do Estado de Sergipe, distribuídos proporcionalmente por regiões geográficas (Grande Aracaju, Agreste, Sertão, Centro-Sul, Sul, Leste e Baixo São Francisco), sexo, faixa etária, escolaridade e renda. A partir de dados agregados do TSE (Perfil do Eleitorado 2024/2026) e projeções populacionais do IBGE (Censo 2022 e Projeções 2026), foi possível calcular as quotas de cada estrato.

A amostra de 1.800 eleitores foi obtida considerando a técnica de amostragem por quotas proporcionais. No corte por sexo, o eleitorado masculino representa 46,53% e o feminino 53,47%, subdivididos nas seguintes faixas etárias:

¿ Masculino (46,53%): 16 a 17 anos (0,85%); 18 a 24 anos (5,76%); 25 a 34 anos (9,41%); 35 a 44 anos (9,78%); 45 a 59 anos (11,85%) e 60 anos ou mais (8,88%).
¿ Feminino (53,47%): 16 a 17 anos (0,95%); 18 a 24 anos (6,74%); 25 a 34 anos (10,79%); 35 a 44 anos (11,32%); 45 a 59 anos (14,15%) e 60 anos ou mais (9,52%).
Grau de Instrução: As quotas de escolaridade foram definidas com base no cruzamento de dados do TSE e PNAD Contínua (IBGE), apresentando a seguinte distribuição: Sem instrução / Fundamental Incompleto (39,0%); Fundamental Completo / Médio Incompleto (17,0%); Médio Completo / Superior Incompleto (34,2%) e Superior Completo (9,8%).

Nível Econômico (Renda Domiciliar Per Capita): Sem rendimento a até 1/4 de salário mínimo (30,6%); Mais de 1/4 a 1/2 salário mínimo (22,4%); Mais de 1/2 a 1 salário mínimo (26,2%); Mais de 1 a 2 salários mínimos (12,8%) e Acima de 2 salários mínimos (8,0%).

Ponderação: Está prevista eventual ponderação para correção das variáveis sexo e idade, caso ocorram diferenças superiores a 3 pontos percentuais entre o previsto na amostra e a coleta realizada. Para as variáveis de instrução e nível econômico, o fator de ponderação previsto é 1 (um), dado que a amostragem por quotas já garante a representatividade proporcional às regiões do Estado.

Intervalo de Confiança e Margem de Erro: O nível de confiança estimado é de 95% e a margem de erro máxima estimada, considerando um modelo de amostragem aleatória simples, é de 2,31 pontos percentuais para mais ou para menos sobre os resultados totais da amostra.

FONTES DOS DADOS: 1. IBGE: Projeções Populacionais 2026 e PNAD Contínua (https://cidades.ibge.gov.br/brasil/se/panorama). 2. TSE: Perfil do Eleitorado de Sergipe ¿ Janeiro/Fevereiro 2026 (https://sig.tse.jus.br/ords/dwapr/r/seai/sig-eleicao-eleitorado).";"Sistema interno de controle e verificação, conferência e fiscalização da coleta de dados e do trabalho de campo: Os supervisores fazem a conferência durante a coleta dos questionários com o objetivo de evitar rasuras, erros em questões de resposta única e múltipla, além de conferir as cotas individuais e gerais do bairro em comparação com o plano amostral geral e individual de cada grupo. Em seguida, o supervisor verifica e fiscaliza se as entrevistas estão sendo realizadas de acordo com os preceitos éticos que regem a prática de investigação social e de mercado (Código Internacional ICC/ ESOMAR) comprovando uma conduta honesta e transparente com a utilização dos métodos de abordagem e dos cartões resposta. Os dados coletados serão tratados pelo Excel, e faremos a técnica de dupla entrada para verificação de possíveis
 ";"Dados relativos aos municípios e bairros abrangidos pela pesquisa. Na ausência de delimitação do bairro, será identificada a área em que foi realizada a pesquisa(conforme §7º. do art. 2º. da Resolução-TSE nº. 23.600/2019, A partir do dia em que a pesquisa puder ser divulgada e até o dia seguinte, o registro deverá ser complementado, sob pena de ser a pesquisa considerada não registrada; na ausência de delimitação do bairro, será identificada a área em que foi realizada): Dados relativos aos municípios e bairros abrangidos pela pesquisa. Na ausência de delimitação do bairro, será identificada a área em que foi realizada a pesquisa(conforme §7º. do art. 2º. da Resolução-TSE nº. 23.600/2019, Até o sétimo dia seguinte ao registro da pesquisa, será ele complementado com os dados relativos aos bairros abrangidos; na ausência de delimitação do bairro, será identificada a área em que foi realizada): Dados relativos aos municípios e bairros abrangidos pela pesquisa. Na ausência de delimitação do bairro, será identificada a área em que foi realizada a pesquisa(conforme §7°. do art. 2º. da Resolução-TSE n°. 23.600/2019, Até o sétimo dia seguinte ao registro da pesquisa, será ele complementado com os dados relativos aos bairros abrangidos; na ausência de delimitação do bairro e povoados, será identificada a área em que foi realizada): Sede com as seguintes localidades; SERTÃO SERGIPANO;CENTRO SUL;VALE DO COTINGUIBA ¿ LESTE SERGIPANO;REGIÃO SUL;AGRESTE SERGIPANO;GRANDE ARACAJU: DISTRITO 1:(AEROPORTO;ATALAIA;COROA DO MEIO;FAROLÂNDIA;INÁCIO BARBOSA;JABOTIANA;SÃO CONRADO;SANTA MARIA) DISTRITO 2:(AMÉRICA;CAPUCHO;LUZIA;NOVO PARAÍSO;PONTO NOVO;SIQUEIRA CAMPOS) DISTRITO 3:(CENTRO;CIRURGIA;GRAGERU;GETÚLIO VARGAS;JARDINS;PEREIRA LOBO;SALGADO FILHO;SÃO JOSÉ;13 DE JULHO;SUISSA)DISTRITO 4:(CIDADE NOVA;COQUEIRAL;JAPAOZINHO;PALESTINA;PORTO DANTAS;SANTO ANTÔNIO;18 DO FORTE;INDUSTRIAL)DISTRITO 5:(BUGIO;JARDIM CENTENÁRIO;JOSÉ CONRADO;LAMARÃO;OLARIA;SANTOS DUMONT;SOLEDADE)Z. EXPANSÃO:(ARUANA;ZONA DE EXPANSÃO;MOSQUEIRO)"
"21/07/2026";"05:46:28";2026;81;"Eleições Gerais 2026";"SE";"SE";"SERGIPE";"SE067462026";"2026-03-23 17:10:54";"N";"26968007000195";"OSCAR WAGNER DE SOUZA FERREIRA";"W1 WEBTV";"Governador, Senador";"2026-03-21 00:00:00";"2026-03-26 00:00:00";"2026-03-29 00:00:00";1000;"8855";"DANILO MESSIAS NASCIMENTO E SANTOS";"26000,00";"Pesquisa com metodologia quantitativa (Survey), com a realização de entrevistas individuais face a face (em domicílios, áreas de fluxo e ambiente de trabalho)  não sequenciais utilizando questionário pré-estabelecido estruturado junto a uma amostra representativa do eleitorado urbano e rural do Estado de Sergipe. O estudo tendo como principal objetivo avaliar o cenário político / eleitoral na área em estudo.";"A definição da amostra foi estabelecida a partir da população de interesse correspondente ao total de eleitores do Estado de Sergipe, distribuídos proporcionalmente por regiões geográficas (AGRESTE CENTRAL, ALTO SERTÃO, BAIXO SÃO FRANCISCO, CENTRO SUL, GRANDE ARACAJU, LESTE SERGIPANO, MÉDIO SERTÃO SERGIPANO e SUL SERGIPANO), sexo, faixa etária, escolaridade e renda. A partir de dados agregados do TSE (Perfil do Eleitorado FEV 2026) e projeções populacionais do IBGE (Censo 2022 e Projeções 2026), foi possível calcular as quotas de cada estrato. A amostra de 1.000 eleitores foi obtida considerando a técnica de amostragem por quotas proporcionais. No corte por sexo, o GÊNERO: FEMININO (53,24%); MASCULINO (46,76%), subdivididos nas seguintes faixas etárias: FAIXA ETÁRIA FEMININO: 16 anos (0,18%); 17 anos (0,70%); 18 anos (1,31%); 19 anos (1,62%); 20 anos (1,75%); 21 a 24 anos (7,22%); 25 a 29 anos (10,36%); 30 a 34 anos (10,15%); 35 a 39 anos (10,24%); 40 a 44 anos (10,41%); 45 a 49 anos (9,59%); 50 a 54 anos (8,29%); 55 a 59 anos (7,54%); 60 a 64 anos (6,35%); 65 a 69 anos (4,82%); 70 a 74 anos (3,73%); 75 a 79 anos (2,69%); 80 a 84 anos (1,69%); 85 a 89 anos (0,87%); 90 a 94 anos (0,35%); 95 a 99 anos (0,10%); 100 anos ou mais (0,03%). FAIXA ETÁRIA MASCULINO: 16 anos (0,18%); 17 anos (0,75%); 18 anos (1,54%); 19 anos (1,86%); 20 anos (1,95%);21 a 24 anos (7,89%); 25 a 29 anos (10,86%); 30 a 34 anos (10,32%); 35 a 39 anos (10,29%); 40 a 44 anos (10,48%); 45 a 49 anos (9,54%); 50 a 54 anos (8,21%); 55 a 59 anos (7,37%); 60 a 64 anos (6,11%); 65 a 69 anos (4,54%); 70 a 74 anos (3,35%); 75 a 79 anos (2,34%); 80 a 84 anos (1,38%); 85 a 89 anos (0,66%); 90 a 94 anos (0,25%); 95 a 99 anos (0,08%); 100 anos ou mais (0,03%). GRAU DE INSTRUÇÃO FEMININO: Analfabeto(4,65%); Ensino Fundamental Completo (4,03%); Ensino Fundamental Incompleto (25,92%); Ensino Médio Completo (23,83%); Ensino Médio Incompleto (18,55%); Lê e Escreve (8,30%); Superior Completo (9,24%); Superior Incompleto (5,48%). GRAU DE INSTRUÇÃO MASCULINO: Analfabeto (5,61%); Ensino Fundamental Completo(4,33%); Ensino Fundamental Incompleto (30,48%); Ensino Médio Completo(20,19%); Ensino Médio Incompleto (18,72%); Lê e Escreve(9,98%); Superior Completo(5,67%); Superior Incompleto(5,02%). Nível Econômico: Sem rendimento (5,03%); até 1 salário mínimo (72,37%); Mais de 1 a 2 salários mínimos (12,37%); Mais de 2 a 3 salários mínimos (3,89%); Mais de 3 a 5 salários mínimos (3,30%); Mais de 5 a 10 salários mínimos (2,25%); Mais de 10 salários mínimos (0,80%). Ponderação: Está prevista eventual ponderação para correção das variáveis sexo e idade, caso ocorram diferenças superiores a 3 pontos percentuais entre o previsto na amostra e a coleta realizada. Para as variáveis de instrução e nível econômico, o fator de ponderação previsto é 1 (um), dado que a amostragem por quotas já garante a representatividade proporcional às regiões do Estado. Intervalo de Confiança e Margem de Erro: O nível de confiança estimado é de 95% e a margem de erro máxima estimada, considerando um modelo de amostragem aleatória simples, é de 3 pontos percentuais para mais ou para menos sobre os resultados totais da amostra. FONTES DOS DADOS: 1. IBGE: Projeções Populacionais 2026 e PNAD Contínua (https://cidades.ibge.gov.br/brasil/se/panorama). 2. TSE: Perfil do Eleitorado de Sergipe  Janeiro/Fevereiro 2026 (https://sig.tse.jus.br/ords/dwapr/r/seai/sig-eleicao-eleitorado).";"Utiliza-se uma equipe de entrevistadores e supervisores contratados pelo instituto devidamente treinados para o trabalho. Durante o trabalho de campo é feito acompanhamento para checagem e revisão de 100% (cem por cento) dos questionários aplicados por cada pesquisador. Desse modo, cada equipe de até 04 (quatro) pesquisadores é acompanhada por um Supervisor, que além de realizar a checagem, verifica em campo o andamento dos trabalhos, recolhendo questionários, orientando, validando e tirando dúvidas para verificação das respostas e da adequação dos entrevistados aos parâmetros amostrais. Após concluído o trabalho de campo, já nos escritórios da empresa, os questionários são revisados e criticados. Se necessário, e quando possível, as informações coletadas poderão ser checadas com os respondentes. Findo esse processo os questionários vão para a digitação e tabulação em software estatístico. A fim de que se prepare o relatório final de resultados para divulgação.";"Os dados relativos aos povoados e bairros abrangidos pela pesquisa, serão complementados após a conclusão do trabalho de campo, mas toma-se por base a seguinte distribuição das ÁREAS URBANA E RURAL: ARACAJU: DISTRITO 01; DISTRITO 02; DISTRITO 03; DISTRITO 04; DISTRITO 05 e; ZONA DE EXPANSÃO. SERGIPE: AGRESTE CENTRAL, ALTO SERTÃO, BAIXO SÃO FRANCISCO, CENTRO SUL, GRANDE ARACAJU, LESTE SERGIPANO, MÉDIO SERTÃO SERGIPANO e SUL SERGIPANO."
"21/07/2026";"05:46:28";2026;81;"Eleições Gerais 2026";"SE";"SE";"SERGIPE";"SE075062026";"2026-03-12 23:29:10";"S";"24899123000174";"INSTITUTO FRANCA DE PESQUISAS LTDA";"INSTITUTO FRANCA DE PESQUISA PESQUISA E ASSESSORIA";"Governador, Senador, Deputado Federal, Deputado Estadual";"2026-03-16 00:00:00";"2026-03-18 00:00:00";"2026-03-18 00:00:00";1224;"10682";"Aldine Andréa Oliveira de Sousa Cabral";"10000,00";"Pesquisa com metodologia quantitativa, com a realização de entrevistas individuais de forma presencial utilizando questionário estruturado junto a uma amostra representativa do eleitorado de SERGIPE. OBS: a) Pesquisa realizada por iniciativa do Instituto França, com o objetivo de divulgação do trabalho da empresa e estratégia de marketing; b) O valor declarado é referente à estimativa de custos operacionais para a realização da pesquisa; c) De acordo com a legislação vigente, não é obrigatório emitir/anexar NF; d) Os recursos para a realização dessa pesquisa são oriundos do próprio caixa da empresa;";"O público pesquisado é composto por eleitores de 16 anos ou mais residentes na área de abrangência da pesquisa. Para produzir uma amostra representativa desse público-alvo, utilizamos um desenho amostral por conglomerados que prevê três estágios. No primeiro estágio, é feito um sorteio probabilístico de municípios para comporem a amostra por meio do método PPT (Probabilidade Proporcional ao Tamanho) a partir de suas populações votantes acima de 16 anos. Dentro da lista de municípios sorteados, no segundo estágio, é realizado um sorteio probabilístico por meio do método PPT (Probabilidade Proporcional ao Tamanho) de localidades a serem visitadas pelos entrevistadores, sorteio que tem como base o total de habitantes residentes nos setores de acordo com dados do Censo de 2022. Finalmente, dentro da lista de setores censitários sorteados, no último estágio são selecionados domicílios e pessoas a serem entrevistadas utilizando-se cotas amostrais para as seguintes variáveis: sexo, idade, renda familiar e escolaridade. A representatividade do eleitorado foi obtida por meio de dados fornecidos pelo TSE. As categorias demográficas foram estratificadas da seguinte forma: Sexo (Masculino 46,76% e Feminino: 53,24%); Faixa Etária: 15 anos (F = 0,03% M = 0,03%) 16 anos (F = 0,18% M = 0,18%) 17 anos (F = 0,70% M = 0,75%) 18 anos (F = 1,31% M = 1,54%) 19 anos (F = 1,62% M = 1,86%), 20 anos (F = 1,75% M = 1,95%), 21 a 24 anos (F = 7,22% M = 7,89%), 25 a 29 anos (F = 10,36% M = 10,86%), 30 a 34 anos (F = 10,15% M = 10,32%), 35 a 39 anos (F = 10,24% M = 10,29%), 40 a 44 anos (F = 10,41% M = 10,48%), 45 a 49 anos (F = 9,59% M = 9,54%), 50 a 54 anos (F = 8,29% M = 8,21%), 55 a 59 anos (F = 7,54% M = 7,37%), 60 a 64 anos (F = 6,35% M = 6,11%), 65 a 69 anos (F = 4,82% M = 4,54%), 70 a 74 anos (F = 3,73% M = 3,35%), 75 a 79 anos (F = 2,69% M = 2,34%), 80 a 84 anos (F = 1,69% M = 1,38%), 85 a 89 anos (F = 0,87% M = 0,66%), 90 a 94 anos (F = 0,35% M = 0,25%), 95 a 99 anos (F = 0,10% M = 0,08%), 100 anos ou mais (F = 0,03% M = 0,03%); Grau de Instrução: Analfabeto (F = 4,65% M = 5,61%), Lê E Escreve (F = 8,30% M = 9,98%), Ensino Fundamental Incompleto (F = 25,92% M = 30,48%), Ensino Fundamental Completo (F = 4,03% M = 4,33%), Ensino Médio Incompleto (F = 18,55% M = 18,72%), Ensino Médio Completo (F = 23,83% M = 20,19%); Superior Incompleto (F = 5,48% M = 5,02%), Superior Completo (F= 9,24% M = 5,67%). Para a variável Nível Econômico: SEM RENDA ATÉ 1 SALÁRIO-MÍNIMO 31,37%, MAIS DE 1 ATÉ 5 SALÁRIOS MÍNIMOS 53,67%, MAIS DE 5 ATÉ 10 SALÁRIOS MÍNIMOS 8,74%, MAIS DE 10 SALÁRIOS MÍNIMOS 6,22%. O número de entrevistas foi estabelecido em uma amostragem aleatória simples com nível estimado de 95% de confiança o que significa, a cada 100 pesquisas realizadas utilizando a mesma metodologia, espera-se que 95% tenham resultados dentro da margem de erro; e uma margem de erro estimada de 2,8 pontos percentuais para mais ou para menos. Está prevista uma eventual ponderação para correção das variáveis apresentadas, caso aconteçam diferenças superiores a 3% entre o previsto na amostra e a coleta de dados, no que pese serem estas variáveis de seleção e abordagem dos entrevistados. A amostra de Sexo, Faixa Etária, Grau de Instrução e Nível Econômico, foram definidas nas fontes oficiais de dados pela: base de dados do Tribunal Superior Eleitoral - TSE, a base de dados do Instituto Brasileiro de Geografia e Estatística - IBGE e a base de dados do Instituto França.";"As entrevistas serão realizadas por equipes de entrevistadores devidamente qualificadas, com experiência e treinamento em pesquisa de opinião pública. Após a realização da coleta de dados, as entrevistas junto aos respondentes são checadas por meio de procedimentos de consistência em tempo real. Adicionalmente, ao longo dos trabalhos de campo, é realizada uma fiscalização in loco para adequação dos entrevistados aos parâmetros amostrais.";"A área de abrangência da coleta é o estado de SERGIPE. Dados relativos aos municípios e bairros abrangidos pela pesquisa. Na ausência de delimitação do bairro, será identificada a área em que foi realizada a pesquisa(conforme §7º. do art. 2º. da Resolução-TSE nº. 23.600/2019, A partir do dia em que a pesquisa puder ser divulgada e até o dia seguinte, o registro deverá ser complementado, sob pena de ser a pesquisa considerada não registrada; na ausência de delimitação do bairro, será identificada a área em que foi realizada):"
"21/07/2026";"05:46:28";2026;81;"Eleições Gerais 2026";"SE";"SE";"SERGIPE";"SE096042026";"2026-02-06 19:48:58";"N";"24899123000174";"INSTITUTO FRANCA DE PESQUISAS LTDA";"INSTITUTO FRANCA DE PESQUISA PESQUISA E ASSESSORIA";"Governador, Senador";"2026-02-03 00:00:00";"2026-02-07 00:00:00";"2026-02-12 00:00:00";1800;"10682";"Aldine Andréa Oliveira de Sousa Cabral";"15000,00";"Pesquisa com metodologia quantitativa, com a realização de entrevistas individuais de forma presencial utilizando questionário estruturado junto a uma amostra representativa do eleitorado de SERGIPE.";"A representatividade do eleitorado foi obtida por meio de dados fornecidos pelo TSE. Nesse processo, setores censitários foram sorteados com probabilidade proporcional ao tamanho da população residente, composta por pessoas com 16 anos ou mais. Em seguida, foi selecionado um número fixo de participantes, seguindo quotas amostrais proporcionais para variáveis significativas. As categorias demográficas foram estratificadas da seguinte forma: 

Sexo (Masculino 46,74% e Feminino: 53,26%); 
Faixa Etária: 15 anos (F = 0,02% M = 0,03%) 16 anos (F = 0,14% M = 0,15%) 17 anos (F = 0,70% M = 0,76%) 18 anos (F = 1,29% M = 1,52%) 19 anos (F = 1,62% M = 1,86%), 20 anos (F = 1,76% M = 1,96%), 21 a 24 anos (F = 7,23% M = 7,89%), 25 a 29 anos (F = 10,39% M = 10,89%), 30 a 34 anos (F = 10,15% M = 10,32%), 35 a 39 anos (F = 10,28% M = 10,32%), 40 a 44 anos (F = 10,43% M = 10,49%), 45 a 49 anos (F = 9,59% M = 9,53%), 50 a 54 anos (F = 8,28% M = 8,21%), 55 a 59 anos (F = 7,54% M = 7,37%), 60 a 64 anos (F = 6,34% M = 6,10%), 65 a 69 anos (F = 4,81% M = 4,53%), 70 a 74 anos (F = 3,73% M = 3,35%), 75 a 79 anos (F = 2,68% M = 2,33%), 80 a 84 anos (F = 1,69% M = 1,38%), 85 a 89 anos (F = 0,87% M = 0,66%), 90 a 94 anos 
(F = 0,34% M = 0,24%), 95 a 99 anos (F = 0,10% M = 0,08%), 100 anos ou mais (F = 0,03% M = 0,03%);



Grau de Instrução: Analfabeto (F = 4,67% M = 5,63%), Lê E Escreve (F = 8,33% M = 10,02%), Ensino Fundamental Incompleto (F = 25,97% M = 30,52%), Ensino Fundamental Completo (F = 23,78% M = 4,34%), Ensino Médio Incompleto (F = 18,52% M = 18,67%), Ensino Médio Completo (F = 25,04% M = 20,15%); Superior Incompleto (F = 5,47% M = 5,02%), Superior Completo (F= 9,24% M = 5,67%).

 Para a variável Nível Econômico: SEM RENDA ATÉ 1 SALÁRIO MÍNIMO 31,37%, MAIS DE 1 ATÉ 2 SALÁRIOS MÍNIMOS 27,54%, MAIS DE 2 ATÉ 5 SALÁRIOS MÍNIMOS 26,13%, MAIS DE 5 ATÉ 10 SALÁRIOS MÍNIMOS 8,74%, MAIS DE 10 ATÉ 20 SALÁRIOS MÍNIMOS 4,02%, MAIS DE 20 SALÁRIOS MÍNIMOS 2,20%.

O número de entrevistas foi estabelecido em uma amostragem aleatória simples com nível estimado de 95% de confiança o que significa, a cada 100 pesquisas realizadas utilizando a mesma metodologia, espera-se que 95% tenham resultados dentro da margem de erro; e uma margem de erro estimada de 4,0 pontos percentuais para mais ou para menos. Está prevista uma eventual ponderação para correção das variáveis apresentadas, caso aconteçam diferenças superiores a 3% entre o previsto na amostra e a coleta de dados, no que pese serem estas variáveis de seleção e abordagem dos entrevistados. A amostra de Sexo, Faixa Etária, Grau de Instrução e Nível Econômico, foram definidas nas fontes oficiais de dados pela: base de dados do Tribunal Superior Eleitoral - TSE, a base de dados do Instituto Brasileiro de Geografia e Estatística - IBGE e a base de dados do Instituto França.";"As entrevistas serão realizadas por uma equipe de entrevistadores e supervisores devidamente qualificada pelo Instituto França de Pesquisas, com experiência e treinamento em pesquisas de opinião pública. No decorrer do trabalho de coleta de dados, os questionários aplicados, serão auditados em tempo real pelos supervisores, para verificação quanto ao cuidado na sua aplicação.";"A área de abrangência da coleta é o estado de SERGIPE. As localidades selecionadas na amostra são: 
ARACAJU;	
NOSSA SENHORA DO SOCORRO;	
LAGARTO;
ITABAIANA;
SÃO CRISTÓVÃO;	
ESTÂNCIA;	
TOBIAS BARRETO;	
SIMÃO DIAS;	
ITABAIANINHA;
BARRA DOS COQUEIROS;	
ITAPORANGA D'AJUDA;	
NOSSA SENHORA DA GLÓRIA	;
CAPELA;	
PORTO DA FOLHA;	
CANINDÉ DE SÃO FRANCISCO;	
POÇO REDONDO;	
LARANJEIRAS;	
BOQUIM;	
NOSSA SENHORA DAS DORES;
PROPRIÁ;
POÇO VERDE;
UMBAÚBA;	
SALGADO;	
RIACHÃO DO DANTAS	;
AQUIDABÃ;
CARIRA;
CAMPO DO BRITO;
AREIA BRANCA;	
JAPARATUBA;	
CRISTINÁPOLIS;
RIBEIRÓPOLIS;
NEÓPOLIS;	
INDIAROBA;
FREI PAULO;	
CARMÓPOLIS;
JAPOATÃ;

Dados relativos aos municípios e bairros abrangidos pela pesquisa. Na ausência de delimitação do bairro, será identificada a área em que foi realizada a pesquisa(conforme §7º. do art. 2º. da Resolução-TSE nº. 23.600/2019, A partir do dia em que a pesquisa puder ser divulgada e até o dia seguinte, o registro deverá ser complementado, sob pena de ser a pesquisa considerada não registrada; na ausência de delimitação do bairro, será identificada a área em que foi realizada):
"
"21/07/2026";"05:46:28";2026;81;"Eleições Gerais 2026";"SE";"SE";"SERGIPE";"SE056882026";"2026-03-13 08:18:05";"S";"35851783000100";"ECM - EDICAO, COMUNICACAO & MARKETING LTDA";"ECM-PESQUISAS";"Governador, Senador, Deputado Federal, Deputado Estadual, Deputado Distrital";"2026-03-16 00:00:00";"2026-03-20 00:00:00";"2026-03-19 00:00:00";1200;"11003";"Flávio Ferreira da Conceição";"12000,00";"Pesquisa científica quantitativa, amostral, do tipo Survey, consistindo em entrevistas pessoais domiciliares, com aplicação de questionário estruturado junto a uma amostra representativa, com distribuição proporcional ao tamanho da população dos municípios de Sergipe.";"A pesquisa é fundamentada em princípios da Teoria da Amostragem, através das Amostras Probabilísticas e Não Probabilísticas, por quotas/PPT/Estratificada/por conglomerados. O representativo do eleitorado foi obtido por meio de dados fornecidos pelo TSE, atualizados em fevereiro de 2026. Nesse procedimento, setores censitários foram sorteados com probabilidade proporcional ao tamanho da população residente, formada por pessoas com 16 anos ou mais. Posteriormente, foi selecionado um número fixo de participantes, seguindo quotas amostrais proporcionais para variáveis significativas. As categorias demográficas foram estratificadas e os percentuais apresentados a seguir são em relação ao valor total. GÊNERO: FEMININO (53,24%); MASCULINO (46,76%). FAIXA ETÁRIA FEMININO: 16 anos (0,18%); 17 anos (0,70%); 18 anos (1,31%); 19 anos (1,62%); 20 anos (1,75%); 21 a 24 anos (7,22%); 25 a 29 anos (10,36%); 30 a 34 anos (10,15%); 35 a 39 anos (10,24%); 40 a 44 anos (10,41%); 45 a 49 anos (9,59%); 50 a 54 anos (8,29%); 55 a 59 anos (7,54%); 60 a 64 anos (6,35%); 65 a 69 anos (4,82%); 70 a 74 anos (3,73%); 75 a 79 anos (2,69%); 80 a 84 anos (1,69%); 85 a 89 anos (0,87%); 90 a 94 anos (0,35%); 95 a 99 anos (0,10%); 100 anos ou mais (0,03%). FAIXA ETÁRIA MASCULINO: 16 anos (0,18%); 17 anos (0,75%); 18 anos (1,54%); 19 anos (1,86%); 20 anos (1,95%);21 a 24 anos (7,89%); 25 a 29 anos (10,86%); 30 a 34 anos (10,32%); 35 a 39 anos (10,29%); 40 a 44 anos (10,48%); 45 a 49 anos (9,54%); 50 a 54 anos (8,21%); 55 a 59 anos (7,37%); 60 a 64 anos (6,11%); 65 a 69 anos (4,54%); 70 a 74 anos (3,35%); 75 a 79 anos (2,34%); 80 a 84 anos (1,38%); 85 a 89 anos (0,66%); 90 a 94 anos (0,25%); 95 a 99 anos (0,08%); 100 anos ou mais (0,03%). GRAU DE INSTRUÇÃO FEMININO:  Analfabeto(4,65%); Ensino Fundamental Completo (4,03%); Ensino Fundamental Incompleto (25,92%); Ensino Médio Completo (23,83%); Ensino Médio Incompleto (18,55%); Lê e Escreve (8,30%); Superior Completo (9,24%); Superior Incompleto (5,48%). GRAU DE INSTRUÇÃO MASCULINO: Analfabeto (5,61%); Ensino Fundamental Completo(4,33%); Ensino Fundamental Incompleto (30,48%); Ensino Médio Completo(20,19%); Ensino Médio Incompleto (18,72%); Lê e Escreve(9,98%); Superior Completo(5,67%); Superior Incompleto(5,02%). Nível Econômico: Sem rendimento (5,03%); até 1 salário mínimo (72,37%); Mais de 1 a 2 salários mínimos (12,37%); Mais de 2 a 3 salários mínimos (3,89%); Mais de 3 a 5 salários mínimos (3,30%); Mais de 5 a 10 salários mínimos (2,25%); Mais de 10 salários mínimos (0,80%). Dados obtidos para nível econômico: https://sidra.ibge.gov.br/Tabela/1385#resultado. A amostra a ser aplicada é de tamanho 1.200 (Mil e duzentos). O nível de confiança é de 95% e a margem de erro máxima estimada considerando um modelo de amostragem aleatório simples, é de 2,83 pontos percentuais para mais ou para menos sobre os resultados encontrados no total da amostra. FONTE DOS DADOS: TSE 2026, CENSO 2010, CENSO 2022. ";"A pesquisa é realizada por entrevistadores, supervisor e estatístico. Os entrevistadores são devidamente treinados para conduzir as entrevistas de uma forma clara e imparcial. O supervisor desempenha o papel de garantir que a coleta dos dados seja feita de forma precisa e ética, além disso, incorporamos o acompanhamento da coleta on-line. Após os trabalhos de campo, os aplicativos de coleta dos dados são submetidos a uma fiscalização pelo supervisor e pelo estatístico, de cerca de 20% (vinte por cento) dos questionários aplicados pelos entrevistadores, para verificação das respostas. Findo esse processo os questionários vão para a organização do banco de dados em software estatístico a fim de que se prepare o relatório final de resultados para divulgação";"Pesquisa realizada nos municípios do estado de Sergipe: Aracaju, Nossa Senhora do Socorro, Lagarto, Itabaiana, São Cristóvão, Estância, Tobias Barreto, Simão Dias, Itabaianinha, Barra dos Coqueiros, Nossa Senhora da Glória, Itaporanga D'ajuda, Capela, Porto da Folha, Canindé de São Francisco, Poço Redondo, Laranjeiras, Boquim, Nossa Senhora das Dores, Propriá."
"21/07/2026";"05:46:28";2026;81;"Eleições Gerais 2026";"SE";"SE";"SERGIPE";"SE037932026";"2026-06-26 15:26:24";"N";"60391301000115";"POSITIVA PESQUISAS LTDA";"POSITIVA PESQUISAS";"Governador, Senador, Deputado Federal, Deputado Estadual";"2026-06-27 00:00:00";"2026-06-30 00:00:00";"2026-07-02 00:00:00";1000;"8855";"Danilo Messias Nascimento e Santos";"20000,00";"O presente estudo utiliza uma abordagem quantitativa do tipo pesquisa de opinião (Survey), operacionalizada por meio de entrevistas individuais, diretas e pessoais (face a face). A coleta de dados ocorre em domicílios selecionados de forma não sequencial, seguindo um roteiro estruturado de perguntas pré-definidas. O público-alvo compreende uma amostra fidedigna do eleitorado do Estado de Sergipe, abrangendo tanto as zonas urbanas quanto as rurais, com um total de 1.000 questionários aplicados. Ressalta-se que a coleta exclui pontos de fluxo público, como feiras livres ou áreas de grande circulação de pedestres, garantindo o rigor do ambiente domiciliar.";"A arquitetura da amostra baseia-se no universo de eleitores aptos no Estado de Sergipe circunscrito aos municípios que compõem o escopo do plano de trabalho. A distribuição foi planejada proporcionalmente entre as regiões geográficas estruturadas na base de dados, cruzando variáveis de gênero, idade, escolaridade e poder aquisitivo. O estudo possui 95% de nível de confiança e uma margem de erro máxima de 3,10 pontos percentuais, para mais ou para menos.
Para o cálculo das quotas, utilizaram-se os dados oficiais do TSE (Perfil do Eleitorado) anexados e as atualizações demográficas do IBGE. A amostragem é realizada por cotas proporcionais, com a seguinte estratificação:
1. Perfil do Eleitorado (Composição de Gênero e Idade)
¿	Segmento Masculino (49,68%): 16/17 anos (1,45%); 18 a 24 anos (6,93%); 25 a 34 anos (11,41%); 35 a 44 anos (9,96%); 45 a 59 anos (11,54%) e 60 anos ou mais (8,39%).
¿	Segmento Feminino (50,32%): 16/17 anos (1,40%); 18 a 24 anos (6,86%); 25 a 34 anos (10,98%); 35 a 44 anos (10,24%); 45 a 59 anos (11,46%) e 60 anos ou mais (9,38%).
2. Escolaridade e Renda (Padrão Coletado)
As quotas de instrução e rendimento seguem o cruzamento analítico TSE/PNAD Contínua (IBGE):
¿	Instrução: Analfabetos/Fundamental Incompleto; Fundamental Completo/Médio Incompleto; Médio Completo/Superior Incompleto e Superior Completo.
¿	Renda Familiar Mensal: Sem rendimentos até 0,5 SM; 0,5 a 1 SM; 1 a 3 SM; 3 a 5 SM; e acima de 5 SM.
Ponderação e Validação Estatística
A metodologia prevê ajustes estatísticos (ponderação) para sexo e idade caso o desvio entre a coleta e a amostra planejada supere 3 pontos percentuais. Para escolaridade e renda, o fator é unitário (1), visto que a proporcionalidade regional e municipal já se encontra resguardada pela distribuição rigorosa das cotas geográficas internas.
FONTES DOS DADOS: IBGE (Projeções Populacionais e PNAD Contínua) e TSE (Perfil do Eleitorado).
";"A integridade da coleta é assegurada por um sistema rigoroso de controle interno. Supervisores realizam a conferência imediata dos formulários para eliminar inconsistências, rasuras ou erros de preenchimento em questões de escolha única ou múltipla, monitorando o cumprimento das quotas por setor e indivíduo. A fiscalização garante o alinhamento aos padrões éticos do Código Internacional ICC/ESOMAR. O processamento dos dados é efetuado via software de análise quantitativa, utilizando o método de dupla entrada para mitigar falhas de digitação.";"Em conformidade com as diretrizes de transparência e resoluções vigentes do TSE, o levantamento estatístico distribui as 1.000 amostras proporcionalmente pelo território de Sergipe, respeitando rigorosamente a divisão e peso do eleitorado de cada município dentro de sua respectiva região:
¿	Grande Aracaju (Amostra Região): Aracaju, Nossa Senhora do Socorro, São Cristóvão.
¿	Centro Sul (Amostra Região): Lagarto, Tobias Barreto, Simão Dias.
¿	Região Sul (Amostra Região): Estância, Itabaianinha, Itaporanga d'Ajuda, Boquim, Umbaúba.
¿	Agreste Sergipano (Amostra Região): Itabaiana, Carira , Ribeirópolis, Campo do Brito.
¿	Sertão Sergipano (Amostra Região): Nossa Senhora da Glória, Canindé de São Francisco, Porto da Folha, Nossa Senhora das Dores, Graccho Cardoso.
¿	Vale do Cotinguiba (Amostra Região): Capela, Laranjeiras, Japaratuba, Maruim.
¿	Baixo do São Francisco (Amostra Região): Propriá, Neópolis, Pacatuba, Japoatã.
"
"21/07/2026";"05:46:28";2026;81;"Eleições Gerais 2026";"SE";"SE";"SERGIPE";"SE014502026";"2026-06-10 15:40:12";"N";"63828179000190";"VISAO PESQUISAS E SERVICOS LTDA";"VISAO PESQUISAS";"Governador, Senador";"2026-06-10 00:00:00";"2026-06-13 00:00:00";"2026-06-16 00:00:00";1050;"8.855";"DANILO MESSIAS NASCIMENTO E SANTOS";"24000,00";"Pesquisa com metodologia quantitativa (Survey), com a realização de entrevistas
individuais face a face (em domicílios, áreas de fluxo e ambiente de trabalho) não
sequenciais utilizando questionário pré-estabelecido estruturado junto a uma amostra
representativa do eleitorado urbano e rural do Estado de Sergipe. O estudo tem como
principal objetivo avaliar o cenário político / eleitoral na área em estudo.
";"A definição da amostra foi estabelecida a partir da população de interesse correspondente
ao total de eleitores do Estado de Sergipe, distribuídos proporcionalmente por regiões
geográficas (AGRESTE CENTRAL, ALTO SERTÃO, BAIXO SÃO FRANCISCO, CENTRO SUL,
GRANDE ARACAJU, LESTE SERGIPANO, MÉDIO SERTÃO SERGIPANO e SUL SERGIPANO),
sexo, faixa etária, escolaridade e renda. A partir de dados agregados do TSE (Perfil do
Eleitorado FEV 2026) e projeções populacionais do IBGE (Censo 2022 e Projeções 2026), foi
possível calcular as quotas de cada estrato. A amostra de 1.050 eleitores foi obtida
considerando a técnica de amostragem por quotas proporcionais. No corte por sexo,
obtemos o seguinte eleitorado: FEMININO (53,24%); MASCULINO (46,76%), subdivididos
nas seguintes faixas etárias: FAIXA ETÁRIA FEMININO: 16 anos (0,18%); 17 anos (0,70%); 18
anos (1,31%); 19 anos (1,62%); 20 anos (1,75%); 21 a 24 anos (7,22%); 25 a 29 anos
(10,36%); 30 a 34 anos (10,15%); 35 a 39 anos (10,24%); 40 a 44 anos (10,41%); 45 a 49 anos
(9,59%); 50 a 54 anos (8,29%); 55 a 59 anos (7,54%); 60 a 64 anos (6,35%); 65 a 69 anos
(4,82%); 70 a 74 anos (3,73%); 75 a 79 anos (2,69%); 80 a 84 anos (1,69%); 85 a 89 anos
(0,87%); 90 a 94 anos (0,35%); 95 a 99 anos (0,10%); 100 anos ou mais (0,03%). FAIXA
ETÁRIA MASCULINO: 16 anos (0,18%); 17 anos (0,75%); 18 anos (1,54%); 19 anos (1,86%);
20 anos (1,95%);21 a 24 anos (7,89%); 25 a 29 anos (10,86%); 30 a 34 anos (10,32%); 35 a
39 anos (10,29%); 40 a 44 anos (10,48%); 45 a 49 anos (9,54%); 50 a 54 anos (8,21%); 55 a
59 anos (7,37%); 60 a 64 anos (6,11%); 65 a 69 anos (4,54%); 70 a 74 anos (3,35%); 75 a 79
anos (2,34%); 80 a 84 anos (1,38%); 85 a 89 anos (0,66%); 90 a 94 anos (0,25%); 95 a 99
anos (0,08%); 100 anos ou mais (0,03%). GRAU DE INSTRUÇÃO FEMININO: Analfabeto
(4,65%); Ensino Fundamental Completo (4,03%); Ensino Fundamental Incompleto
(25,92%); Ensino Médio Completo (23,83%); Ensino Médio Incompleto (18,55%); Lê e
Escreve (8,30%); Superior Completo (9,24%); Superior Incompleto (5,48%). GRAU DE
INSTRUÇÃO MASCULINO: Analfabeto (5,61%); Ensino Fundamental Completo (4,33%);
Ensino Fundamental Incompleto (30,48%); Ensino Médio Completo (20,19%); Ensino Médio
Incompleto (18,72%); Lê e Escreve (9,98%); Superior Completo (5,67%); Superior
Incompleto (5,02%). Nível Econômico: Sem rendimento (5,03%); até 1 salário mínimo
(72,37%); Mais de 1 a 2 salários mínimos (12,37%); Mais de 2 a 3 salários mínimos (3,89%);
Mais de 3 a 5 salários mínimos (3,30%); Mais de 5 a 10 salários mínimos (2,25%); Mais de
10 salários mínimos (0,80%). Ponderação: Está prevista eventual ponderação para
correção das variáveis sexo e idade, caso ocorram diferenças superiores a 3 pontos
percentuais entre o previsto na amostra e a coleta realizada. Para as variáveis de instrução
e nível econômico, o fator de ponderação previsto é 1 (um), dado que a amostragem por
quotas já garante a representatividade proporcional às regiões do Estado. Intervalo de
Confiança e Margem de Erro: O nível de confiança estimado é de 95% e a margem de erro
máxima estimada, considerando um modelo de amostragem aleatória simples, é de 3
pontos percentuais para mais ou para menos sobre os resultados totais da amostra.
FONTES DOS DADOS: 1. IBGE: Projeções Populacionais 2026 e PNAD Contínua
(https://cidades.ibge.gov.br/brasil/se/panorama). 2. TSE: Perfil do Eleitorado de Sergipe
Janeiro/Fevereiro 2026 (https://sig.tse.jus.br/ords/dwapr/r/seai/sig-eleicao-eleitorado).";"Utiliza-se uma equipe de entrevistadores e supervisores contratados pelo instituto
devidamente treinados para o trabalho. Durante o trabalho de campo é feito
acompanhamento para checagem e revisão de 100% (cem por cento) dos questionários
aplicados por cada pesquisador. Desse modo, cada equipe de até 04 (quatro)
pesquisadores é acompanhada por um Supervisor, que além de realizar a checagem,
verifica em campo o andamento dos trabalhos, recolhendo questionários, orientando,
validando e tirando dúvidas para verificação das respostas e da adequação dos
entrevistados aos parâmetros amostrais. Após concluído o trabalho de campo, já nos
escritórios da empresa, os questionários são revisados e criticados. Se necessário, e
quando possível, as informações coletadas poderão ser checadas com os respondentes.
Findo esse processo os questionários vão para a digitação e tabulação em software
estatístico. A fim de que se prepare o relatório final de resultados para divulgação.
";"#NULO#"
"21/07/2026";"05:46:28";2026;81;"Eleições Gerais 2026";"SE";"SE";"SERGIPE";"SE007542026";"2026-04-23 19:10:13";"N";"27125221000142";"JR COMUNICACOES, SERVICOS E PESQUISAS LTDA";"JR COMUNICACOES, SERVICOS E PESQUISAS";"Governador, Senador";"2026-04-23 00:00:00";"2026-04-27 00:00:00";"2026-04-29 00:00:00";1312;"11003";"Flávio Ferreira da Conceição";"18000,00";"Pesquisa quantitativa, de natureza amostral, representativa do eleitorado do Estado de Sergipe, realizada por meio de 1.312 entrevistas pessoais aplicadas em domicílio, com distribuição proporcional ao tamanho da população. Foi utilizado questionário estruturado junto a uma amostra representativa do eleitorado em estudo. A pesquisa foi realizada com custo reduzido, visando na divulgação do trabalho desenvolvido pela JR Comunicações, Serviços e Pesquisas.";"Representativo do eleitorado de 31 municípios do Estado de Sergipe, a partir dos dados fornecidos pelo TSE, atualizado em fevereiro de 2026, onde as entrevistas serão realizadas pelo método PPT (Probabilidade Proporcional ao Tamanho), tomando a população a partir 16anos residente nos municípios do estado como base para tal seleção, dentro dos municípios, os respondentes são selecionados através de cotas amostrais proporcionais em função de variáveis: sexo, faixa etária, grau de instrução e nível econômico; Gênero: Feminino (53,24%); Masculino (46,76%). Faixa Etária Feminino: 16 anos (0,18%); 17 anos (0,70%); 18 anos (1,31%); 19 anos (1,62%); 20 anos (1,75%); 21 a 24 anos (7,22%); 25 a 29 anos (10,36%); 30 a 34 anos (10,15%); 35 a 39 anos (10,24%); 40 a 44 anos (10,41%); 45 a 49 anos (9,59%); 50 a 54 anos (8,29%); 55 a 59 anos (7,54%); 60 a 64 anos (6,35%); 65 a 69 anos (4,82%); 70 a 74 anos (3,73%); 75 a 79 anos (2,69%); 80 a 84 anos (1,69%); 85 a 89 anos (0,87%); 90 a 94 anos (0,35%); 95 a 99 anos (0,10%); 100 anos ou mais (0,03%). Faixa Etária Masculino: 16 anos (0,18%); 17 anos (0,75%); 18 anos (1,54%); 19 anos (1,86%); 20 anos (1,95%);21 a 24 anos (7,89%); 25 a 29 anos (10,86%); 30 a 34 anos (10,32%); 35 a 39 anos (10,29%); 40 a 44 anos (10,48%); 45 a 49 anos (9,54%); 50 a 54 anos (8,21%); 55 a 59 anos (7,37%); 60 a 64 anos (6,11%); 65 a 69 anos (4,54%); 70 a 74 anos (3,35%); 75 a 79 anos (2,34%); 80 a 84 anos (1,38%); 85 a 89 anos (0,66%); 90 a 94 anos (0,25%); 95 a 99 anos (0,08%); 100 anos ou mais (0,03%). Grau de Instrução Feminino: Analfabeto (4,65%); Ensino Fundamental Completo (4,03%); Ensino Fundamental Incompleto (25,92%); Ensino Médio Completo (23,83%); Ensino Médio Incompleto (18,55%); Lê e Escreve (8,30%); Superior Completo (9,24%); Superior Incompleto (5,48%). Grau de Instrução Masculino: Analfabeto (5,61%); Ensino Fundamental Completo (4,33%); Ensino Fundamental Incompleto (30,48%); Ensino Médio Completo (20,19%); Ensino Médio Incompleto (18,72%); Lê e Escreve (9,98%); Superior Completo (5,67%); Superior Incompleto (5,02%). Sem rendimento até 1 salário-mínimo 77,40% (Feminino 41,21%, Masculino 36,19%); Mais de 1 até 2 salários-mínimos 12,37% (Feminino 6,59%, Masculino 5,78%); Mais de 2 até 3 salários-mínimos 3,89%  (Feminino 2,07%, Masculino 1,82%); Mais de 3 até 5 salários-mínimos 3,30% (Feminino 1,76%, Masculino 1,54%); Mais de 5 até 10 salários-mínimos 2,25% (Feminino 1,20%, Masculino 1,05%); Mais de 10 salários-mínimos 0,80% (Feminino 0,43%, Masculino 0,37%); Dados obtidos pelo nível econômico: https://sidra.ibge.gov.br/Tabela/1385#resultado. A amostra a ser aplicada é de tamanho 1.312 para universo de 1.366.110 eleitores. O nível de confiança é de 95% e a margem de erro máxima estimada considerando um modelo de amostragem aleatório simples, é de 2,7 pontos percentuais para mais ou para menos sobre os resultados encontrados no total da amostra. FONTE DOS DADOS: TSE 2026, CENSO 2010, CENSO 2022.";"Para realização da pesquisa contamos com equipes de entrevistadores, supervisores e estatístico contratados pelo JR Comunicações, Serviços e Pesquisas, devidamente treinados e capacitados para a realização do trabalho. Além disso, incorporamos o acompanhamento da coleta on-line junto com o estatístico e os supervisores verificam e fiscalizam se as entrevistas estão sendo realizadas de acordo com os preceitos éticos que regem a prática de investigação social e de mercado (Código Internacional ICC/ESOMAR), desempenhando um papel crucial na fiscalização e orientação do trabalho de campo, garantindo a precisão das respostas e a conformidade dos entrevistados com os parâmetros amostrais estabelecidos. Essa abordagem rigorosa tem como objetivo manter a integridade dos dados coletados e assegurar a validade e confiabilidade dos resultados da pesquisa.";"Locais: Areia Branca, Campo do Brito, Itabaiana, Nossa Senhora das Dores, Ribeirópolis, Canindé de São Francisco, Nossa Senhora da Glória, Poço Redondo, Porto da Folha, Aquidabã, Propriá, Neópolis, Boquim, Estância, Itabaianinha, Poço Verde, Salgado, Umbaúba, Lagarto, Riachão do Dantas, Simão Dias, Tobias Barreto, Aracaju, Barra dos Coqueiros, Itaporanga d'Ajuda, Laranjeiras, Nossa Senhora do Socorro, São Cristóvão, Capela, Japaratuba e Carira."
"21/07/2026";"05:46:28";2026;81;"Eleições Gerais 2026";"SE";"SE";"SERGIPE";"SE069572026";"2026-06-30 22:17:14";"N";"24899123000174";"INSTITUTO FRANCA DE PESQUISAS LTDA";"INSTITUTO FRANCA DE PESQUISA PESQUISA E ASSESSORIA";"Governador, Senador, Deputado Federal, Deputado Estadual";"2026-06-30 00:00:00";"2026-07-02 00:00:00";"2026-07-06 00:00:00";1116;"10682";"Aldine Andrea Oliveira de Sousa Cabral";"30000,00";"Pesquisa com metodologia quantitativa, com a realização de entrevistas individuais de forma presencial utilizando questionário estruturado junto a uma amostra representativa do eleitorado SERGIPE.";"A representatividade do eleitorado foi obtida por meio de dados fornecidos pelo TSE. Nesse processo, setores censitários foram sorteados com probabilidade proporcional ao tamanho da população residente, composta por pessoas com 16 anos ou mais. Em seguida, foi selecionado um número fixo de participantes, seguindo quotas amostrais proporcionais para variáveis significativas. As categorias demográficas foram estratificadas da seguinte forma: 

Sexo (Masculino 46,80 % e Feminino: 53,20%); 
Faixa Etária:16 anos (F = 0,62% M = 0,63%) 17 anos (F = 1,04% M = 1,09%) 18 anos (F = 1,45% M = 1,64%) 19 anos (F = 1,63% M = 1,86%), 20 anos (F = 1,74% M = 1,96%), 21 a 24 anos (F = 7,12% M = 7,78%), 25 a 29 anos (F = 10,14% M = 10,63%), 30 a 34 anos (F = 10,07% M = 10,27%), 35 a 39 anos (F = 10,00% M = 10,07%), 40 a 44 anos (F = 10,30% M = 10,38%), 45 a 49 anos (F = 9,54% M = 9,48%), 50 a 54 anos (F = 8,23% M = 8,14%), 55 a 59 anos (F = 7,44% M = 7,29%), 60 a 64 anos (F = 6,34% M = 6,10%), 65 a 69 anos (F = 4,79% M = 4,52%), 70 a 74 anos (F = 3,70% M = 3,32%), 75 a 79 anos (F = 2,67% M = 2,31%), 80 a 84 anos (F = 1,70% M = 1,39%), 85 a 89 anos (F = 0,86% M = 0,65%), 90 a 94 anos  (F = 0,36% M = 0,25%), 95 a 99 anos (F = 0,10% M = 0,08%) , 100 anos ou mais (F = 0,03% M = 0,03%);



Grau de Instrução: Analfabeto (F = 4,57% M = 5,52%), Lê E Escreve (F = 8,11% M = 9,76%), Ensino Fundamental Incompleto (F = 25,53% M = 30,13%),Ensino Fundamental Completo (F = 3,97% M = 4,28%), Ensino Médio Incompleto (F = 19,22% M = 19,44%), Ensino Médio Completo (F = 23,88% M = 20,20%); Superior Incompleto (F = 5,50% M = 5,01%), Superior Completo ( F= 9,22% M = 5,66%).

 Para a variável Nível Econômico: SEM RENDA ATÉ 1 SALÁRIO MÍNIMO 31,37%, MAIS DE 1 ATÉ 2 SALÁRIOS MÍNIMOS 27,54%, MAIS DE 2 ATÉ 5 SALÁRIOS MÍNIMOS 26,13%, MAIS DE 5 ATÉ 10 SALÁRIOS MÍNIMOS 8,74%, MAIS DE 10 ATÉ 20 SALÁRIOS MÍNIMOS 4,02%, MAIS DE 20 SALÁRIOS MÍNIMOS 2,20%.

O número de entrevistas foi estabelecido em uma amostragem aleatória simples com nível estimado de 95% de confiança o que significa, a cada 100 pesquisas realizadas utilizando a mesma metodologia, espera-se que 95% tenham resultados dentro da margem de erro; e uma margem de erro estimada de 2,9 pp pontos percentuais para mais ou para menos. Está prevista uma eventual ponderação para correção das variáveis apresentadas, caso aconteçam diferenças superiores a 3% entre o previsto na amostra e a coleta de dados, no que pese serem estas variáveis de seleção e abordagem dos entrevistados. A amostra de Sexo, Faixa Etária, Grau de Instrução e Nível Econômico, foram definidas nas fontes oficiais de dados pela: base de dados do Tribunal Superior Eleitoral - TSE, a base de dados do Instituto Brasileiro de Geografia e Estatística - IBGE e a base de dados do Instituto França.";"As entrevistas serão realizadas por uma equipe de entrevistadores e supervisores devidamente qualificada pelo Instituto França de Pesquisas, com experiência e treinamento em pesquisas de opinião pública. No decorrer do trabalho de coleta de dados, os questionários aplicados, serão auditados em tempo real pelos supervisores, para verificação quanto ao cuidado na sua aplicação.";"A área de abrangência da coleta é o estado de SERGIPE. As localidades selecionadas na amostra são: 


Dados relativos aos municípios e bairros abrangidos pela pesquisa. Na ausência de delimitação do bairro, será identificada a área em que foi realizada a pesquisa(conforme §7º. do art. 2º. da Resolução-TSE nº. 23.600/2019, A partir do dia em que a pesquisa puder ser divulgada e até o dia seguinte, o registro deverá ser complementado, sob pena de ser a pesquisa considerada não registrada; na ausência de delimitação do bairro, será identificada a área em que foi realizada):
"
"21/07/2026";"05:46:28";2026;81;"Eleições Gerais 2026";"SE";"SE";"SERGIPE";"SE047182026";"2026-07-10 20:45:52";"N";"35851783000100";"ECM - EDICAO, COMUNICACAO & MARKETING LTDA";"ECM-PESQUISAS";"Governador, Senador, Deputado Federal, Deputado Estadual";"2026-07-11 00:00:00";"2026-07-14 00:00:00";"2026-07-16 00:00:00";1500;"11003";"FLAVIO FERREIRA DA CONCEICAO";"30000,00";"A pesquisa caracteriza-se como um estudo científico quantitativo, de natureza amostral, realizado por meio de entrevistas pessoais domiciliares, sem utilização de pontos de fluxo. A coleta de dados foi realizada mediante aplicação de questionário estruturado a uma amostra representativa do eleitorado sergipano, abrangendo municípios de diferentes regiões do Estado, garantindo cobertura territorial e representatividade estatística da amostra.";"A pesquisa foi fundamentada nos princípios da Teoria da Amostragem e planejada para representar o eleitorado da área em estudo, com base nos dados do cadastro eleitoral do TSE atualizados até abril de 2026. O plano amostral foi elaborado em três estágios. No primeiro estágio, os municípios foram selecionados por sorteio probabilístico, respeitando as regiões do estado, utilizando o método de Probabilidade Proporcional ao Tamanho (PPT), tendo como referência a população eleitora com 16 anos ou mais. No segundo estágio, foram sorteadas as localidades de coleta dentro dos municípios selecionados, também pelo método PPT. No terceiro estágio, os entrevistados foram selecionados por meio de quotas amostrais proporcionais, definidas de acordo com variáveis demográficas (Fonte: TSE) e socioeconômicas relevantes (Fonte: IBGE), visando reproduzir a composição do eleitorado pesquisado. Dessa forma, a amostra combina seleção probabilística dos pontos de coleta e seleção por quotas dos entrevistados, garantindo representatividade dos diferentes segmentos da população. As categorias demográficas foram estratificadas e os percentuais apresentados a seguir: GÊNERO: Feminino 53,22%; Masculino 46,78%. FAIXA ETÁRIA: Feminino (16 anos 0,43%; 17 anos 0,86%; 18 anos 1,37%; 19 anos 1,63%; 20 anos 1,74%; 21 a 24 anos 7,16%; 25 a 29 anos 10,23%; 30 a 34 anos 10,11%; 35 a 39 anos 10,09%; 40 a 44 anos 10,37%; 45 a 49 anos 9,56%; 50 a 54 anos 8,26%; 55 a 59 anos 7,48%; 60 a 64 anos 6,35%; 65 a 69 anos 4,81%; 70 a 74 anos 3,72%; 75 a 79 anos 2,68%; 80 a 84 anos 1,70%; 85 a 89 anos 0,86%; 90 a 94 anos 0,36%; 95 a 99 anos 0,10%; 100 anos ou mais 0,03%). Masculino (16 anos 0,43%; 17 anos 0,91%; 18 anos 1,56%; 19 anos 1,86%; 20 anos 1,97%; 21 a 24 anos 7,82%; 25 a 29 anos 10,73%; 30 a 34 anos 10,30%; 35 a 39 anos 10,16%; 40 a 44 anos 10,43%; 45 a 49 anos 9,51%; 50 a 54 anos 8,18%; 55 a 59 anos 7,33%; 60 a 64 anos 6,11%; 65 a 69 anos 4,54%; 70 a 74 anos 3,34%; 75 a 79 anos 2,33%; 80 a 84 anos 1,39%; 85 a 89 anos 0,66%; 90 a 94 anos 0,25%; 95 a 99 anos 0,08%; 100 anos ou mais 0,03%). GRAU DE INSTRUÇÃO:  Feminino (Analfabeto 4,60%; Ensino Fundamental Completo 4,00%; Ensino Fundamental Incompleto 25,68%; Ensino Médio Completo 23,89%; Ensino Médio Incompleto 18,91%; Lê e Escreve 8,18%; Superior Completo 9,24%; Superior Incompleto 5,49%; Masculino (Analfabeto 5,56%; Ensino Fundamental Completo 4,30%; Ensino Fundamental Incompleto 30,28%; Ensino Médio Completo 20,22%; Ensino Médio Incompleto 19,09%; Lê e Escreve 9,85%; Superior Completo 5,68%; Superior Incompleto 5,02%. NÍVEL ECONÕMICO: Sem rendimento (4,99%); até 1 salário mínimo (32,38%); Mais de 1 a 2 salários mínimos (26,98%); Mais de 2 a 5 salários mínimos (22,74%); Mais de 5 a 10 salários mínimos (7,90%); Mais de 10 a 20 salários mínimos (3,48%); Mais de 20 salários mínimos (1,53%). A soma dos percentuais poderá não totalizar exatamente 100% em razão dos arredondamentos decorrentes da apresentação dos resultados com casas decimais. Dados obtidos para nível econômico: https://cidades.ibge.gov.br/brasil/se/pesquisa/23/24304. A amostra a ser aplicada é de tamanho 1.500 (Mil e quinhentos). O nível de confiança é de 95% e a margem de erro máxima estimada considerando um modelo de amostragem aleatório simples, é de 2,53 pontos percentuais para mais ou para menos sobre os resultados encontrados no total da amostra. FONTE DOS DADOS: TSE (Tribunal Superior Eleitoral) e IBGE (Instituto Brasileiro de Geografia e Estatística).";"A pesquisa é realizada por entrevistadores, supervisor e estatístico. Os entrevistadores são devidamente treinados para conduzir as entrevistas de uma forma clara e imparcial. O supervisor desempenha o papel de garantir que a coleta dos dados seja feita de forma precisa e ética, além disso, incorporamos o acompanhamento da coleta on-line. Após os trabalhos de campo, os aplicativos de coleta dos dados são submetidos a uma fiscalização pelo supervisor e pelo estatístico, de cerca de 20% (vinte por cento) dos questionários aplicados pelos entrevistadores, para verificação das respostas. Findo esse processo os questionários vão para a organização do banco de dados em software estatístico a fim de que se prepare o relatório final de resultados para divulgação";"Pesquisa realizada nos municípios do estado de Sergipe: Aracaju, Barra dos Coqueiros, Itaporanga d'Ajuda, Laranjeiras, Nossa Senhora do Socorro, São Cristóvão, Boquim, Estância, Itabaianinha, Salgado, Umbaúba, Lagarto, Poço Verde, Riachão do Dantas, Simão Dias, Tobias Barreto, Canindé de São Francisco, Nossa Senhora da Glória, Poço Redondo, Porto da Folha, Itabaiana, Areia Branca, Ribeirópolis, Propriá, Muribeca, Capela, Carmópolis, Rosário do Catete, Aquidabã, Nossa Senhora das Dores."
"21/07/2026";"05:46:28";2026;81;"Eleições Gerais 2026";"SE";"SE";"SERGIPE";"SE060092026";"2026-05-21 21:24:29";"N";"47525411000164";"INOR - INSTITUTO DE PESQUISA DO NORDESTE LTDA";"#NULO#";"Governador, Senador";"2026-05-21 00:00:00";"2026-05-24 00:00:00";"2026-05-27 00:00:00";1070;"10591";"DRIELLY JULIANNE RODRIGUES SANTOS";"20000,00";"Trata-se de pesquisa quantitativa por amostragem, elaborada para representar o conjunto do eleitorado do Estado de Sergipe. O levantamento foi realizado mediante a aplicação de 1.070 entrevistas presenciais em domicílios, observando critérios de proporcionalidade populacional na distribuição da amostra. Para a coleta das informações, utilizou-se questionário estruturado aplicado junto a eleitores selecionados de forma representativa. O estudo foi executado com custos operacionais reduzidos, tendo também como finalidade a divulgação institucional dos trabalhos desenvolvidos pelo Instituto de Pesquisa do Nordeste.";"A pesquisa foi estruturada de forma a garantir representatividade do eleitorado distribuído em 31 municípios do Estado de Sergipe, considerando informações oficiais disponibilizadas pelo Tribunal Superior Eleitoral (TSE), atualizadas até fevereiro de 2026. A seleção dos municípios e da amostra observou o método de Probabilidade Proporcional ao Tamanho (PPT), utilizando como universo a população residente com 16 anos ou mais. No interior de cada município pesquisado, os entrevistados foram definidos mediante aplicação de cotas proporcionais, levando-se em consideração variáveis sociodemográficas relevantes, tais como sexo, faixa etária, escolaridade e nível econômico, com o objetivo de assegurar equilíbrio e representatividade estatística da amostra analisada. Gênero: Feminino (53,24%); Masculino (46,76%). Faixa Etária Feminino: 16 anos (0,18%); 17 anos (0,70%); 18 anos (1,31%); 19 anos (1,62%); 20 anos (1,75%); 21 a 24 anos (7,22%); 25 a 29 anos (10,36%); 30 a 34 anos (10,15%); 35 a 39 anos (10,24%); 40 a 44 anos (10,41%); 45 a 49 anos (9,59%); 50 a 54 anos (8,29%); 55 a 59 anos (7,54%); 60 a 64 anos (6,35%); 65 a 69 anos (4,82%); 70 a 74 anos (3,73%); 75 a 79 anos (2,69%); 80 a 84 anos (1,69%); 85 a 89 anos (0,87%); 90 a 94 anos (0,35%); 95 a 99 anos (0,10%); 100 anos ou mais (0,03%). Faixa Etária Masculino: 16 anos (0,18%); 17 anos (0,75%); 18 anos (1,54%); 19 anos (1,86%); 20 anos (1,95%);21 a 24 anos (7,89%); 25 a 29 anos (10,86%); 30 a 34 anos (10,32%); 35 a 39 anos (10,29%); 40 a 44 anos (10,48%); 45 a 49 anos (9,54%); 50 a 54 anos (8,21%); 55 a 59 anos (7,37%); 60 a 64 anos (6,11%); 65 a 69 anos (4,54%); 70 a 74 anos (3,35%); 75 a 79 anos (2,34%); 80 a 84 anos (1,38%); 85 a 89 anos (0,66%); 90 a 94 anos (0,25%); 95 a 99 anos (0,08%); 100 anos ou mais (0,03%). Grau de Instrução Feminino: Analfabeto (4,65%); Ensino Fundamental Completo (4,03%); Ensino Fundamental Incompleto (25,92%); Ensino Médio Completo (23,83%); Ensino Médio Incompleto (18,55%); Lê e Escreve (8,30%); Superior Completo (9,24%); Superior Incompleto (5,48%). Grau de Instrução Masculino: Analfabeto (5,61%); Ensino Fundamental Completo (4,33%); Ensino Fundamental Incompleto (30,48%); Ensino Médio Completo (20,19%); Ensino Médio Incompleto (18,72%); Lê e Escreve (9,98%); Superior Completo (5,67%); Superior Incompleto (5,02%). Nível Econômico: Sem rendimento até 1 salário-mínimo 77,40% (Feminino 41,21%, Masculino 36,19%); Mais de 1 até 2 salários-mínimos 12,37% (Feminino 6,59%, Masculino 5,78%); Mais de 2 até 3 salários-mínimos 3,89% (Feminino 2,07%, Masculino 1,82%); Mais de 3 até 5 salários-mínimos 3,30% (Feminino 1,76%, Masculino 1,54%); Mais de 5 até 10 salários-mínimos 2,25% (Feminino 1,20%, Masculino 1,05%); Mais de 10 salários-mínimos 0,80% (Feminino 0,43%, Masculino 0,37%); Dados obtidos pelo nível econômico: https://sidra.ibge.gov.br/Tabela/1385#resultado. A amostra a ser aplicada é de tamanho 1.070 para universo de 1.709.822 eleitores. O nível de confiança é de 95% e a margem de erro máxima estimada considerando um modelo de amostragem aleatório simples, é de 3 pontos percentuais para mais ou para menos sobre os resultados encontrados no total da amostra. FONTE DOS DADOS: TSE 2026, CENSO 2010, CENSO 2022.";"Para a execução da pesquisa, foram mobilizadas equipes compostas por entrevistadores, supervisores de campo e a Estatística (Drielly Rodrigues) vinculados ao (INOR ¿ Instituto de Pesquisa do Nordeste), todos previamente treinados e capacitados para a realização das atividades de coleta e supervisão. O trabalho de campo contou ainda com sistema de acompanhamento on-line das entrevistas, permitindo monitoramento contínuo por parte da coordenação estatística e da equipe de supervisão. Os supervisores foram responsáveis pela fiscalização e verificação da correta aplicação dos questionários, assegurando que os procedimentos fossem conduzidos em conformidade com os princípios éticos aplicáveis às pesquisas sociais e de mercado, observando as diretrizes do Código Internacional ICC/ESOMAR. A atuação integrada das equipes de campo e supervisão teve como finalidade garantir o adequado enquadramento dos entrevistados nos parâmetros amostrais previamente definidos, bem como preservar a consistência, a integridade e a confiabilidade das informações coletadas, contribuindo para a validade estatística dos resultados obtidos.";"A pesquisa foi realizada nos municípios de Aquidabã, Aracaju, Areia Branca, Barra dos Coqueiros, Boquim, Campo do Brito, Capela, Canindé de São Francisco, Carira, Itabaiana, Japaratuba, Nossa Senhora das Dores, Ribeirópolis, Nossa Senhora da Glória, Poço Redondo, Porto da Folha, Propriá, Neópolis, Estância, Itabaianinha, Poço Verde, Salgado, Lagarto, Riachão do Dantas, Simão Dias, Itaporanga d'Ajuda, Laranjeiras, Nossa Senhora do Socorro, São Cristóvão, Tobias Barreto e Umbaúba, contemplando diferentes regiões do Estado de Sergipe, de modo a assegurar abrangência territorial e representatividade estatística da amostra pesquisada."
"21/07/2026";"05:46:28";2026;81;"Eleições Gerais 2026";"SE";"SE";"SERGIPE";"SE018162026";"2026-03-23 11:29:32";"N";"34686514000164";"CTAS CAPACITACAO E CONSULTORIA LTDA";"CTAS TECNOLOGIA";"Governador, Senador, Deputado Federal, Deputado Estadual, Deputado Distrital";"2026-03-24 00:00:00";"2026-03-27 00:00:00";"2026-03-29 00:00:00";1224;"10801";"SIDNEY BARRETO BATISTA";"25000,00";"Pesquisa que adota uma abordagem quantitativa, consistindo em entrevistas presenciais com 1224 (Mil e duzentos e vinte e quatro) pessoas. As entrevistas são conduzidas face a face, sem a utilização de pontos de fluxo e evitando residências próximas, a fim de garantir a imparcialidade na coleta de dados e evitar qualquer favorecimento de candidatos. O questionário aplicado é estruturado e direcionado a uma amostra representativa do eleitorado em estudo. A seleção da amostra é realizada por meio de desenho amostral que combina procedimentos probabilísticos na seleção das unidades geográficas com controle por cotas na seleção final dos entrevistados, com distribuição proporcional ao tamanho da população, buscando assegurar a representatividade dos diferentes estratos sociais.";"O público pesquisado é composto por eleitores de 16 anos ou mais residentes na área de abrangência da pesquisa. Para produzir uma amostra representativa desse público-alvo, utilizamos um desenho amostral por conglomerados que prevê três estágios. No primeiro estágio, é feito um sorteio probabilístico de municípios para comporem a amostra por meio do método PPT (Probabilidade Proporcional ao Tamanho) a partir de suas populações votantes acima de 16 anos. Dentro da lista de municípios sorteados, no segundo estágio, é realizado um sorteio probabilístico por meio do método PPT (Probabilidade Proporcional ao Tamanho) de localidades a serem visitadas pelos entrevistadores, sorteio que tem como base o total de habitantes residentes nos setores de acordo com dados do Censo de 2022. Finalmente, dentro da lista de setores censitários sorteados, no último estágio são selecionados
domicílios e pessoas a serem entrevistadas utilizando-se cotas amostrais para as seguintes variáveis: sexo, idade, renda familiar e escolaridade. A representatividade do eleitorado foi obtida por meio de dados fornecidos pelo TSE. As categorias demográficas foram estratificadas da seguinte forma:
Sexo: (Masculino 46,8% e Feminino: 53,2%).
Faixa Etária Feminino (16 anos 0,09%, 17 anos 0,37%, 18 a 20 anos 2,49%, 21 a 24 anos 3,85%, 25 a 34 anos 10,93%, 35 a 44 anos 11,00%, 45 a 59 anos 13,53%, 60 a 69 anos 5,95%, 70 a 79 anos 1,98% e superior a 79 anos 3,05%).
Faixa Etária Masculino (16 anos 0,09%, 17 anos 0,35%, 18 a 20 anos 2,50%, 21 a 24 anos 3,69%, 25 a 34 anos 9,91%, 35 a 44 anos 9,71%, 45 a 59 anos 11,75%, 60 a 69 anos 4,98%, 70 a 79 anos 1,56% e superior a 79 anos 2,22%).
Grau de Instrução Feminino (Analfabeto 2,5%, Ensino Fundamental Completo 2,1%, Lê E Escreve 4,4%, Superior Incompleto 2,9%, Superior Completo 4,9%, Ensino Médio Incompleto 9,9%, Ensino Fundamental Incompleto 13,8% e Ensino Médio Completo 12,7%).
Grau de Instrução Masculino (Analfabeto 2,6%, Ensino Fundamental Completo 2,0%, Lê E Escreve 4,7%, Superior Incompleto 2,3% , Superior Completo 2,7%, Ensino Médio Incompleto 8,8%, Ensino Fundamental Incompleto 14,3% e Ensino Médio Completo 9,4%).
Nível Econômico: sem renda até 1 salário-mínimo 31,37%, mais de 1 até 5 salários mínimos 53,67%, mais de 5 até 10 salários mínimos 8,74%, mais de 10 salários mínimos 6,22%. O número de entrevistas foi estabelecido de forma a permitir a estimação de uma margem de erro de 2,8 pontos percentuais, considerando um plano amostral complexo e nível de confiança de 95%. Isso significa que, a cada 100 pesquisas realizadas sob a mesma metodologia, espera-se que 95 apresentem resultados dentro da margem de erro; e uma margem de erro estimada de 2,8 pontos percentuais para mais ou para menos. Está prevista uma eventual ponderação para correção das variáveis apresentadas, caso aconteçam diferenças superiores a 3% entre o previsto na amostra e a coleta de dados, no que pese serem estas variáveis de seleção e abordagem dos
entrevistados. A amostra de Sexo, Faixa Etária, Grau de Instrução e Nível Econômico, foram definidas nas fontes oficiais de dados pela: base de dados do Tribunal Superior Eleitoral ¿ TSE disponível em: https://cdn.tse.jus.br/estatistica/sead/odsele/perfil_eleitor_secao/perfil_eleitor_secao_ATUAL_SE.zip, a base de dados do Instituto Brasileiro de Geografia e Estatística - IBGE.";"As entrevistas serão realizadas por equipes de entrevistadores devidamente qualificadas, com experiência e treinamento em pesquisa de opinião pública. Após a realização da coleta de dados, as entrevistas junto aos respondentes são checadas por meio de procedimentos de
consistência em tempo real. Será realizada checagem de, no mínimo, 20% das entrevistas, por meio de recontato presencial e/ou telefônico, além de supervisão de campo.";"A área de abrangência da coleta é o estado de SERGIPE. Dados relativos aos municípios e bairros abrangidos pela pesquisa. Na ausência de delimitação do bairro, será identificada a área em que foi realizada a pesquisa (conforme §7º do art. 2º. da Resolução-TSE nº. 23.600/2019. A partir do dia em que a pesquisa puder ser divulgada e até o dia seguinte, o registro deverá ser complementado, sob pena de ser a pesquisa considerada não registrada; na ausência de delimitação do bairro, será identificada a área em que foi realizada):"
"21/07/2026";"05:46:28";2026;81;"Eleições Gerais 2026";"SE";"SE";"SERGIPE";"SE009792026";"2026-04-17 12:59:55";"N";"03817479000141";"UNIDADE DE INFORMACAO, PESQUISA E CONSULTORIA LTDA - EPP";"UNICA PESQUISAS";"Governador, Senador";"2026-04-10 00:00:00";"2026-04-14 00:00:00";"2026-04-23 00:00:00";784;"8855 - CONRE 5";"Danilo Messias Nascimento e Santos";"25000,00";"O presente estudo utiliza uma abordagem quantitativa (Survey), operacionalizada por meio de entrevistas individuais e diretas (face a face). A coleta de dados ocorre em domicílios selecionados de forma não sequencial, seguindo um roteiro estruturado de perguntas pré-definidas. O público-alvo compreende uma amostra fidedigna do eleitorado de Sergipe, abrangendo tanto as zonas urbanas quanto as rurais, com um total de 784 questionários aplicados. Ressalta-se que a coleta exclui pontos de fluxo público, como feiras livres ou áreas de grande circulação de pedestres..";"A arquitetura da amostra baseia-se no universo de eleitores aptos no Estado de Sergipe. A distribuição foi planejada proporcionalmente entre as regiões geográficas (Grande Aracaju, Alto Sertão, Médio Sertão, Baixo São Francisco, Leste Sergipano, Agreste Central, Sul Sergipano e Centro Sul), conforme detalhamento de municípios em anexo, cruzando variáveis de gênero, idade, escolaridade e poder aquisitivo.
Para o cálculo das quotas, utilizaram-se os dados oficiais do TSE (Perfil do Eleitorado 2024/2026) e as atualizações demográficas do IBGE (Censo 2022 e Projeções 2026). A técnica empregada é a amostragem por quotas proporcionais, com a seguinte estratificação:
 
Perfil do Eleitorado (Composição de Gênero e Idade)
Segmento Masculino (46,53%): 16-17 anos (0,85%); 18-24 anos (5,76%); 25-34 anos (9,41%); 35-44 anos (9,78%); 45-59 anos (11,85%) e 60 anos ou mais (8,88%).
Segmento Feminino (53,47%): 16-17 anos (0,95%); 18-24 anos (6,74%); 25-34 anos (10,79%); 35-44 anos (11,32%); 45-59 anos (14,15%) e 60 anos ou mais (9,52%).

Escolaridade e Renda
As quotas de instrução e rendimento seguem o cruzamento TSE/PNAD Contínua (IBGE), ajustadas para a realidade socioeconômica das oito regiões do estado:
Instrução: Analfabetos/Fundamental Incompleto (38,0%); Fundamental Completo/Médio Incompleto (16,5%); Médio Completo/Superior Incompleto (34,4%) e Superior Completo (11,1%).
Renda Domiciliar Per Capita: Até 01 Salário Mínimo (77,3%); > 01 a 05 SM (20,0%); Acima de 05 SM (2,7%).

Ponderação e Margem de Erro
A metodologia prevê ajustes estatísticos (ponderação) para sexo e idade caso o desvio entre a coleta e a amostra planejada supere 3 pontos percentuais. Para escolaridade e renda, o fator é unitário (1), visto que a proporcionalidade regional já é assegurada. O estudo possui 95% de nível de confiança e uma margem de erro máxima de 3,5 pontos percentuais, para mais ou para menos.
FONTES DOS DADOS: 1. IBGE: Projeções Populacionais 2026 e PNAD Contínua. 2. TSE: Perfil do Eleitorado de Sergipe (Dados 2024/2026).
";"A integridade da coleta é assegurada por um sistema rigoroso de controle interno que realiza a conferência automática para eliminar inconsistências. Esta fiscalização garante que a conduta dos entrevistadores esteja alinhada aos padrões éticos do Código Internacional ICC/ESOMAR.";"O levantamento abrange as sedes e áreas rurais dos seguintes municípios, agrupados por região:
?	Grande Aracaju: 
o	Aracaju 
?	Distrito 01 ? Aeroporto, Atalaia, Coroa do Meio, Farolândia, Inácio Barbosa, Jabotiana, São Conrado e Santa Maria
?	Distrito 02 ? América, Capucho, Luzia, Novo Paraíso, Ponto Novo e Siqueira Campos;	
?	Distrito 03 ? Centro, Cirurgia, Grageru, Getúlio Vargas, Jardins, Pereira Lobo, Salgado Filho, São José, 13 de Julho e Suissa;
?	Distrito 04 ? Cidade Nova, Coqueiral, Japãozinho, Palestina, Porto Dantas, Santo Antônio, 18 do Forte e Industrial;
?	Distrito 05 ? Bugio, Jardim Centenário, José Conrado, Lamarão, Olaria, Santos Dumont e Soledade
?	Zona de Expansão ? Aruana, Mosqueiro e demais áreas da Zona de Expansão
o	N. Sra. do Socorro e São Cristóvão . 
?	Alto Sertão: N. Sra. da Glória, Porto da Folha, Canindé de S. Francisco
?	Médio Sertão: N. Sra. das Dores, Aquidabã.
?	Baixo São Francisco: Propriá, Neópolis, Pacatuba.
?	Leste Sergipano: Capela, Japaratuba, Carmópolis.
?	Agreste Central: Itabaiana, Carira, Campo do Brito.
?	Sul Sergipano: Estância, Itabaianinha, Boquim.
?	Centro Sul: Lagarto, Tobias Barreto, Simão Dias."
"21/07/2026";"05:46:28";2026;81;"Eleições Gerais 2026";"SE";"SE";"SERGIPE";"SE080592026";"2026-04-24 17:23:27";"S";"34686514000164";"CTAS CAPACITACAO E CONSULTORIA LTDA";"CTAS TECNOLOGIA";"Governador, Senador, Deputado Federal, Deputado Estadual";"2026-04-25 00:00:00";"2026-04-28 00:00:00";"2026-04-30 00:00:00";1224;"10801";"SIDNEY BARRETO BATISTA";"12000,00";"Pesquisa que adota uma abordagem quantitativa, consistindo em entrevistas presenciais com 1224 (Mil e duzentos e vinte e quatro) pessoas. As entrevistas são conduzidas face a face, sem a utilização de pontos de fluxo e evitando residências próximas, a fim de garantir a imparcialidade na coleta de dados e evitar qualquer favorecimento de candidatos. O questionário aplicado é estruturado e direcionado a uma amostra representativa do eleitorado em estudo. A seleção da amostra é realizada por meio de desenho amostral que combina procedimentos probabilísticos na seleção das unidades geográficas com controle por cotas na seleção final dos entrevistados, com distribuição proporcional ao tamanho da população, buscando assegurar a representatividade dos diferentes estratos sociais.";"O público pesquisado é composto por eleitores de 16 anos ou mais residentes na área de abrangência da pesquisa. Para produzir uma amostra representativa desse público-alvo, utilizamos um desenho amostral por conglomerados que prevê três estágios. No primeiro estágio, é feito um sorteio probabilístico de municípios para comporem a amostra por meio do método PPT (Probabilidade Proporcional ao Tamanho) a partir de suas populações votantes acima de 16 anos. Dentro da lista de municípios sorteados, no segundo estágio, é realizado um sorteio probabilístico por meio do método PPT (Probabilidade Proporcional ao Tamanho) de localidades a serem visitadas pelos entrevistadores, sorteio que tem como base o total de habitantes residentes nos setores de acordo com dados do Censo de 2022. Finalmente, dentro da lista de setores censitários sorteados, no último estágio são selecionados
domicílios e pessoas a serem entrevistadas utilizando-se cotas amostrais para as seguintes variáveis: sexo, idade, renda familiar e escolaridade. A representatividade do eleitorado foi obtida por meio de dados fornecidos pelo TSE. As categorias demográficas foram estratificadas da seguinte forma:
Sexo: (Masculino 46,8% e Feminino: 53,2%).
Faixa Etária Feminino (16 anos 0,09%, 17 anos 0,37%, 18 a 20 anos 2,49%, 21 a 24 anos 3,85%, 25 a 34 anos 10,93%, 35 a 44 anos 11,00%, 45 a 59 anos 13,53%, 60 a 69 anos 5,95%, 70 a 79 anos 1,98% e superior a 79 anos 3,05%).
Faixa Etária Masculino (16 anos 0,09%, 17 anos 0,35%, 18 a 20 anos 2,50%, 21 a 24 anos 3,69%, 25 a 34 anos 9,91%, 35 a 44 anos 9,71%, 45 a 59 anos 11,75%, 60 a 69 anos 4,98%, 70 a 79 anos 1,56% e superior a 79 anos 2,22%).
Grau de Instrução Feminino (Analfabeto 2,5%, Ensino Fundamental Completo 2,1%, Lê E Escreve 4,4%, Superior Incompleto 2,9%, Superior Completo 4,9%, Ensino Médio Incompleto 9,9%, Ensino Fundamental Incompleto 13,8% e Ensino Médio Completo 12,7%).
Grau de Instrução Masculino (Analfabeto 2,6%, Ensino Fundamental Completo 2,0%, Lê E Escreve 4,7%, Superior Incompleto 2,3% , Superior Completo 2,7%, Ensino Médio Incompleto 8,8%, Ensino Fundamental Incompleto 14,3% e Ensino Médio Completo 9,4%).
Nível Econômico: sem renda até 1 salário-mínimo 31,37%, mais de 1 até 5 salários mínimos 53,67%, mais de 5 até 10 salários mínimos 8,74%, mais de 10 salários mínimos 6,22%. O número de entrevistas foi estabelecido de forma a permitir a estimação de uma margem de erro de 2,8 pontos percentuais, considerando um plano amostral complexo e nível de confiança de 95%. Isso significa que, a cada 100 pesquisas realizadas sob a mesma metodologia, espera-se que 95 apresentem resultados dentro da margem de erro; e uma margem de erro estimada de 2,8 pontos percentuais para mais ou para menos. Está prevista uma eventual ponderação para correção das variáveis apresentadas, caso aconteçam diferenças superiores a 3% entre o previsto na amostra e a coleta de dados, no que pese serem estas variáveis de seleção e abordagem dos
entrevistados. A amostra de Sexo, Faixa Etária, Grau de Instrução e Nível Econômico, foram definidas nas fontes oficiais de dados pela: base de dados do Tribunal Superior Eleitoral ¿ TSE disponível em: https://cdn.tse.jus.br/estatistica/sead/odsele/perfil_eleitor_secao/perfil_eleitor_secao_ATUAL_SE.zip, a base de dados do Instituto Brasileiro de Geografia e Estatística - IBGE.";"As entrevistas serão realizadas por equipes de entrevistadores devidamente qualificadas, com experiência e treinamento em pesquisa de opinião pública. Após a realização da coleta de dados, as entrevistas junto aos respondentes são checadas por meio de procedimentos de
consistência em tempo real. Será realizada checagem de, no mínimo, 20% das entrevistas, por meio de recontato presencial e/ou telefônico, além de supervisão de campo.";"A área de abrangência da coleta é o estado de SERGIPE. Dados relativos aos municípios e bairros abrangidos pela pesquisa. Na ausência de delimitação do bairro, será identificada a área em que foi realizada a pesquisa (conforme §7º do art. 2º. da Resolução-TSE nº. 23.600/2019. A partir do dia em que a pesquisa puder ser divulgada e até o dia seguinte, o registro deverá ser complementado, sob pena de ser a pesquisa considerada não registrada; na ausência de delimitação do bairro, será identificada a área em que foi realizada):"
"21/07/2026";"05:46:28";2026;81;"Eleições Gerais 2026";"SE";"SE";"SERGIPE";"SE053182026";"2026-07-03 15:45:09";"N";"24899123000174";"INSTITUTO FRANCA DE PESQUISAS LTDA";"INSTITUTO FRANCA DE PESQUISA PESQUISA E ASSESSORIA";"Governador, Senador, Deputado Federal, Deputado Estadual";"2026-06-30 00:00:00";"2026-07-02 00:00:00";"2026-07-09 00:00:00";1116;"10682";"Aldine Andrea Oliveira de Sousa Cabral";"30000,00";"Pesquisa com metodologia quantitativa, com a realização de entrevistas individuais de forma presencial utilizando questionário estruturado junto a uma amostra representativa do eleitorado SERGIPE.";"A representatividade do eleitorado foi obtida por meio de dados fornecidos pelo TSE. Nesse processo, setores censitários foram sorteados com probabilidade proporcional ao tamanho da população residente, composta por pessoas com 16 anos ou mais. Em seguida, foi selecionado um número fixo de participantes, seguindo quotas amostrais proporcionais para variáveis significativas. As categorias demográficas foram estratificadas da seguinte forma: Sexo (Masculino 46,80 % e Feminino: 53,20%); Faixa Etária:16 anos (F = 0,62% M = 0,63%) 17 anos (F = 1,04% M = 1,09%) 18 anos (F = 1,45% M = 1,64%) 19 anos (F = 1,63% M = 1,86%), 20 anos (F = 1,74% M = 1,96%), 21 a 24 anos (F = 7,12% M = 7,78%), 25 a 29 anos (F = 10,14% M = 10,63%), 30 a 34 anos (F = 10,07% M = 10,27%), 35 a 39 anos (F = 10,00% M = 10,07%), 40 a 44 anos (F = 10,30% M = 10,38%), 45 a 49 anos (F = 9,54% M = 9,48%), 50 a 54 anos (F = 8,23% M = 8,14%), 55 a 59 anos (F = 7,44% M = 7,29%), 60 a 64 anos (F = 6,34% M = 6,10%), 65 a 69 anos (F = 4,79% M = 4,52%), 70 a 74 anos (F = 3,70% M = 3,32%), 75 a 79 anos (F = 2,67% M = 2,31%), 80 a 84 anos (F = 1,70% M = 1,39%), 85 a 89 anos (F = 0,86% M = 0,65%), 90 a 94 anos (F = 0,36% M = 0,25%), 95 a 99 anos (F = 0,10% M = 0,08%) , 100 anos ou mais (F = 0,03% M = 0,03%); Grau de Instrução: Analfabeto (F = 4,57% M = 5,52%), Lê E Escreve (F = 8,11% M = 9,76%), Ensino Fundamental Incompleto (F = 25,53% M = 30,13%),Ensino Fundamental Completo (F = 3,97% M = 4,28%), Ensino Médio Incompleto (F = 19,22% M = 19,44%), Ensino Médio Completo (F = 23,88% M = 20,20%); Superior Incompleto (F = 5,50% M = 5,01%), Superior Completo ( F= 9,22% M = 5,66%). Para a variável Nível Econômico: SEM RENDA ATÉ 1 SALÁRIO MÍNIMO 31,37%, MAIS DE 1 ATÉ 2 SALÁRIOS MÍNIMOS 27,54%, MAIS DE 2 ATÉ 5 SALÁRIOS MÍNIMOS 26,13%, MAIS DE 5 ATÉ 10 SALÁRIOS MÍNIMOS 8,74%, MAIS DE 10 ATÉ 20 SALÁRIOS MÍNIMOS 4,02%, MAIS DE 20 SALÁRIOS MÍNIMOS 2,20%. O número de entrevistas foi estabelecido em uma amostragem aleatória simples com nível estimado de 95% de confiança o que significa, a cada 100 pesquisas realizadas utilizando a mesma metodologia, espera-se que 95% tenham resultados dentro da margem de erro; e uma margem de erro estimada de 2,9 pp pontos percentuais para mais ou para menos. Está prevista uma eventual ponderação para correção das variáveis apresentadas, caso aconteçam diferenças superiores a 3% entre o previsto na amostra e a coleta de dados, no que pese serem estas variáveis de seleção e abordagem dos entrevistados. A amostra de Sexo, Faixa Etária, Grau de Instrução e Nível Econômico, foram definidas nas fontes oficiais de dados pela: base de dados do Tribunal Superior Eleitoral - TSE, a base de dados do Instituto Brasileiro de Geografia e Estatística - IBGE e a base de dados do Instituto França.";"As entrevistas serão realizadas por uma equipe de entrevistadores e supervisores devidamente qualificada pelo Instituto França de Pesquisas, com experiência e treinamento em pesquisas de opinião pública. No decorrer do trabalho de coleta de dados, os questionários aplicados, serão auditados em tempo real pelos supervisores, para verificação quanto ao cuidado na sua aplicação.";"A área de abrangência da coleta é o estado de SERGIPE. As localidades selecionadas na amostra são: Dados relativos aos municípios e bairros abrangidos pela pesquisa. Na ausência de delimitação do bairro, será identificada a área em que foi realizada a pesquisa(conforme §7º. do art. 2º. da Resolução-TSE nº. 23.600/2019, A partir do dia em que a pesquisa puder ser divulgada e até o dia seguinte, o registro deverá ser complementado, sob pena de ser a pesquisa considerada não registrada; na ausência de delimitação do bairro, será identificada a área em que foi realizada):"
"21/07/2026";"05:46:28";2026;81;"Eleições Gerais 2026";"SE";"SE";"SERGIPE";"SE055992026";"2026-04-09 18:43:17";"N";"03817479000141";"UNIDADE DE INFORMACAO, PESQUISA E CONSULTORIA LTDA - EPP";"UNICA PESQUISAS";"Governador, Senador";"2026-04-10 00:00:00";"2026-04-14 00:00:00";"2026-04-15 00:00:00";784;"8855 - CONRE 5";"Danilo Messias Nascimento e Santos";"25000,00";"O presente estudo utiliza uma abordagem quantitativa (Survey), operacionalizada por meio de entrevistas individuais e diretas (face a face). A coleta de dados ocorre em domicílios selecionados de forma não sequencial, seguindo um roteiro estruturado de perguntas pré-definidas. O público-alvo compreende uma amostra fidedigna do eleitorado de Sergipe, abrangendo tanto as zonas urbanas quanto as rurais, com um total de 784 questionários aplicados. Ressalta-se que a coleta exclui pontos de fluxo público, como feiras livres ou áreas de grande circulação de pedestres.";"Estratégia Amostral e Parâmetros Estatísticos
A arquitetura da amostra baseia-se no universo de eleitores aptos no Estado de Sergipe. A distribuição foi planejada proporcionalmente entre as regiões geográficas (Grande Aracaju, Alto Sertão, Médio Sertão, Baixo São Francisco, Leste Sergipano, Agreste Central, Sul Sergipano e Centro Sul), conforme detalhamento de municípios em anexo, cruzando variáveis de gênero, idade, escolaridade e poder aquisitivo.
Para o cálculo das quotas, utilizaram-se os dados oficiais do TSE (Perfil do Eleitorado 2024/2026) e as atualizações demográficas do IBGE (Censo 2022 e Projeções 2026). A técnica empregada é a amostragem por quotas proporcionais, com a seguinte estratificação:
Perfil do Eleitorado (Composição de Gênero e Idade)
?	Segmento Masculino (46,53%): 16-17 anos (0,85%); 18-24 anos (5,76%); 25-34 anos (9,41%); 35-44 anos (9,78%); 45-59 anos (11,85%) e 60 anos ou mais (8,88%).
?	Segmento Feminino (53,47%): 16-17 anos (0,95%); 18-24 anos (6,74%); 25-34 anos (10,79%); 35-44 anos (11,32%); 45-59 anos (14,15%) e 60 anos ou mais (9,52%).
Escolaridade e Renda
As quotas de instrução e rendimento seguem o cruzamento TSE/PNAD Contínua (IBGE), ajustadas para a realidade socioeconômica das oito regiões do estado:
?	Instrução: Analfabetos/Fundamental Incompleto (38,0%); Fundamental Completo/Médio Incompleto (16,5%); Médio Completo/Superior Incompleto (34,4%) e Superior Completo (11,1%).
?	Renda Domiciliar Per Capita: Até 01 Salário Mínimo (77,3%); > 01 a 05 SM (20,0%); Acima de 05 SM (2,7%).
Ponderação e Margem de Erro
A metodologia prevê ajustes estatísticos (ponderação) para sexo e idade caso o desvio entre a coleta e a amostra planejada supere 3 pontos percentuais. Para escolaridade e renda, o fator é unitário (1), visto que a proporcionalidade regional já é assegurada. O estudo possui 95% de nível de confiança e uma margem de erro máxima de 3,5 pontos percentuais, para mais ou para menos.
FONTES DOS DADOS: 1. IBGE: Projeções Populacionais 2026 e PNAD Contínua. 2. TSE: Perfil do Eleitorado de Sergipe (Dados 2024/2026).
";"Rigor e Fiscalização do Campo
A integridade da coleta é assegurada por um sistema rigoroso de controle interno que realiza a conferência automática para eliminar inconsistências. Esta fiscalização garante que a conduta dos entrevistadores esteja alinhada aos padrões éticos do Código Internacional ICC/ESOMAR.";"O levantamento abrange as sedes e áreas rurais dos seguintes municípios, agrupados por região:
?	Grande Aracaju: Aracaju (Inclui bairros dos Distritos 1 ao 5 e Zona de Expansão), N. Sra. do Socorro, São Cristóvão
Distrito 01 - Aeroporto, Atalaia, Coroa do Meio, Farolandia, Inacio Barbosa, São Conrado e Santa Maria
Distrito 02 - America, Capucho, Luzia, Novo Paraiso, Ponto Novo e Siqueira Campos
Distrito 03 - Centro, Cirurgia, Grageru, Getulio Vargas, Jardins, Pereira Lobo, Salgado Filho, São Jose, 13 de Julho e Suissa
Distrito 04 - Cidade Nova, Coqueiral, Japaozinho, Palestina, Porto Dantas, Santo Antonio, 18 do Forte e Industrial
Distrito 05 - Bugio, Jardim Centenario, Jose Conrado, Lamarao, Olaria, Santos Dumont e Soledade
Zona de Expansao - Aruana, Mosqueiro e demais areas da zona de expansao

?	Alto Sertão: N. Sra. da Glória, Porto da Folha, Canindé de S. Francisco
?	Médio Sertão: N. Sra. das Dores, Aquidabã.
?	Baixo São Francisco: Propriá, Neópolis, Pacatuba.
?	Leste Sergipano: Capela, Japaratuba, Carmópolis.
?	Agreste Central: Itabaiana, Carira, Campo do Brito.
?	Sul Sergipano: Estância, Itabaianinha, Boquim.
?	Centro Sul: Lagarto, Tobias Barreto, Simão Dias."
"21/07/2026";"05:46:28";2026;81;"Eleições Gerais 2026";"SE";"SE";"SERGIPE";"SE024992026";"2026-03-29 09:08:17";"S";"35851783000100";"ECM - EDICAO, COMUNICACAO & MARKETING LTDA";"ECM-PESQUISAS";"Governador, Senador, Deputado Federal, Deputado Estadual";"2026-03-30 00:00:00";"2026-04-03 00:00:00";"2026-04-04 00:00:00";1200;"11003";"Flávio Ferreira da Conceição";"11000,00";"Pesquisa científica quantitativa, amostral, do tipo Survey, consistindo em entrevistas pessoais domiciliares, com aplicação de questionário estruturado junto a uma amostra representativa, com distribuição proporcional ao tamanho da população dos municípios de Sergipe.";"A pesquisa é fundamentada em princípios da Teoria da Amostragem, através das Amostras Probabilísticas e Não Probabilísticas, por quotas/PPT/Estratificada/por conglomerados. O representativo do eleitorado foi obtido por meio de dados fornecidos pelo TSE, atualizados em fevereiro de 2026. Nesse procedimento, setores censitários foram sorteados com probabilidade proporcional ao tamanho da população residente, formada por pessoas com 16 anos ou mais. Posteriormente, foi selecionado um número fixo de participantes, seguindo quotas amostrais proporcionais para variáveis significativas. As categorias demográficas foram estratificadas e os percentuais apresentados a seguir são em relação ao valor total. GÊNERO: FEMININO (53,24%); MASCULINO (46,76%). FAIXA ETÁRIA FEMININO: 16 anos (0,18%); 17 anos (0,70%); 18 anos (1,31%); 19 anos (1,62%); 20 anos (1,75%); 21 a 24 anos (7,22%); 25 a 29 anos (10,36%); 30 a 34 anos (10,15%); 35 a 39 anos (10,24%); 40 a 44 anos (10,41%); 45 a 49 anos (9,59%); 50 a 54 anos (8,29%); 55 a 59 anos (7,54%); 60 a 64 anos (6,35%); 65 a 69 anos (4,82%); 70 a 74 anos (3,73%); 75 a 79 anos (2,69%); 80 a 84 anos (1,69%); 85 a 89 anos (0,87%); 90 a 94 anos (0,35%); 95 a 99 anos (0,10%); 100 anos ou mais (0,03%). FAIXA ETÁRIA MASCULINO: 16 anos (0,18%); 17 anos (0,75%); 18 anos (1,54%); 19 anos (1,86%); 20 anos (1,95%);21 a 24 anos (7,89%); 25 a 29 anos (10,86%); 30 a 34 anos (10,32%); 35 a 39 anos (10,29%); 40 a 44 anos (10,48%); 45 a 49 anos (9,54%); 50 a 54 anos (8,21%); 55 a 59 anos (7,37%); 60 a 64 anos (6,11%); 65 a 69 anos (4,54%); 70 a 74 anos (3,35%); 75 a 79 anos (2,34%); 80 a 84 anos (1,38%); 85 a 89 anos (0,66%); 90 a 94 anos (0,25%); 95 a 99 anos (0,08%); 100 anos ou mais (0,03%). GRAU DE INSTRUÇÃO FEMININO:  Analfabeto(4,65%); Ensino Fundamental Completo (4,03%); Ensino Fundamental Incompleto (25,92%); Ensino Médio Completo (23,83%); Ensino Médio Incompleto (18,55%); Lê e Escreve (8,30%); Superior Completo (9,24%); Superior Incompleto (5,48%). GRAU DE INSTRUÇÃO MASCULINO: Analfabeto (5,61%); Ensino Fundamental Completo(4,33%); Ensino Fundamental Incompleto (30,48%); Ensino Médio Completo(20,19%); Ensino Médio Incompleto (18,72%); Lê e Escreve(9,98%); Superior Completo(5,67%); Superior Incompleto(5,02%). Nível Econômico: Sem rendimento (5,03%); até 1 salário mínimo (72,37%); Mais de 1 a 2 salários mínimos (12,37%); Mais de 2 a 3 salários mínimos (3,89%); Mais de 3 a 5 salários mínimos (3,30%); Mais de 5 a 10 salários mínimos (2,25%); Mais de 10 salários mínimos (0,80%). Dados obtidos para nível econômico: https://sidra.ibge.gov.br/Tabela/1385#resultado. A amostra a ser aplicada é de tamanho 1.200 (Mil e duzentos). O nível de confiança é de 95% e a margem de erro máxima estimada considerando um modelo de amostragem aleatório simples, é de 2,83 pontos percentuais para mais ou para menos sobre os resultados encontrados no total da amostra. FONTE DOS DADOS: TSE 2026, CENSO 2010, CENSO 2022.";"A pesquisa é realizada por entrevistadores, supervisor e estatístico. Os entrevistadores são devidamente treinados para conduzir as entrevistas de uma forma clara e imparcial. O supervisor desempenha o papel de garantir que a coleta dos dados seja feita de forma precisa e ética, além disso, incorporamos o acompanhamento da coleta on-line. Após os trabalhos de campo, os aplicativos de coleta dos dados são submetidos a uma fiscalização pelo supervisor e pelo estatístico, de cerca de 20% (vinte por cento) dos questionários aplicados pelos entrevistadores, para verificação das respostas. Findo esse processo os questionários vão para a organização do banco de dados em software estatístico a fim de que se prepare o relatório final de resultados para divulgação";"Pesquisa realizada nos municípios do estado de Sergipe"
"21/07/2026";"05:46:28";2026;81;"Eleições Gerais 2026";"SE";"SE";"SERGIPE";"SE015792026";"2026-07-15 22:08:41";"N";"26968007000195";"OSCAR WAGNER DE SOUZA FERREIRA";"W1 WEBTV";"Governador, Senador, Deputado Federal, Deputado Estadual";"2026-07-14 00:00:00";"2026-07-18 00:00:00";"2026-07-21 00:00:00";1000;"8855";"DANILO MESSIAS NASCIMENTO E SANTOS";"40000,00";"Pesquisa com metodologia quantitativa (Survey), com a realização de entrevistas individuais face a face (em domicílios, áreas de fluxo e ambiente de trabalho) não sequenciais utilizando questionário pré-estabelecido estruturado junto a uma amostra representativa do eleitorado urbano e rural do Estado de Sergipe. O estudo tendo como principal objetivo avaliar o cenário político / eleitoral na área em estudo.";"A definição da amostra foi estabelecida a partir da população de interesse correspondente ao total de eleitores do Estado de Sergipe, distribuídos proporcionalmente por regiões geográficas (AGRESTE CENTRAL, ALTO SERTÃO, BAIXO SÃO FRANCISCO, CENTRO SUL, GRANDE ARACAJU, LESTE SERGIPANO, MÉDIO SERTÃO SERGIPANO e SUL SERGIPANO), sexo, faixa etária, escolaridade, religião e renda. A partir de dados agregados do TSE (Perfil Mensal do Eleitorado MAR/ABR 2026) e projeções populacionais do IBGE (Censos 2010 / 2022 e Projeções 2026), foi possível calcular as quotas de cada estrato. A amostra de 1.000 eleitores foi obtida considerando a técnica de amostragem por quotas proporcionais. No corte por sexo, o GÊNERO: FEMININO (53,23%); MASCULINO (46,77%), subdivididos nas seguintes faixas etárias: FAIXA ETÁRIA FEMININO: 16 anos (0,18%); 17 anos (0,70%); 18 anos (1,31%); 19 anos (1,62%); 20 anos (1,75%); 21 a 24 anos (7,22%); 25 a 29 anos (10,36%); 30 a 34 anos (10,15%); 35 a 39 anos (10,24%); 40 a 44 anos (10,41%); 45 a 49 anos (9,59%); 50 a 54 anos (8,29%); 55 a 59 anos (7,54%); 60 a 64 anos (6,35%); 65 a 69 anos (4,82%); 70 a 74 anos (3,73%); 75 a 79 anos (2,69%); 80 a 84 anos (1,69%); 85 a 89 anos (0,87%); 90 a 94 anos (0,35%); 95 a 99 anos (0,10%); 100 anos ou mais (0,03%). FAIXA ETÁRIA MASCULINO: 16 anos (0,18%); 17 anos (0,75%); 18 anos (1,54%); 19 anos (1,86%); 20 anos (1,95%);21 a 24 anos (7,89%); 25 a 29 anos (10,86%); 30 a 34 anos (10,32%); 35 a 39 anos (10,29%); 40 a 44 anos (10,48%); 45 a 49 anos (9,54%); 50 a 54 anos (8,21%); 55 a 59 anos (7,37%); 60 a 64 anos (6,11%); 65 a 69 anos (4,54%); 70 a 74 anos (3,35%); 75 a 79 anos (2,34%); 80 a 84 anos (1,38%); 85 a 89 anos (0,66%); 90 a 94 anos (0,25%); 95 a 99 anos (0,08%); 100 anos ou mais (0,03%). GRAU DE INSTRUÇÃO FEMININO: Analfabeto(4,65%); Ensino Fundamental Completo (4,03%); Ensino Fundamental Incompleto (25,92%); Ensino Médio Completo (23,83%); Ensino Médio Incompleto (18,55%); Lê e Escreve (8,30%); Superior Completo (9,24%); Superior Incompleto (5,48%). GRAU DE INSTRUÇÃO MASCULINO: Analfabeto (5,61%); Ensino Fundamental Completo(4,33%); Ensino Fundamental Incompleto (30,48%); Ensino Médio Completo(20,19%); Ensino Médio Incompleto (18,72%); Lê e Escreve(9,98%); Superior Completo(5,67%); Superior Incompleto(5,02%). Nível Econômico (MASCULINO/FEMININO): Sem rendimento (5,03%); até 1 salário mínimo (72,37%); Mais de 1 a 2 salários mínimos (12,37%); Mais de 2 a 3 salários mínimos (3,89%); Mais de 3 a 5 salários mínimos (3,30%); Mais de 5 a 10 salários mínimos (2,25%); Mais de 10 salários mínimos (0,80%). IMPORTANTE: No que se refere à composição das alternativas constantes do questionário, esclarece-se que: Quesito referente à Presidência da República é destinado exclusivamente ao uso interno, não abrangido pelo registro da pesquisa e sem finalidade de divulgação. Em determinados casos, procedeu-se à consolidação de opções, faixas ou estratos. Tal procedimento decorre de fundamentos técnicos amplamente reconhecidos na literatura estatística e visa assegurar a robustez, confiabilidade e validade inferencial dos resultados. Ponderação: Está prevista eventual ponderação para correção das variáveis sexo e idade, caso ocorram diferenças superiores a 3 pontos percentuais entre o previsto na amostra e a coleta realizada. Para as variáveis de instrução e nível econômico, o fator de ponderação previsto é 1 (um), dado que a amostragem por quotas já garante a representatividade proporcional às regiões do Estado. Intervalo de Confiança e Margem de Erro: O nível de confiança estimado é de 95% e a margem de erro máxima estimada, considerando um modelo de amostragem aleatória simples, é de 3 pontos percentuais para mais ou para menos sobre os resultados totais da amostra.";"Utiliza-se uma equipe de entrevistadores e supervisores contratados pelo instituto devidamente treinados para o trabalho. Durante o trabalho de campo é feito acompanhamento para checagem e revisão de 100% (cem por cento) dos questionários aplicados por cada pesquisador. Desse modo, cada equipe de até 04 (quatro) pesquisadores é acompanhada por um Supervisor, que além de realizar a checagem, verifica em campo o andamento dos trabalhos, recolhendo questionários, orientando, validando e tirando dúvidas para verificação das respostas e da adequação dos entrevistados aos parâmetros amostrais. Após concluído o trabalho de campo, já nos escritórios da empresa, os questionários são revisados e criticados. Se necessário, e quando possível, as informações coletadas poderão ser checadas com os respondentes. Findo esse processo os questionários vão para a digitação e tabulação em software estatístico. A fim de que se prepare o relatório final de resultados para divulgação.";"Os dados relativos aos povoados e bairros abrangidos pela pesquisa, serão complementados após a conclusão do trabalho de campo, mas toma-se por base a seguinte distribuição das ÁREAS URBANA E RURAL: ARACAJU: DISTRITO 01; DISTRITO 02; DISTRITO 03; DISTRITO 04; DISTRITO 05 e; ZONA DE EXPANSÃO. SERGIPE: AGRESTE CENTRAL, ALTO SERTÃO, BAIXO SÃO FRANCISCO, CENTRO SUL, GRANDE ARACAJU, LESTE SERGIPANO, MÉDIO SERTÃO SERGIPANO e SUL SERGIPANO."
"21/07/2026";"05:46:28";2026;81;"Eleições Gerais 2026";"SE";"SE";"SERGIPE";"SE082992026";"2026-07-02 22:10:14";"S";"35851783000100";"ECM - EDICAO, COMUNICACAO & MARKETING LTDA";"ECM-PESQUISAS";"Governador, Senador, Deputado Federal, Deputado Estadual";"2026-07-02 00:00:00";"2026-07-06 00:00:00";"2026-07-08 00:00:00";1500;"11003";"FLAVIO FERREIRA DA CONCEICAO";"13000,00";"A pesquisa caracteriza-se como um estudo científico quantitativo, de natureza amostral, realizado por meio de entrevistas pessoais domiciliares, sem utilização de pontos de fluxo. A coleta de dados foi realizada mediante aplicação de questionário estruturado a uma amostra representativa do eleitorado sergipano, abrangendo municípios de diferentes regiões do Estado, garantindo cobertura territorial e representatividade estatística da amostra.";"A pesquisa foi fundamentada nos princípios da Teoria da Amostragem e planejada para representar o eleitorado da área em estudo, com base nos dados do cadastro eleitoral do TSE atualizados até abril de 2026. O plano amostral foi elaborado em três estágios. No primeiro estágio, os municípios foram selecionados por sorteio probabilístico, respeitando as regiões do estado, utilizando o método de Probabilidade Proporcional ao Tamanho (PPT), tendo como referência a população eleitora com 16 anos ou mais. No segundo estágio, foram sorteadas as localidades de coleta dentro dos municípios selecionados, também pelo método PPT. No terceiro estágio, os entrevistados foram selecionados por meio de quotas amostrais proporcionais, definidas de acordo com variáveis demográficas (Fonte: TSE) e socioeconômicas relevantes (Fonte: IBGE), visando reproduzir a composição do eleitorado pesquisado. Dessa forma, a amostra combina seleção probabilística dos pontos de coleta e seleção por quotas dos entrevistados, garantindo representatividade dos diferentes segmentos da população. As categorias demográficas foram estratificadas e os percentuais apresentados a seguir: GÊNERO: Feminino 53,22%; Masculino 46,78%. FAIXA ETÁRIA: Feminino (16 anos 0,43%; 17 anos 0,86%; 18 anos 1,37%; 19 anos 1,63%; 20 anos 1,74%; 21 a 24 anos 7,16%; 25 a 29 anos 10,23%; 30 a 34 anos 10,11%; 35 a 39 anos 10,09%; 40 a 44 anos 10,37%; 45 a 49 anos 9,56%; 50 a 54 anos 8,26%; 55 a 59 anos 7,48%; 60 a 64 anos 6,35%; 65 a 69 anos 4,81%; 70 a 74 anos 3,72%; 75 a 79 anos 2,68%; 80 a 84 anos 1,70%; 85 a 89 anos 0,86%; 90 a 94 anos 0,36%; 95 a 99 anos 0,10%; 100 anos ou mais 0,03%). Masculino (16 anos 0,43%; 17 anos 0,91%; 18 anos 1,56%; 19 anos 1,86%; 20 anos 1,97%; 21 a 24 anos 7,82%; 25 a 29 anos 10,73%; 30 a 34 anos 10,30%; 35 a 39 anos 10,16%; 40 a 44 anos 10,43%; 45 a 49 anos 9,51%; 50 a 54 anos 8,18%; 55 a 59 anos 7,33%; 60 a 64 anos 6,11%; 65 a 69 anos 4,54%; 70 a 74 anos 3,34%; 75 a 79 anos 2,33%; 80 a 84 anos 1,39%; 85 a 89 anos 0,66%; 90 a 94 anos 0,25%; 95 a 99 anos 0,08%; 100 anos ou mais 0,03%). GRAU DE INSTRUÇÃO:  Feminino (Analfabeto 4,60%; Ensino Fundamental Completo 4,00%; Ensino Fundamental Incompleto 25,68%; Ensino Médio Completo 23,89%; Ensino Médio Incompleto 18,91%; Lê e Escreve 8,18%; Superior Completo 9,24%; Superior Incompleto 5,49%; Masculino (Analfabeto 5,56%; Ensino Fundamental Completo 4,30%; Ensino Fundamental Incompleto 30,28%; Ensino Médio Completo 20,22%; Ensino Médio Incompleto 19,09%; Lê e Escreve 9,85%; Superior Completo 5,68%; Superior Incompleto 5,02%. NÍVEL ECONÕMICO: Sem rendimento (5,03%); até 1 salário mínimo (72,37%); Mais de 1 a 2 salários mínimos (12,37%); Mais de 2 a 3 salários mínimos (3,89%); Mais de 3 a 5 salários mínimos (3,30%); Mais de 5 a 10 salários mínimos (2,25%); Mais de 10 salários mínimos (0,80%).A soma dos percentuais poderá não totalizar exatamente 100% em razão dos arredondamentos decorrentes da apresentação dos resultados com casas decimais. Dados obtidos para nível econômico: https://sidra.ibge.gov.br/Tabela/1385#resultado. A amostra a ser aplicada é de tamanho 1.500 (Mil e quinhentos). O nível de confiança é de 95% e a margem de erro máxima estimada considerando um modelo de amostragem aleatório simples, é de 2,53 pontos percentuais para mais ou para menos sobre os resultados encontrados no total da amostra. FONTE DOS DADOS: TSE 2026, CENSO 2010, CENSO 2022.
";"A pesquisa é realizada por entrevistadores, supervisor e estatístico. Os entrevistadores são devidamente treinados para conduzir as entrevistas de uma forma clara e imparcial. O supervisor desempenha o papel de garantir que a coleta dos dados seja feita de forma precisa e ética, além disso, incorporamos o acompanhamento da coleta on-line. Após os trabalhos de campo, os aplicativos de coleta dos dados são submetidos a uma fiscalização pelo supervisor e pelo estatístico, de cerca de 20% (vinte por cento) dos questionários aplicados pelos entrevistadores, para verificação das respostas. Findo esse processo os questionários vão para a organização do banco de dados em software estatístico a fim de que se prepare o relatório final de resultados para divulgação.";"Pesquisa realizada nos municípios do estado de Sergipe: Aracaju, Barra dos Coqueiros, Itaporanga d'Ajuda, Laranjeiras, Nossa Senhora do Socorro, São Cristóvão, Boquim, Estância, Itabaianinha, Salgado, Umbaúba, Lagarto, Poço Verde, Riachão do Dantas, Simão Dias, Tobias Barreto, Canindé de São Francisco, Nossa Senhora da Glória, Poço Redondo, Porto da Folha, Itabaiana, Areia Branca, Ribeirópolis, Propriá, Muribeca, Capela, Carmópolis, Rosário do Catete, Aquidabã, Nossa Senhora das Dores."
"21/07/2026";"05:46:28";2026;81;"Eleições Gerais 2026";"SE";"SE";"SERGIPE";"SE006012026";"2026-06-15 11:10:53";"N";"34686514000164";"CTAS CAPACITACAO E CONSULTORIA LTDA";"CTAS TECNOLOGIA";"Governador, Senador, Deputado Federal, Deputado Estadual";"2026-06-16 00:00:00";"2026-06-20 00:00:00";"2026-06-21 00:00:00";1224;"10801";"Sidney Barreto Batista";"24000,00";"Pesquisa que adota uma abordagem quantitativa, consistindo em entrevistas presenciais com 1224 (Mil e duzentos e vinte e quatro) pessoas. As entrevistas são conduzidas face a face, sem a utilização de pontos de fluxo e evitando residências próximas, a fim de garantir a imparcialidade na coleta de dados e evitar qualquer favorecimento de candidatos. O questionário aplicado é estruturado e direcionado a uma amostra representativa do eleitorado em estudo. A seleção da amostra é realizada por meio de desenho amostral que combina procedimentos probabilísticos na seleção das unidades geográficas com controle por cotas na seleção final dos entrevistados, com distribuição proporcional ao tamanho da população, buscando assegurar a representatividade dos diferentes estratos sociais.";"O público pesquisado é composto por eleitores de 16 anos ou mais residentes na área de abrangência da pesquisa. Para produzir uma amostra representativa desse público-alvo, utilizamos um desenho amostral por conglomerados que prevê três estágios. No primeiro estágio, é feito um sorteio probabilístico de municípios para comporem a amostra por meio do método PPT (Probabilidade Proporcional ao Tamanho) a partir de suas populações votantes acima de 16 anos. Dentro da lista de municípios sorteados, no segundo estágio, é realizado um sorteio probabilístico por meio do método PPT (Probabilidade Proporcional ao Tamanho) de localidades a serem visitadas pelos entrevistadores, sorteio que tem como base o total de habitantes residentes nos setores de acordo com dados do Censo de 2022. Finalmente, dentro da lista de setores censitários sorteados, no último estágio são selecionados
domicílios e pessoas a serem entrevistadas utilizando-se cotas amostrais para as seguintes variáveis: sexo, idade, renda familiar e escolaridade. A representatividade do eleitorado foi obtida por meio de dados fornecidos pelo TSE. As categorias demográficas foram estratificadas da seguinte forma: Sexo: (Masculino 46,8% e Feminino: 53,2%).
Faixa Etária Feminino (16 anos 0,3%, 17 anos 0,6%, 18 a 20 anos 2,6%, 21 a 24 anos 3,8%, 25 a 34 anos 10,8%, 35 a 44 anos 10,8%, 45 a 59 anos 13,4%, 60 a 69 anos 5,9%, 70 a 79 anos 2,0% e superior a 79 anos 3,0%).
Faixa Etária Masculino (16 anos 0,3%, 17 anos 0,5%, 18 a 20 anos 2,6%, 21 a 24 anos 3,6%, 25 a 34 anos 9,8%, 35 a 44 anos 9,6%, 45 a 59 anos 11,6%, 60 a 69 anos 5,0%, 70 a 79 anos 1,6% e superior a 79 anos 2,2%.
Grau de Instrução Feminino (Analfabeto 2,4%, Ensino Fundamental Completo 2,1%, Lê E Escreve 4,3%, Superior Incompleto 2,9% , Superior Completo 4,9%, Ensino Médio Incompleto 10,2%, Ensino Fundamental Incompleto 13,7% e Ensino Médio Completo 12,7%).
Grau de Instrução Masculino (Analfabeto 2,6%, Ensino Fundamental Completo 2,0%, Lê E Escreve 4,6%, Superior
Incompleto 2,3% , Superior Completo 2,6%, Ensino Médio Incompleto 9,1%, Ensino Fundamental Incompleto 14,1% e Ensino Médio Completo 9,5%).
Nível Econômico: sem renda até 1 salário-mínimo 77,39%, mais de 1 até 2 salários-mínimos 12,37%, mais de 2 até 3 salários-mínimos 3,89%, mais de 3 até 5 salários-mínimos 3,30%, mais de 5 até 10 salários-mínimos 2,25%, mais de 10 salários-mínimos 0,80%. O número de 1224 (Mil e duzentos e vinte e quatro) entrevistas foi estabelecido em uma amostragem aleatória simples com nível estimado de 95% de confiança o que significa, a cada 100 pesquisas realizadas utilizando a mesma metodologia, espera-se que 95% tenham resultados dentro da margem de erro; e uma margem de erro estimada de 2.8 pontos percentuais para mais ou para menos. A amostra de SEXO, FAIXA ETÁRIA, ESCOLARIDADE e RENDA foram definidas com as fontes oficiais de dados pela: base de dados do Tribunal Superior Eleitoral - TSE (https://cdn.tse.jus.br/estatistica/sead/odsele/perfil_eleitor_secao/perfil_eleitor_secao_ATUAL_SE.zip)e a base de dados do Instituto Brasileiro de Geografia e Estatística ¿
IBGE.";"As entrevistas serão realizadas por equipes de entrevistadores devidamente qualificadas, com experiência e treinamento em pesquisa de opinião pública. Após a realização da coleta de dados, as entrevistas junto aos respondentes são checadas por meio de procedimentos de consistência em tempo real. Será realizada checagem de, no mínimo, 20% das entrevistas, por meio de recontato presencial e/ou telefônico, além de supervisão de campo.";"#NULO#"
"21/07/2026";"05:46:28";2026;81;"Eleições Gerais 2026";"SE";"SE";"SERGIPE";"SE053262026";"2026-06-10 19:00:38";"N";"34686514000164";"CTAS CAPACITACAO E CONSULTORIA LTDA";"CTAS TECNOLOGIA";"Senador, Deputado Federal, Deputado Estadual";"2026-06-11 00:00:00";"2026-06-14 00:00:00";"2026-06-16 00:00:00";1224;"10801";"sidney barreto batista";"25000,00";"qualquer favorecimento de candidatos. O questionário aplicado é estruturado e direcionado a uma amostra representativa do eleitorado em estudo. A seleção da amostra é realizada por meio de desenho amostral que combina procedimentos probabilísticos na seleção das unidades geográficas com controle por cotas na seleção final dos entrevistados, com distribuição proporcional ao tamanho da população, buscando assegurar a representatividade dos diferentes estratos sociais.";"O público pesquisado é composto por eleitores de 16 anos ou mais residentes na área de abrangência da pesquisa. Para produzir uma amostra representativa desse público-alvo, utilizamos um desenho amostral por conglomerados que prevê três estágios. No primeiro estágio, é feito um sorteio probabilístico de municípios para comporem a amostra por meio do método PPT (Probabilidade Proporcional ao Tamanho) a partir de suas populações votantes acima de 16 anos. Dentro da lista de municípios sorteados, no segundo estágio, é realizado um sorteio probabilístico por meio do método PPT (Probabilidade Proporcional ao Tamanho) de localidades a serem visitadas pelos entrevistadores, sorteio que tem como base o total de habitantes residentes nos setores de acordo com dados do Censo de 2022. Finalmente, dentro da lista de setores censitários sorteados, no último estágio são selecionados
domicílios e pessoas a serem entrevistadas utilizando-se cotas amostrais para as seguintes variáveis: sexo, idade, renda familiar e escolaridade. A representatividade do eleitorado foi obtida por meio de dados fornecidos pelo TSE. As categorias demográficas foram estratificadas da seguinte forma: Sexo: (Masculino 46,8% e Feminino: 53,2%).
Faixa Etária Feminino (16 anos 0,3%, 17 anos 0,6%, 18 a 20 anos 2,6%, 21 a 24 anos 3,8%, 25 a 34 anos 10,8%, 35 a 44 anos 10,8%, 45 a 59 anos 13,4%, 60 a 69 anos 5,9%, 70 a 79 anos 2,0% e superior a 79 anos 3,0%).
Faixa Etária Masculino (16 anos 0,3%, 17 anos 0,5%, 18 a 20 anos 2,6%, 21 a 24 anos 3,6%, 25 a 34 anos 9,8%, 35 a 44 anos 9,6%, 45 a 59 anos 11,7%, 60 a 69 anos 5,0%, 70 a 79 anos 1,6% e superior a 79 anos 2,2%.
Grau de Instrução Feminino (Analfabeto 2,4%, Ensino Fundamental Completo 2,1%, Lê E Escreve 4,3%, Superior Incompleto 2,9% , Superior Completo 4,9%, Ensino Médio Incompleto 10,2%, Ensino Fundamental Incompleto 13,7% e Ensino Médio Completo 12,7%).
Grau de Instrução Masculino (Analfabeto 2,6%, Ensino Fundamental Completo 2,0%, Lê E Escreve 4,6%, Superior
Incompleto 2,3% , Superior Completo 2,6%, Ensino Médio Incompleto 9,1%, Ensino Fundamental Incompleto 14,1% e Ensino Médio Completo 9,5%).
Nível Econômico: sem renda até 1 salário-mínimo 77,39%, mais de 1 até 2 salários-mínimos 12,37%, mais de 2 até 3 salários-mínimos 3,89%, mais de 3 até 5 salários-mínimos 3,30%, mais de 5 até 10 salários-mínimos 2,25%, mais de 10 salários-mínimos 0,80%. O número de 1224 (Mil e duzentos e vinte e quatro) entrevistas foi estabelecido em uma amostragem aleatória simples com nível estimado de 95% de confiança o que significa, a cada 100 pesquisas realizadas utilizando a mesma metodologia, espera-se que 95% tenham resultados dentro da margem de erro; e uma margem de erro estimada de 2.8 pontos percentuais para mais ou para menos. A amostra de SEXO, FAIXA ETÁRIA, ESCOLARIDADE e RENDA foram definidas com as fontes oficiais de dados pela: base de dados do Tribunal Superior Eleitoral - TSE (https://cdn.tse.jus.br/estatistica/sead/odsele/perfil_eleitor_secao/perfil_eleitor_secao_ATUAL_SE.zip)e a base de dados do Instituto Brasileiro de Geografia e Estatística ¿
IBGE.";"As entrevistas serão realizadas por equipes de entrevistadores devidamente qualificadas, com experiência e treinamento em pesquisa de opinião pública. Após a realização da coleta de dados, as entrevistas junto aos respondentes são checadas por meio de procedimentos de consistência em tempo real. Será realizada checagem de, no mínimo, 20% das entrevistas, por meio de recontato presencial e/ou telefônico, além de supervisão de campo.";"Dados relativos aos municípios e bairros abrangidos pela pesquisa. Na ausência de delimitação do bairro, será identificada a área em que foi realizada a pesquisa(conforme §7º. do art. 2º. da Resolução-TSE nº. 23.600/2019, A partir do dia em que a pesquisa puder ser divulgada e até o dia seguinte, o registro deverá ser complementado, sob pena de ser a pesquisa considerada não registrada; na ausência de delimitação do bairro, será identificada a área em que foi realizada):"
"21/07/2026";"05:46:28";2026;81;"Eleições Gerais 2026";"SE";"SE";"SERGIPE";"SE052602026";"2026-05-11 20:29:38";"S";"00654576000172";"INSTITUTO VERITA LTDA";"VERITA";"Governador";"2026-05-12 00:00:00";"2026-05-16 00:00:00";"2026-05-17 00:00:00";1220;"10699";"GUILHERME ALVARENGA LAIA";"93940,00";"Pesquisa quantitativa, que consiste na realização de entrevistas, com a aplicação de questionário estruturado junto a uma amostra representativa do eleitorado desta Unidade da Federação.";"ESTUDO REPRESENTATIVO DO ELEITORADO DO ESTADO DE SERGIPE - MÉTODO PPT (Probabilidade Proporcional ao Tamanho) - PLANO AMOSTRAL E PONDERAÇÃO QUANTO A SEXO, IDADE, GRAU DE INSTRUÇÃO E NÍVEL ECONÔMICO DO ENTREVISTADO; INTERVALO DE CONFIANÇA E MARGEM DE ERRO: Representativo do eleitorado da área em estudo, elaborada, em vários estágios, da seguinte forma: - 1. Divisão da UF em estratos proporcionais de municípios. 2. Ordenação dos municípios de cada estrato segundo o porte. 3. Sorteio dos municípios de cada estrato. 4. Os respondentes são selecionados através de quotas amostrais proporcionais em função de variáveis significativas, a saber: GÊNERO / FAIXA ETÁRIA - FEMININO E MASCULINO 16 A 34 ANOS 17,7% E 16,5%, 35 A 54 ANOS 20,6% E 18%, 55 ANOS OU MAIS 15% E 12,2%. GRAU DE INSTRUÇÃO ¿ FEMININO E MASCULINO Sem instrução até Ensino Médio completo 68,9%, Ensino superior incompleto e completo 31,1% NÍVEL ECONÔMICO - FEMININO população não economicamente ativa 46,5% população economicamente ativa 53,5% MASCULINO população não economicamente ativa 27,2% população economicamente ativa 72,8%. RENDA FAMILIAR DO DOMICÍLIO renda familiar de até 2 salários-mínimos 30,7%; de 2 a 5 salários-mínimos 44,2%, acima de 5 salários-mínimos 25,1%. Está prevista eventual ponderação para correção das variáveis, com base nos percentuais anteriormente mencionados, caso ocorram diferenças superiores a margem de erro da pesquisa previsto entre a amostra e a coleta de dados realizada. O fator previsto para ponderação é 1 (resultados obtidos na coleta de dados). O intervalo de confiança estimado é de 95% e a margem de erro máxima estimada considerando um modelo de amostragem aleatório simples, é de aproximadamente 3 pontos percentuais para mais ou para menos sobre os resultados encontrados no total da amostra. FONTE DOS DADOS: IBGE/Censo 2022 para fins de densidade demográfica, setores censitários e alocação da amostra. IBGE/PNAD/PNADC/MEC/INEP para fins de Nível Econômico e Escolaridade. TSE FEVEREIRO/2026 para fins de Sexo, Faixa Etária e eleitorado por município ou regiões previamente definidas (importante ressaltar para o público leigo que os dados do TSE são os únicos corretos para gênero, idade dos eleitores e quantitativo de eleitores por municípios já que a base de dados se atualiza automaticamente, PORÉM, dados de escolaridade e nível econômico NÃO são corretos e confiáveis devido a desatualização que ocorre naturalmente com o passar dos anos). Definição de margem de erro e intervalo de confiança: Margem de erro e intervalo de confiança não são grandezas diretamente proporcionais. A SOMA NÃO TEM QUE RESULTAR 100%. ";"Após os trabalhos de coleta de dados, os questionários são submetidos a uma fiscalização, conferência e checagem de cerca de 20% (vinte por cento) dos questionários aplicados.";"A relação dos municípios sorteados ou selecionados para esta pesquisa será apresentada em arquivo anexo até 1 (um) dia após a divulgação desta pesquisa conforme §7º. do art. 2º. da Resolução-TSE nº. 23.600/2019. A área de abrangência desta pesquisa é o Estado DE SERGIPE"
"21/07/2026";"05:46:28";2026;81;"Eleições Gerais 2026";"SE";"SE";"SERGIPE";"SE014542026";"2026-06-12 19:12:57";"S";"24899123000174";"INSTITUTO FRANCA DE PESQUISAS LTDA";"INSTITUTO FRANCA DE PESQUISA PESQUISA E ASSESSORIA";"Governador, Senador";"2026-06-08 00:00:00";"2026-06-11 00:00:00";"2026-06-18 00:00:00";711;"10682";"Aldine Andréa Oliveira de Sousa Cabral";"10580,00";"Pesquisa com metodologia quantitativa, com a realização de entrevistas individuais de forma presencial utilizando questionário estruturado junto a uma amostra representativa do eleitorado de ARACAJU - SE.
OBS: a) Pesquisa realizada por iniciativa do Instituto França, com o objetivo de divulgação do trabalho da empresa e estratégia de marketing; b) O valor declarado é referente à estimativa de custos operacionais para a realização da pesquisa; c) De acordo com a legislação vigente, não é obrigatório emitir/anexar NF; d) Os recursos para a realização dessa pesquisa são oriundos do próprio caixa da empresa;";"A representatividade do eleitorado foi obtida por meio de dados fornecidos pelo TSE. Nesse processo, setores censitários foram sorteados com probabilidade proporcional ao tamanho da população residente, composta por pessoas com 16 anos ou mais. Em seguida, foi selecionado um número fixo de participantes, seguindo quotas amostrais proporcionais para variáveis significativas. As categorias demográficas foram estratificadas da seguinte forma: 

Sexo (Masculino 44,51% e Feminino: 55,49%); 
Faixa Etária: 15 anos (F = 0,04% M = 0,04%) 16 anos (F = 0,23% M = 0,25%) 17 anos (F = 0,61% M = 0,69%) 18 anos (F = 1,08% M = 1,32%) 19 anos (F = 1,26% M = 1,57%), 20 anos (F = 1,39% M = 1,72%), 21 a 24 anos (F = 6,03% M = 7,09%), 25 a 29 anos (F = 8,84% M = 9,86%), 30 a 34 anos (F = 8,91% M = 9,72%), 35 a 39 anos (F = 9,62% M = 10,09%), 40 a 44 anos (F = 10,81% M = 11,03%), 45 a 49 anos (F = 10,42% M = 10,17%), 50 a 54 anos (F = 8,86% M = 8,54%), 55 a 59 anos (F = 7,99% M = 7,66%), 60 a 64 anos (F = 7,19% M = 6,61%), 65 a 69 anos (F = 5,58% M = 4,99%), 70 a 74 anos (F = 4,51% M = 3,74%), 75 a 79 anos (F = 3,25% M = 2,61%), 80 a 84 anos (F = 1,98% M = 1,44%), 85 a 89 anos (F = 0,92% M = 0,60%), 90 a 94 anos 
(F = 0,35% M = 0,19%), 95 a 99 anos (F = 0,10% M = 0,07%) , 100 anos ou mais (F = 0,02% M = 0,02%);



Grau de Instrução: Analfabeto (F = 1,14% M = 1,03%), Lê E Escreve (F = 3,03% M = 2,71%), Ensino Fundamental Incompleto (F = 15,92% M = 17,39%),Ensino Fundamental Completo (F = 3,98% M = 4,44%), Ensino Médio Incompleto (F = 14,77% M = 17,02%), Ensino Médio Completo (F = 30,57% M = 30,28%); Superior Incompleto (F = 10,46% M = 11,66%), Superior Completo ( F= 20,13% M = 15,47%).

 Para a variável Nível Econômico: SEM RENDA ATÉ 1 SALÁRIO MÍNIMO 17,53%, MAIS DE 1 ATÉ 2 SALÁRIOS MÍNIMOS 19,14%, MAIS DE 2 ATÉ 5 SALÁRIOS MÍNIMOS 30,01%, MAIS DE 5 ATÉ 10 SALÁRIOS MÍNIMOS 16,38%, MAIS DE 10 ATÉ 20 SALÁRIOS MÍNIMOS 10,23%, MAIS DE 20 SALÁRIOS MÍNIMOS 6,71%.

O número de entrevistas foi estabelecido em uma amostragem aleatória simples com nível estimado de 95% de confiança o que significa, a cada 100 pesquisas realizadas utilizando a mesma metodologia, espera-se que 95% tenham resultados dentro da margem de erro; e uma margem de erro estimada de 3,7pp pontos percentuais para mais ou para menos. Está prevista uma eventual ponderação para correção das variáveis apresentadas, caso aconteçam diferenças superiores a 3% entre o previsto na amostra e a coleta de dados, no que pese serem estas variáveis de seleção e abordagem dos entrevistados. A amostra de Sexo, Faixa Etária, Grau de Instrução e Nível Econômico, foram definidas nas fontes oficiais de dados pela: base de dados do Tribunal Superior Eleitoral - TSE, a base de dados do Instituto Brasileiro de Geografia e Estatística - IBGE e a base de dados do Instituto França.
";"As entrevistas serão realizadas por uma equipe de entrevistadores e supervisores devidamente qualificada pelo Instituto França de Pesquisas, com experiência e treinamento em pesquisas de opinião pública. No decorrer do trabalho de coleta de dados, os questionários aplicados, serão auditados em tempo real pelos supervisores, para verificação quanto ao cuidado na sua aplicação.";"A área de abrangência da coleta é o município de ARACAJU - SE. As localidades selecionadas na amostra são: 


Dados relativos aos municípios e bairros abrangidos pela pesquisa. Na ausência de delimitação do bairro, será identificada a área em que foi realizada a pesquisa(conforme §7º. do art. 2º. da Resolução-TSE nº. 23.600/2019, A partir do dia em que a pesquisa puder ser divulgada e até o dia seguinte, o registro deverá ser complementado, sob pena de ser a pesquisa considerada não registrada; na ausência de delimitação do bairro, será identificada a área em que foi realizada):
"
"21/07/2026";"05:46:28";2026;81;"Eleições Gerais 2026";"SE";"SE";"SERGIPE";"SE016102026";"2026-04-24 15:41:48";"N";"60391301000115";"POSITIVA PESQUISAS LTDA";"POSITIVA PESQUISAS";"Governador, Senador, Deputado Federal, Deputado Estadual";"2026-04-25 00:00:00";"2026-04-28 00:00:00";"2026-04-30 00:00:00";1200;"8855";"Danilo Messias Nascimento e Santos";"20000,00";"Pesquisa com metodologia quantitativa (Survey), com a realização de entrevistas individuais face a face em domicílios não sequenciais utilizando questionário pré-estabelecido estruturado junto a uma amostra representativa do eleitorado urbano e rural do Estado de Sergipe, num total de 1200 entrevistas. Não foram realizadas amostras em pontos de fluxo e feiras livres.";"A definição da amostra foi estabelecida a partir da população de interesse correspondente ao total de eleitores do Estado de Sergipe, distribuídos proporcionalmente por regiões geográficas (Grande Aracaju, Agreste, Sertão, Centro-Sul, Sul, Leste e Baixo São Francisco), sexo, faixa etária, escolaridade e renda.
A partir de dados agregados do TSE (Perfil do Eleitorado 2024/2026) e projeções populacionais do IBGE (Censo 2022 e Projeções 2026), foi possível calcular as quotas de cada estrato. A amostra de 1.200 eleitores foi obtida considerando a técnica de amostragem por quotas proporcionais. No corte por sexo, o eleitorado masculino representa 46,53% e o feminino 53,47%, subdivididos nas seguintes faixas etárias: Masculino (46,53%): 16 a 17 anos (0,85%); 18 a 24 anos (5,76%); 25 a 34 anos (9,41%); 35 a 44 anos (9,78%); 45 a 59 anos (11,85%) e 60 anos ou mais (8,88%). Feminino (53,47%): 16 a 17 anos (0,95%); 18 a 24 anos (6,74%); 25 a 34 anos (10,79%); 35 a 44 anos (11,32%); 45 a 59 anos (14,15%) e 60 anos ou mais (9,52%). Grau de Instrução: As quotas de escolaridade foram definidas com base no cruzamento de dados do TSE e PNAD Contínua (IBGE), apresentando a seguinte distribuição: Sem instrução / Fundamental Incompleto (39,0%); Fundamental Completo / Médio Incompleto (17,0%); Médio Completo / Superior Incompleto (34,2%) e Superior Completo (9,8%). Nível Econômico (Renda Domiciliar Per Capita): Sem rendimento a até 1/4 de salário mínimo (28,1%); Mais de 1/4 a 1/2 salário mínimo (22,3%); Mais de 1/2 a 1 salário mínimo (29,3%); Mais de 1 a 2 salários mínimos (11,8%); Mais de 2 a 3 salários mínimos (3,9%); Mais de 3 a 5 salários mínimos (2,3%); Mais de 5 a 10 salários mínimos (1,4%); Mais de 10 salários mínimos (0,9%). Ponderação: Está prevista eventual ponderação para correção das variáveis sexo e idade, caso ocorram diferenças superiores a 3 pontos percentuais entre o previsto na amostra e a coleta realizada. Para as variáveis de instrução e nível econômico, o fator de ponderação previsto é 1 (um), dado que a amostragem por quotas já garante a representatividade proporcional às regiões do Estado. Intervalo de Confiança e Margem de Erro: O nível de confiança estimado é de 95% e a margem de erro máxima estimada, considerando um modelo de amostragem aleatória simples, é de 2,83 pontos percentuais para mais ou para menos sobre os resultados totais da amostra. FONTES DOS DADOS: 1. IBGE: Projeções Populacionais 2026 e PNAD Contínua (https://cidades.ibge.gov.br/brasil/se/panorama). 2. TSE: Perfil do Eleitorado de Sergipe Março/Abril 2026 (https://sig.tse.jus.br/ords/dwapr/r/seai/sig-eleicao-eleitorado).";"Sistema interno de controle e verificação, conferência e fiscalização da coleta de dados e do trabalho de campo: Os supervisores fazem a conferência durante a coleta dos questionários com o objetivo de evitar rasuras, erros em questões de resposta única e múltipla, além de conferir as cotas individuais e gerais do bairro em comparação com o plano amostral geral e individual de cada grupo. Em seguida, o supervisor verifica e fiscaliza se as entrevistas estão sendo realizadas de acordo com os preceitos éticos que regem a prática de investigação social e de mercado (Código Internacional ICC/ ESOMAR) comprovando uma conduta honesta e transparente com a utilização dos métodos de abordagem e dos cartões resposta. Os dados coletados serão tratados pelo Excel, e faremos a técnica de dupla entrada para verificação de possíveis";"Dados relativos aos municípios e bairros abrangidos pela pesquisa. Na ausência de delimitação do bairro, será identificada a área em que foi realizada a pesquisa(conforme §7º. do art. 2º. da Resolução-TSE nº. 23.600/2019, A partir do dia em que a pesquisa puder ser divulgada e até o dia seguinte, o registro deverá ser complementado, sob pena de ser a pesquisa considerada não registrada; na ausência de delimitação do bairro, será identificada a área em que foi realizada): Dados relativos aos municípios e bairros abrangidos pela pesquisa. Na ausência de delimitação do bairro, será identificada a área em que foi realizada a pesquisa(conforme §7º. do art. 2º. da Resolução-TSE nº. 23.600/2019, Até o sétimo dia seguinte ao registro da pesquisa, será ele complementado com os dados relativos aos bairros abrangidos; na ausência de delimitação do bairro, será identificada a área em que foi realizada): Dados relativos aos municípios e bairros abrangidos pela pesquisa. Na ausência de delimitação do bairro, será identificada a área em que foi realizada a pesquisa(conforme §7°. do art. 2º. da Resolução-TSE n°. 23.600/2019, Até o sétimo dia seguinte ao registro da pesquisa, será ele complementado com os dados relativos aos bairros abrangidos; na ausência de delimitação do bairro e povoados, será identificada a área em que foi realizada): Sede com as seguintes localidades; SERTÃO SERGIPANO;CENTRO SUL;VALE DO COTINGUIBA ¿ LESTE SERGIPANO;REGIÃO SUL;AGRESTE SERGIPANO;GRANDE ARACAJU: DISTRITO 1:(AEROPORTO;ATALAIA;COROA DO MEIO;FAROLÂNDIA;INÁCIO BARBOSA;JABOTIANA;SÃO CONRADO;SANTA MARIA) DISTRITO 2:(AMÉRICA;CAPUCHO;LUZIA;NOVO PARAÍSO;PONTO NOVO;SIQUEIRA CAMPOS) DISTRITO 3:(CENTRO;CIRURGIA;GRAGERU;GETÚLIO VARGAS;JARDINS;PEREIRA LOBO;SALGADO FILHO;SÃO JOSÉ;13 DE JULHO;SUISSA)DISTRITO 4:(CIDADE NOVA;COQUEIRAL;JAPAOZINHO;PALESTINA;PORTO DANTAS;SANTO ANTÔNIO;18 DO FORTE;INDUSTRIAL)DISTRITO 5:(BUGIO;JARDIM CENTENÁRIO;JOSÉ CONRADO;LAMARÃO;OLARIA;SANTOS DUMONT;SOLEDADE)Z. EXPANSÃO:(ARUANA;ZONA DE EXPANSÃO;MOSQUEIRO)"
"21/07/2026";"05:46:28";2026;81;"Eleições Gerais 2026";"SE";"SE";"SERGIPE";"SE063842026";"2026-05-20 23:13:25";"S";"22345021000181";"REAL TIME MIDIA LTDA";"REAL TIME BIG DATA";"Governador, Senador";"2026-05-23 00:00:00";"2026-05-25 00:00:00";"2026-05-26 00:00:00";1600;"10839";"Isabela Zara Cremoneze";"64000,00";"Pesquisa quantitativa, que consiste na realização de entrevistas pessoais, com a aplicação de questionário estruturado junto a uma amostra representativa do eleitorado em estudo. Pesquisa realizada no Estado do Sergipe (SE).";"Representativo do eleitorado da área em estudo, elaborada em três estágios. 
No primeiro estágio, realiza-se um sorteio probabilístico dos municípios onde as entrevistas serão realizadas, pelo método PPT (Probabilidade Proporcional ao Tamanho), tomando a população eleitora de 16 anos ou mais residente nos municípios como base para essa seleção.
No segundo estágio, efetua-se um sorteio probabilístico das localidades dentro dos municípios selecionados, também pelo método PPT (Probabilidade Proporcional ao Tamanho), considerando a população eleitora de 16 anos ou mais residente nessas localidades como base para a seleção.
No terceiro e último estágio, dentro das localidades sorteadas, os respondentes são selecionados por meio de quotas amostrais proporcionais, em função de variáveis significativas, a saber:

GÊNERO:
Feminino: 53,2%;
Masculino: 46,8%. 
(Fonte: TSE (Abril/2026) - https://sig.tse.jus.br/ords/dwapr/r/seai/sig-eleitor-eleitorado-mensal/cruzamento-eleitorado-mensal?p24_metricas=E&p24_back=22&p24_cruzamento_1=ds_sexo&clear=24&session=201975337269181)
FAIXA ETÁRIA:
16 anos: 0,4%;
17 anos: 0,9%;
18 a 20 anos: 5,1%;
21 a 24 anos: 7,5%;
25 a 34 anos: 20,7%;
35 a 44 anos: 20,5%;
45 a 59 anos: 25,2%;
60 a 69 anos: 10,9%;
70 a 79 anos: 6,1%;
Superior a 79 anos: 2,8%.
(Fonte: TSE (Abril/2026) - https://sig.tse.jus.br/ords/dwapr/r/seai/sig-eleitor-eleitorado-mensal/cruzamento-eleitorado-mensal?p24_cruzamento_1=ds_faixa_etaria&p24_metricas=E&p24_back=22&clear=24&session=201975337269181)
ESCOLARIDADE:
Analfabeto: 5,1%;
Lê e Escreve: 9,0%;
Ensino Fundamental Incompleto: 27,8%;
Ensino Fundamental Completo: 4,1%;
Ensino Médio Incompleto: 19,0%;
Ensino Médio Completo: 22,2%;
Ensino Superior Incompleto: 5,3%;
Ensino Superior Completo: 7,6%.
(Fonte: TSE (Abril/2026) - https://sig.tse.jus.br/ords/dwapr/r/seai/sig-eleitor-eleitorado-mensal/cruzamento-eleitorado-mensal?p24_cruzamento_1=ds_grau_instrucao&p24_metricas=E&p24_back=22&clear=24&session=201975337269181)
RENDA DOMICILIAR MENSAL:
Sem rendimento: 5,0%;
Até 1/2 Salário Mínimo: 8,9%;
Mais de 1/2 a 1 Salário Mínimo: 23,5%;
Mais de 1 a 2 Salários Mínimos: 27,0%;
Mais de 2 a 5 Salários Mínimos: 22,7%;
Mais de 5 a 10 Salários Mínimos: 7,9%;
Mais de 10 a 20 Salários Mínimos: 3,5%;
Mais de 20 Salários Mínimos: 1,5%.
(Fonte: IBGE (Censo 2010) - https://cidades.ibge.gov.br/brasil/se/pesquisa/23/24304?detalhes=true) 
Observação: De acordo com informações do Instituto Brasileiro de Geografia e Estatística (IBGE), não há previsão de data para a divulgação do perfil econômico da população brasileira do CENSO 2022. Portanto, os dados sobre o nível econômico obtidos no Censo 2022 não podem ser utilizados, pois ainda não foram publicados.
Está prevista eventual ponderação para correção das variáveis sexo e idade, com base nos percentuais anteriormente mencionados, caso ocorram diferenças superiores a 3 pontos percentuais entre o previsto na amostra e a coleta de dados realizada. Para as variáveis de grau de instrução e nível econômico do entrevistado, o fator previsto para ponderação é 1 (resultados obtidos em campo). O nível de confiança estimado é de 95% e a margem de erro máxima estimada considerando um modelo de amostragem aleatório simples, é de aproximadamente 2 (dois) pontos percentuais para mais ou para menos sobre os resultados encontrados no total da amostra.
";"O trabalho de coleta de dados é acompanhado presencialmente por supervisores. São selecionados aleatoriamente 15% (quinze por cento) dos questionários para uma verificação posterior com ligações telefônicas para os números indicados nos formulários, em caso de dúvida, o formulário é descartado e o entrevistador chamado para esclarecimentos.";"O anexo do arquivo com os bairros será realizado até o dia seguinte da divulgação conforme indicado no §7º. do art. 2º. da Resolução-TSE nº. 23.600/2019.
"
"21/07/2026";"05:46:28";2026;81;"Eleições Gerais 2026";"SE";"SE";"SERGIPE";"SE088572026";"2026-05-05 20:17:44";"S";"00654576000172";"INSTITUTO VERITA LTDA";"VERITA";"Senador";"2026-05-06 00:00:00";"2026-05-10 00:00:00";"2026-05-11 00:00:00";1220;"10699";"GUILHERME ALVARENGA LAIA";"93940,00";"Pesquisa quantitativa, que consiste na realização de entrevistas, com a aplicação de questionário estruturado junto a uma amostra representativa do eleitorado desta Unidade da Federação.";"ESTUDO REPRESENTATIVO DO ELEITORADO DO ESTADO DE SERGIPE - MÉTODO PPT (Probabilidade Proporcional ao Tamanho) - PLANO AMOSTRAL E PONDERAÇÃO QUANTO A SEXO, IDADE, GRAU DE INSTRUÇÃO E NÍVEL ECONÔMICO DO ENTREVISTADO; INTERVALO DE CONFIANÇA E MARGEM DE ERRO: Representativo do eleitorado da área em estudo, elaborada, em vários estágios, da seguinte forma: - 1. Divisão da UF em estratos proporcionais de municípios. 2. Ordenação dos municípios de cada estrato segundo o porte. 3. Sorteio dos municípios de cada estrato. 4. Os respondentes são selecionados através de quotas amostrais proporcionais em função de variáveis significativas, a saber: GÊNERO / FAIXA ETÁRIA - FEMININO E MASCULINO 16 A 34 ANOS 17,7% E 16,5%, 35 A 54 ANOS 20,6% E 18%, 55 ANOS OU MAIS 15% E 12,2%. GRAU DE INSTRUÇÃO ¿ FEMININO E MASCULINO Sem instrução até Ensino Médio completo 68,9%, Ensino superior incompleto e completo 31,1% NÍVEL ECONÔMICO - FEMININO população não economicamente ativa 46,5% população economicamente ativa 53,5% MASCULINO população não economicamente ativa 27,2% população economicamente ativa 72,8%. RENDA FAMILIAR DO DOMICÍLIO renda familiar de até 2 salários-mínimos 30,7%; de 2 a 5 salários-mínimos 44,2%, acima de 5 salários-mínimos 25,1%. Está prevista eventual ponderação para correção das variáveis, com base nos percentuais anteriormente mencionados, caso ocorram diferenças superiores a margem de erro da pesquisa previsto entre a amostra e a coleta de dados realizada. O fator previsto para ponderação é 1 (resultados obtidos na coleta de dados). O intervalo de confiança estimado é de 95% e a margem de erro máxima estimada considerando um modelo de amostragem aleatório simples, é de aproximadamente 3 pontos percentuais para mais ou para menos sobre os resultados encontrados no total da amostra. FONTE DOS DADOS: IBGE/Censo 2022 para fins de densidade demográfica, setores censitários e alocação da amostra. IBGE/PNAD/PNADC/MEC/INEP para fins de Nível Econômico e Escolaridade. TSE FEVEREIRO/2026 para fins de Sexo, Faixa Etária e eleitorado por município ou regiões previamente definidas (importante ressaltar para o público leigo que os dados do TSE são os únicos corretos para gênero, idade dos eleitores e quantitativo de eleitores por municípios já que a base de dados se atualiza automaticamente, PORÉM, dados de escolaridade e nível econômico NÃO são corretos e confiáveis devido a desatualização que ocorre naturalmente com o passar dos anos). Definição de margem de erro e intervalo de confiança: Margem de erro e intervalo de confiança não são grandezas diretamente proporcionais. A SOMA NÃO TEM QUE RESULTAR 100%. ";"Após os trabalhos de coleta de dados, os questionários são submetidos a uma fiscalização, conferência e checagem de cerca de 20% (vinte por cento) dos questionários aplicados.";"A relação dos municípios sorteados ou selecionados para esta pesquisa será apresentada em arquivo anexo até 1 (um) dia após a divulgação desta pesquisa conforme §7º. do art. 2º. da Resolução-TSE nº. 23.600/2019. A área de abrangência desta pesquisa é o Estado DE SERGIPE"
"21/07/2026";"05:46:28";2026;81;"Eleições Gerais 2026";"SE";"SE";"SERGIPE";"SE037422026";"2026-06-15 22:21:38";"N";"47525411000164";"INOR - INSTITUTO DE PESQUISA DO NORDESTE LTDA";"#NULO#";"Governador, Senador";"2026-06-16 00:00:00";"2026-06-18 00:00:00";"2026-06-21 00:00:00";1070;"10591";"DRIELLY JULIANNE RODRIGUES SANTOS";"20000,00";"Trata-se de pesquisa quantitativa por amostragem, elaborada para representar o conjunto do eleitorado do Estado de Sergipe. O levantamento foi realizado mediante a aplicação de 1.070 entrevistas presenciais em domicílios, observando critérios de proporcionalidade populacional na distribuição da amostra. Para a coleta das informações, utilizou-se questionário estruturado aplicado junto a eleitores selecionados de forma representativa. O estudo foi executado com custos operacionais reduzidos, tendo também como finalidade a divulgação institucional dos trabalhos desenvolvidos pelo Instituto de Pesquisa do Nordeste.";"A pesquisa foi estruturada de forma a garantir representatividade do eleitorado distribuído em 31 municípios do Estado de Sergipe, considerando informações oficiais disponibilizadas pelo Tribunal Superior Eleitoral (TSE), atualizadas até fevereiro de 2026. A seleção dos municípios e da amostra observou o método de Probabilidade Proporcional ao Tamanho (PPT), utilizando como universo a população residente com 16 anos ou mais. No interior de cada município pesquisado, os entrevistados foram definidos mediante aplicação de cotas proporcionais, levando-se em consideração variáveis sociodemográficas relevantes, tais como sexo, faixa etária, escolaridade e nível econômico, com o objetivo de assegurar equilíbrio e representatividade estatística da amostra analisada. Gênero: Feminino (53,24%); Masculino (46,76%). Faixa Etária Feminino: 16 anos (0,18%); 17 anos (0,70%); 18 anos (1,31%); 19 anos (1,62%); 20 anos (1,75%); 21 a 24 anos (7,22%); 25 a 29 anos (10,36%); 30 a 34 anos (10,15%); 35 a 39 anos (10,24%); 40 a 44 anos (10,41%); 45 a 49 anos (9,59%); 50 a 54 anos (8,29%); 55 a 59 anos (7,54%); 60 a 64 anos (6,35%); 65 a 69 anos (4,82%); 70 a 74 anos (3,73%); 75 a 79 anos (2,69%); 80 a 84 anos (1,69%); 85 a 89 anos (0,87%); 90 a 94 anos (0,35%); 95 a 99 anos (0,10%); 100 anos ou mais (0,03%). Faixa Etária Masculino: 16 anos (0,18%); 17 anos (0,75%); 18 anos (1,54%); 19 anos (1,86%); 20 anos (1,95%);21 a 24 anos (7,89%); 25 a 29 anos (10,86%); 30 a 34 anos (10,32%); 35 a 39 anos (10,29%); 40 a 44 anos (10,48%); 45 a 49 anos (9,54%); 50 a 54 anos (8,21%); 55 a 59 anos (7,37%); 60 a 64 anos (6,11%); 65 a 69 anos (4,54%); 70 a 74 anos (3,35%); 75 a 79 anos (2,34%); 80 a 84 anos (1,38%); 85 a 89 anos (0,66%); 90 a 94 anos (0,25%); 95 a 99 anos (0,08%); 100 anos ou mais (0,03%). Grau de Instrução Feminino: Analfabeto (4,65%); Ensino Fundamental Completo (4,03%); Ensino Fundamental Incompleto (25,92%); Ensino Médio Completo (23,83%); Ensino Médio Incompleto (18,55%); Lê e Escreve (8,30%); Superior Completo (9,24%); Superior Incompleto (5,48%). Grau de Instrução Masculino: Analfabeto (5,61%); Ensino Fundamental Completo (4,33%); Ensino Fundamental Incompleto (30,48%); Ensino Médio Completo (20,19%); Ensino Médio Incompleto (18,72%); Lê e Escreve (9,98%); Superior Completo (5,67%); Superior Incompleto (5,02%). Nível Econômico: Sem rendimento até 1 salário-mínimo 77,40% (Feminino 41,21%, Masculino 36,19%); Mais de 1 até 2 salários-mínimos 12,37% (Feminino 6,59%, Masculino 5,78%); Mais de 2 até 3 salários-mínimos 3,89% (Feminino 2,07%, Masculino 1,82%); Mais de 3 até 5 salários-mínimos 3,30% (Feminino 1,76%, Masculino 1,54%); Mais de 5 até 10 salários-mínimos 2,25% (Feminino 1,20%, Masculino 1,05%); Mais de 10 salários-mínimos 0,80% (Feminino 0,43%, Masculino 0,37%); Dados obtidos pelo nível econômico: https://sidra.ibge.gov.br/Tabela/1385#resultado. A amostra a ser aplicada é de tamanho 1.070 para universo de 1.709.822 eleitores. O nível de confiança é de 95% e a margem de erro máxima estimada considerando um modelo de amostragem aleatório simples, é de 3 pontos percentuais para mais ou para menos sobre os resultados encontrados no total da amostra. FONTE DOS DADOS: TSE 2026, CENSO 2010, CENSO 2022.";"Para a execução da pesquisa, foram mobilizadas equipes compostas por entrevistadores, supervisores de campo e a Estatística (Drielly Rodrigues) vinculados ao (INOR ¿ Instituto de Pesquisa do Nordeste), todos previamente treinados e capacitados para a realização das atividades de coleta e supervisão. O trabalho de campo contou ainda com sistema de acompanhamento on-line das entrevistas, permitindo monitoramento contínuo por parte da coordenação estatística e da equipe de supervisão. Os supervisores foram responsáveis pela fiscalização e verificação da correta aplicação dos questionários, assegurando que os procedimentos fossem conduzidos em conformidade com os princípios éticos aplicáveis às pesquisas sociais e de mercado, observando as diretrizes do Código Internacional ICC/ESOMAR. A atuação integrada das equipes de campo e supervisão teve como finalidade garantir o adequado enquadramento dos entrevistados nos parâmetros amostrais previamente definidos, bem como preservar a consistência, a integridade e a confiabilidade das informações coletadas, contribuindo para a validade estatística dos resultados obtidos.";"A pesquisa foi realizada nos municípios de Aquidabã, Aracaju, Areia Branca, Barra dos Coqueiros, Boquim, Campo do Brito, Capela, Canindé de São Francisco, Carira, Itabaiana, Japaratuba, Nossa Senhora das Dores, Ribeirópolis, Nossa Senhora da Glória, Poço Redondo, Porto da Folha, Propriá, Neópolis, Estância, Itabaianinha, Poço Verde, Salgado, Lagarto, Riachão do Dantas, Simão Dias, Itaporanga d'Ajuda, Laranjeiras, Nossa Senhora do Socorro, São Cristóvão, Tobias Barreto e Umbaúba, contemplando diferentes regiões do Estado de Sergipe, de modo a assegurar abrangência territorial e representatividade estatística da amostra pesquisada."
"21/07/2026";"05:46:28";2026;81;"Eleições Gerais 2026";"SE";"SE";"SERGIPE";"SE064222026";"2026-05-11 22:52:31";"S";"35851783000100";"ECM - EDICAO, COMUNICACAO & MARKETING LTDA";"ECM-PESQUISAS";"Governador, Senador, Deputado Federal, Deputado Estadual";"2026-05-12 00:00:00";"2026-05-16 00:00:00";"2026-05-17 00:00:00";1200;"11003";"Flávio Ferreira da Conceição";"11000,00";"Pesquisa científica quantitativa, amostral, do tipo Survey, consistindo em entrevistas pessoais domiciliares, com aplicação de questionário estruturado junto a uma amostra representativa, com distribuição proporcional ao tamanho da população das regiões e  municípios de Sergipe.";"A pesquisa é fundamentada em princípios da Teoria da Amostragem, através das Amostras Probabilísticas e Não Probabilísticas, por quotas/PPT/Estratificada/por conglomerados. O representativo do eleitorado foi obtido por meio de dados fornecidos pelo TSE, atualizados em março de 2026. Nesse procedimento, setores censitários foram sorteados com probabilidade proporcional ao tamanho da população residente, formada por pessoas com 16 anos ou mais. Posteriormente, foi selecionado um número fixo de participantes, seguindo quotas amostrais proporcionais para variáveis significativas. As categorias demográficas foram estratificadas e os percentuais apresentados a seguir são em relação ao valor total. GÊNERO: Feminino (53,23%); Masculino (46,77%). FAIXA ETÁRIA (Feminino: 16 anos (0,25%); 17 anos (0,72%); 18 anos (1,32%); 19 anos (1,62%); 20 anos (1,75%); 21 a 24 anos (7,20%); 25 a 29 anos (10,31%); 30 a 34 anos (10,15%); 35 a 39 anos (10,18%); 40 a 44 anos (10,41%); 45 a 49 anos (9,59%); 50 a 54 anos (8,28%); 55 a 59 anos (7,52%); 60 a 64 anos (6,36%); 65 a 69 anos (4,82%); 70 a 74 anos (3,73%); 75 a 79 anos (2,68%); 80 a 84 anos (1,70%); 85 a 89 anos (0,86%); 90 a 94 anos (0,36%); 95 a 99 anos (0,10%); 100 anos ou mais (0,03%). Masculino: 16 anos (0,26%); 17 anos (0,77%); 18 anos (1,54%); 19 anos (1,87%); 20 anos (1,96%); 21 a 24 anos (7,87%); 25 a 29 anos (10,81%); 30 a 34 anos (10,33%); 35 a 39 anos (10,24%); 40 a 44 anos (10,46%); 45 a 49 anos (9,53%); 50 a 54 anos (8,21%); 55 a 59 anos (7,36%); 60 a 64 anos (6,11%); 65 a 69 anos (4,55%); 70 a 74 anos (3,34%); 75 a 79 anos (2,34%); 80 a 84 anos (1,39%); 85 a 89 anos (0,66%); 90 a 94 anos (0,25%); 95 a 99 anos (0,08%); 100 anos ou mais (0,03%). ESCOLARIDADE; Feminino: Analfabeto (4,63%); Ensino fundamental completo (4,01%); Ensino fundamental incompleto (25,83%); Ensino médio completo (23,87%); Ensino médio incompleto (18,66%); Lê e escreve (8,26%); Superior completo (9,25%); Superior incompleto (5,49%). Masculino: Analfabeto (5,59%); Ensino fundamental completo (4,32%); Ensino fundamental incompleto (30,41%); Ensino médio completo (20,21%); Ensino médio incompleto (18,84%); Lê e escreve (9,92%); Superior completo (5,68%); Superior incompleto (5,03%). Nível Econômico: Sem rendimento (5,03%); até 1 salário mínimo (72,37%); Mais de 1 a 2 salários mínimos (12,37%); Mais de 2 a 3 salários mínimos (3,89%); Mais de 3 a 5 salários mínimos (3,30%); Mais de 5 a 10 salários mínimos (2,25%); Mais de 10 salários mínimos (0,80%). Dados obtidos para nível econômico: https://sidra.ibge.gov.br/Tabela/1385#resultado. A amostra a ser aplicada é de tamanho 1.200 (Mil e duzentos). O nível de confiança é de 95% e a margem de erro máxima estimada considerando um modelo de amostragem aleatório simples, é de 2,83 pontos percentuais para mais ou para menos sobre os resultados encontrados no total da amostra. FONTE DOS DADOS: TSE 2026, CENSO 2010, CENSO 2022.";"A pesquisa é realizada por entrevistadores, supervisor e estatístico. Os entrevistadores são devidamente treinados para conduzir as entrevistas de uma forma clara e imparcial. O supervisor desempenha o papel de garantir que a coleta dos dados seja feita de forma precisa e ética, além disso, incorporamos o acompanhamento da coleta on-line. Após os trabalhos de campo, os aplicativos de coleta dos dados são submetidos a uma fiscalização pelo supervisor e pelo estatístico, de cerca de 20% (vinte por cento) dos questionários aplicados pelos entrevistadores, para verificação das respostas. Findo esse processo os questionários vão para a organização do banco de dados em software estatístico a fim de que se prepare o relatório final de resultados para divulgação";"Pesquisa realizada nos municípios do estado de Sergipe."
"21/07/2026";"05:46:28";2026;81;"Eleições Gerais 2026";"SE";"SE";"SERGIPE";"SE001812026";"2026-06-15 20:58:04";"S";"00654576000172";"INSTITUTO VERITA LTDA";"VERITA";"Governador, Senador";"2026-06-16 00:00:00";"2026-06-20 00:00:00";"2026-06-21 00:00:00";1220;"10699";"GUILHERME ALVARENGA LAIA";"93940,00";"Pesquisa quantitativa, que consiste na realização de entrevistas, com a aplicação de questionário estruturado junto a uma amostra representativa do eleitorado desta Unidade da Federação.";"ESTUDO REPRESENTATIVO DO ELEITORADO DO ESTADO DE SERGIPE - MÉTODO PPT (Probabilidade Proporcional ao Tamanho) - PLANO AMOSTRAL E PONDERAÇÃO QUANTO A SEXO, IDADE, GRAU DE INSTRUÇÃO E NÍVEL ECONÔMICO DO ENTREVISTADO; INTERVALO DE CONFIANÇA E MARGEM DE ERRO: Representativo do eleitorado da área em estudo, elaborada, em vários estágios, da seguinte forma: - 1. Divisão da UF em estratos proporcionais de municípios. 2. Ordenação dos municípios de cada estrato segundo o porte. 3. Sorteio dos municípios de cada estrato. 4. Os respondentes são selecionados através de quotas amostrais proporcionais em função de variáveis significativas, a saber: GÊNERO / FAIXA ETÁRIA - FEMININO E MASCULINO 16 A 34 ANOS 17,7% E 16,5%, 35 A 54 ANOS 20,6% E 18%, 55 ANOS OU MAIS 15% E 12,2%. GRAU DE INSTRUÇÃO ¿ FEMININO E MASCULINO Sem instrução até Ensino Médio completo 68,9%, Ensino superior incompleto e completo 31,1% NÍVEL ECONÔMICO - FEMININO população não economicamente ativa 46,5% população economicamente ativa 53,5% MASCULINO população não economicamente ativa 27,2% população economicamente ativa 72,8%. RENDA FAMILIAR DO DOMICÍLIO renda familiar de até 2 salários-mínimos 30,7%; de 2 a 5 salários-mínimos 44,2%, acima de 5 salários-mínimos 25,1%. Está prevista eventual ponderação para correção das variáveis, com base nos percentuais anteriormente mencionados, caso ocorram diferenças superiores a margem de erro da pesquisa previsto entre a amostra e a coleta de dados realizada. O fator previsto para ponderação é 1 (resultados obtidos na coleta de dados). O intervalo de confiança estimado é de 95% e a margem de erro máxima estimada considerando um modelo de amostragem aleatório simples, é de aproximadamente 3 pontos percentuais para mais ou para menos sobre os resultados encontrados no total da amostra. FONTE DOS DADOS: IBGE/Censo 2022 para fins de densidade demográfica, setores censitários e alocação da amostra. IBGE/PNAD/PNADC/MEC/INEP para fins de Nível Econômico e Escolaridade. TSE FEVEREIRO/2026 para fins de Sexo, Faixa Etária e eleitorado por município ou regiões previamente definidas (importante ressaltar para o público leigo que os dados do TSE são os únicos corretos para gênero, idade dos eleitores e quantitativo de eleitores por municípios já que a base de dados se atualiza automaticamente, PORÉM, dados de escolaridade e nível econômico NÃO são corretos e confiáveis devido a desatualização que ocorre naturalmente com o passar dos anos). Definição de margem de erro e intervalo de confiança: Margem de erro e intervalo de confiança não são grandezas diretamente proporcionais. A SOMA NÃO TEM QUE RESULTAR 100%. ";"Após os trabalhos de coleta de dados, os questionários são submetidos a uma fiscalização, conferência e checagem de cerca de 20% (vinte por cento) dos questionários aplicados.";"A relação dos municípios sorteados ou selecionados para esta pesquisa será apresentada em arquivo anexo até 1 (um) dia após a divulgação desta pesquisa conforme §7º. do art. 2º. da Resolução-TSE nº. 23.600/2019. A área de abrangência desta pesquisa é o Estado DE SERGIPE"
"21/07/2026";"05:46:28";2026;81;"Eleições Gerais 2026";"SE";"SE";"SERGIPE";"SE012332026";"2026-03-28 17:54:51";"S";"00654576000172";"INSTITUTO VERITA LTDA";"VERITA";"Governador, Senador, Deputado Federal, Deputado Estadual";"2026-03-29 00:00:00";"2026-04-04 00:00:00";"2026-04-03 00:00:00";1220;"10699";"GUILHERME ALVARENGA LAIA";"93940,00";"Pesquisa quantitativa, que consiste na realização de entrevistas, com a aplicação de questionário estruturado junto a uma amostra representativa do eleitorado desta Unidade da Federação.";"ESTUDO REPRESENTATIVO DO ELEITORADO DO ESTADO DE SERGIPE - MÉTODO PPT (Probabilidade Proporcional ao Tamanho) - PLANO AMOSTRAL E PONDERAÇÃO QUANTO A SEXO, IDADE, GRAU DE INSTRUÇÃO E NÍVEL ECONÔMICO DO ENTREVISTADO; INTERVALO DE CONFIANÇA E MARGEM DE ERRO: Representativo do eleitorado da área em estudo, elaborada, em vários estágios, da seguinte forma: - 1. Divisão da UF em estratos proporcionais de municípios. 2. Ordenação dos municípios de cada estrato segundo o porte. 3. Sorteio dos municípios de cada estrato. 4. Os respondentes são selecionados através de quotas amostrais proporcionais em função de variáveis significativas, a saber: GÊNERO / FAIXA ETÁRIA - FEMININO E MASCULINO 16 A 34 ANOS 17,7% E 16,5%, 35 A 54 ANOS 20,6% E 18%, 55 ANOS OU MAIS 15% E 12,2%. GRAU DE INSTRUÇÃO ¿ FEMININO E MASCULINO Sem instrução até Ensino Médio completo 68,9%, Ensino superior incompleto e completo 31,1% NÍVEL ECONÔMICO - FEMININO população não economicamente ativa 46,5% população economicamente ativa 53,5% MASCULINO população não economicamente ativa 27,2% população economicamente ativa 72,8%. RENDA FAMILIAR DO DOMICÍLIO renda familiar de até 2 salários-mínimos 30,7%; de 2 a 5 salários-mínimos 44,2%, acima de 5 salários-mínimos 25,1%. Está prevista eventual ponderação para correção das variáveis, com base nos percentuais anteriormente mencionados, caso ocorram diferenças superiores a margem de erro da pesquisa prevista entre a amostra e a coleta de dados realizada. O fator previsto para ponderação é 1 (resultados obtidos na coleta de dados). O intervalo de confiança estimado é de 95% e a margem de erro máxima estimada considerando um modelo de amostragem aleatório simples, é de aproximadamente 3 pontos percentuais para mais ou para menos sobre os resultados encontrados no total da amostra. FONTE DOS DADOS: IBGE/Censo 2022 para fins de densidade demográfica, setores censitários e alocação da amostra. IBGE/PNAD/PNADC/MEC/INEP para fins de Nível Econômico e Escolaridade. TSE FEVEREIRO/2026 para fins de Sexo, Faixa Etária e eleitorado por município ou regiões previamente definidas (importante ressaltar para o público leigo que os dados do TSE são os únicos corretos para gênero, idade dos eleitores e quantitativo de eleitores por municípios já que a base de dados se atualiza automaticamente, PORÉM, dados de escolaridade e nível econômico NÃO são corretos e confiáveis devido a desatualização que ocorre naturalmente com o passar dos anos). Definição de margem de erro e intervalo de confiança: Margem de erro e intervalo de confiança não são grandezas diretamente proporcionais. A SOMA NÃO TEM QUE RESULTAR 100%. ";"Após os trabalhos de coleta de dados, os questionários são submetidos a uma fiscalização, conferência e checagem de cerca de 20% (vinte por cento) dos questionários aplicados.";"A relação dos municípios sorteados ou selecionados para esta pesquisa será apresentada em arquivo anexo até 1 (um) dia após a divulgação desta pesquisa conforme §7º. do art. 2º. da Resolução-TSE nº. 23.600/2019. A área de abrangência desta pesquisa é o Estado DE SERGIPE"
"21/07/2026";"05:46:28";2026;81;"Eleições Gerais 2026";"SE";"SE";"SERGIPE";"SE053172026";"2026-07-03 15:48:41";"N";"47525411000164";"INOR - INSTITUTO DE PESQUISA DO NORDESTE LTDA";"#NULO#";"Governador, Senador";"2026-07-06 00:00:00";"2026-07-08 00:00:00";"2026-07-09 00:00:00";1070;"10591";"DRIELLY JULIANNE RODRIGUES SANTOS";"20000,00";"Trata-se de pesquisa quantitativa por amostragem, elaborada para representar o conjunto do eleitorado do Estado de Sergipe. O levantamento foi realizado mediante a aplicação de 1.070 entrevistas presenciais em domicílios, observando critérios de proporcionalidade populacional na distribuição da amostra. Para a coleta das informações, utilizou-se questionário estruturado aplicado junto a eleitores selecionados de forma representativa. O estudo foi executado com custos operacionais reduzidos, tendo também como finalidade a divulgação institucional dos trabalhos desenvolvidos pelo Instituto de Pesquisa do Nordeste.";"A pesquisa foi estruturada de forma a garantir representatividade do eleitorado distribuído em 31 municípios do Estado de Sergipe, considerando informações oficiais disponibilizadas pelo Tribunal Superior Eleitoral (TSE), atualizadas até fevereiro de 2026. A seleção dos municípios e da amostra observou o método de Probabilidade Proporcional ao Tamanho (PPT), utilizando como universo a população residente com 16 anos ou mais. No interior de cada município pesquisado, os entrevistados foram definidos mediante aplicação de cotas proporcionais, levando-se em consideração variáveis sociodemográficas relevantes, tais como sexo, faixa etária, escolaridade e nível econômico, com o objetivo de assegurar equilíbrio e representatividade estatística da amostra analisada. Gênero: Feminino (53,24%); Masculino (46,76%). Faixa Etária Feminino: 16 anos (0,18%); 17 anos (0,70%); 18 anos (1,31%); 19 anos (1,62%); 20 anos (1,75%); 21 a 24 anos (7,22%); 25 a 29 anos (10,36%); 30 a 34 anos (10,15%); 35 a 39 anos (10,24%); 40 a 44 anos (10,41%); 45 a 49 anos (9,59%); 50 a 54 anos (8,29%); 55 a 59 anos (7,54%); 60 a 64 anos (6,35%); 65 a 69 anos (4,82%); 70 a 74 anos (3,73%); 75 a 79 anos (2,69%); 80 a 84 anos (1,69%); 85 a 89 anos (0,87%); 90 a 94 anos (0,35%); 95 a 99 anos (0,10%); 100 anos ou mais (0,03%). Faixa Etária Masculino: 16 anos (0,18%); 17 anos (0,75%); 18 anos (1,54%); 19 anos (1,86%); 20 anos (1,95%);21 a 24 anos (7,89%); 25 a 29 anos (10,86%); 30 a 34 anos (10,32%); 35 a 39 anos (10,29%); 40 a 44 anos (10,48%); 45 a 49 anos (9,54%); 50 a 54 anos (8,21%); 55 a 59 anos (7,37%); 60 a 64 anos (6,11%); 65 a 69 anos (4,54%); 70 a 74 anos (3,35%); 75 a 79 anos (2,34%); 80 a 84 anos (1,38%); 85 a 89 anos (0,66%); 90 a 94 anos (0,25%); 95 a 99 anos (0,08%); 100 anos ou mais (0,03%). Grau de Instrução Feminino: Analfabeto (4,65%); Ensino Fundamental Completo (4,03%); Ensino Fundamental Incompleto (25,92%); Ensino Médio Completo (23,83%); Ensino Médio Incompleto (18,55%); Lê e Escreve (8,30%); Superior Completo (9,24%); Superior Incompleto (5,48%). Grau de Instrução Masculino: Analfabeto (5,61%); Ensino Fundamental Completo (4,33%); Ensino Fundamental Incompleto (30,48%); Ensino Médio Completo (20,19%); Ensino Médio Incompleto (18,72%); Lê e Escreve (9,98%); Superior Completo (5,67%); Superior Incompleto (5,02%). Nível Econômico: Sem rendimento até 1 salário-mínimo 77,40% (Feminino 41,21%, Masculino 36,19%); Mais de 1 até 2 salários-mínimos 12,37% (Feminino 6,59%, Masculino 5,78%); Mais de 2 até 3 salários-mínimos 3,89% (Feminino 2,07%, Masculino 1,82%); Mais de 3 até 5 salários-mínimos 3,30% (Feminino 1,76%, Masculino 1,54%); Mais de 5 até 10 salários-mínimos 2,25% (Feminino 1,20%, Masculino 1,05%); Mais de 10 salários-mínimos 0,80% (Feminino 0,43%, Masculino 0,37%); Dados obtidos pelo nível econômico: https://sidra.ibge.gov.br/Tabela/1385#resultado. A amostra a ser aplicada é de tamanho 1.070 para universo de 1.709.822 eleitores. O nível de confiança é de 95% e a margem de erro máxima estimada considerando um modelo de amostragem aleatório simples, é de 3 pontos percentuais para mais ou para menos sobre os resultados encontrados no total da amostra. FONTE DOS DADOS: TSE 2026, CENSO 2010, CENSO 2022.";"Para a execução da pesquisa, foram mobilizadas equipes compostas por entrevistadores, supervisores de campo e a Estatística (Drielly Rodrigues) vinculados ao (INOR ¿ Instituto de Pesquisa do Nordeste), todos previamente treinados e capacitados para a realização das atividades de coleta e supervisão. O trabalho de campo contou ainda com sistema de acompanhamento on-line das entrevistas, permitindo monitoramento contínuo por parte da coordenação estatística e da equipe de supervisão. Os supervisores foram responsáveis pela fiscalização e verificação da correta aplicação dos questionários, assegurando que os procedimentos fossem conduzidos em conformidade com os princípios éticos aplicáveis às pesquisas sociais e de mercado, observando as diretrizes do Código Internacional ICC/ESOMAR. A atuação integrada das equipes de campo e supervisão teve como finalidade garantir o adequado enquadramento dos entrevistados nos parâmetros amostrais previamente definidos, bem como preservar a consistência, a integridade e a confiabilidade das informações coletadas, contribuindo para a validade estatística dos resultados obtidos.";"A pesquisa foi realizada nos municípios de Aquidabã, Aracaju, Areia Branca, Barra dos Coqueiros, Boquim, Campo do Brito, Capela, Canindé de São Francisco, Carira, Itabaiana, Japaratuba, Nossa Senhora das Dores, Ribeirópolis, Nossa Senhora da Glória, Poço Redondo, Porto da Folha, Propriá, Neópolis, Estância, Itabaianinha, Poço Verde, Salgado, Lagarto, Riachão do Dantas, Simão Dias, Itaporanga d'Ajuda, Laranjeiras, Nossa Senhora do Socorro, São Cristóvão, Tobias Barreto e Umbaúba, contemplando diferentes regiões do Estado de Sergipe, de modo a assegurar abrangência territorial e representatividade estatística da amostra pesquisada."
