"DT_GERACAO";"HH_GERACAO";"AA_ELEICAO";"CD_ELEICAO";"NM_ELEICAO";"SG_UF";"SG_UE";"NM_UE";"NR_PROTOCOLO_REGISTRO";"DT_REGISTRO";"ST_PESQUISA_PROPRIA";"NR_CNPJ_EMPRESA";"NM_EMPRESA";"NM_EMPRESA_FANTASIA";"DS_CARGO";"DT_INICIO_PESQUISA";"DT_FIM_PESQUISA";"DT_DIVULGACAO";"QT_ENTREVISTADO";"CD_CONRE";"NM_ESTATISTICO_RESP";"VR_PESQUISA";"DS_METODOLOGIA_PESQUISA";"DS_PLANO_AMOSTRAL";"DS_SISTEMA_CONTROLE";"DS_DADO_MUNICIPIO"
"21/07/2026";"05:46:28";2026;81;"Eleições Gerais 2026";"PR";"PR";"PARANÁ";"PR001052026";"2026-03-25 21:16:51";"S";"19259002000128";"ATLASINTEL TECNOLOGIA DE DADOS LTDA";"ATLASINTEL";"Governador, Senador";"2026-03-25 00:00:00";"2026-03-30 00:00:00";"2026-03-31 00:00:00";1200;"11220";"ANDREI CAMILO DOS SANTOS";"75000,00";"Pesquisa quantitativa com coleta aleatória via questionário estruturado web e pós-estratificação da amostra de acordo com as características do eleitorado do Paraná.

";"Amostra aleatória pós-estratificada via algoritmo iterativo com quotas proporcionais, representando características do eleitorado do Paraná: SEXO: Masculino: 47.2%; Feminino: 52.8%. FAIXA ETÁRIA: Entre 16 a 24 anos: 11.0%; Entre 25 a 34 anos: 18.9%; Entre 35 a 44 anos: 19.3%; Entre 45 a 59 anos: 26.3%; 60 ou mais: 24.5%. ESCOLARIDADE: Ensino Fundamental completo ou incompleto e eleitores sem educação formal: 35.7%; Ensino Médio completo ou incompleto: 37.7%; Ensino Superior completo ou incompleto: 26.6%. NÍVEL ECONÔMICO: Renda familiar mensal até R$2000: 15.2%; Mais de R$2.000 a R$3.000: 14.6%; Mais de R$3.000 a R$5.000: 25.3%; Mais de R$5.000 a R$10.000: 29.6%; Mais de R$10.000: 15.4%. OBS.: devido ao arredondamento, a soma dos percentuais pode variar de 99% a 101%. Na agregação final, para cada variável de ponderação, serão admissíveis desvios de até 3.0 pontos percentuais em relação às quotas estipuladas. Confiança estimada: 95%, margem de erro: +/- 3.0 pontos percentuais. FONTE DOS DADOS: PNADC 2024 para escolaridade e nível econômico | TSE 2026 para sexo e faixa etária.

";"Coleta feita com a utilização de questionário eletrônico com procedimentos específicos para o armazenamento seguro dos dados. São checados manualmente no mínimo 15% dos questionários para detectar possíveis anomalias. Pesquisadores especializados realizam internamente uma verificação exaustiva da consistência dos dados antes da divulgação dos resultados finais.";"#NULO#"
"21/07/2026";"05:46:28";2026;81;"Eleições Gerais 2026";"PR";"PR";"PARANÁ";"PR069782026";"2026-06-04 21:08:33";"N";"81908345000140";"INSTITUTO PARANA DE PESQUISAS E ANALISE DE CONSUMIDOR LTDA";"#NULO#";"Governador, Senador";"2026-06-07 00:00:00";"2026-06-09 00:00:00";"2026-06-10 00:00:00";1500;"10245 - 4ª Região";"Tatiani Cristina Ara";"135900,00";"Pesquisa com metodologia quantitativa, com a realização de entrevistas pessoais, domiciliares e presenciais, utilizando questionário estruturado junto a uma amostra representativa do eleitorado do Estado do Paraná.


";"""A amostra será representativa do eleitorado da área pesquisada e será selecionada em três etapas. Na primeira etapa realiza-se um sorteio probabilístico dos municípios onde as entrevistas serão realizadas através do método PPT (Probabilidade Proporcional ao Tamanho), considerando a população eleitora com 16 anos ou mais residente nos municípios como base para essa seleção. Na segunda etapa, faz-se um sorteio probabilístico das localidades, onde as entrevistas serão realizadas, através do método PPT (Probabilidade Proporcional ao Tamanho), tomando a população eleitora de 16 anos ou mais residente nas localidades como base para essa seleção. Na terceira etapa, a seleção do entrevistado dentro da localidade, será feita utilizando-se quotas amostrais proporcionais, em função das seguintes variáveis:
GÊNERO: TSE Maio 2026 (https://sig.tse.jus.br/ords/dwapr/r/seai/sig-eleitor-eleitorado-mensal/cruzamento-eleitorado-mensal?p24_metricas=E&p24_back=22&p24_cruzamento_1=ds_sexo&clear=24&p0_uf=PR&p0_mes=5&debug=LEVEL5&session=312990078978641)
Masculino - 47%; |
Feminino - 53%; |
FAIXA ETÁRIA: TSE Maio 2026 (https://sig.tse.jus.br/ords/dwapr/r/seai/sig-eleitor-eleitorado-mensal/cruzamento-eleitorado-mensal?p24_cruzamento_1=ds_faixa_etaria&p24_metricas=E&p24_back=22&clear=24&p0_uf=PR&p0_mes=5&debug=LEVEL5&session=8904950028837)
Entre 16 e 24 anos: 12%; |
Entre 25 e 34 anos: 19%; |
Entre 35 e 44 anos: 19%; |
Entre 45 e 59 anos: 26%; |
Com 60 anos ou mais: 24%; |
ESCOLARIDADE: TSE Maio 2026 (https://sig.tse.jus.br/ords/dwapr/r/seai/sig-eleitor-eleitorado-mensal/cruzamento-eleitorado-mensal?p24_cruzamento_1=ds_grau_instrucao&p24_metricas=E&p24_back=22&clear=24&p0_uf=PR&p0_mes=5&debug=LEVEL5&session=309383598034615)
De analfabeto até ensino fundamental completo: 34%; |
Ensino médio incompleto ou completo: 44% |
Ensino superior incompleto ou completo: 22% |
RENDA DOMICILIAR MENSAL:  (https://cidades.ibge.gov.br/brasil/pr/pesquisa/23/24304) IBGE - Censo 2010. Observação: Conforme informações obtidas do Instituto Brasileiro de Geografia e Estatística, o IBGE, não divulgou - e não tem previsão - de data para divulgação do perfil econômico (nível econômico) da população brasileira; portanto, os dados quanto ao nível econômico obtidos no Censo 2022, não podem ser utilizados, pois não foram publicados. (https://censo2022.ibge.gov.br/panorama/)
Sem rendimentos até 2 salários mínimos: 36% |
Mais de 2 a 5 salários mínimos: 39% |
Mais de 5 salários mínimos: 25% |
Está prevista eventual ponderação para correção das variáveis gênero e faixa etária, com base nos percentuais acima apresentados, caso ocorram diferenças superiores a 3,0 (três) pontos percentuais entre o previsto na amostra e a coleta realizada; para as variáveis escolaridade e renda domiciliar mensal, o fator de ponderação é igual a 1 (resultados obtidos no campo). O nível de confiança estimado é de 95% (noventa e cinco por cento) para uma margem de erro estimada, considerando uma técnica de amostragem aleatória simples, de aproximadamente 2,6 (dois vírgula seis) pontos percentuais para mais ou para menos sobre os resultados obtidos.""





";"""As entrevistas serão conduzidas por uma equipe de entrevistadores e supervisores devidamente qualificados pelo Instituto Paraná Pesquisas, todos com experiência e treinamento específico em pesquisas de opinião pública. 
Controle: O controle do processo será realizado por meio de um software de coleta de dados, o qual permitirá o monitoramento garantindo o cumprimento das cotas amostrais.
Conferência e Fiscalização: Durante a coleta de dados os questionários aplicados são fiscalizados e conferidos através de um supervisor.   
Adicionalmente, pelo menos 30% dos questionários passarão por uma verificação posterior, que avaliará a precisão na aplicação e a adequação dos entrevistados às variáveis das quotas amostrais. Ou seja, no mínimo 450 entrevistas desta pesquisa serão auditadas pela equipe de qualidade do Instituto Paraná Pesquisas, podendo essa auditoria ser solicitada ao Instituto a qualquer momento.
Verificação: Após a coleta, os questionários passam por uma etapa de verificação e validação dos dados, para garantir a integridade e precisão dos dados coletados.""





";" ""A pesquisa será realizada no Estado do Paraná, a relação dos dados relativos aos municípios e às localidades será apresentado até o dia seguinte à data a partir da qual a pesquisa puder ser divulgada, conforme §7º do art. 2º da Resolução-TSE nº. 23.600/2019""





"
"21/07/2026";"05:46:28";2026;81;"Eleições Gerais 2026";"PR";"PR";"PARANÁ";"PR096682026";"2026-06-27 19:15:19";"S";"45613076000120";"INSTITUTO VOX BRASIL OPINIAO E PESQUISAS LTDA";"#NULO#";"Governador, Senador";"2026-06-29 00:00:00";"2026-07-01 00:00:00";"2026-07-03 00:00:00";2000;"9907";"GUILHERME COELHO NEVES";"50000,00";"Pesquisa do tipo quantitativo, por amostragem, com aplicação de questionário estruturado e abordagem pessoal em domicílios particulares permanentemente ocupados (de acordo com a definição do IBGE - Instituto Brasileiro de Geografia e Estatística). O conjunto do eleitorado do Estado do Paraná com 16 anos ou mais foi tomado como universo da pesquisa.";"Tamanho da amostra: A amostra prevista é de 2000 entrevistas. Técnica de amostragem A amostra é aleatória, com base na estimativa da média populacional. Utilizamos a amostragem em mais de um estágio. No primeiro estágio dividimos o estado em municípios, depois sorteamos os municípios, logo depois os bairros/setores censitários (conglomerados), sendo os mesmos listados, onde foram sorteados aleatoriamente. No segundo estágio, foram sorteadas as ruas (dispondo de um mapa da região), no terceiro estágio fizemos o sorteio das casas (via amostragem sistemática). O quarto estágio foi a seleção do entrevistado dentro da casa, onde o critério adotado foi o da primeira pessoa que atendesse a equipe de pesquisa, sendo este obrigatoriamente morador da residência e eleitor da cidade pesquisada. Na etapa seguinte foi realizado um controle das seguintes variáveis: sexo, idade, grau de instrução e nível econômico. Também adotamos p=50% para maximizar o tamanho da amostra a) a amostra poderá ser ponderada levando em consideração a variável sexo da população do Estado do Paraná sendo 52.8% mulheres e 47.2% homens, conforme dados do TSE de Maio de 2026 e a variável idade sendo consideradas as faixas: 16 anos: 0.43%; 17 anos: 0.73%; 18 a 20 anos: 4.08%; 21 a 24 anos: 6.42%; de 25 a 34 anos: 18.72%; de 35 a 44 anos: 19.12%; de 45 a 59 anos: 26.05%; de 60 a 69 anos: 13.68% e acima de 69 anos: 10.77% (TSE Maio 2026). Quanto à variável grau de instrução, temos: ANALFABETO: 2.03%; LÊ E ESCREVE: 3.59%; ENSINO FUNDAMENTAL INCOMPLETO: 21.07%; ENSINO FUNDAMENTAL COMPLETO: 7.00%; ENSINO MÉDIO INCOMPLETO: 15.10%; ENSINO MÉDIO COMPLETO: 29.06%; SUPERIOR INCOMPLETO: 7.83% e SUPERIOR COMPLETO: 14.32% (TSE Maio 2026). E para a variável renda, temos: Até 2 Salários Mínimos: 78.7%; 2 a 5 Salários Mínimos: 16.99%; 5 a 10 Salários Mínimos: 3.33% e acima de 10 Salários Mínimos: 0.98% (IBGE Censo 2022-fonte:https://sidra.ibge.gov.br). Em relação à ponderação, devido à metodologia amostral adotada, os fatores de ponderação a serem aplicados em toda as variáveis (sexo, idade, grau de instrução e renda), assumem valor igual a 1(um). Área física: Estado do Paraná em domicílios particulares permanentemente ocupados e sorteados de maneira aleatória simples sem reposição. Margem de Erro: A margem de erro máxima prevista para o total da amostra é de 2,2 pontos percentuais para mais ou para menos, considerando um nível de confiança de 95%. Os intervalos de confiança serão calculados considerando os resultados obtidos para um nível de confiança de 95%. Fonte de Dados: TSE- Maio 2026 e IBGE Censo 2022.";"Os pesquisadores envolvidos na realização desta pesquisa recebem treinamento especializado e instruções específicas de abordagem. O trabalho é feito com a equipe e dois coordenadores de campo. Há fiscalização no ato da entrevista e os questionários são recolhidos e checados quanto ao correto preenchimento dos dados. Após os trabalhos de campo, os questionários são submetidos a uma fiscalização que consiste na verificação de 20% dos questionários aplicados individualmente pelos entrevistadores, para checagem das respostas. Internamente, todo o material é verificado, codificado, digitado e, antes do processamento final, realiza-se a conferência da digitação (consistência dos dados).";"EM ANEXO"
"21/07/2026";"05:46:28";2026;81;"Eleições Gerais 2026";"PR";"PR";"PARANÁ";"PR011662026";"2026-07-01 19:17:09";"N";"81908345000140";"INSTITUTO PARANA DE PESQUISAS E ANALISE DE CONSUMIDOR LTDA";"#NULO#";"Governador, Senador";"2026-07-03 00:00:00";"2026-07-06 00:00:00";"2026-07-07 00:00:00";1500;"10245 - 4ª";"Tatiani Cristina Ara";"135900,00";"Pesquisa com metodologia quantitativa, com a realização de entrevistas pessoais, domiciliares e presenciais, utilizando questionário estruturado junto a uma amostra representativa do eleitorado do Estado do Paraná.


";"""A amostra será representativa do eleitorado da área pesquisada e será selecionada em três etapas. Na primeira etapa realiza-se um sorteio probabilístico dos municípios onde as entrevistas serão realizadas através do método PPT (Probabilidade Proporcional ao Tamanho), considerando a população eleitora com 16 anos ou mais residente nos municípios como base para essa seleção. Na segunda etapa, faz-se um sorteio probabilístico das localidades, onde as entrevistas serão realizadas, através do método PPT (Probabilidade Proporcional ao Tamanho), tomando a população eleitora de 16 anos ou mais residente nas localidades como base para essa seleção. Na terceira etapa, a seleção do entrevistado dentro da localidade, será feita utilizando-se quotas amostrais proporcionais, em função das seguintes variáveis:
GÊNERO: TSE Maio 2026 (https://sig.tse.jus.br/ords/dwapr/r/seai/sig-eleitor-eleitorado-mensal/cruzamento-eleitorado-mensal?p24_metricas=E&p24_back=22&p24_cruzamento_1=ds_sexo&clear=24&p0_uf=PR&p0_mes=5&debug=LEVEL5&session=312990078978641)
Masculino - 47%; |
Feminino - 53%; |
FAIXA ETÁRIA: TSE Maio 2026 (https://sig.tse.jus.br/ords/dwapr/r/seai/sig-eleitor-eleitorado-mensal/cruzamento-eleitorado-mensal?p24_cruzamento_1=ds_faixa_etaria&p24_metricas=E&p24_back=22&clear=24&p0_uf=PR&p0_mes=5&debug=LEVEL5&session=8904950028837)
Entre 16 e 24 anos: 12%; |
Entre 25 e 34 anos: 19%; |
Entre 35 e 44 anos: 19%; |
Entre 45 e 59 anos: 26%; |
Com 60 anos ou mais: 24%; |
ESCOLARIDADE: TSE Maio 2026 (https://sig.tse.jus.br/ords/dwapr/r/seai/sig-eleitor-eleitorado-mensal/cruzamento-eleitorado-mensal?p24_cruzamento_1=ds_grau_instrucao&p24_metricas=E&p24_back=22&clear=24&p0_uf=PR&p0_mes=5&debug=LEVEL5&session=309383598034615)
De analfabeto até ensino fundamental completo: 34%; |
Ensino médio incompleto ou completo: 44% |
Ensino superior incompleto ou completo: 22% |
RENDA DOMICILIAR MENSAL:  (https://cidades.ibge.gov.br/brasil/pr/pesquisa/23/24304) IBGE - Censo 2010. Observação: Conforme informações obtidas do Instituto Brasileiro de Geografia e Estatística, o IBGE, não divulgou - e não tem previsão - de data para divulgação do perfil econômico (nível econômico) da população brasileira; portanto, os dados quanto ao nível econômico obtidos no Censo 2022, não podem ser utilizados, pois não foram publicados. (https://censo2022.ibge.gov.br/panorama/)
Sem rendimentos até 2 salários mínimos: 36% |
Mais de 2 a 5 salários mínimos: 39% |
Mais de 5 salários mínimos: 25% |
Está prevista eventual ponderação para correção das variáveis gênero e faixa etária, com base nos percentuais acima apresentados, caso ocorram diferenças superiores a 3,0 (três) pontos percentuais entre o previsto na amostra e a coleta realizada; para as variáveis escolaridade e renda domiciliar mensal, o fator de ponderação é igual a 1 (resultados obtidos no campo). O nível de confiança estimado é de 95% (noventa e cinco por cento) para uma margem de erro estimada, considerando uma técnica de amostragem aleatória simples, de aproximadamente 2,6 (dois vírgula seis) pontos percentuais para mais ou para menos sobre os resultados obtidos.""





";"""As entrevistas serão conduzidas por uma equipe de entrevistadores e supervisores devidamente qualificados pelo Instituto Paraná Pesquisas, todos com experiência e treinamento específico em pesquisas de opinião pública. 
Controle: O controle do processo será realizado por meio de um software de coleta de dados, o qual permitirá o monitoramento garantindo o cumprimento das cotas amostrais.
Conferência e Fiscalização: Durante a coleta de dados os questionários aplicados são fiscalizados e conferidos através de um supervisor.   
Adicionalmente, pelo menos 30% dos questionários passarão por uma verificação posterior, que avaliará a precisão na aplicação e a adequação dos entrevistados às variáveis das quotas amostrais. Ou seja, no mínimo 450 entrevistas desta pesquisa serão auditadas pela equipe de qualidade do Instituto Paraná Pesquisas, podendo essa auditoria ser solicitada ao Instituto a qualquer momento.
Verificação: Após a coleta, os questionários passam por uma etapa de verificação e validação dos dados, para garantir a integridade e precisão dos dados coletados.""





";" ""A pesquisa será realizada no Estado do Paraná, a relação dos dados relativos aos municípios e às localidades será apresentado até o dia seguinte à data a partir da qual a pesquisa puder ser divulgada, conforme §7º do art. 2º da Resolução-TSE nº. 23.600/2019""





"
"21/07/2026";"05:46:28";2026;81;"Eleições Gerais 2026";"PR";"PR";"PARANÁ";"PR013402026";"2026-03-17 12:56:24";"N";"29855711000120";"NEOBE GESTAO E SERVICOS LTDA";"NEOKEMP PESQUISAS";"Governador, Senador";"2026-03-18 00:00:00";"2026-03-20 00:00:00";"2026-03-23 00:00:00";1008;"7615";"LUCIA HELENA SILVA CARDOSO";"45000,00";"Pesquisa quantitativa de opinião pública, realizada através de entrevistas telefônicas assistidas por computador (CATI) via sistema de Unidade de Resposta Audível pela plataforma Neokemp Pesquisas (Neobe Gestão e Serviços Ltda). As chamadas são direcionadas para terminais de telefonia fixa e móvel (celulares), utilizando discagem aleatória dentro dos prefixos ativos no estado do Paraná. O sistema opera de forma impessoal, onde o respondente interage com perguntas pré-gravadas utilizando o teclado do aparelho. A coleta é monitorada em tempo real para controle de cotas e filtragem de inconsistências.";"Universo: Eleitores do Estado do Paraná. Tamanho da amostra: A amostra prevista é de 1008 entrevistas. Técnica de amostragem: A amostra é estratificada por região geográfica intermediária (IBGE- Censo 2022), onde em cada estrato, num primeiro estágio, são sorteados aleatoriamente os municípios que farão parte do levantamento. No segundo estágio, a seleção do entrevistado dentro da localidade será feita utilizando-se quotas amostrais proporcionais as características demográficas do universo, em função das seguintes variáveis: GÊNERO: Masculino ¿ 47,2%; Feminino ¿ 52,8% | FAIXA ETÁRIA: Entre 16 e 24 anos: 11,0%; Entre 25 e 34 anos: 18,9%; Entre 35 e 44 anos: 19,3%; Entre 45 e 59 anos: 26,3%; 60 anos ou mais: 24,5% | ESCOLARIDADE: De analfabeto até ensino fundamental completo: 34,2%; Ensino médio incompleto ou completo: 43,7% Ensino superior incompleto ou completo: 22,0%. |NÍVEL ECONÔMICO: População Economicamente Ativa: 66,0%; População Não Economicamente Ativa: 34,0%. Está prevista eventual ponderação para correção das variáveis gênero, faixa etária e escolaridade, com base nos percentuais acima apresentados, caso ocorram diferenças superiores a 3,0 (três) pontos percentuais entre o previsto na amostra e a coleta realizada. Para a variável nível econômico, o fator de ponderação é igual a 1, (resultados obtidos no campo). O nível de confiança estimado é de 95% (noventa e cinco por cento) para uma margem de erro estimada, considerando uma técnica de amostragem aleatória simples, de aproximadamente 3,1 (três vírgula um) pontos percentuais sobre os resultados obtidos. Ressalta-se que esta margem de erro e grau de confiabilidade se aplica ao total da amostra, não devendo ser considerado para os resultados dentro de cada estrato e nem para os resultados gerados pelo cruzamento de variáveis. Fonte de Dados: Para as variáveis de Gênero, Faixa Etária e Grau de Instrução, os dados foram extraídos do repositório de estatísticas do eleitorado do TSE (Tribunal Superior Eleitoral), atualizados em fevereiro de 2026, referentes ao Estado do Paraná. Para a variável de Nível Econômico, utilizou-se a PNAD Contínua 4º. Trim 2025(IBGE), no estado do Paraná. Área física: A relação completa dos municípios e bairros pesquisados será encaminhada a esse tribunal posteriormente até o sétimo dia seguinte à data de registro da pesquisa, conforme Resolução 23.600/2019 do TSE, no art.2º §7º. ";"O controle de qualidade é realizado diretamente pelo sistema de coleta, que monitora rigorosamente as cotas em tempo real e encerra a entrevista automaticamente caso o perfil já tenha sido preenchido. A verificação da autenticidade é feita através da auditoria integral dos logs de chamadas (comprovação de origem e duração). São aplicados filtros para descarte de outliers de duração e detecção de padrões de resposta repetitivos. Como segunda camada de proteção, é enviado um SMS - Short Message Service (Serviço de Mensagens Curtas) de agradecimento aos participantes que concluíram o questionário, servindo como registro de validação.";"A pesquisa será realizada no Estado do Paraná. A relação dos municípios e bairros pertencentes à amostra será apresentada até o dia seguinte à data a partir da qual a pesquisa puder ser divulgada, conforme §7º do art. 2º da Resolução-TSE nº. 23.600/2019"
"21/07/2026";"05:46:28";2026;81;"Eleições Gerais 2026";"PR";"PR";"PARANÁ";"PR025882026";"2026-04-21 16:41:57";"N";"22445600000104";"QUAEST PESQUISAS, CONSULTORIA E PROJETOS LTDA.";"#NULO#";"Governador, Senador";"2026-04-21 00:00:00";"2026-04-25 00:00:00";"2026-04-27 00:00:00";1104;"6731";"Margarida Maria de Mendonça";"215479,57";"Pesquisa quantitativa, de survey, que consiste na realização de entrevistas pessoais, domiciliares e presenciais, conduzidas por profissionais treinados, com a aplicação de questionários estruturados a uma amostra representativa da população votante de 16 anos ou mais residente no estado do Paraná. O desenho amostral aplicado combina sorteio probabilístico de municípios e de setores censitários fornecidos pelo IBGE (unidades territoriais homogêneas, de tamanho similar a quadras ou blocos), dentro dos quais serão selecionadas pessoas respondentes por meio de cotas amostrais.";"O público pesquisado é composto por eleitores de 16 anos ou mais residentes na área de abrangência da pesquisa. Para produzir uma amostra representativa desse público-alvo, utilizamos um desenho amostral por conglomerados que prevê três estágios. No primeiro estágio, é feito um sorteio probabilístico de municípios para comporem a amostra por meio do método PPT (Probabilidade Proporcional ao Tamanho) a partir de suas populações votantes acima de 16 anos. Dentro da lista de municípios sorteados, no segundo estágio, é realizado um sorteio probabilístico por meio do método PPT (Probabilidade Proporcional ao Tamanho) de setores censitários a serem visitados pelos entrevistadores, sorteio que tem como base o total de habitantes residentes nos setores de acordo com dados do Censo de 2022, o que garante a dispersão aleatória e estatística da amostra dentro dos territórios municipais, independentemente de divisões administrativas. Finalmente, dentro da lista de setores censitários sorteados, no último estágio são selecionados domicílios e pessoas a serem entrevistadas utilizando-se cotas amostrais para as seguintes variáveis: sexo, idade, renda familiar e escolaridade. O perfil da amostra, definido pelas cotas previstas, é o seguinte:

Sexo: Masculino (47%); Feminino (53%). 
Faixa etária: 16-34 anos (30%); 35-59 anos (45%); 60 ou mais (25%). 
Renda domiciliar total, incluindo pensões, benefícios e rendimentos de trabalhos informais: Até 2 salários-mínimos (23%); Mais de 2 a 5 salários-mínimos (47%); Mais de 5 salários-mínimos (30%). 
Nível de instrução: Até Fundamental completo ou médio incompleto (41%); Médio completo ou superior incompleto (38%); Superior completo ou mais (21%). 

Fonte dos dados: para a distribuição de sexo e idade, TSE-Tribunal Superior Eleitoral - março/2026; para a malha de setores censitários, Censo 2022 (IBGE); para a distribuição de renda domiciliar, PNADc Anual 2024, 5a visita (IBGE); e, para a distribuição de escolaridade/instrução, PNADc trimestral 4-2025 (IBGE). A PNADc é utilizada por ser a fonte oficial mais atualizada de rendimentos do país, incluindo rendimentos informais, pensões, entre outros, e corrigindo as defasagens temporais do Censo 2022, além de ser a fonte mais atualizada de nível de instrução da população com 16 anos ou mais dada ausência de atualização obrigatória da escolaridade no registro de eleitores do TSE.

Está prevista eventual pós-estratificação da amostra, por meio de algoritmos de calibração (rake) e modelos (MrP), para correção de estimativas e das distribuições das variáveis sexo, idade, renda familiar e escolaridade, com base nos percentuais anteriormente mencionados, caso ocorram diferenças entre os percentuais previstos na amostra e a coleta de dados realizada. 

Dentro do público-alvo anteriormente descrito, serão realizadas 1.104 entrevistas. O nível de confiança das estimativas é de 95% e a margem de erro máxima prevista, atendendo às diretivas do TSE e usando o cálculo para amostra aleatória simples (AAS) como aproximação, é de cerca de 3 pontos percentuais para mais ou para menos em relação aos totais da amostra.";"As entrevistas serão realizadas por uma equipe de entrevistadores devidamente qualificada, com experiência e treinamento em pesquisa de opinião pública. Todo trabalho é feito em tablets ou outros dispositivos eletrônicos. Após a realização da coleta de dados, as entrevistas junto aos respondentes são checadas por meio de procedimentos de consistência e de georreferenciamento dos locais de aplicação em tempo real. Adicionalmente, ao longo e após os trabalhos de campo, é realizada uma fiscalização que consiste na checagem de áudio de uma amostra de 30% dos questionários aplicados para verificação das respostas e da adequação dos entrevistados aos parâmetros amostrais.";"A área de abrangência da coleta é o território do estado do Paraná. A relação do número de pessoas pesquisadas nas áreas de aplicação da pesquisa, discriminadas por município, bairros e setores censitários a partir dos identificadores utilizados pelo IBGE, além da composição do eleitorado entrevistado na área de abrangência quanto a gênero, idade, grau de instrução e nível econômico, constará em anexo. O mapa com os códigos destes setores censitários e as áreas que delimitam no país todo podem ser conferidos na seguinte fonte oficial: https://censo2022.ibge.gov.br/panorama/mapas.html?localidade=&recorte=setores_censitarios"
"21/07/2026";"05:46:28";2026;81;"Eleições Gerais 2026";"PR";"PR";"PARANÁ";"PR083182026";"2026-01-23 18:20:59";"N";"52908063000144";"100% CIDADES PARTICIPACOES LTDA";"100 CIDADES";"Governador, Senador";"2026-01-24 00:00:00";"2026-01-27 00:00:00";"2026-01-29 00:00:00";800;"8140";"Fabíola Miranda von Rondow";"64000,00";"Pesquisa do tipo quantitativa, por amostragem, com aplicação de questionário estruturado realizado por meio telefônico. O universo da pesquisa é o eleitorado do Estado de Paraná com 16 anos ou mais.";"Representativo do eleitorado da área em estudo. A amostra é estratificada por região de moradia, com base na população residente nos municípios, onde as entrevistas serão realizadas pelo método PPT (Probabilidade Proporcional ao Tamanho) - (Fonte dos Dados: Censo IBGE 2022). Dentro das localidades, os respondentes são selecionados através de quotas amostrais proporcionais em função de variáveis significativas, a saber: Gênero: masculino 47,2%; feminino 52,8% (Fonte dos Dados: TSE- dezembro/2025 - https://sig.tse.jus.br/ords/dwapr/r/seai/sig-eleitor-eleitorado-mensal/cruzamento-eleitorado-mensal?p0_uf=PR&session=14068077917957 - cruzamento 1: Gênero); Faixa etária: 16 a 24 anos, 10,8%; 25 a 34 anos, 19,0%; 35 a 44 anos, 19,4%; 45 a 59 anos, 26,4%; 60 anos ou mais, 24,4% (Fonte dos Dados: TSE- dezembro/2025 - https://sig.tse.jus.br/ords/dwapr/r/seai/sig-eleitor-eleitorado-mensal/cruzamento-eleitorado-mensal?p0_uf=PR&session=14068077917957 - cruzamento 1: Faixa Etária); Para a variável grau de instrução, os dados são: Até Ensino Fundamental Completo, 34,4%; Ensino Médio incompleto ou completo, 43,6%; Ensino superior incompleto ou mais, 22,0% (Fonte dos dados: TSE-dezembro/2025 - https://sig.tse.jus.br/ords/dwapr/r/seai/sig-eleitor-eleitorado-mensal/cruzamento-eleitorado-mensal?p0_uf=PR&session=14068077917957 - cruzamento 1: Grau de instrução); Para a variável nível econômico, a renda familiar: Sem rendimento/até 1 salário-mínimo 14,1%; acima de 1 a 2 salários-mínimos 21,8%; acima de 2 a 5 salários-mínimos 39,3%; acima de 5 a 10 salários-mínimos 16,7%; acima de 10 salários-mínimos 8,0% (Fonte dos dados: Censo IBGE/2010 - https://cidades.ibge.gov.br/brasil/pr/pesquisa/23/24304). Observação: De acordo com informações do Instituto Brasileiro de Geografia e Estatística (IBGE), não há previsão de data para a divulgação do perfil econômico da população brasileira do CENSO 2022. Portanto, considerando que os dados sobre o nível econômico obtidos no Censo 2022 ainda não foram publicados, adotou-se para essa variável os dados disponíveis do Censo IBGE/2010. Está prevista eventual ponderação para correção das variáveis gênero, idade e grau de instrução com base nos percentuais anteriormente mencionados, caso ocorram diferenças superiores a 3 pontos percentuais entre o previsto na amostra e a coleta de dados realizada. Para a variável nível econômico do entrevistado, o fator previsto para ponderação é 1 (resultados obtidos em campo). O tamanho da amostra previsto é de 800 entrevistas. O nível de confiança estimado é de 95% e a margem de erro máxima estimada considerando um modelo de amostragem aleatório simples, é de 3,5 pontos percentuais para mais ou para menos sobre os resultados encontrados no total da amostra. Os intervalos de confiança serão calculados considerando os resultados obtidos para um nível de confiança de 95%. FONTE DOS DADOS: Censo IBGE (2010 e 2022) | TSE (eleitorado de dezembro / 2025).";"As entrevistas serão realizadas por uma equipe de entrevistadores qualificados, que receberão treinamento e orientações especificas sobre o questionário e os objetivos da pesquisa, antes de iniciarem a coleta. Durante todo o período de aplicação das entrevistas, os entrevistadores serão monitorados recebendo apoio ou orientações de uma equipe de supervisores, com experiência e treinamento em pesquisas de opinião pública. Serão checados no mínimo 20% (vinte por cento) dos questionários aplicados por cada entrevistador, para a verificação das respostas e adequação dos entrevistados aos parâmetros amostrais. Os dados coletados e tratados nesta pesquisa atendem às exigências da Lei nº 13.709, de 14 de agosto de 2018, a Lei Geral de Proteção de Dados ¿ LGPD, garantindo ao respondente o sigilo de sua identidade e de seus dados pessoais, bem como o correto tratamento de suas respostas.";"A área de abrangência da coleta é o Estado do Paraná. A relação dos municípios selecionados para a pesquisa constará em anexo a ser apresentado até o dia seguinte, a partir do dia em que a pesquisa puder ser divulgada, conforme as Resoluções 23.600/2019, no art. 2º; §7º e 23.727/2024 do TSE."
"21/07/2026";"05:46:28";2026;81;"Eleições Gerais 2026";"PR";"PR";"PARANÁ";"PR065592026";"2026-04-07 19:10:32";"N";"81908345000140";"INSTITUTO PARANA DE PESQUISAS E ANALISE DE CONSUMIDOR LTDA";"#NULO#";"Governador, Senador";"2026-04-10 00:00:00";"2026-04-12 00:00:00";"2026-04-13 00:00:00";1500;"10245 - 4ª Região";"Tatiani Cristina Ara";"135025,00";"Pesquisa com metodologia quantitativa, com a realização de entrevistas pessoais, domiciliares e presenciais, utilizando questionário estruturado junto a uma amostra representativa do eleitorado do Estado do Paraná.


";"""A amostra será representativa do eleitorado da área pesquisada e será selecionada em três etapas. Na primeira etapa realiza-se um sorteio probabilístico dos municípios onde as entrevistas serão realizadas através do método PPT (Probabilidade Proporcional ao Tamanho), considerando a população eleitora com 16 anos ou mais residente nos municípios como base para essa seleção. Na segunda etapa, faz-se um sorteio probabilístico das localidades, onde as entrevistas serão realizadas, através do método PPT (Probabilidade Proporcional ao Tamanho), tomando a população eleitora de 16 anos ou mais residente nas localidades como base para essa seleção. Na terceira etapa, a seleção do entrevistado dentro da localidade, será feita utilizando-se quotas amostrais proporcionais, em função das seguintes variáveis:
GÊNERO: TSE Março 2026 (https://sig.tse.jus.br/ords/dwapr/r/seai/sig-eleitor-eleitorado-mensal/cruzamento-eleitorado-mensal?p24_metricas=E&p24_back=22&p24_cruzamento_1=ds_sexo&clear=24&p0_uf=PR&p0_mes=3&debug=LEVEL5&session=312990078978641)
Masculino - 47%; |
Feminino - 53%; |
FAIXA ETÁRIA: TSE Março 2026 (https://sig.tse.jus.br/ords/dwapr/r/seai/sig-eleitor-eleitorado-mensal/cruzamento-eleitorado-mensal?p24_cruzamento_1=ds_faixa_etaria&p24_metricas=E&p24_back=22&clear=24&p0_uf=PR&p0_mes=3&debug=LEVEL5&session=8904950028837)
Entre 16 e 24 anos: 11%; |
Entre 25 e 34 anos: 19%; |
Entre 35 e 44 anos: 19%; |
Entre 45 e 59 anos: 26%; |
Com 60 anos ou mais: 25%; |
ESCOLARIDADE: TSE Março 2026 (https://sig.tse.jus.br/ords/dwapr/r/seai/sig-eleitor-eleitorado-mensal/cruzamento-eleitorado-mensal?p24_cruzamento_1=ds_grau_instrucao&p24_metricas=E&p24_back=22&clear=24&p0_uf=PR&p0_mes=3&debug=LEVEL5&session=309383598034615)
De analfabeto até ensino fundamental completo: 34%; |
Ensino médio incompleto ou completo: 44% |
Ensino superior incompleto ou completo: 22% |
RENDA DOMICILIAR MENSAL:  (https://cidades.ibge.gov.br/brasil/pr/pesquisa/23/24304) IBGE - Censo 2010. Observação: Conforme informações obtidas do Instituto Brasileiro de Geografia e Estatística, o IBGE, não divulgou - e não tem previsão - de data para divulgação do perfil econômico (nível econômico) da população brasileira; portanto, os dados quanto ao nível econômico obtidos no Censo 2022, não podem ser utilizados, pois não foram publicados. (https://censo2022.ibge.gov.br/panorama/)
Sem rendimentos até 2 salários mínimos: 36% |
Mais de 2 a 5 salários mínimos: 39% |
Mais de 5 salários mínimos: 25% |
Está prevista eventual ponderação para correção das variáveis gênero e faixa etária, com base nos percentuais acima apresentados, caso ocorram diferenças superiores a 3,0 (três) pontos percentuais entre o previsto na amostra e a coleta realizada; para as variáveis escolaridade e renda domiciliar mensal, o fator de ponderação é igual a 1 (resultados obtidos no campo). O nível de confiança estimado é de 95% (noventa e cinco por cento) para uma margem de erro estimada, considerando uma técnica de amostragem aleatória simples, de aproximadamente 2,6 (dois vírgula seis) pontos percentuais para mais ou para menos sobre os resultados obtidos.""





";"""As entrevistas serão conduzidas por uma equipe de entrevistadores e supervisores devidamente qualificados pelo Instituto Paraná Pesquisas, todos com experiência e treinamento específico em pesquisas de opinião pública. 
Controle: O controle do processo será realizado por meio de um software de coleta de dados, o qual permitirá o monitoramento garantindo o cumprimento das cotas amostrais.
Conferência e Fiscalização: Durante a coleta de dados os questionários aplicados são fiscalizados e conferidos através de um supervisor.   
Adicionalmente, pelo menos 30% dos questionários passarão por uma verificação posterior, que avaliará a precisão na aplicação e a adequação dos entrevistados às variáveis das quotas amostrais. Ou seja, no mínimo 450 entrevistas desta pesquisa serão auditadas pela equipe de qualidade do Instituto Paraná Pesquisas, podendo essa auditoria ser solicitada ao Instituto a qualquer momento.
Verificação: Após a coleta, os questionários passam por uma etapa de verificação e validação dos dados, para garantir a integridade e precisão dos dados coletados.""





";" ""A pesquisa será realizada no Estado do Paraná, a relação dos dados relativos aos municípios e às localidades será apresentado até o dia seguinte à data a partir da qual a pesquisa puder ser divulgada, conforme §7º do art. 2º da Resolução-TSE nº. 23.600/2019""





"
"21/07/2026";"05:46:28";2026;81;"Eleições Gerais 2026";"PR";"PR";"PARANÁ";"PR085702026";"2026-06-02 21:31:39";"S";"00654576000172";"INSTITUTO VERITA LTDA";"VERITA";"Governador, Senador";"2026-06-02 00:00:00";"2026-06-06 00:00:00";"2026-06-08 00:00:00";2010;"10699";"GUILHERME ALVARENGA LAIA";"154770,00";"Pesquisa quantitativa, que consiste na realização de entrevistas, com a aplicação de questionário estruturado junto a uma amostra representativa do eleitorado desta Unidade da Federação.";"ESTUDO REPRESENTATIVO DO ELEITORADO DO ESTADO DO PARANÁ - MÉTODO PPT (Probabilidade Proporcional ao Tamanho) - PLANO AMOSTRAL E PONDERAÇÃO QUANTO A SEXO, IDADE, GRAU DE INSTRUÇÃO E NÍVEL ECONÔMICO DO ENTREVISTADO; INTERVALO DE CONFIANÇA E MARGEM DE ERRO: Representativo do eleitorado da área em estudo, elaborada, em vários estágios, da seguinte forma: - 1. Divisão da UF em estratos proporcionais de municípios. 2. Ordenação dos municípios de cada estrato segundo o porte. 3. Sorteio dos municípios de cada estrato. 4. Os respondentes são selecionados através de quotas amostrais proporcionais em função de variáveis significativas, a saber: GÊNERO / FAIXA ETÁRIA - FEMININO E MASCULINO 16 A 34 ANOS 15,3% E 14,5%, 35 A 54 ANOS 19,6% E 17,8%, 55 ANOS OU MAIS 17,9% E 14,9%. GRAU DE INSTRUÇÃO ¿ FEMININO E MASCULINO Sem instrução até Ensino Médio completo 62,1%, Ensino superior incompleto e completo 37,9% NÍVEL ECONÔMICO - FEMININO população não economicamente ativa 46,5% população economicamente ativa 53,5% MASCULINO população não economicamente ativa 27,2% população economicamente ativa 72,8%. RENDA FAMILIAR DO DOMICÍLIO renda familiar de até 2 salários-mínimos 30,7%; de 2 a 5 salários-mínimos 44,2%, acima de 5 salários-mínimos 25,1%. Está prevista eventual ponderação para correção das variáveis, com base nos percentuais anteriormente mencionados, caso ocorram diferenças superiores a margem de erro da pesquisa previsto entre a amostra e a coleta de dados realizada. O fator previsto para ponderação é 1 (resultados obtidos na coleta de dados). O intervalo de confiança estimado é de 95% e a margem de erro máxima estimada considerando um modelo de amostragem aleatório simples, é de aproximadamente 2,5 pontos percentuais para mais ou para menos sobre os resultados encontrados no total da amostra. FONTE DOS DADOS: IBGE/Censo 2022 para fins de densidade demográfica, setores censitários e alocação da amostra. IBGE/PNAD/PNADC/MEC/INEP para fins de Nível Econômico e Escolaridade. TSE FEVEREIRO/2026 para fins de Sexo, Faixa Etária e eleitorado por município ou regiões previamente definidas (importante ressaltar para o público leigo que os dados do TSE são os únicos corretos para gênero, idade dos eleitores e quantitativo de eleitores por municípios já que a base de dados se atualiza automaticamente, PORÉM, dados de escolaridade e nível econômico NÃO são corretos e confiáveis devido a desatualização que ocorre naturalmente com o passar dos anos). Definição de margem de erro e intervalo de confiança: Margem de erro e intervalo de confiança não são grandezas diretamente proporcionais. A SOMA NÃO TEM QUE RESULTAR 100%. ";"Após os trabalhos de coleta de dados, os questionários são submetidos a uma fiscalização, conferência e checagem de cerca de 20% (vinte por cento) dos questionários aplicados.";"A relação dos municípios sorteados ou selecionados para esta pesquisa será apresentada em arquivo anexo até 1 (um) dia após a divulgação desta pesquisa conforme §7º. do art. 2º. da Resolução-TSE nº. 23.600/2019. A área de abrangência desta pesquisa é o Estado DO PARANÁ"
"21/07/2026";"05:46:28";2026;81;"Eleições Gerais 2026";"PR";"PR";"PARANÁ";"PR029032026";"2026-07-18 18:15:16";"N";"51751580000190";"INSTITUTO RANKING DE PESQUISA LTDA";"INSTITUTO RANKING PESQUISA";"Governador, Senador";"2026-07-19 00:00:00";"2026-07-21 00:00:00";"2026-07-24 00:00:00";1200;"9741";"Isis Milane Batista de Lima";"15000,00";"A metodologia da pesquisa será quantitativa, utilizando questionário estruturado e padronizado, aplicado por meio de entrevistas pessoais domiciliares junto a uma amostra representativa do eleitorado em estudo. O objetivo da pesquisa é fornecer um panorama político do Estado do Paraná, permitindo a avaliação do cenário político com vistas às eleições de 2026, além de gerar informações de domínio público. O público-alvo será composto por eleitores domiciliados no Estado do Paraná, aptos ao exercício do voto conforme a legislação eleitoral vigente, residentes nas zonas urbana e rural. A coleta de dados será realizada de forma domiciliar e individual, mediante amostra estratificada por sexo, faixa etária, nível de instrução e faixa de renda, observando os parâmetros estatísticos e demográficos estabelecidos a partir das seguintes bases oficiais: Tribunal Superior Eleitoral (TSE) ¿ junho de 2026; Instituto Brasileiro de Geografia e Estatística (IBGE) ¿ Censo Demográfico 2010/2022; PNAD Contínua 2023; e PNAD Contínua Trimestral ¿ 2º trimestre de 2024.";"O plano de amostragem utilizado é de amostragem aleatória simples e por conglomerado, em três etapas, em que serão coletados 1.200 formulários. Na primeira etapa os municípios são selecionados aleatoriamente, onde as entrevistas são realizadas por meio do método PPT (Probabilidade Proporcional ao Tamanho), tomando a população como base para tal seleção. Na segunda etapa, realiza-se um sorteio aleatório probabilístico dos setores censitários, onde as entrevistas são realizadas, pelo método PPT (Probabilidade Proporcional ao Tamanho), tomando a população de 16 anos ou mais residentes nos setores com base para tal seleção. Na sequência a escolha dos setores censitários (rua, domicílio/local pré-estabelecido e ponto amostral), os respondentes são selecionados por meio de quotas amostrais proporcionais em função das variáveis significativas sexo e idade, sendo - GÊNERO (SEXO): Homens: 47% e Mulheres: 53%. FAIXA ETÁRIA (IDADE): Entre 16 e 24 anos: 12%; Entre 25 e 34 anos: 19%; Entre 35 e 44 anos: 19%; Entre 45 e 59 anos: 26% e com 60 anos ou mais: 24%. GRAU DE INSTRUÇÃO (ESCOLARIDADE): Analfabeto até ensino fundamental completo: 34%, Ensino médio completo e incompleto: 44% e Ensino superior completo e incompleto: 22%. NIVEL ECONÔMICO (RENDA DOMICILIAR MENSAL): Sem Rendimentos até 2 SM: 36%; Mais de 2 a 5 SM: 39% e Mais de 5 SM: 25%. Em relação ao nível econômico do entrevistado, foram estimados por dados do IBGE, com fator previsto de ponderação 1 (resultados obtidos em campo). Está prevista eventual ponderação para correção das variáveis sexo, idade e grau de escolarização com base nos percentuais anteriormente mencionados, caso ocorram diferenças entre o previsto na amostra e a coleta de dados realizada. O nível de confiança estimado é de 95% e a margem de erro máxima estimada considerando um modelo de amostragem aleatório simples, é de 2,83% (dois virgula oitenta e três) pontos percentuais para mais ou para menos sobre os resultados encontrados no total da amostra. FONTE DOS DADOS: TSE-Tribunal Superior Eleitoral ¿ junho/2026; IBGE - Censo 2010/2022; IBGE - PNADc 2023; IBGE - PNADc trimestral 2-2024.";"Para a realização da pesquisa utiliza-se uma equipe de entrevistadores e coordenadores de campo devidamente treinado para o trabalho do INSTITUTO RANKING DE PESQUISA. As entrevistas são pessoais e domiciliares, feitas por meio de questionário estruturado, aplicando-se apenas um questionário por domicílio, respeitando as cotas pré- determinadas. Durante a realização dos trabalhos de campo, os entrevistadores são submetidos a uma fiscalização permanente por parte dos coordenadores de campo e são realizadas checagem de 20% da amostra para atestar a realização das entrevistas e a fidedignidade dos dados apurados, garantindo-se dessa forma, o grau de precisão dos estimadores, em função dos parâmetros previamente estabelecidos.";"""A pesquisa será realizada no Estado do Paraná, a relação dos dados relativos aos municípios e às localidades será apresentado até o dia seguinte à data a partir da qual a pesquisa puder ser divulgada, conforme §7º do art. 2º da Resolução-TSE nº. 23.600/2019""

"
"21/07/2026";"05:46:28";2026;81;"Eleições Gerais 2026";"PR";"PR";"PARANÁ";"PR027772026";"2026-07-20 21:26:08";"N";"13539940000103";"INDICE INTELIGENCIA LTDA";"INDICE INTELIGENCIA";"Governador, Senador";"2026-07-21 00:00:00";"2026-07-23 00:00:00";"2026-07-26 00:00:00";1200;"10274";"Ianne Rafaella Santos Melo";"15000,00";"A pesquisa utiliza metodologia quantitativa, utilizando questionário estruturado e padronizado, aplicado por meio de entrevistas pessoais domiciliares junto a uma amostra representativa do eleitorado em estudo. O objetivo da pesquisa é fornecer um panorama político e administrativo do Estado do Paraná, permitindo a avaliação do cenário político com vistas às eleições de 2026, além de gerar informações de domínio público. O público-alvo será composto por eleitores domiciliados no Estado do Paraná, aptos ao exercício do voto conforme a legislação eleitoral vigente, residentes nas zonas urbana e rural. A coleta de dados será realizada de forma domiciliar e individual, mediante amostra estratificada por sexo, faixa etária, nível de instrução e faixa de renda, observando os parâmetros estatísticos e demográficos estabelecidos a partir das seguintes bases oficiais: Tribunal Superior Eleitoral (TSE) ¿ junho de 2026; Instituto Brasileiro de Geografia e Estatística (IBGE) ¿ Censo Demográfico 2010/2022; PNAD Contínua 2023; e PNAD Contínua Trimestral ¿ 2º trimestre de 2024.";"O plano amostral adotado nesta pesquisa será composto por amostragem aleatória simples e amostragem por conglomerados em três estágios, prevendo a aplicação de 1.200 entrevistas. Na primeira etapa, os municípios serão selecionados de forma aleatória pelo método PPT (Probabilidade Proporcional ao Tamanho), utilizando como referência o contingente populacional de cada município. Na segunda etapa, serão sorteados probabilisticamente os setores censitários também pelo método PPT, tomando como base a população residente com 16 anos ou mais. Na etapa final, após a definição dos setores censitários, ruas, domicílios e pontos amostrais, os entrevistados serão selecionados mediante controle de cotas proporcionais, considerando variáveis relevantes como sexo, faixa etária, renda e escolaridade, sendo - GÊNERO (SEXO): Homens: 47% e Mulheres: 53%. FAIXA ETÁRIA (IDADE): Entre 16 e 24 anos: 12%; Entre 25 e 34 anos: 19%; Entre 35 e 44 anos: 19%; Entre 45 e 59 anos: 26% e com 60 anos ou mais: 24%. GRAU DE INSTRUÇÃO (ESCOLARIDADE): Analfabeto até ensino fundamental completo: 34%, Ensino médio completo e incompleto: 44% e Ensino superior completo e incompleto: 22%. NIVEL ECONÔMICO (RENDA DOMICILIAR MENSAL): Sem Rendimentos até 2 SM: 36%; Mais de 2 a 5 SM: 39% e Mais de 5 SM: 25%. Em relação ao nível econômico do entrevistado, foram estimados por dados do IBGE, com fator previsto de ponderação 1 (resultados obtidos em campo). Está prevista eventual ponderação para correção das variáveis sexo, idade e grau de escolarização com base nos percentuais anteriormente mencionados, caso ocorram diferenças entre o previsto na amostra e a coleta de dados realizada. O nível de confiança estimado é de 95% e a margem de erro máxima estimada considerando um modelo de amostragem aleatório simples, é de 2,83% (dois virgula oitenta e três) pontos percentuais para mais ou para menos sobre os resultados encontrados no total da amostra. FONTE DOS DADOS: TSE-Tribunal Superior Eleitoral ¿ junho/2026; IBGE - Censo 2010/2022; IBGE - PNADc 2023; IBGE - PNADc trimestral 2-2024.";"Para a execução da pesquisa será utilizada equipe composta por entrevistadores e coordenadores de campo devidamente treinados pelo Instituto, garantindo padronização dos procedimentos e qualidade na coleta das informações. As entrevistas serão realizadas de forma presencial e domiciliar, mediante aplicação de questionário estruturado, sendo aplicado apenas um questionário por domicílio, respeitando rigorosamente as cotas amostrais previamente definidas. Durante todo o trabalho de campo, os entrevistadores serão acompanhados e supervisionados permanentemente pelos coordenadores de campo, além da realização de checagem de aproximadamente 20% da amostra, com o objetivo de confirmar a realização das entrevistas e verificar a consistência e fidedignidade dos dados coletados. Esses procedimentos de supervisão e controle de qualidade asseguram maior precisão estatística e confiabilidade dos resultados obtidos, em conformidade com os parâmetros metodológicos estabelecidos para a pesquisa.";"A pesquisa será realizada no Estado do Paraná, a relação dos dados relativos aos municípios e às localidades será apresentado até o dia seguinte à data a partir da qual a pesquisa puder ser divulgada, conforme §7º do art. 2º da Resolução-TSE nº. 23.600/2019"
"21/07/2026";"05:46:28";2026;81;"Eleições Gerais 2026";"PR";"PR";"PARANÁ";"PR069442026";"2026-04-28 21:05:35";"S";"00654576000172";"INSTITUTO VERITA LTDA";"VERITA";"Governador, Senador";"2026-04-29 00:00:00";"2026-05-03 00:00:00";"2026-05-04 00:00:00";2010;"10699";"GUILHERME ALVARENGA LAIA";"154770,00";"Pesquisa quantitativa, que consiste na realização de entrevistas, com a aplicação de questionário estruturado junto a uma amostra representativa do eleitorado desta Unidade da Federação.";"ESTUDO REPRESENTATIVO DO ELEITORADO DO ESTADO DO PARANÁ - MÉTODO PPT (Probabilidade Proporcional ao Tamanho) - PLANO AMOSTRAL E PONDERAÇÃO QUANTO A SEXO, IDADE, GRAU DE INSTRUÇÃO E NÍVEL ECONÔMICO DO ENTREVISTADO; INTERVALO DE CONFIANÇA E MARGEM DE ERRO: Representativo do eleitorado da área em estudo, elaborada, em vários estágios, da seguinte forma: - 1. Divisão da UF em estratos proporcionais de municípios. 2. Ordenação dos municípios de cada estrato segundo o porte. 3. Sorteio dos municípios de cada estrato. 4. Os respondentes são selecionados através de quotas amostrais proporcionais em função de variáveis significativas, a saber: GÊNERO / FAIXA ETÁRIA - FEMININO E MASCULINO 16 A 34 ANOS 15,3% E 14,5%, 35 A 54 ANOS 19,6% E 17,8%, 55 ANOS OU MAIS 17,9% E 14,9%. GRAU DE INSTRUÇÃO ¿ FEMININO E MASCULINO Sem instrução até Ensino Médio completo 62,1%, Ensino superior incompleto e completo 37,9% NÍVEL ECONÔMICO - FEMININO população não economicamente ativa 46,5% população economicamente ativa 53,5% MASCULINO população não economicamente ativa 27,2% população economicamente ativa 72,8%. RENDA FAMILIAR DO DOMICÍLIO renda familiar de até 2 salários-mínimos 30,7%; de 2 a 5 salários-mínimos 44,2%, acima de 5 salários-mínimos 25,1%. Está prevista eventual ponderação para correção das variáveis, com base nos percentuais anteriormente mencionados, caso ocorram diferenças superiores a margem de erro da pesquisa previsto entre a amostra e a coleta de dados realizada. O fator previsto para ponderação é 1 (resultados obtidos na coleta de dados). O intervalo de confiança estimado é de 95% e a margem de erro máxima estimada considerando um modelo de amostragem aleatório simples, é de aproximadamente 2,5 pontos percentuais para mais ou para menos sobre os resultados encontrados no total da amostra. FONTE DOS DADOS: IBGE/Censo 2022 para fins de densidade demográfica, setores censitários e alocação da amostra. IBGE/PNAD/PNADC/MEC/INEP para fins de Nível Econômico e Escolaridade. TSE FEVEREIRO/2026 para fins de Sexo, Faixa Etária e eleitorado por município ou regiões previamente definidas (importante ressaltar para o público leigo que os dados do TSE são os únicos corretos para gênero, idade dos eleitores e quantitativo de eleitores por municípios já que a base de dados se atualiza automaticamente, PORÉM, dados de escolaridade e nível econômico NÃO são corretos e confiáveis devido a desatualização que ocorre naturalmente com o passar dos anos). Definição de margem de erro e intervalo de confiança: Margem de erro e intervalo de confiança não são grandezas diretamente proporcionais. A SOMA NÃO TEM QUE RESULTAR 100%. ";"Após os trabalhos de coleta de dados, os questionários são submetidos a uma fiscalização, conferência e checagem de cerca de 20% (vinte por cento) dos questionários aplicados.";"A relação dos municípios sorteados ou selecionados para esta pesquisa será apresentada em arquivo anexo até 1 (um) dia após a divulgação desta pesquisa conforme §7º. do art. 2º. da Resolução-TSE nº. 23.600/2019. A área de abrangência desta pesquisa é o Estado DO PARANÁ"
"21/07/2026";"05:46:28";2026;81;"Eleições Gerais 2026";"PR";"PR";"PARANÁ";"PR061782026";"2026-05-15 21:32:24";"S";"10175063000132";"IRG PESQUISAS LTDA";"#NULO#";"Governador, Senador";"2026-05-16 00:00:00";"2026-05-20 00:00:00";"2026-05-21 00:00:00";1000;"7520-A";"Dinarte Orlandi ";"25000,00";"A presente pesquisa será realizada através de entrevistas telefônicas, individuais e pessoais utilizando questionário estruturado junto a uma amostra representativa do eleitorado do Estado do Paraná. ";"A amostra será de 1000 entrevistas, sendo essa representativa dos moradores das áreas pesquisadas com nível de confiança de 95% (noventa e cinco por cento) para uma margem de erro de 3,1% (três virgula um) pontos percentuais para mais ou para menos sobre os resultados obtidos, e será selecionada em três etapas. Na primeira etapa realiza-se um sorteio probabilístico dos municípios onde as entrevistas serão realizadas através do método PPT (Probabilidade Proporcional ao Tamanho), considerando a população eleitora com 16 anos ou mais residente nos municípios como base para essa seleção. Na segunda etapa, faz-se um sorteio probabilístico das localidades, onde as entrevistas serão realizadas, através do método PPT (Probabilidade Proporcional ao Tamanho), tomando a população eleitora de 16 anos ou mais residente nas localidades como base para essa seleção. Na terceira etapa, a seleção do entrevistado dentro da localidade, será feita utilizando-se quotas amostrais proporcionais, em função das seguintes variáveis:

GÊNERO (SEXO): Homens: 47% e Mulheres: 53%.

FAIXA ETÁRIA (IDADE): Entre 16 e 24 anos: 11%; Entre 25 e 34 anos: 19%; Entre 35 e 44 anos: 19%; Entre 45 e 59 anos: 26% e com 60 anos ou mais: 25%.

GRAU DE INSTRUÇÃO (ESCOLARIDADE): Analfabeto até ensino fundamental completo: 34%, Ensino médio completo e incompleto: 44% e Ensino superior completo e incompleto: 22%.

NIVEL ECONÔMICO (RENDA DOMICILIAR MENSAL): Sem Rendimentos até 2 SM: 36%; Mais de 2 a 5 SM: 39% e Mais de 5 SM: 25%.
Está prevista eventual ponderação para correção das variáveis sexo, idade, escolaridade e nível econômico, com base nos percentuais acima apresentados, caso ocorram diferenças superiores a 3% (três) pontos percentuais entre o previsto na amostra e a coleta realizada.

Fontes de dados pública e oficial: 
Gênero ¿ TSE (abr/2026): https://sig.tse.jus.br/ords/dwapr/r/seai/sig-eleitor-eleitorado-mensal/cruzamento-eleitorado-mensal?p0_uf=PR&debug=LEVEL5&session=13012151151482
Faixa etária: - TSE (abr/26): https://sig.tse.jus.br/ords/dwapr/r/seai/sig-eleitor-eleitorado-mensal/cruzamento-eleitorado-mensal?p0_uf=PR&session=15556774641404   
Grau de Instrução: - TSE (abr/2026): https://sig.tse.jus.br/ords/dwapr/r/seai/sig-eleitor-eleitorado-mensal/cruzamento-eleitorado-mensal?p0_uf=PR&session=15556774641404 

Nível Econômico ¿ IBGE (Censo 2010): https://cidades.ibge.gov.br/brasil/pr/pesquisa/23/24304

Observação: Conforme informações obtidas do Instituto Brasileiro de Geografia e Estatística, o IBGE não divulgou - e não tem previsão - de data para divulgação do perfil econômico (nível econômico) da população brasileira; portanto, os dados quanto ao nível econômico obtidos no Censo 2022 não podem ser utilizados pois não foram publicados. (https://censo2022.ibge.gov.br/panorama/)
";"As entrevistas serão conduzidas por uma equipe de entrevistadores e supervisores devidamente treinados. O controle do processo será realizado por meio de um software de coleta de dados, o qual permitirá o monitoramento garantindo o cumprimento das cotas amostrais. Conferência e Fiscalização: Durante a coleta de dados os questionários aplicados são fiscalizados e conferidos através de um supervisor. Adicionalmente, pelo menos 30% dos questionários passarão por uma verificação posterior, que avaliará a precisão na aplicação e a adequação dos entrevistados às variáveis das quotas amostrais. Verificação: Após a coleta, os questionários passam por uma etapa de verificação e validação dos dados, para garantir a integridade e precisão dos dados coletados.";"#NULO#"
"21/07/2026";"05:46:28";2026;81;"Eleições Gerais 2026";"PR";"PR";"PARANÁ";"PR062542026";"2026-02-28 17:25:04";"N";"81908345000140";"INSTITUTO PARANA DE PESQUISAS E ANALISE DE CONSUMIDOR LTDA";"#NULO#";"Governador, Senador";"2026-03-01 00:00:00";"2026-03-04 00:00:00";"2026-03-06 00:00:00";1500;"10245 - 4ª Região";"Tatiani Cristina Ara";"135050,00";"Pesquisa com metodologia quantitativa, com a realização de entrevistas pessoais, domiciliares e presenciais, utilizando questionário estruturado junto a uma amostra representativa do eleitorado do Estado do Paraná.


";"""A amostra será representativa do eleitorado da área pesquisada e será selecionada em três etapas. Na primeira etapa realiza-se um sorteio probabilístico dos municípios onde as entrevistas serão realizadas através do método PPT (Probabilidade Proporcional ao Tamanho), considerando a população eleitora com 16 anos ou mais residente nos municípios como base para essa seleção. Na segunda etapa, faz-se um sorteio probabilístico das localidades, onde as entrevistas serão realizadas, através do método PPT (Probabilidade Proporcional ao Tamanho), tomando a população eleitora de 16 anos ou mais residente nas localidades como base para essa seleção. Na terceira etapa, a seleção do entrevistado dentro da localidade, será feita utilizando-se quotas amostrais proporcionais, em função das seguintes variáveis:
GÊNERO: TSE Janeiro 2026 (https://sig.tse.jus.br/ords/dwapr/r/seai/sig-eleitor-eleitorado-mensal/cruzamento-eleitorado-mensal?p24_metricas=E&p24_back=22&p24_cruzamento_1=ds_sexo&clear=24&p0_uf=PR&debug=LEVEL5&session=312990078978641)
Masculino - 47%; |
Feminino - 53%; |
FAIXA ETÁRIA: TSE Janeiro 2026 (https://sig.tse.jus.br/ords/dwapr/r/seai/sig-eleitor-eleitorado-mensal/cruzamento-eleitorado-mensal?p24_cruzamento_1=ds_faixa_etaria&p24_metricas=E&p24_back=22&clear=24&p0_uf=PR&debug=LEVEL5&session=8904950028837)
Entre 16 e 24 anos: 11%; |
Entre 25 e 34 anos: 19%; |
Entre 35 e 44 anos: 19%; |
Entre 45 e 59 anos: 26% |
Com 60 anos ou mais: 25%; |
ESCOLARIDADE: TSE Janeiro 2026 (https://sig.tse.jus.br/ords/dwapr/r/seai/sig-eleitor-eleitorado-mensal/cruzamento-eleitorado-mensal?p24_cruzamento_1=ds_grau_instrucao&p24_metricas=E&p24_back=22&clear=24&p0_uf=PR&debug=LEVEL5&session=309383598034615)
De analfabeto até ensino fundamental completo: 34%; |
Ensino médio incompleto ou completo: 44% |
Ensino superior incompleto ou completo: 22% |
RENDA DOMICILIAR MENSAL:  (https://cidades.ibge.gov.br/brasil/pr/pesquisa/23/24304) IBGE - Censo 2010. Observação: Conforme informações obtidas do Instituto Brasileiro de Geografia e Estatística, o IBGE, não divulgou - e não tem previsão - de data para divulgação do perfil econômico (nível econômico) da população brasileira; portanto, os dados quanto ao nível econômico obtidos no Censo 2022, não podem ser utilizados, pois não foram publicados. (https://censo2022.ibge.gov.br/panorama/)
Sem rendimentos até 2 salários mínimos: 36% |
Mais de 2 a 5 salários mínimos: 39% |
Mais de 5 salários mínimos: 25% |
Está prevista eventual ponderação para correção das variáveis gênero e faixa etária, com base nos percentuais acima apresentados, caso ocorram diferenças superiores a 3,0 (três) pontos percentuais entre o previsto na amostra e a coleta realizada; para as variáveis escolaridade e renda domiciliar mensal, o fator de ponderação é igual a 1 (resultados obtidos no campo). O nível de confiança estimado é de 95% (noventa e cinco por cento) para uma margem de erro estimada, considerando uma técnica de amostragem aleatória simples, de aproximadamente 2,6 (dois vírgula seis) pontos percentuais para mais ou para menos sobre os resultados obtidos.""





";"""As entrevistas serão conduzidas por uma equipe de entrevistadores e supervisores devidamente qualificados pelo Instituto Paraná Pesquisas, todos com experiência e treinamento específico em pesquisas de opinião pública. 
Controle: O controle do processo será realizado por meio de um software de coleta de dados, o qual permitirá o monitoramento garantindo o cumprimento das cotas amostrais.
Conferência e Fiscalização: Durante a coleta de dados os questionários aplicados são fiscalizados e conferidos através de um supervisor.   
Adicionalmente, pelo menos 30% (trinta por cento) dos questionários passarão por uma verificação posterior, que avaliará a precisão na aplicação e a adequação dos entrevistados às variáveis das quotas amostrais. Ou seja, no mínimo 450 entrevistas desta pesquisa serão auditadas pela equipe de qualidade do Instituto Paraná Pesquisas, podendo essa auditoria ser solicitada ao Instituto a qualquer momento.
Verificação: Após a coleta, os questionários passam por uma etapa de verificação e validação dos dados, para garantir a integridade e precisão dos dados coletados.""





";" ""A pesquisa será realizada no Estado do Paraná, a relação dos dados relativos aos municípios e às localidades será apresentado até o dia seguinte à data a partir da qual a pesquisa puder ser divulgada, conforme §7º do art. 2º da Resolução-TSE nº. 23.600/2019""





"
"21/07/2026";"05:46:28";2026;81;"Eleições Gerais 2026";"PR";"PR";"PARANÁ";"PR089922026";"2026-02-13 20:01:50";"S";"36938497000130";"INSTITUTO SONDA SERVICOS DE PESQUISA E PUBLICIDADE LTDA";"INSTITUTO SONDA";"Governador, Senador, Deputado Federal, Deputado Estadual";"2026-02-13 00:00:00";"2026-02-15 00:00:00";"2026-02-19 00:00:00";600;"9443-A";"Marcelo Hidemi Uemura";"12000,00";"Pesquisa do tipo quantitativa, com amostragem por quotas representativas do eleitorado (Gênero, faixa etária, escolaridade, renda nominal mensal domiciliar, e bairros) do município de Londrina-PR. (Fonte de dados: TSE e IBGE) para os cargos de governador, senador, deputados federal e estadual, através de questionário estruturado, com questões abertas e fechadas, e abrangência pessoal e presencial, sendo entrevistados no máximo uma pessoa por família, de forma que se possa determinar as verdadeiras intenções do eleitor com relação ao pleito que se aproxima.";"Amostra composta por 600 eleitores. Cada Estrato proporcional ao tamanho do Universo de eleitores do Município. Foram divididos da seguinte maneira: Gênero: Feminino: 54,67%; Masculino: 45,33%. Faixa Etária: 16 a 24 anos: 9,66%; 25 a 34 anos: 17,83%; 35 a 44 anos: 19,17%; 45 a 59 anos: 26,17%; Mais de 60 anos: 27,17%. Grau de Instrução: Analfabeto / Lê e escreve: 2,83%; Ensino Fundamental Incompleto / Completo: 21,67%; Ensino Médio Incompleto / Completo: 43,83%; Ensino Superior Incompleto / Completo: 31,67%. Renda Nominal Mensal Domiciliar: Até 2 Salários Mínimos: 23,00%; De 2 a 5 Salários Mínimos: 39,67%; Mais de 5 Salários Mínimos: 37,33%. Fonte de dados: TSE: Janeiro/2026 (Gênero, faixa etária e Grau de Instrução) e IBGE: Censo Demográfico 2010 (Renda Nominal Mensal Domiciliar, última atualização foi em 2010), e Censo Demográfico 2022 (Bairros). Margem de erro 4,0% para mais ou para menos, considerando um nível de confiança de 95,0%. Há a previsão para eventual ponderação para correção nos tamanhos dos estratos, considerando as variáveis do plano amostral.";"Para a coleta de dados, utiliza-se uma equipe de entrevistadores contratados, devidamente treinados para o trabalho, além de contarem com apoio de supervisor para eventuais dúvidas. Durantes a coleta os supervisores fazem a fiscalização in loco nos locais onde estão distribuídos os pesquisadores. Após a realização das entrevistas, os questionários passam por uma codificação e crítica, e depois disso, são fiscalizados entre 10% a 20%.";"Em Anexo"
"21/07/2026";"05:46:28";2026;81;"Eleições Gerais 2026";"PR";"PR";"PARANÁ";"PR017372026";"2026-06-19 17:51:31";"N";"00481961000165";"RADAR INTELIGENCIA LTDA";"RADAR ESTATISTICA";"Governador, Senador";"2026-06-19 00:00:00";"2026-06-23 00:00:00";"2026-06-25 00:00:00";1201;"8159 - A";"José Mario Lima";"72000,00";"Pesquisa com metodologia quantitativa, com a realização de entrevistas pessoais, domiciliares e presenciais, utilizando questionário estruturado junto a uma amostra representativa do eleitorado do Estado do Paraná.";"A amostra será representativa do eleitorado da área pesquisada e será selecionada em três etapas. Na primeira etapa realiza-se um sorteio probabilístico dos municípios onde as entrevistas serão realizadas através do método PPT (Probabilidade Proporcional ao Tamanho), considerando a população eleitora com 16 anos ou mais residente nos municípios como base para essa seleção. Na segunda etapa, faz-se um sorteio probabilístico das localidades, onde as entrevistas serão realizadas, através do método PPT (Probabilidade Proporcional ao Tamanho), tomando a população eleitora de 16 anos ou mais residente nas localidades como base para essa seleção. Na terceira etapa, a seleção do entrevistado dentro da localidade, será feita utilizando-se quotas amostrais proporcionais, em função das seguintes variáveis: 
GÊNERO: 
TSE Maio 2026 (https://sig.tse.jus.br/ords/dwapr/r/seai/sig-eleitor-eleitorado-mensal/cruzamento-eleitorado-mensal?p0_uf=PR&session=130997282910853) 
Masculino - 47%; | Feminino - 53%; | 
FAIXA ETÁRIA: 
TSE Maio 2026 (https://sig.tse.jus.br/ords/dwapr/r/seai/sig-eleitor-eleitorado-mensal/cruzamento-eleitorado-mensal?p0_uf=PR&session=130997282910853) 
Entre 16 e 24 anos: 12%; | Entre 25 e 34 anos: 19%; | Entre 35 e 44 anos: 19%; | Entre 45 e 59 anos: 26%; | Com 60 anos ou mais: 24%; | 
ESCOLARIDADE: 
TSE Maio 2026 (https://sig.tse.jus.br/ords/dwapr/r/seai/sig-eleitor-eleitorado-mensal/cruzamento-eleitorado-mensal?p0_uf=PR&session=130997282910853) 
De analfabeto até ensino fundamental completo: 34%; | Ensino médio incompleto ou completo: 44% | Ensino superior incompleto ou completo: 22% | 
RENDA DOMICILIAR MENSAL:
(https://cidades.ibge.gov.br/brasil/pr/ponta-grossa/pesquisa/23/24304) 
IBGE - Censo 2010. Observação: Conforme informações obtidas do Instituto Brasileiro de Geografia e Estatística, o IBGE, não divulgou - e não tem previsão - de data para divulgação do perfil econômico (nível econômico) da população brasileira; portanto, os dados quanto ao nível econômico obtidos no Censo 2022, não podem ser utilizados, pois não foram publicados. (https://censo2022.ibge.gov.br/panorama/) 
Sem rendimentos até 2 salários-mínimos: 36% | Mais de 2 a 5 salários-mínimos: 39% | Mais de 5 salários-mínimos: 25% | 
Está prevista eventual ponderação para correção das variáveis gênero e faixa etária, com base nos percentuais acima apresentados, caso ocorram diferenças superiores a 3,0 (três) pontos percentuais entre o previsto na amostra e a coleta realizada; para as variáveis escolaridade e renda domiciliar mensal, o fator de ponderação é igual a 1 (resultados obtidos no campo). 
O nível de confiança estimado é de 95% (noventa e cinco por cento) para uma margem de erro estimada, considerando uma técnica de amostragem aleatória simples, de aproximadamente 2,9 (dois virgula nove) pontos percentuais para mais ou para menos sobre os resultados obtidos.";"As entrevistas serão conduzidas por uma equipe de entrevistadores e supervisores devidamente qualificados pela Radar Inteligência, todos com experiência e treinamento específico em pesquisas de opinião pública. 
Controle: O controle do processo será realizado por meio de um software de coleta de dados, o qual permitirá o monitoramento garantindo o cumprimento das cotas amostrais. 
Conferência e Fiscalização: Durante a coleta de dados os questionários aplicados são fiscalizados e conferidos através de um supervisor. Adicionalmente, pelo menos 30% dos questionários passarão por uma verificação posterior, que avaliará a precisão na aplicação e a adequação dos entrevistados às variáveis das quotas amostrais. Ou seja, no mínimo 188 entrevistas desta pesquisa serão auditadas pela equipe de qualidade da Radar Inteligência, podendo essa auditoria ser solicitada ao Instituto a qualquer momento. 
Verificação: Após a coleta, os questionários passam por uma etapa de verificação e validação dos dados, para garantir a integridade e precisão dos dados coletados.
";"#NULO#"
"21/07/2026";"05:46:28";2026;81;"Eleições Gerais 2026";"PR";"PR";"PARANÁ";"PR006542026";"2026-06-27 22:06:27";"S";"45613076000120";"INSTITUTO VOX BRASIL OPINIAO E PESQUISAS LTDA";"#NULO#";"Governador, Senador";"2026-06-29 00:00:00";"2026-07-01 00:00:00";"2026-07-03 00:00:00";2000;"9907";"GUILHERME COELHO NEVES";"50000,00";"Pesquisa do tipo quantitativo, por amostragem, com aplicação de questionário estruturado e abordagem pessoal em domicílios particulares permanentemente ocupados (de acordo com a definição do IBGE - Instituto Brasileiro de Geografia e Estatística). O conjunto do eleitorado do Estado do Paraná com 16 anos ou mais foi tomado como universo da pesquisa.";"Tamanho da amostra: A amostra prevista é de 2000 entrevistas. Técnica de amostragem A amostra é aleatória, com base na estimativa da média populacional. Utilizamos a amostragem em mais de um estágio. No primeiro estágio dividimos o estado em municípios, depois sorteamos os municípios, logo depois os bairros/setores censitários (conglomerados), sendo os mesmos listados, onde foram sorteados aleatoriamente. No segundo estágio, foram sorteadas as ruas (dispondo de um mapa da região), no terceiro estágio fizemos o sorteio das casas (via amostragem sistemática). O quarto estágio foi a seleção do entrevistado dentro da casa, onde o critério adotado foi o da primeira pessoa que atendesse a equipe de pesquisa, sendo este obrigatoriamente morador da residência e eleitor da cidade pesquisada. Na etapa seguinte foi realizado um controle das seguintes variáveis: sexo, idade, grau de instrução e nível econômico. Também adotamos p=50% para maximizar o tamanho da amostra a) a amostra poderá ser ponderada levando em consideração a variável sexo da população do Estado do Paraná sendo 52.8% mulheres e 47.2% homens, conforme dados do TSE de Maio de 2026 e a variável idade sendo consideradas as faixas: 16 anos: 0.43%; 17 anos: 0.73%; 18 a 20 anos: 4.08%; 21 a 24 anos: 6.42%; de 25 a 34 anos: 18.72%; de 35 a 44 anos: 19.12%; de 45 a 59 anos: 26.05%; de 60 a 69 anos: 13.68% e acima de 69 anos: 10.77% (TSE Maio 2026). Quanto à variável grau de instrução, temos: ANALFABETO: 2.03%; LÊ E ESCREVE: 3.59%; ENSINO FUNDAMENTAL INCOMPLETO: 21.07%; ENSINO FUNDAMENTAL COMPLETO: 7.00%; ENSINO MÉDIO INCOMPLETO: 15.10%; ENSINO MÉDIO COMPLETO: 29.06%; SUPERIOR INCOMPLETO: 7.83% e SUPERIOR COMPLETO: 14.32% (TSE Maio 2026). E para a variável renda, temos: Até 2 Salários Mínimos: 78.7%; 2 a 5 Salários Mínimos: 16.99%; 5 a 10 Salários Mínimos: 3.33% e acima de 10 Salários Mínimos: 0.98% (IBGE Censo 2022-fonte:https://sidra.ibge.gov.br). Em relação à ponderação, devido à metodologia amostral adotada, os fatores de ponderação a serem aplicados em toda as variáveis (sexo, idade, grau de instrução e renda), assumem valor igual a 1(um). Área física: Estado do Paraná em domicílios particulares permanentemente ocupados e sorteados de maneira aleatória simples sem reposição. Margem de Erro: A margem de erro máxima prevista para o total da amostra é de 2,2 pontos percentuais para mais ou para menos, considerando um nível de confiança de 95%. Os intervalos de confiança serão calculados considerando os resultados obtidos para um nível de confiança de 95%. Fonte de Dados: TSE- Maio 2026 e IBGE Censo 2022.";"Os pesquisadores envolvidos na realização desta pesquisa recebem treinamento especializado e instruções específicas de abordagem. O trabalho é feito com a equipe e dois coordenadores de campo. Há fiscalização no ato da entrevista e os questionários são recolhidos e checados quanto ao correto preenchimento dos dados. Após os trabalhos de campo, os questionários são submetidos a uma fiscalização que consiste na verificação de 20% dos questionários aplicados individualmente pelos entrevistadores, para checagem das respostas. Internamente, todo o material é verificado, codificado, digitado e, antes do processamento final, realiza-se a conferência da digitação (consistência dos dados).";"EM ANEXO."
"21/07/2026";"05:46:28";2026;81;"Eleições Gerais 2026";"PR";"PR";"PARANÁ";"PR003232026";"2026-05-05 22:48:45";"N";"81908345000140";"INSTITUTO PARANA DE PESQUISAS E ANALISE DE CONSUMIDOR LTDA";"#NULO#";"Governador, Senador";"2026-05-08 00:00:00";"2026-05-10 00:00:00";"2026-05-11 00:00:00";1500;"10245 - 4ª Região";"Tatiani Cristina Ara";"135225,00";"Pesquisa com metodologia quantitativa, com a realização de entrevistas pessoais, domiciliares e presenciais, utilizando questionário estruturado junto a uma amostra representativa do eleitorado do Estado do Paraná. Os questionamentos feitos aos(às) eleitores(as) em relação à eleição presidencial foram devidamente registrados no Tribunal Superior Eleitoral - TSE sob  o nº BR-04315/2026, pois o Sistema Pesqele não permite nos registros regionais a inclusão do campo ¿Presidente¿ no momento do registro da pesquisa eleitoral.


";"""A amostra será representativa do eleitorado da área pesquisada e será selecionada em três etapas. Na primeira etapa realiza-se um sorteio probabilístico dos municípios onde as entrevistas serão realizadas através do método PPT (Probabilidade Proporcional ao Tamanho), considerando a população eleitora com 16 anos ou mais residente nos municípios como base para essa seleção. Na segunda etapa, faz-se um sorteio probabilístico das localidades, onde as entrevistas serão realizadas, através do método PPT (Probabilidade Proporcional ao Tamanho), tomando a população eleitora de 16 anos ou mais residente nas localidades como base para essa seleção. Na terceira etapa, a seleção do entrevistado dentro da localidade, será feita utilizando-se quotas amostrais proporcionais, em função das seguintes variáveis:
GÊNERO: TSE Abril 2026 (https://sig.tse.jus.br/ords/dwapr/r/seai/sig-eleitor-eleitorado-mensal/cruzamento-eleitorado-mensal?p24_metricas=E&p24_back=22&p24_cruzamento_1=ds_sexo&clear=24&p0_uf=PR&p0_mes=3&debug=LEVEL5&session=312990078978641)
Masculino - 47%; |
Feminino - 53%; |
FAIXA ETÁRIA: TSE Abril 2026 (https://sig.tse.jus.br/ords/dwapr/r/seai/sig-eleitor-eleitorado-mensal/cruzamento-eleitorado-mensal?p24_cruzamento_1=ds_faixa_etaria&p24_metricas=E&p24_back=22&clear=24&p0_uf=PR&p0_mes=3&debug=LEVEL5&session=8904950028837)
Entre 16 e 24 anos: 11%; |
Entre 25 e 34 anos: 19%; |
Entre 35 e 44 anos: 19%; |
Entre 45 e 59 anos: 26%; |
Com 60 anos ou mais: 25%; |
ESCOLARIDADE: TSE Abril 2026 (https://sig.tse.jus.br/ords/dwapr/r/seai/sig-eleitor-eleitorado-mensal/cruzamento-eleitorado-mensal?p24_cruzamento_1=ds_grau_instrucao&p24_metricas=E&p24_back=22&clear=24&p0_uf=PR&p0_mes=3&debug=LEVEL5&session=309383598034615)
De analfabeto até ensino fundamental completo: 34%; |
Ensino médio incompleto ou completo: 44% |
Ensino superior incompleto ou completo: 22% |
RENDA DOMICILIAR MENSAL:  (https://cidades.ibge.gov.br/brasil/pr/pesquisa/23/24304) IBGE - Censo 2010. Observação: Conforme informações obtidas do Instituto Brasileiro de Geografia e Estatística, o IBGE, não divulgou - e não tem previsão - de data para divulgação do perfil econômico (nível econômico) da população brasileira; portanto, os dados quanto ao nível econômico obtidos no Censo 2022, não podem ser utilizados, pois não foram publicados. (https://censo2022.ibge.gov.br/panorama/)
Sem rendimentos até 2 salários mínimos: 36% |
Mais de 2 a 5 salários mínimos: 39% |
Mais de 5 salários mínimos: 25% |
Está prevista eventual ponderação para correção das variáveis gênero e faixa etária, com base nos percentuais acima apresentados, caso ocorram diferenças superiores a 3,0 (três) pontos percentuais entre o previsto na amostra e a coleta realizada; para as variáveis escolaridade e renda domiciliar mensal, o fator de ponderação é igual a 1 (resultados obtidos no campo). O nível de confiança estimado é de 95% (noventa e cinco por cento) para uma margem de erro estimada, considerando uma técnica de amostragem aleatória simples, de aproximadamente 2,6 (dois vírgula seis) pontos percentuais para mais ou para menos sobre os resultados obtidos.""





";"""As entrevistas serão conduzidas por uma equipe de entrevistadores e supervisores devidamente qualificados pelo Instituto Paraná Pesquisas, todos com experiência e treinamento específico em pesquisas de opinião pública. 
Controle: O controle do processo será realizado por meio de um software de coleta de dados, o qual permitirá o monitoramento garantindo o cumprimento das cotas amostrais.
Conferência e Fiscalização: Durante a coleta de dados os questionários aplicados são fiscalizados e conferidos através de um supervisor.   
Adicionalmente, pelo menos 30% dos questionários passarão por uma verificação posterior, que avaliará a precisão na aplicação e a adequação dos entrevistados às variáveis das quotas amostrais. Ou seja, no mínimo 450 entrevistas desta pesquisa serão auditadas pela equipe de qualidade do Instituto Paraná Pesquisas, podendo essa auditoria ser solicitada ao Instituto a qualquer momento.
Verificação: Após a coleta, os questionários passam por uma etapa de verificação e validação dos dados, para garantir a integridade e precisão dos dados coletados.""





";" ""A pesquisa será realizada no Estado do Paraná, a relação dos dados relativos aos municípios e às localidades será apresentado até o dia seguinte à data a partir da qual a pesquisa puder ser divulgada, conforme §7º do art. 2º da Resolução-TSE nº. 23.600/2019""





"
"21/07/2026";"05:46:28";2026;81;"Eleições Gerais 2026";"PR";"PR";"PARANÁ";"PR029142026";"2026-07-16 17:34:11";"N";"29855711000120";"NEOBE GESTAO E SERVICOS LTDA";"NEOKEMP PESQUISAS";"Governador, Senador";"2026-07-20 00:00:00";"2026-07-22 00:00:00";"2026-07-22 00:00:00";1008;"7615";"Lucia Helena Silva Cardoso";"25000,00";"Pesquisa quantitativa de opinião pública, realizada por meio de entrevistas telefônicas automatizadas, com utilização de sistema de Unidade de Resposta Audível (URA/IVR ¿ Interactive Voice Response), operacionalizado em plataforma eletrônica de coleta da empresa Neokemp Pesquisas (Neobe Gestão e Serviços Ltda.). As entrevistas serão aplicadas mediante chamadas telefônicas destinadas a linhas móveis e fixas ativas, geradas por procedimento de discagem aleatória controlada, a partir de bancos numéricos correspondentes aos prefixos de telefonia com incidência no Estado do Paraná. O sistema realizará, de forma automatizada e impessoal, a leitura sequencial das perguntas previamente gravadas, sendo as respostas registradas diretamente pelo entrevistado por meio do teclado telefônico.";"Universo: Eleitores do Estado do Paraná com 16 (dezesseis) anos ou mais. Tamanho da amostra: A amostra prevista é de 1008 entrevistas válidas. Técnica de amostragem: A amostra é estratificada proporcional por região geográfica intermediária (IBGE- Censo 2022). Em cada estrato regional, será observada ainda subestratificação proporcional por porte dos municípios, classificados em pequeno, médio e grande porte, segundo faixas de eleitorado (TSE), com a finalidade de preservar, na composição da amostra, a diversidade populacional, demográfica e urbana existente em cada região do Estado. A geração dos contatos telefônicos será realizada por discagem aleatória controlada dentro de cada estrato geográfico e respectivo subestrato, observando-se a participação proporcional de cada segmento no total do eleitorado estadual, com monitoramento eletrônico contínuo de incidência e fechamento automático dos quantitativos previstos em cada célula amostral. Após a etapa de filtragem de elegibilidade, a composição final da amostra obedecerá a cotas proporcionais de controle, definidas a partir das características demográficas do universo pesquisado, segundo as variáveis gênero, faixa etária e escolaridade. GÊNERO: Masculino ¿ 47,2%; Feminino ¿ 52,8% | FAIXA ETÁRIA: Entre 16 e 24 anos: 11,6%; Entre 25 e 34 anos: 18,7%; Entre 35 e 44 anos: 19,1%; Entre 45 e 59 anos: 26,1%; 60 anos ou mais: 24,5% | ESCOLARIDADE: De analfabeto até ensino fundamental completo: 33,7%; Ensino médio incompleto ou completo: 44,2% Ensino superior incompleto ou completo: 22,2%. |NÍVEL ECONÔMICO: Renda familiar do domicílio de até 2 salários-mínimos: 36,0%; Renda familiar do domicílio de 2 a 5 salários-mínimos: 39,3%; Renda familiar do domicílio acima de 5 salários-mínimos: 24,7%. Está prevista ponderação pós-estratificação para correção de eventuais desvios residuais das variáveis gênero, faixa etária e escolaridade, com base nos percentuais acima apresentados, caso ocorram diferenças superiores a 3,0 (três) pontos percentuais entre o previsto na amostra e a coleta realizada. Para a variável nível econômico o fator de ponderação é igual a 1, (resultados obtidos no campo). O nível de confiança estimado é de 95% (noventa e cinco por cento) com margem de erro estimada de aproximadamente 3,1 (três vírgula um) pontos percentuais sobre os resultados obtidos para o total da amostra. A margem de erro acima indicada refere-se exclusivamente aos resultados globais da pesquisa, não sendo aplicável isoladamente para estratos territoriais específicos, subgrupos populacionais ou cruzamentos secundários de variáveis. Fonte de Dados: Para as variáveis de Gênero, Faixa Etária e Grau de Instrução, os dados foram extraídos do repositório de estatísticas do eleitorado do TSE (Tribunal Superior Eleitoral), atualizados em junho de 2026, referentes ao Estado do Paraná. Para a variável de Nível Econômico utilizou-se o Censo 2010 (IBGE), visto que o IBGE ainda não disponibilizou tabela pública com os dados do Censo 2022 referentes a essa variável. Área física: A relação completa dos municípios e bairros pesquisados será encaminhada a esse tribunal posteriormente até o dia seguinte à data a partir da qual a pesquisa puder ser divulgada conforme §7º do art. 2º da Resolução-TSE nº. 23.600/2019.";"O controle de qualidade é realizado diretamente pelo sistema de coleta, que monitora em tempo real as cotas e os estratos territoriais previamente definidos, interrompendo automaticamente entrevistas que não se enquadrem em perfis ainda elegíveis à composição da amostra. A verificação da autenticidade é feita através da auditoria integral dos logs de chamadas (comprovação de origem, data e horário, duração e status de conclusão). O banco de dados será submetido a rotinas de crítica para identificação e descarte de entrevistas com duração incompatível com o questionário e padrões automatizados ou repetitivos de digitação. Será mantido registro eletrônico dos terminais concluídos e expedido, de forma automatizada (SMS - Short Message Service), comunicado de agradecimento aos participantes, compondo trilha adicional de auditoria operacional.";"A pesquisa terá abrangência estadual e será realizada no Estado do Paraná. A distribuição inicial das chamadas será estruturada a partir de códigos de área, prefixos telefônicos e demais referências territoriais agregadas disponíveis na base operacional, observada a estratégia de cobertura territorial prevista no plano amostral. Em razão das características próprias da metodologia de entrevistas telefônicas automatizadas por URA/IVR, a quantidade e a identificação dos municípios, bairros e demais unidades territoriais efetivamente alcançados não podem ser determinadas previamente à conclusão e ao processamento da coleta. Após a conclusão da coleta, a validação das entrevistas e o processamento do banco de dados, será apurada a distribuição territorial efetivamente alcançada, segundo as unidades territoriais compatíveis com a metodologia e com os registros técnicos disponíveis."
"21/07/2026";"05:46:28";2026;81;"Eleições Gerais 2026";"PR";"PR";"PARANÁ";"PR071492026";"2026-06-09 22:31:02";"S";"10175063000132";"IRG PESQUISAS LTDA";"#NULO#";"Governador, Senador";"2026-06-10 00:00:00";"2026-06-13 00:00:00";"2026-06-15 00:00:00";1000;"7520-A";"Dinarte Orlandi ";"25000,00";"A presente pesquisa será realizada através de entrevistas telefônicas, individuais e pessoais utilizando questionário estruturado junto a uma amostra representativa do eleitorado do Estado do Paraná.";"A amostra será de 1000 entrevistas, sendo essa representativa dos moradores das áreas pesquisadas com nível de confiança de 95% (noventa e cinco por cento) para uma margem de erro de 3,1% (três virgula um) pontos percentuais para mais ou para menos sobre os resultados obtidos, e será selecionada em três etapas. Na primeira etapa realiza-se um sorteio probabilístico dos municípios onde as entrevistas serão realizadas através do método PPT (Probabilidade Proporcional ao Tamanho), considerando a população eleitora com 16 anos ou mais residente nos municípios como base para essa seleção. Na segunda etapa, faz-se um sorteio probabilístico das localidades, onde as entrevistas serão realizadas, através do método PPT (Probabilidade Proporcional ao Tamanho), tomando a população eleitora de 16 anos ou mais residente nas localidades como base para essa seleção. Na terceira etapa, a seleção do entrevistado dentro da localidade, será feita utilizando-se quotas amostrais proporcionais, em função das seguintes variáveis:

GÊNERO (SEXO): Homens: 47% e Mulheres: 53%.

FAIXA ETÁRIA (IDADE): Entre 16 e 24 anos: 12%; Entre 25 e 34 anos: 19%; Entre 35 e 44 anos: 19%; Entre 45 e 59 anos: 26% e com 60 anos ou mais: 24%.

GRAU DE INSTRUÇÃO (ESCOLARIDADE): Analfabeto até ensino fundamental completo: 34%, Ensino médio completo e incompleto: 44% e Ensino superior completo e incompleto: 22%.

NIVEL ECONÔMICO (RENDA DOMICILIAR MENSAL): Sem Rendimentos até 2 SM: 36%; Mais de 2 a 5 SM: 39% e Mais de 5 SM: 25%.
Está prevista eventual ponderação para correção das variáveis sexo, idade, escolaridade e nível econômico, com base nos percentuais acima apresentados, caso ocorram diferenças superiores a 3% (três) pontos percentuais entre o previsto na amostra e a coleta realizada.

Fontes de dados pública e oficial: 
Gênero ¿ TSE (mai/2026): https://sig.tse.jus.br/ords/dwapr/r/seai/sig-eleitor-eleitorado-mensal/cruzamento-eleitorado-mensal?p0_uf=PR&debug=LEVEL5&session=13012151151482
Faixa etária: - TSE (mai/26): https://sig.tse.jus.br/ords/dwapr/r/seai/sig-eleitor-eleitorado-mensal/cruzamento-eleitorado-mensal?p0_uf=PR&session=15556774641404   
Grau de Instrução: - TSE (mai/2026): https://sig.tse.jus.br/ords/dwapr/r/seai/sig-eleitor-eleitorado-mensal/cruzamento-eleitorado-mensal?p0_uf=PR&session=15556774641404 

Nível Econômico ¿ IBGE (Censo 2010): https://cidades.ibge.gov.br/brasil/pr/pesquisa/23/24304

Observação: Conforme informações obtidas do Instituto Brasileiro de Geografia e Estatística, o IBGE não divulgou - e não tem previsão - de data para divulgação do perfil econômico (nível econômico) da população brasileira; portanto, os dados quanto ao nível econômico obtidos no Censo 2022 não podem ser utilizados pois não foram publicados. (https://censo2022.ibge.gov.br/panorama/)
";"As entrevistas serão conduzidas por uma equipe de entrevistadores e supervisores devidamente treinados. O controle do processo será realizado por meio de um software de coleta de dados, o qual permitirá o monitoramento garantindo o cumprimento das cotas amostrais. Conferência e Fiscalização: Durante a coleta de dados os questionários aplicados são fiscalizados e conferidos através de um supervisor. Adicionalmente, pelo menos 30% dos questionários passarão por uma verificação posterior, que avaliará a precisão na aplicação e a adequação dos entrevistados às variáveis das quotas amostrais. Verificação: Após a coleta, os questionários passam por uma etapa de verificação e validação dos dados, para garantir a integridade e precisão dos dados coletados.";"Conforme §7º, do art. 2º, da Resolução TSE nº. 23.600/2019, ¿§ 7º A partir do dia em que a pesquisa puder ser divulgada e até o dia seguinte, o registro deverá ser complementado, sob pena de ser a pesquisa considerada não registrada, com os dados relativos:  (...) III - nas demais, aos municípios e bairros abrangidos, observando-se que, na ausência de delimitação do bairro, será identificada a área em que foi realizada; IV - em quaisquer das hipóteses dos incisos I, II e III deste parágrafo, ao número de eleitoras e eleitores pesquisados em cada setor censitário e à composição quanto a gênero, idade, grau de instrução e nível econômico das pessoas entrevistadas na amostra final da área de abrangência da pesquisa eleitoral¿."
"21/07/2026";"05:46:28";2026;81;"Eleições Gerais 2026";"PR";"PR";"PARANÁ";"PR016672026";"2026-06-16 18:13:13";"N";"00481961000165";"RADAR INTELIGENCIA LTDA";"RADAR ESTATISTICA";"Governador, Senador";"2026-06-17 00:00:00";"2026-06-21 00:00:00";"2026-06-22 00:00:00";625;"8159 - A";"José Mario Lima";"27500,00";"Pesquisa com metodologia quantitativa, com a realização de entrevistas pessoais, domiciliares e presenciais, utilizando questionário estruturado junto a uma amostra representativa do eleitorado do Município de Ponta Grossa, no estado do Paraná.";"A amostra será representativa do eleitorado da área pesquisada e será selecionada em três etapas. Na primeira etapa realiza-se um sorteio probabilístico dos municípios onde as entrevistas serão realizadas através do método PPT (Probabilidade Proporcional ao Tamanho), considerando a população eleitora com 16 anos ou mais residente nos municípios como base para essa seleção. Na segunda etapa, faz-se um sorteio probabilístico das localidades, onde as entrevistas serão realizadas, através do método PPT (Probabilidade Proporcional ao Tamanho), tomando a população eleitora de 16 anos ou mais residente nas localidades como base para essa seleção. Na terceira etapa, a seleção do entrevistado dentro da localidade, será feita utilizando-se quotas amostrais proporcionais, em função das seguintes variáveis:
GÊNERO: TSE Maio 2026 (https://sig.tse.jus.br/ords/dwapr/r/seai/sig-eleitoreleitorado-mensal/cruzamento-eleitoradomensal?p24_metricas=E&p24_back=22&p24_cruzamento_1=ds_sexo&clear=24&p0_ uf=SP&p0_mes=5&debug=LEVEL5&session=312990078978641) 
Masculino - 47%; | Feminino - 53%; | 
FAIXA ETÁRIA: 
TSE Maio 2026 (https://sig.tse.jus.br/ords/dwapr/r/seai/sig-eleitoreleitorado-mensal/cruzamento-eleitoradomensal?p24_cruzamento_1=ds_faixa_etaria&p24_metricas=E&p24_back=22&clear=2 4&p0_uf=SP&p0_mes=5&debug=LEVEL5&session=8904950028837) 
Entre 16 e 24 anos: 13%; | Entre 25 e 34 anos: 20%; | Entre 35 e 44 anos: 20%; | Entre 45 e 59 anos: 25%; | Com 60 anos ou mais: 22%; | 
ESCOLARIDADE: 
TSE Maio 2026 (https://sig.tse.jus.br/ords/dwapr/r/seai/sig-eleitoreleitorado-mensal/cruzamento-eleitoradomensal?p24_cruzamento_1=ds_grau_instrucao&p24_metricas=E&p24_back=22&clea r=24&p0_uf=SP&p0_mes=5&debug=LEVEL5&session=309383598034615) 
De analfabeto até ensino fundamental completo: 30%; | Ensino médio incompleto ou completo: 46% | Ensino superior incompleto ou completo: 24% | 
RENDA DOMICILIAR MENSAL:
(https://cidades.ibge.gov.br/brasil/pr/ponta-grossa/pesquisa/23/24304) 
IBGE - Censo 2010. Observação: Conforme informações obtidas do Instituto Brasileiro de Geografia e Estatística, o IBGE, não divulgou - e não tem previsão - de data para divulgação do perfil econômico (nível econômico) da população brasileira; portanto, os dados quanto ao nível econômico obtidos no Censo 2022, não podem ser utilizados, pois não foram publicados. (https://censo2022.ibge.gov.br/panorama/) 
Sem rendimentos até 2 salários-mínimos: 34% | Mais de 2 a 5 salários-mínimos: 41% | Mais de 5 salários-mínimos: 26% | 
Está prevista eventual ponderação para correção das variáveis gênero e faixa etária, com base nos percentuais acima apresentados, caso ocorram diferenças superiores a 3,0 (três) pontos percentuais entre o previsto na amostra e a coleta realizada; para as variáveis escolaridade e renda domiciliar mensal, o fator de ponderação é igual a 1 (resultados obtidos no campo). O nível de confiança estimado é de 95% (noventa e cinco por cento) para uma margem de erro estimada, considerando uma técnica de amostragem aleatória simples, de aproximadamente 4 (quatro) pontos percentuais para mais ou para menos sobre os resultados obtidos.";"As entrevistas serão conduzidas por uma equipe de entrevistadores e supervisores devidamente qualificados pela Radar Inteligência, todos com experiência e treinamento específico em pesquisas de opinião pública. 
Controle: O controle do processo será realizado por meio de um software de coleta de dados, o qual permitirá o monitoramento garantindo o cumprimento das cotas amostrais. 
Conferência e Fiscalização: Durante a coleta de dados os questionários aplicados são fiscalizados e conferidos através de um supervisor. Adicionalmente, pelo menos 30% dos questionários passarão por uma verificação posterior, que avaliará a precisão na aplicação e a adequação dos entrevistados às variáveis das quotas amostrais. Ou seja, no mínimo 188 entrevistas desta pesquisa serão auditadas pela equipe de qualidade da Radar Inteligência, podendo essa auditoria ser solicitada ao Instituto a qualquer momento. 
Verificação: Após a coleta, os questionários passam por uma etapa de verificação e validação dos dados, para garantir a integridade e precisão dos dados coletados.";"#NULO#"
"21/07/2026";"05:46:28";2026;81;"Eleições Gerais 2026";"PR";"PR";"PARANÁ";"PR027372026";"2026-03-13 22:50:53";"S";"10175063000132";"IRG PESQUISAS LTDA";"#NULO#";"Governador, Senador";"2026-03-13 00:00:00";"2026-03-18 00:00:00";"2026-03-19 00:00:00";1000;"7520-A";"Dinarte Orlandi ";"25000,00";"A presente pesquisa será realizada através de entrevistas telefônicas, individuais e pessoais utilizando questionário estruturado junto a uma amostra representativa do eleitorado do Estado do Paraná. ";"A amostra será de 1000 entrevistas, sendo essa representativa dos moradores das áreas pesquisadas com nível de confiança de 95% (noventa e cinco por cento) para uma margem de erro de 3,1% (três virgula um) pontos percentuais para mais ou para menos sobre os resultados obtidos, e será selecionada em duas etapas. Na primeira etapa realiza-se um sorteio probabilístico dos municípios onde as entrevistas serão realizadas através do método PPT (Probabilidade Proporcional ao Tamanho), considerando a população eleitora com 16 anos ou mais residente nos municípios como base para essa seleção. Na segunda etapa, faz-se um sorteio probabilístico das localidades, onde as entrevistas serão realizadas, através do método PPT (Probabilidade Proporcional ao Tamanho), tomando a população eleitora de 16 anos ou mais residente nas localidades como base para essa seleção. Na terceira etapa, a seleção do entrevistado dentro da localidade, será feita utilizando-se quotas amostrais proporcionais, em função das seguintes variáveis:

GÊNERO (SEXO): Homens: 47% e Mulheres: 53%.

FAIXA ETÁRIA (IDADE): Entre 16 e 24 anos: 11%; Entre 25 e 34 anos: 19%; Entre 35 e 44 anos: 19%; Entre 45 e 59 anos: 26% e com 60 anos ou mais: 25%.

GRAU DE INSTRUÇÃO (ESCOLARIDADE): Analfabeto até ensino fundamental completo: 34%, Ensino médio completo e incompleto: 44% e Ensino superior completo e incompleto: 22.

NIVEL ECONÔMICO (RENDA DOMICILIAR MENSAL): Sem Rendimentos até 2 SM: 36%; Mais de 2 a 5 SM: 39% e Mais de 5 SM: 25%.
Está prevista eventual ponderação para correção das variáveis sexo, idade, escolaridade e nível econômico, com base nos percentuais acima apresentados, caso ocorram diferenças superiores a 3% (três) pontos percentuais entre o previsto na amostra e a coleta realizada.

Fontes de dados pública e oficial: 
Gênero ¿ TSE (Fev/2026): https://sig.tse.jus.br/ords/dwapr/r/seai/sig-eleitor-eleitorado-mensal/cruzamento-eleitorado-mensal?p0_uf=PR&debug=LEVEL5&session=13012151151482
Faixa etária: - TSE (Fev/26): https://sig.tse.jus.br/ords/dwapr/r/seai/sig-eleitor-eleitorado-mensal/cruzamento-eleitorado-mensal?p0_uf=PR&session=15556774641404   
Grau de Instrução: - TSE (Fev/2026): https://sig.tse.jus.br/ords/dwapr/r/seai/sig-eleitor-eleitorado-mensal/cruzamento-eleitorado-mensal?p0_uf=PR&session=15556774641404 

Nível Econômico ¿ IBGE (Censo 2010): https://cidades.ibge.gov.br/brasil/pr/pesquisa/23/24304

Observação: Conforme informações obtidas do Instituto Brasileiro de Geografia e Estatística, o IBGE não divulgou - e não tem previsão - de data para divulgação do perfil econômico (nível econômico) da população brasileira; portanto, os dados quanto ao nível econômico obtidos no Censo 2022 não podem ser utilizados pois não foram publicados. (https://censo2022.ibge.gov.br/panorama/)

";"As entrevistas serão conduzidas por uma equipe de entrevistadores e supervisores devidamente treinados. O controle do processo será realizado por meio de um software de coleta de dados, o qual permitirá o monitoramento garantindo o cumprimento das cotas amostrais. Conferência e Fiscalização: Durante a coleta de dados os questionários aplicados são fiscalizados e conferidos através de um supervisor. Adicionalmente, pelo menos 30% dos questionários passarão por uma verificação posterior, que avaliará a precisão na aplicação e a adequação dos entrevistados às variáveis das quotas amostrais. Verificação: Após a coleta, os questionários passam por uma etapa de verificação e validação dos dados, para garantir a integridade e precisão dos dados coletados.";"#NULO#"
"21/07/2026";"05:46:28";2026;81;"Eleições Gerais 2026";"PR";"PR";"PARANÁ";"PR084512026";"2026-01-17 14:03:48";"N";"81908345000140";"INSTITUTO PARANA DE PESQUISAS E ANALISE DE CONSUMIDOR LTDA";"#NULO#";"Governador, Senador";"2026-01-18 00:00:00";"2026-01-22 00:00:00";"2026-01-23 00:00:00";1300;"10245 - 4ª Região";"Tatiani Cristina Ara";"70000,00";"Pesquisa com metodologia quantitativa, com a realização de entrevistas pessoais, domiciliares e presenciais, utilizando questionário estruturado junto a uma amostra representativa do eleitorado do Estado do Paraná.


";"""A amostra será representativa do eleitorado da área pesquisada e será selecionada em três etapas. Na primeira etapa realiza-se um sorteio probabilístico dos municípios onde as entrevistas serão realizadas através do método PPT (Probabilidade Proporcional ao Tamanho), considerando a população eleitora com 16 anos ou mais residente nos municípios como base para essa seleção. Na segunda etapa, faz-se um sorteio probabilístico das localidades, onde as entrevistas serão realizadas, através do método PPT (Probabilidade Proporcional ao Tamanho), tomando a população eleitora de 16 anos ou mais residente nas localidades como base para essa seleção. Na terceira etapa, a seleção do entrevistado dentro da localidade, será feita utilizando-se quotas amostrais proporcionais, em função das seguintes variáveis:
GÊNERO: TSE Dezembro 2025 (https://sig.tse.jus.br/ords/dwapr/r/seai/sig-eleitor-eleitorado-mensal/cruzamento-eleitorado-mensal?p0_uf=PR&debug=LEVEL5&session=13012151151482)
Masculino - 47%; |
Feminino - 53%; |
FAIXA ETÁRIA: TSE Dezembro 2025 (https://sig.tse.jus.br/ords/dwapr/r/seai/sig-eleitor-eleitorado-mensal/cruzamento-eleitorado-mensal?p0_uf=PR&debug=LEVEL5&session=11079158280671)
Entre 16 e 24 anos: 11%; |
Entre 25 e 34 anos: 19%; |
Entre 35 e 44 anos: 19%; |
Entre 45 e 59 anos: 26%; |
Com 60 anos ou mais: 25%; |
ESCOLARIDADE: TSE Dezembro 2025 (https://sig.tse.jus.br/ords/dwapr/r/seai/sig-eleitor-eleitorado-mensal/cruzamento-eleitorado-mensal?p0_uf=PR&debug=LEVEL5&session=7307621451302)
De analfabeto até ensino fundamental completo: 34%; |
Ensino médio incompleto ou completo: 44% |
Ensino superior incompleto ou completo: 22% |
RENDA DOMICILIAR MENSAL:  (https://cidades.ibge.gov.br/brasil/pr/pesquisa/23/24304) IBGE - Censo 2010. Observação: Conforme informações obtidas do Instituto Brasileiro de Geografia e Estatística, o IBGE, não divulgou - e não tem previsão - de data para divulgação do perfil econômico (nível econômico) da população brasileira; portanto, os dados quanto ao nível econômico obtidos no Censo 2022, não podem ser utilizados, pois não foram publicados. (https://censo2022.ibge.gov.br/panorama/)
Sem rendimentos até 2 salários mínimos: 36% |
Mais de 2 a 5 salários mínimos: 39% |
Mais de 5 salários mínimos: 25% |
Está prevista eventual ponderação para correção das variáveis gênero e faixa etária, com base nos percentuais acima apresentados, caso ocorram diferenças superiores a 3,0 (três) pontos percentuais entre o previsto na amostra e a coleta realizada; para as variáveis escolaridade e renda domiciliar mensal, o fator de ponderação é igual a 1 (resultados obtidos no campo). O nível de confiança estimado é de 95% (noventa e cinco por cento) para uma margem de erro estimada, considerando uma técnica de amostragem aleatória simples, de aproximadamente 2,8 (dois vírgula oito) pontos percentuais para mais ou para menos sobre os resultados obtidos.""





";"""As entrevistas serão conduzidas por uma equipe de entrevistadores e supervisores devidamente qualificados pelo Instituto Paraná Pesquisas, todos com experiência e treinamento específico em pesquisas de opinião pública. 
Controle: O controle do processo será realizado por meio de um software de coleta de dados, o qual permitirá o monitoramento garantindo o cumprimento das cotas amostrais.
Conferência e Fiscalização: Durante a coleta de dados os questionários aplicados são fiscalizados e conferidos através de um supervisor.   
Adicionalmente, pelo menos 30% dos questionários passarão por uma verificação posterior, que avaliará a precisão na aplicação e a adequação dos entrevistados às variáveis das quotas amostrais. Ou seja, no mínimo 390 entrevistas desta pesquisa serão auditadas pela equipe de qualidade do Instituto Paraná Pesquisas, podendo essa auditoria ser solicitada ao Instituto a qualquer momento.
Verificação: Após a coleta, os questionários passam por uma etapa de verificação e validação dos dados, para garantir a integridade e precisão dos dados coletados.""





";" ""A pesquisa será realizada no Estado do Paraná, a relação dos dados relativos aos municípios e às localidades será apresentado até o dia seguinte à data a partir da qual a pesquisa puder ser divulgada, conforme §7º do art. 2º da Resolução-TSE nº. 23.600/2019""





"
"21/07/2026";"05:46:28";2026;81;"Eleições Gerais 2026";"PR";"PR";"PARANÁ";"PR000152026";"2026-04-23 18:09:01";"N";"29855711000120";"NEOBE GESTAO E SERVICOS LTDA";"NEOKEMP PESQUISAS";"Governador, Senador";"2026-04-27 00:00:00";"2026-04-29 00:00:00";"2026-04-29 00:00:00";1008;"7615";"LUCIA HELENA SILVA CARDOSO";"45000,00";"Pesquisa quantitativa de opinião pública, realizada através de entrevistas telefônicas assistidas por computador (CATI) via sistema de Unidade de Resposta Audível pela plataforma Neokemp Pesquisas (Neobe Gestão e Serviços Ltda). As chamadas são direcionadas para terminais de telefonia fixa e móvel (celulares), utilizando discagem aleatória dentro dos prefixos ativos no estado do Paraná. O sistema opera de forma impessoal, onde o respondente interage com perguntas pré-gravadas utilizando o teclado do aparelho. A coleta é monitorada em tempo real para controle de cotas e filtragem de inconsistências.";"Universo: Eleitores do Estado do Paraná. Tamanho da amostra: A amostra prevista é de 1008 entrevistas. Técnica de amostragem: A amostra é estratificada por região geográfica intermediária (IBGE- Censo 2022), onde em cada estrato, num primeiro estágio, os municípios são selecionados por meio de sorteio aleatório, observando-se a proporcionalidade quanto ao porte do município, conforme o número de eleitores de cada localidade. No segundo estágio, a seleção do entrevistado dentro da localidade será feita utilizando-se quotas amostrais proporcionais as características demográficas do universo, em função das seguintes variáveis: GÊNERO: Masculino ¿ 47,2%; Feminino ¿ 52,8% | FAIXA ETÁRIA: Entre 16 e 24 anos: 11,0%; Entre 25 e 34 anos: 18,9%; Entre 35 e 44 anos: 19,3%; Entre 45 e 59 anos: 26,3%; 60 anos ou mais: 24,5% | ESCOLARIDADE: De analfabeto até ensino fundamental completo: 34,2%; Ensino médio incompleto ou completo: 43,7% Ensino superior incompleto ou completo: 22,0%. |NÍVEL ECONÔMICO: População Economicamente Ativa: 66,0%; População Não Economicamente Ativa: 34,0%. Está prevista eventual ponderação para correção das variáveis gênero, faixa etária e escolaridade, com base nos percentuais acima apresentados, caso ocorram diferenças superiores a 3,0 (três) pontos percentuais entre o previsto na amostra e a coleta realizada. Para a variável nível econômico, o fator de ponderação é igual a 1, (resultados obtidos no campo). O nível de confiança estimado é de 95% (noventa e cinco por cento) para uma margem de erro estimada, considerando uma técnica de amostragem aleatória simples, de aproximadamente 3,1 (três vírgula um) pontos percentuais sobre os resultados obtidos. Ressalta-se que esta margem de erro e grau de confiabilidade se aplica ao total da amostra, não devendo ser considerado para os resultados dentro de cada estrato e nem para os resultados gerados pelo cruzamento de variáveis. Fonte de Dados: Para as variáveis de Gênero, Faixa Etária e Grau de Instrução, os dados foram extraídos do repositório de estatísticas do eleitorado do TSE (Tribunal Superior Eleitoral), atualizados em fevereiro de 2026, referentes ao Estado do Paraná. Para a variável de Nível Econômico, utilizou-se a PNAD Contínua 4º. Trim 2025(IBGE), no estado do Paraná. Área física: A relação completa dos municípios e bairros pesquisados será encaminhada a esse tribunal posteriormente até o sétimo dia seguinte à data de registro da pesquisa, conforme Resolução 23.600/2019 do TSE, no art.2º §7º. ";"O controle de qualidade é realizado diretamente pelo sistema de coleta, que monitora rigorosamente as cotas em tempo real e encerra a entrevista automaticamente caso o perfil já tenha sido preenchido. A verificação da autenticidade é feita através da auditoria integral dos logs de chamadas (comprovação de origem e duração). São aplicados filtros para descarte de outliers de duração e detecção de padrões de resposta repetitivos. Como segunda camada de proteção, é enviado um SMS - Short Message Service (Serviço de Mensagens Curtas) de agradecimento aos participantes que concluíram o questionário, servindo como registro de validação.";"A pesquisa será realizada no Estado do Paraná. A relação dos municípios e bairros pertencentes à amostra será apresentada até o dia seguinte à data a partir da qual a pesquisa puder ser divulgada, conforme §7º do art. 2º da Resolução-TSE nº. 23.600/2019"
