"DT_GERACAO";"HH_GERACAO";"AA_ELEICAO";"CD_ELEICAO";"NM_ELEICAO";"SG_UF";"SG_UE";"NM_UE";"NR_PROTOCOLO_REGISTRO";"DT_REGISTRO";"ST_PESQUISA_PROPRIA";"NR_CNPJ_EMPRESA";"NM_EMPRESA";"NM_EMPRESA_FANTASIA";"DS_CARGO";"DT_INICIO_PESQUISA";"DT_FIM_PESQUISA";"DT_DIVULGACAO";"QT_ENTREVISTADO";"CD_CONRE";"NM_ESTATISTICO_RESP";"VR_PESQUISA";"DS_METODOLOGIA_PESQUISA";"DS_PLANO_AMOSTRAL";"DS_SISTEMA_CONTROLE";"DS_DADO_MUNICIPIO"
"07/08/2026";"05:47:04";2026;81;"Eleições Gerais 2026";"RJ";"RJ";"RIO DE JANEIRO";"RJ027932026";"2026-06-02 16:08:48";"S";"55686336000141";"VETOR ARROW INSTITUTO DE PESQUISA E OPINIAO LTDA";"#NULO#";"Governador, Senador, Deputado Federal, Deputado Estadual";"2026-07-04 00:00:00";"2026-07-07 00:00:00";"2026-06-08 00:00:00";14000;"11413";"Luciano Moura Silva";"140000,00";"Pesquisa quantitativa com aplicação de questionário estruturado, por meio de entrevistas telefônicas automatizadas via URA, junto a eleitores residentes no Estado do Rio de Janeiro. A pesquisa tem abrangência estadual e contempla intenção de voto e avaliação para os cargos de Deputado Federal, Deputado Estadual, Governador e Senador. A coleta será realizada em todos os municípios do estado, observados os critérios técnicos definidos no plano amostral e os procedimentos padronizados de captação, processamento, consistência e validação das respostas.";"Plano amostral de abrangência estadual, com 14.000 entrevistas telefônicas automatizadas, por meio de URA, junto a eleitores residentes no Estado do Rio de Janeiro. A amostra será distribuída territorialmente de modo a contemplar os municípios do estado e será posteriormente ponderada por gênero, faixa etária, grau de instrução e nível econômico da pessoa entrevistada, com base em fontes públicas oficiais, especialmente dados do TSE e do IBGE. Considera-se nível de confiança de 95% e margem de erro máxima estimada em aproximadamente 0,8 ponto percentual para o total da amostra estadual.";"Será adotado sistema interno de controle e verificação em todas as etapas da coleta, com auditoria dos arquivos de disparo e retorno da URA, verificação de duplicidades, checagem de consistência das respostas, controle de integridade dos registros eletrônicos e validação automática das entrevistas concluídas. Haverá monitoramento técnico do funcionamento da plataforma, conferência da base utilizada, rastreabilidade dos contatos realizados, exclusão de registros inválidos, incompletos ou inconsistentes, bem como fiscalização dos procedimentos de processamento, tabulação e consolidação dos dados, assegurando a possibilidade de auditoria do material coletado.";"Pesquisa de abrangência estadual, contemplando eleitores residentes nos municípios do Estado do Rio de Janeiro. Em razão da metodologia de entrevistas telefônicas automatizadas por URA, não há delimitação prévia de bairros no plano de coleta, sendo considerada a área física correspondente ao conjunto dos municípios do estado, com distribuição territorial das entrevistas conforme os critérios definidos no plano amostral."
"07/08/2026";"05:47:04";2026;81;"Eleições Gerais 2026";"RJ";"RJ";"RIO DE JANEIRO";"RJ042592026";"2026-06-26 18:29:56";"S";"81908345000140";"INSTITUTO PARANA DE PESQUISAS E ANALISE DE CONSUMIDOR LTDA";"#NULO#";"Governador, Senador";"2026-06-29 00:00:00";"2026-07-01 00:00:00";"2026-07-02 00:00:00";1600;"10245 - 4ª";"Tatiani Cristina Ara";"45000,00";"Pesquisa com metodologia quantitativa, com a realização de entrevistas pessoais, domiciliares e presenciais, utilizando questionário estruturado junto a uma amostra representativa do eleitorado do Estado do Rio de Janeiro. Os questionamentos feitos aos(às) eleitores(as) em relação à eleição presidencial foram devidamente registrados no Tribunal Superior Eleitoral - TSE sob  o nº BR-05371/2026, pois o Sistema Pesqele não permite nos registros regionais a inclusão do campo Presidente no momento do registro da pesquisa eleitoral.


";"""A amostra será representativa do eleitorado da área pesquisada e será selecionada em três etapas. Na primeira etapa realiza-se um sorteio probabilístico dos municípios onde as entrevistas serão realizadas através do método PPT (Probabilidade Proporcional ao Tamanho), considerando a população eleitora com 16 anos ou mais residente nos municípios como base para essa seleção. Na segunda etapa, faz-se um sorteio probabilístico das localidades, onde as entrevistas serão realizadas, através do método PPT (Probabilidade Proporcional ao Tamanho), tomando a população eleitora de 16 anos ou mais residente nas localidades como base para essa seleção. Na terceira etapa, a seleção do entrevistado dentro da localidade, será feita utilizando-se quotas amostrais proporcionais, em função das seguintes variáveis:
GÊNERO: TSE Maio 2026 (https://sig.tse.jus.br/ords/dwapr/r/seai/sig-eleitor-eleitorado-mensal/cruzamento-eleitorado-mensal?p24_metricas=E&p24_back=22&p24_cruzamento_1=ds_sexo&clear=24&p0_uf=RJ&p0_mes=5&debug=LEVEL5&session=312990078978641)
Masculino - 46%; |
Feminino - 54%; |
FAIXA ETÁRIA: TSE Maio 2026 (https://sig.tse.jus.br/ords/dwapr/r/seai/sig-eleitor-eleitorado-mensal/cruzamento-eleitorado-mensal?p24_cruzamento_1=ds_faixa_etaria&p24_metricas=E&p24_back=22&clear=24&p0_uf=RJ&p0_mes=5&debug=LEVEL5&session=8904950028837)
Entre 16 e 24 anos: 11%; |
Entre 25 e 34 anos: 18%; |
Entre 35 e 44 anos: 18%; |
Entre 45 e 59 anos: 25%; |
Com 60 anos ou mais: 28%; |
ESCOLARIDADE: TSE Maio 2026 (https://sig.tse.jus.br/ords/dwapr/r/seai/sig-eleitor-eleitorado-mensal/cruzamento-eleitorado-mensal?p24_cruzamento_1=ds_grau_instrucao&p24_metricas=E&p24_back=22&clear=24&p0_uf=RJ&p0_mes=5&debug=LEVEL5&session=309383598034615)
De analfabeto até ensino fundamental completo: 37%; |
Ensino médio incompleto ou completo: 48% |
Ensino superior incompleto ou completo: 15% |
RENDA DOMICILIAR MENSAL:  (https://cidades.ibge.gov.br/brasil/rj/pesquisa/23/24304) IBGE - Censo 2010. Observação: Conforme informações obtidas do Instituto Brasileiro de Geografia e Estatística, o IBGE, não divulgou - e não tem previsão - de data para divulgação do perfil econômico (nível econômico) da população brasileira; portanto, os dados quanto ao nível econômico obtidos no Censo 2022, não podem ser utilizados, pois não foram publicados. (https://censo2022.ibge.gov.br/panorama/)
Sem rendimentos até 2 salários mínimos: 40% |
Mais de 2 a 5 salários mínimos: 35% |
Mais de 5 salários mínimos: 25% |
Está prevista eventual ponderação para correção das variáveis gênero e faixa etária, com base nos percentuais acima apresentados, caso ocorram diferenças superiores a 3,0 (três) pontos percentuais entre o previsto na amostra e a coleta realizada; para as variáveis escolaridade e renda domiciliar mensal, o fator de ponderação é igual a 1 (resultados obtidos no campo). O nível de confiança estimado é de 95% (noventa e cinco por cento) para uma margem de erro estimada, considerando uma técnica de amostragem aleatória simples, de aproximadamente 2,5 (dois vírgula cinco) pontos percentuais para mais ou para menos sobre os resultados obtidos.""





";"""As entrevistas serão conduzidas por uma equipe de entrevistadores e supervisores devidamente qualificados pelo Instituto Paraná Pesquisas, todos com experiência e treinamento específico em pesquisas de opinião pública. 
Controle: O controle do processo será realizado por meio de um software de coleta de dados, o qual permitirá o monitoramento garantindo o cumprimento das cotas amostrais.
Conferência e Fiscalização: Durante a coleta de dados os questionários aplicados são fiscalizados e conferidos através de um supervisor.   
Adicionalmente, pelo menos 30% dos questionários passarão por uma verificação posterior, que avaliará a precisão na aplicação e a adequação dos entrevistados às variáveis das quotas amostrais. Ou seja, no mínimo 480 entrevistas desta pesquisa serão auditadas pela equipe de qualidade do Instituto Paraná Pesquisas, podendo essa auditoria ser solicitada ao Instituto a qualquer momento.
Verificação: Após a coleta, os questionários passam por uma etapa de verificação e validação dos dados, para garantir a integridade e precisão dos dados coletados.""





";" ""A pesquisa será realizada no Estado do Rio de Janeiro, a relação dos dados relativos aos municípios e às localidades será apresentado até o dia seguinte à data a partir da qual a pesquisa puder ser divulgada, conforme §7º do art. 2º da Resolução-TSE nº. 23.600/2019""





"
"07/08/2026";"05:47:04";2026;81;"Eleições Gerais 2026";"RJ";"RJ";"RIO DE JANEIRO";"RJ056452026";"2026-05-29 17:50:17";"S";"81908345000140";"INSTITUTO PARANA DE PESQUISAS E ANALISE DE CONSUMIDOR LTDA";"#NULO#";"Governador, Senador";"2026-06-01 00:00:00";"2026-06-03 00:00:00";"2026-06-04 00:00:00";1680;"10245 - 4ª Região";"Tatiani Cristina Ara";"45000,00";"Pesquisa com metodologia quantitativa, com a realização de entrevistas pessoais, domiciliares e presenciais, utilizando questionário estruturado junto a uma amostra representativa do eleitorado do Estado do Rio de Janeiro.


";"""A amostra será representativa do eleitorado da área pesquisada e será selecionada em três etapas. Na primeira etapa realiza-se um sorteio probabilístico dos municípios onde as entrevistas serão realizadas através do método PPT (Probabilidade Proporcional ao Tamanho), considerando a população eleitora com 16 anos ou mais residente nos municípios como base para essa seleção. Na segunda etapa, faz-se um sorteio probabilístico das localidades, onde as entrevistas serão realizadas, através do método PPT (Probabilidade Proporcional ao Tamanho), tomando a população eleitora de 16 anos ou mais residente nas localidades como base para essa seleção. Na terceira etapa, a seleção do entrevistado dentro da localidade, será feita utilizando-se quotas amostrais proporcionais, em função das seguintes variáveis:
GÊNERO: TSE Abril 2026 (https://sig.tse.jus.br/ords/dwapr/r/seai/sig-eleitor-eleitorado-mensal/cruzamento-eleitorado-mensal?p24_metricas=E&p24_back=22&p24_cruzamento_1=ds_sexo&clear=24&p0_uf=RJ&p0_mes=4&debug=LEVEL5&session=312990078978641)
Masculino - 46%; |
Feminino - 54%; |
FAIXA ETÁRIA: TSE Abril 2026 (https://sig.tse.jus.br/ords/dwapr/r/seai/sig-eleitor-eleitorado-mensal/cruzamento-eleitorado-mensal?p24_cruzamento_1=ds_faixa_etaria&p24_metricas=E&p24_back=22&clear=24&p0_uf=RJ&p0_mes=4&debug=LEVEL5&session=8904950028837)
Entre 16 e 24 anos: 11%; |
Entre 25 e 34 anos: 18%; |
Entre 35 e 44 anos: 18%; |
Entre 45 e 59 anos: 25%; |
Com 60 anos ou mais: 28%; |
ESCOLARIDADE: TSE Abril 2026 (https://sig.tse.jus.br/ords/dwapr/r/seai/sig-eleitor-eleitorado-mensal/cruzamento-eleitorado-mensal?p24_cruzamento_1=ds_grau_instrucao&p24_metricas=E&p24_back=22&clear=24&p0_uf=RJ&p0_mes=4&debug=LEVEL5&session=309383598034615)
De analfabeto até ensino fundamental completo: 37%; |
Ensino médio incompleto ou completo: 48% |
Ensino superior incompleto ou completo: 15% |
RENDA DOMICILIAR MENSAL:  (https://cidades.ibge.gov.br/brasil/rj/pesquisa/23/24304) IBGE - Censo 2010. Observação: Conforme informações obtidas do Instituto Brasileiro de Geografia e Estatística, o IBGE, não divulgou - e não tem previsão - de data para divulgação do perfil econômico (nível econômico) da população brasileira; portanto, os dados quanto ao nível econômico obtidos no Censo 2022, não podem ser utilizados, pois não foram publicados. (https://censo2022.ibge.gov.br/panorama/)
Sem rendimentos até 2 salários mínimos: 40% |
Mais de 2 a 5 salários mínimos: 35% |
Mais de 5 salários mínimos: 25% |
Está prevista eventual ponderação para correção das variáveis gênero e faixa etária, com base nos percentuais acima apresentados, caso ocorram diferenças superiores a 3,0 (três) pontos percentuais entre o previsto na amostra e a coleta realizada; para as variáveis escolaridade e renda domiciliar mensal, o fator de ponderação é igual a 1 (resultados obtidos no campo). O nível de confiança estimado é de 95% (noventa e cinco por cento) para uma margem de erro estimada, considerando uma técnica de amostragem aleatória simples, de aproximadamente 2,4 (dois vírgula quatro) pontos percentuais para mais ou para menos sobre os resultados obtidos.""





";"""As entrevistas serão conduzidas por uma equipe de entrevistadores e supervisores devidamente qualificados pelo Instituto Paraná Pesquisas, todos com experiência e treinamento específico em pesquisas de opinião pública. 
Controle: O controle do processo será realizado por meio de um software de coleta de dados, o qual permitirá o monitoramento garantindo o cumprimento das cotas amostrais.
Conferência e Fiscalização: Durante a coleta de dados os questionários aplicados são fiscalizados e conferidos através de um supervisor.   
Adicionalmente, pelo menos 30% dos questionários passarão por uma verificação posterior, que avaliará a precisão na aplicação e a adequação dos entrevistados às variáveis das quotas amostrais. Ou seja, no mínimo 504 entrevistas desta pesquisa serão auditadas pela equipe de qualidade do Instituto Paraná Pesquisas, podendo essa auditoria ser solicitada ao Instituto a qualquer momento.
Verificação: Após a coleta, os questionários passam por uma etapa de verificação e validação dos dados, para garantir a integridade e precisão dos dados coletados.""





";" ""A pesquisa será realizada no Estado do Rio de Janeiro, a relação dos dados relativos aos municípios e às localidades será apresentado até o dia seguinte à data a partir da qual a pesquisa puder ser divulgada, conforme §7º do art. 2º da Resolução-TSE nº. 23.600/2019""





"
"07/08/2026";"05:47:04";2026;81;"Eleições Gerais 2026";"RJ";"RJ";"RIO DE JANEIRO";"RJ062412026";"2026-06-02 17:25:50";"S";"55686336000141";"VETOR ARROW INSTITUTO DE PESQUISA E OPINIAO LTDA";"#NULO#";"Governador, Senador, Deputado Estadual";"2026-09-12 00:00:00";"2026-09-15 00:00:00";"2026-06-08 00:00:00";14000;"11413";"Luciano Moura Silva";"140000,00";"Pesquisa quantitativa com aplicação de questionário estruturado, por meio de entrevistas telefônicas automatizadas via URA, junto a eleitores residentes no Estado do Rio de Janeiro. A pesquisa tem abrangência estadual e contempla intenção de voto e avaliação para os cargos de Deputado Federal, Deputado Estadual, Governador e Senador. A coleta será realizada em todos os municípios do estado, observados os critérios técnicos definidos no plano amostral e os procedimentos padronizados de captação, processamento, consistência e validação das respostas.";"Plano amostral de abrangência estadual, com 14.000 entrevistas telefônicas automatizadas, por meio de URA, junto a eleitores residentes no Estado do Rio de Janeiro. A amostra será distribuída territorialmente de modo a contemplar os municípios do estado e será posteriormente ponderada por gênero, faixa etária, grau de instrução e nível econômico da pessoa entrevistada, com base em fontes públicas oficiais, especialmente dados do TSE e do IBGE. Considera-se nível de confiança de 95% e margem de erro máxima estimada em aproximadamente 0,8 ponto percentual para o total da amostra estadual.";"Será adotado sistema interno de controle e verificação em todas as etapas da coleta, com auditoria dos arquivos de disparo e retorno da URA, verificação de duplicidades, checagem de consistência das respostas, controle de integridade dos registros eletrônicos e validação automática das entrevistas concluídas. Haverá monitoramento técnico do funcionamento da plataforma, conferência da base utilizada, rastreabilidade dos contatos realizados, exclusão de registros inválidos, incompletos ou inconsistentes, bem como fiscalização dos procedimentos de processamento, tabulação e consolidação dos dados, assegurando a possibilidade de auditoria do material coletado.";"Pesquisa de abrangência estadual, contemplando eleitores residentes nos municípios do Estado do Rio de Janeiro. Em razão da metodologia de entrevistas telefônicas automatizadas por URA, não há delimitação prévia de bairros no plano de coleta, sendo considerada a área física correspondente ao conjunto dos municípios do estado, com distribuição territorial das entrevistas conforme os critérios definidos no plano amostral."
"07/08/2026";"05:47:04";2026;81;"Eleições Gerais 2026";"RJ";"RJ";"RIO DE JANEIRO";"RJ008412026";"2026-03-02 21:28:14";"S";"05270800000146";"GERP MERCADOLOGIA LTDA";"GRUPO GERP GERP MERCADO GERP OPINIAO GERPAUDIT";"Governador";"2026-03-02 00:00:00";"2026-03-06 00:00:00";"2026-03-08 00:00:00";1200;"8153 - 2ª REGIÃO";"CLENILSON SANTOS DE OLIVEIRA";"15000,00";"A população pesquisada é definida como pessoas maiores de 16 anos, eleitoras e residentes nos municípios do estado do Rio de Janeiro. A pesquisa é do tipo QUANTITATIVA e os entrevistados serão selecionados por cotas em função das variáveis sexo, faixa etária, renda do chefe do domicílio e área de residência. Os dados para definição das cotas foram obtidos de publicações do IBGE e da Estatística do Eleitorado do TSE. Os dados serão tabulados em função das variáveis sócio-econômicas e agregados segundo as diversas áreas de residência de interesse.";"Com a realização de 1200 (mil e duzentas) entrevistas, dentro de um universo considerado infinito e um nível de
confiança de 95,55%, a margem de erro para projeções dos dados é estimada em 2,89 pontos percentuais,
nos casos limites em que as variáveis assumam o percentual de 50%. O resultado projetado para a população
pesquisada vai de um mínimo de 47,11% a um máximo de 52,89%. Para o mesmo número de entrevistas, a
margem de erro tende a se estreitar quando os percentuais se aproximam de 0% ou de 100%. Se a variável
incidir em 10%, por exemplo, a margem de erro é estimada em 1,73 pontos percentuais. E o resultado
projetado vai de um mínimo de 8,27% a um máximo de 91,73%. O Instituto Gerp utiliza dois desvios
padrões para o cálculo da margem de erro em todos os seus projetos de pesquisa, o que representa um nível
de confiança de 95,55%, confiando ao trabalho uma segurança ainda maior do que o normalmente utilizado
pelo mercado. Está prevista eventual ponderação para correção das variáveis área de residência, sexo, faixa
etária e renda do chefe do domicílio, caso ocorram diferenças superiores a 2 pontos percentuais entre o
previsto na amostra e a coleta de dados realizada. O plano amostral a ser cumprido, pelo entrevistador, é o
definido a seguir: IDADE/SEXO: 16-17/masculino (0,39%), 16-17/feminino (0,34%), 18-24/ masculino
(10,39%), 18-24/feminino (9,17%), 25-34/masculino (18,93%), 25-34/feminino (17,62%), 35
44/masculino (18,87%), 35-44/feminino (17,93%), 45- 59/masculino (25,47%), 45-59/feminino (25,21%),
60 ou +/masculino (25,94%), 60 ou +/feminino (29,73%) RENDA DO CHEFE DO DOMICÍLIO: Até 01
SM (18,13%), De 01 a 02 SM (21,86%), De 02 a 05 SM (34,58%), De 05 a 10 SM (15,04%), De 10 a 20 SM
(6,93%), Mais de 20 SM (3,47%)";"Como de praxe em pesquisas realizadas pelo INSTITUTO DE PESQUISA GERP, todas as entrevistas são
criticadas e 20%, no mínimo, são verificados junto ao próprio entrevistado. O trabalho de entrevistas é
permanentemente acompanhado por um supervisor local, que controla e fiscaliza a aplicação dos
questionários (por telefone, Sistema Cati), com o entrevistador, entrevistando pessoalmente o entrevistado.
Além disso, há um controle de qualidade do trabalho nos sistemas de processamento das informações. Para
melhor explicitar os mecanismos de controle e verificação, segue o abaixo escrito: Todas as equipes de
entrevistadores possuem também um supervisor interno, em caráter permanente, que é responsável pela
fiscalização da coleta de dados e verificação das respostas junto aos próprios entrevistados; Cada
questionário enviado ao sistema é objeto de uma checagem do seu correto preenchimento e pelo menos 20%
das entrevistas são verificadas junto ao entrevistado pelo supervisor interno. Ou seja, em 20% das
entrevistas, o supervisor interno liga para o entrevistado e refaz as perguntas, verificando, assim, a
veracidade das respostas. As entrevistas objeto da verificação são escolhidas por critério de sorteio aleatório.
Ex.: a cada 05 entrevistas enviadas ao sistema, 01 é verificada pelo supervisor interno. Ao término da
pesquisa, o INSTITUTO DE PESQUISA GERP, faz uma rigorosa crítica a todos os questionários enviados,
onde são checadas inconsistências nas respostas. Caso seja constatada alguma inconsistência, o entrevistado
é contatado, a dúvida é solucionada ou a entrevista é descartada.";"A pesquisa englobará os municípios do estado do Rio de Janeiro."
"07/08/2026";"05:47:04";2026;81;"Eleições Gerais 2026";"RJ";"RJ";"RIO DE JANEIRO";"RJ015962026";"2026-03-19 22:31:21";"N";"19557018000117";"AGORA PESQUISA - EIRELI";"AGORA PESQUISA";"Governador, Senador";"2026-03-21 00:00:00";"2026-03-25 00:00:00";"2026-03-25 00:00:00";800;"9063";"LINIANE GAZOLA";"20000,00";"Pesquisa quantitativa, de natureza exploratório-descritiva, operacionalizada por meio da técnica survey com									
aplicação de questionário estruturado. A coleta de dados será realizada exclusivamente por meio de entrevistas pessoais									
domiciliares, utilizando dispositivos eletrônicos (tablets) O universo é constituído pelos eleitores com 16 anos ou mais,									
regularmente inscritos no cadastro eleitoral e residentes no estado do RIO DE JANEIRO									
Empresa Contratante e Pagante pelo trabalho:				EDITORA O DIA LTDA EM RECUPERACAO JUDICIAL					
CNPJ/CPF:	33.216.797/0001-18								
ORIGEM DO RECURSO: 		PROPRIO							
";" A amostra prevista é de		800	 entrevistas.
representativa do eleitorado em estudo, será selecionada mediante procedimento probabilístico em três estágios, garantindo	rigor científico e conformidade com a legislação eleitoral (Lei 9.504/97 e Resoluções TSE 23.600/2019 e 23.727/2024):
1º Estagio - Sorteio probabilístico dos municípios pelo método PPT (Probabilidade Proporcional ao Tamanho), tomando a população eleitoral de 						
16 anos ou mais como base. A probabilidade de inclusão de cada município é diretamente proporcional ao seu contingente eleitoral, 
assegurando representação adequada. 2º Estagio Nos municípios sorteados, sorteio probabilístico de localidades (bairros, distritos ou setores	
censitários) também pelo método PPT, considerando a população eleitoral residente como critério de ponderação, garantindo dispersão 
geográfica. 3º Estagio - Nas localidades sorteadas, os eleitores são selecionados por meio de quotas amostrais proporcionais, controladas ao 
nível do entrevistador, assegurando que a amostra final reflita as características do universo pesquisado.
GENERO:	MASCULINO	46%	 FEMININO	54%	
Fonte:	https://sig.tse.jus.br/ords/dwapr/r/seai/sig-eleitor-eleitorado-mensal	(consulta: TSE - Fevereiro/2026)	
FAIXA ETÁRIA
	16 A 17 anos		0,4%
	18 a 20 anos		3,5%
	21 a 24 anos		6,2%
	25 a 34 anos		18,2%
	35 a 44 anos		18,3%
	45 a 59 anos		25,3%
	60 a 69 anos		14,1%
	70 a 79 anos		8,5%
	Superior a 79 anos		5,5%
FONTE: 	https://sig.tse.jus.br/ords/dwapr/r/seai/sig-eleitor-eleitorado-mensal	(consulta: TSE - Fevereiro/2026)			
GRAU DE INSTRUÇÃO
	ANALFABETO				1,78%
	LÊ E ESCREVE				5,03%
	ENSINO FUNDAMENTAL COMPLETO				7,86%
	ENSINO FUNDAMENTAL INCOMPLETO				22,59%
	ENSINO MÉDIO COMPLETO				25,23%
	ENSINO MÉDIO INCOMPLETO				22,81%
	SUPERIOR COMPLETO				9,44%
	SUPERIOR INCOMPLETO				5,16%
	Não informado				0,10%
FONTE: 	https://sig.tse.jus.br/ords/dwapr/r/seai/sig-eleitor-eleitorado-mensal (consulta: TSE - Fevereiro/2026)	
RENDA FAMILIAR	
	SEM RENDIMENTO		4,6%
	ATÉ 1 S.M.		13,5%
	MAIS DE 1 A 2 S.M.		21,9%
	MAIS DE 2 A 5 S.M.		34,6%
	MAIS DE 5 A 10 S.M.		15,0%
	MAIS DE 10 A 20 S.M.		6,9%
	MAIS DE 20 S.M.		3,5%
	(S.M. - SALARIO MINIMO)	
Fonte	https://cidades.ibge.gov.br/brasil/rj/pesquisa/23/24304	(Fonte: IBGE - Censo 2010)
De acordo com informações do IBGE, não há previsão de data para divulgação do perfil econômico do CENSO 2022. Portanto
os dados de renda do Censo 2022 não podem ser utilizados por indisponibilidade pública oficial. Esta prática é adotada
pelos principais institutos de pesquisa do país e está em conformidade com a jurisprudência do TSE.
Está prevista eventual ponderação para correção das variáveis genero; faixa etária, grau de instrução e nível econômico;
com base nos percentuais acima apresentados; caso ocorram diferenças entre o previsto na amostra e a 
coleta realizada.
Margem de Erro máxima prevista é: 3,46%	pontos percentuais para mais ou para menos, considerando um	
nível de confiança de 		95%	e baseada em uma amostra aleatória simples (AAS). Os intervalos 
de confiança serão calculados considerando os resultados obtidos para um nível de confiança de 95%	
Definição: Margem de erro e intervalo de confiança não são grandezas diretamente proprocionais.";"As entrevistas são realizadas por equipes devidamente treinadas e identificados, utilizando para a coleta dispositivo eletronico, 									
as equipes serão acompanhadas por um coordenador / supervisor que atua como fiscal de campo fazendo o controle, 									
a verificação e a fiscalização da coleta de dados. Após a coleta, a pesquisa será checada, criticada e codificada, 									
internamente de acordo com o padrão estabelecido pela ABEP (Associação Brasileira de Empresas de Pesquisa). Todo o 									
material será 100% criticado e 20% verificado, conforme procedimento padrão em pesquisa de opinião publica. As 									
informações serão processadas por meio de programa especifico, para a tabulação e eleaboração dos resultados. Os dados									
serão gerados no formato de tabelas de frequencia, e analisados criteriosamente. Ao final sera elaborado um relatorio analitico-									
descritivo, contendo tabelas e graficos para o resultado de cada pergunta realizada no questionario, seguindo as									
exigencias do TSE. 									
Os dados coletados e tratados nesta pesquisa atendem às exigências da LGPD, Lei Geral de Proteção de Dados garantindo									
ao respondente o sigilo de sua identidade e o correto tratamento de suas respostas.									
";"A área de abrangência da coleta é o ESTADO				RIO DE JANEIRO				
A relação das localidades e setores censitários selecionadas para aplicação da amostra será apresentada 								
a partir do dia em que a pesquisa puder ser divulgada e até o dia seguinte, conforme expresso no 								
art. 2º, §7º da Resolução 23.600/2019 doTSE.								"
"07/08/2026";"05:47:04";2026;81;"Eleições Gerais 2026";"RJ";"RJ";"RIO DE JANEIRO";"RJ006132026";"2026-04-21 15:05:30";"N";"22445600000104";"QUAEST PESQUISAS, CONSULTORIA E PROJETOS LTDA.";"#NULO#";"Governador, Senador";"2026-04-21 00:00:00";"2026-04-25 00:00:00";"2026-04-27 00:00:00";1200;"6731";"Margarida Maria de Mendonça";"205008,84";"Pesquisa quantitativa, de survey, que consiste na realização de entrevistas pessoais, domiciliares e presenciais, conduzidas por profissionais treinados, com a aplicação de questionários estruturados a uma amostra representativa da população votante de 16 anos ou mais residente no estado do Rio de Janeiro. O desenho amostral aplicado combina sorteio probabilístico de municípios e de setores censitários fornecidos pelo IBGE (unidades territoriais homogêneas, de tamanho similar a quadras ou blocos), dentro dos quais serão selecionadas pessoas respondentes por meio de cotas amostrais.";"O público pesquisado é composto por eleitores de 16 anos ou mais residentes na área de abrangência da pesquisa. Para produzir uma amostra representativa desse público-alvo, utilizamos um desenho amostral por conglomerados que prevê três estágios. No primeiro estágio, é feito um sorteio probabilístico de municípios para comporem a amostra por meio do método PPT (Probabilidade Proporcional ao Tamanho) a partir de suas populações votantes acima de 16 anos. Dentro da lista de municípios sorteados, no segundo estágio, é realizado um sorteio probabilístico por meio do método PPT (Probabilidade Proporcional ao Tamanho) de setores censitários a serem visitados pelos entrevistadores, sorteio que tem como base o total de habitantes residentes nos setores de acordo com dados do Censo de 2022, o que garante a dispersão aleatória e estatística da amostra dentro dos territórios municipais, independentemente de divisões administrativas. Finalmente, dentro da lista de setores censitários sorteados, no último estágio são selecionados domicílios e pessoas a serem entrevistadas utilizando-se cotas amostrais para as seguintes variáveis: sexo, idade, renda familiar e escolaridade. O perfil da amostra, definido pelas cotas previstas, é o seguinte:

Sexo: Masculino (46%); Feminino (54%). 
Faixa etária: 16-34 anos (29%); 35-59 anos (43%); 60 ou mais (28%). 
Renda domiciliar total, incluindo pensões, benefícios e rendimentos de trabalhos informais: Até 2 salários-mínimos (30%); Mais de 2 a 5 salários-mínimos (41%); Mais de 5 salários-mínimos (29%). 
Nível de instrução: Até Fundamental completo ou médio incompleto (34%); Médio completo ou superior incompleto (43%); Superior completo ou mais (23%). 

Fonte dos dados: para a distribuição de sexo e idade, TSE-Tribunal Superior Eleitoral - março/2026; para a malha de setores censitários, Censo 2022 (IBGE); para a distribuição de renda domiciliar, PNADc Anual 2024, 5a visita (IBGE); e, para a distribuição de escolaridade/instrução, PNADc trimestral 4-2025 (IBGE). A PNADc é utilizada por ser a fonte oficial mais atualizada de rendimentos do país, incluindo rendimentos informais, pensões, entre outros, e corrigindo as defasagens temporais do Censo 2022, além de ser a fonte mais atualizada de nível de instrução da população com 16 anos ou mais dada ausência de atualização obrigatória da escolaridade no registro de eleitores do TSE.

Está prevista eventual pós-estratificação da amostra, por meio de algoritmos de calibração (rake) e modelos (MrP), para correção de estimativas e das distribuições das variáveis sexo, idade, renda familiar e escolaridade, com base nos percentuais anteriormente mencionados, caso ocorram diferenças entre os percentuais previstos na amostra e a coleta de dados realizada. 

Dentro do público-alvo anteriormente descrito, serão realizadas 1.200 entrevistas. O nível de confiança das estimativas é de 95% e a margem de erro máxima prevista, atendendo às diretivas do TSE e usando o cálculo para amostra aleatória simples (AAS) como aproximação, é de cerca de 3 pontos percentuais para mais ou para menos em relação aos totais da amostra.";"As entrevistas serão realizadas por uma equipe de entrevistadores devidamente qualificada, com experiência e treinamento em pesquisa de opinião pública. Todo trabalho é feito em tablets ou outros dispositivos eletrônicos. Após a realização da coleta de dados, as entrevistas junto aos respondentes são checadas por meio de procedimentos de consistência e de georreferenciamento dos locais de aplicação em tempo real. Adicionalmente, ao longo e após os trabalhos de campo, é realizada uma fiscalização que consiste na checagem de áudio de uma amostra de 30% dos questionários aplicados para verificação das respostas e da adequação dos entrevistados aos parâmetros amostrais.";"A área de abrangência da coleta é o território do estado do Rio de Janeiro. A relação do número de pessoas pesquisadas nas áreas de aplicação da pesquisa, discriminadas por município, bairros e setores censitários a partir dos identificadores utilizados pelo IBGE, além da composição do eleitorado entrevistado na área de abrangência quanto a gênero, idade, grau de instrução e nível econômico, constará em anexo. O mapa com os códigos destes setores censitários e as áreas que delimitam no país todo podem ser conferidos na seguinte fonte oficial: https://censo2022.ibge.gov.br/panorama/mapas.html?localidade=&recorte=setores_censitarios"
"07/08/2026";"05:47:04";2026;81;"Eleições Gerais 2026";"RJ";"RJ";"RIO DE JANEIRO";"RJ022092026";"2026-07-15 20:52:42";"S";"05270800000146";"GERP MERCADOLOGIA LTDA";"GRUPO GERP GERP MERCADO GERP OPINIAO GERPAUDIT";"Governador, Senador";"2026-07-13 00:00:00";"2026-07-15 00:00:00";"2026-07-21 00:00:00";1000;"8153 - 2ª ";"CLENILSON SANTOS DE OLIVEIRA";"10000,00";"A população pesquisada é definida como pessoas maiores de 16 anos, eleitoras e residentes nos municípios do estado do Rio de Janeiro. A pesquisa é do tipo QUANTITATIVA e os entrevistados serão selecionados por cotas em função das variáveis sexo, faixa etária, renda do chefe do domicílio e área de residência. Os dados para definição das cotas foram obtidos de publicações do IBGE e da Estatística do Eleitorado do TSE. Os dados serão tabulados em função das variáveis sócio-econômicas e agregados segundo as diversas áreas de residência de interesse.";"Com a realização de 1000 (mil) entrevistas, dentro de um universo considerado infinito e um nível de confiança de 95,55%, a margem de erro para projeções dos dados é estimada em 3,16 pontos percentuais, nos casos limites em que as variáveis assumam o percentual de 50%. O resultado projetado para a população pesquisada vai de um mínimo de 46,84% a um máximo de 53,16%. Para o mesmo número de entrevistas, a margem de erro tende a se estreitar quando os percentuais se aproximam de 0% ou de 100%. Se a variável incidir em 10%, por exemplo, a margem de erro é estimada em 1,90 pontos percentuais. E o resultado projetado vai de um mínimo de 8,10% a um máximo de 91,90%. O Instituto Gerp utiliza dois desvios padrões para o cálculo da margem de erro em todos os seus projetos de pesquisa, o que representa um nível de confiança de 95,55%, confiando ao trabalho uma segurança ainda maior do que o normalmente utilizado pelo mercado. Está prevista eventual ponderação para correção das variáveis área de residência, sexo, faixa etária e renda do chefe do domicílio, caso ocorram diferenças superiores a 2 pontos percentuais entre o previsto na amostra e a coleta de dados realizada. O plano amostral a ser cumprido, pelo entrevistador, é o definido a seguir: IDADE/SEXO: 16-24/masculino (10,78%), 16-24/feminino (9,51%), 25-34/masculino (18,93%), 25-34/feminino (17,62%), 35 44/masculino (18,87%), 35-44/feminino (17,93%), 45- 59/masculino (25,47%), 45-59/feminino (25,21%), 60 ou +/masculino (25,94%), 60 ou +/feminino (29,73%) RENDA DO CHEFE DO DOMICÍLIO: Até 01 SM (18,13%), De 01 a 02 SM (21,86%), De 02 a 05 SM (34,58%), De 05 a 10 SM (15,04%), De 10 a 20 SM (6,93%), Mais de 20 SM (3,47%)";"Como de praxe em pesquisas realizadas pelo INSTITUTO DE PESQUISA GERP, todas as entrevistas são criticadas e 20%, no mínimo, são verificados junto ao próprio entrevistado. O trabalho de entrevistas é permanentemente acompanhado por um supervisor local, que controla e fiscaliza a aplicação dos questionários (por telefone, Sistema Cati), com o entrevistador, entrevistando pessoalmente o entrevistado. Além disso, há um controle de qualidade do trabalho nos sistemas de processamento das informações. Para melhor explicitar os mecanismos de controle e verificação, segue o abaixo escrito: Todas as equipes de entrevistadores possuem também um supervisor interno, em caráter permanente, que é responsável pela fiscalização da coleta de dados e verificação das respostas junto aos próprios entrevistados; Cada questionário enviado ao sistema é objeto de uma checagem do seu correto preenchimento e pelo menos 20% das entrevistas são verificadas junto ao entrevistado pelo supervisor interno. Ou seja, em 20% das entrevistas, o supervisor interno liga para o entrevistado e refaz as perguntas, verificando, assim, a veracidade das respostas. As entrevistas objeto da verificação são escolhidas por critério de sorteio aleatório. Ex.: a cada 05 entrevistas enviadas ao sistema, 01 é verificada pelo supervisor interno. Ao término da pesquisa, o INSTITUTO DE PESQUISA GERP, faz uma rigorosa crítica a todos os questionários enviados, onde são checadas inconsistências nas respostas. Caso seja constatada alguma inconsistência, o entrevistado é contatado, a dúvida é solucionada ou a entrevista é descartada.";"A pesquisa englobará os municípios do estado do Rio de Janeiro."
"07/08/2026";"05:47:04";2026;81;"Eleições Gerais 2026";"RJ";"RJ";"RIO DE JANEIRO";"RJ069662026";"2026-06-02 16:19:11";"S";"55686336000141";"VETOR ARROW INSTITUTO DE PESQUISA E OPINIAO LTDA";"#NULO#";"Governador, Senador, Deputado Federal, Deputado Estadual";"2026-06-06 00:00:00";"2026-06-09 00:00:00";"2026-06-08 00:00:00";14000;"11413";"Luciano Moura Silva";"140000,00";"Pesquisa quantitativa com aplicação de questionário estruturado, por meio de entrevistas telefônicas automatizadas via URA, junto a eleitores residentes no Estado do Rio de Janeiro. A pesquisa tem abrangência estadual e contempla intenção de voto e avaliação para os cargos de Deputado Federal, Deputado Estadual, Governador e Senador. A coleta será realizada em todos os municípios do estado, observados os critérios técnicos definidos no plano amostral e os procedimentos padronizados de captação, processamento, consistência e validação das respostas.";"Plano amostral de abrangência estadual, com 14.000 entrevistas telefônicas automatizadas, por meio de URA, junto a eleitores residentes no Estado do Rio de Janeiro. A amostra será distribuída territorialmente de modo a contemplar os municípios do estado e será posteriormente ponderada por gênero, faixa etária, grau de instrução e nível econômico da pessoa entrevistada, com base em fontes públicas oficiais, especialmente dados do TSE e do IBGE. Considera-se nível de confiança de 95% e margem de erro máxima estimada em aproximadamente 0,8 ponto percentual para o total da amostra estadual.";"Será adotado sistema interno de controle e verificação em todas as etapas da coleta, com auditoria dos arquivos de disparo e retorno da URA, verificação de duplicidades, checagem de consistência das respostas, controle de integridade dos registros eletrônicos e validação automática das entrevistas concluídas. Haverá monitoramento técnico do funcionamento da plataforma, conferência da base utilizada, rastreabilidade dos contatos realizados, exclusão de registros inválidos, incompletos ou inconsistentes, bem como fiscalização dos procedimentos de processamento, tabulação e consolidação dos dados, assegurando a possibilidade de auditoria do material coletado.";"Pesquisa de abrangência estadual, contemplando eleitores residentes nos municípios do Estado do Rio de Janeiro. Em razão da metodologia de entrevistas telefônicas automatizadas por URA, não há delimitação prévia de bairros no plano de coleta, sendo considerada a área física correspondente ao conjunto dos municípios do estado, com distribuição territorial das entrevistas conforme os critérios definidos no plano amostral."
"07/08/2026";"05:47:04";2026;81;"Eleições Gerais 2026";"RJ";"RJ";"RIO DE JANEIRO";"RJ089772026";"2026-05-03 21:12:05";"S";"00654576000172";"INSTITUTO VERITA LTDA";"VERITA";"Governador, Senador";"2026-05-04 00:00:00";"2026-05-08 00:00:00";"2026-05-09 00:00:00";2030;"10699";"GUILHERME ALVARENGA LAIA";"156310,00";"Pesquisa quantitativa, que consiste na realização de entrevistas, com a aplicação de questionário estruturado junto a uma amostra representativa do eleitorado desta Unidade da Federação.";"ESTUDO REPRESENTATIVO DO ELEITORADO DO ESTADO DO RIO DE JANEIRO - MÉTODO PPT (Probabilidade Proporcional ao Tamanho) - PLANO AMOSTRAL E PONDERAÇÃO QUANTO A SEXO, IDADE, GRAU DE INSTRUÇÃO E NÍVEL ECONÔMICO DO ENTREVISTADO; INTERVALO DE CONFIANÇA E MARGEM DE ERRO: Representativo do eleitorado da área em estudo, elaborada, em vários estágios, da seguinte forma: - 1. Divisão da UF em estratos proporcionais de municípios. 2. Ordenação dos municípios de cada estrato segundo o porte. 3. Sorteio dos municípios de cada estrato. 4. Os respondentes são selecionados através de quotas amostrais proporcionais em função de variáveis significativas, a saber: GÊNERO / FAIXA ETÁRIA - FEMININO E MASCULINO 16 A 34 ANOS 14,6% E 13,6%, 35 A 54 ANOS 19,2% E 16,8%, 55 ANOS OU MAIS 20,3% E 15,5%. GRAU DE INSTRUÇÃO ¿ FEMININO E MASCULINO Sem instrução até Ensino Médio completo 53,5%, Ensino superior incompleto e completo 46,5% NÍVEL ECONÔMICO - FEMININO população não economicamente ativa 46,5% população economicamente ativa 53,5% MASCULINO população não economicamente ativa 27,2% população economicamente ativa 72,8%. RENDA FAMILIAR DO DOMICÍLIO renda familiar de até 2 salários-mínimos 30,7%; de 2 a 5 salários-mínimos 44,2%, acima de 5 salários-mínimos 25,1%. Está prevista eventual ponderação para correção das variáveis, com base nos percentuais anteriormente mencionados, caso ocorram diferenças superiores a margem de erro da pesquisa previsto entre a amostra e a coleta de dados realizada. O fator previsto para ponderação é 1 (resultados obtidos na coleta de dados). O intervalo de confiança estimado é de 95% e a margem de erro máxima estimada considerando um modelo de amostragem aleatório simples, é de aproximadamente 2,5 pontos percentuais para mais ou para menos sobre os resultados encontrados no total da amostra. FONTE DOS DADOS: IBGE/Censo 2022 para fins de densidade demográfica, setores censitários e alocação da amostra. IBGE/PNAD/PNADC/MEC/INEP para fins de Nível Econômico e Escolaridade. TSE FEVEREIRO/2026 para fins de Sexo, Faixa Etária e eleitorado por município ou regiões previamente definidas (importante ressaltar para o público leigo que os dados do TSE são os únicos corretos para gênero, idade dos eleitores e quantitativo de eleitores por municípios já que a base de dados se atualiza automaticamente, PORÉM, dados de escolaridade e nível econômico NÃO são corretos e confiáveis devido a desatualização que ocorre naturalmente com o passar dos anos). Definição de margem de erro e intervalo de confiança: Margem de erro e intervalo de confiança não são grandezas diretamente proporcionais. A SOMA NÃO TEM QUE RESULTAR 100%. ";"Após os trabalhos de coleta de dados, os questionários são submetidos a uma fiscalização, conferência e checagem de cerca de 20% (vinte por cento) dos questionários aplicados.";"A relação dos municípios sorteados ou selecionados para esta pesquisa será apresentada em arquivo anexo até 1 (um) dia após a divulgação desta pesquisa conforme §7º. do art. 2º. da Resolução-TSE nº. 23.600/2019. A área de abrangência desta pesquisa é o Estado DO RIO DE JANEIRO"
"07/08/2026";"05:47:04";2026;81;"Eleições Gerais 2026";"RJ";"RJ";"RIO DE JANEIRO";"RJ005422026";"2026-06-01 22:22:39";"S";"00654576000172";"INSTITUTO VERITA LTDA";"VERITA";"Governador, Senador";"2026-06-02 00:00:00";"2026-06-06 00:00:00";"2026-06-07 00:00:00";2030;"10699";"GUILHERME ALVARENGA LAIA";"156310,00";"Pesquisa quantitativa, que consiste na realização de entrevistas, com a aplicação de questionário estruturado junto a uma amostra representativa do eleitorado desta Unidade da Federação.";"ESTUDO REPRESENTATIVO DO ELEITORADO DO ESTADO DO RIO DE JANEIRO - MÉTODO PPT (Probabilidade Proporcional ao Tamanho) - PLANO AMOSTRAL E PONDERAÇÃO QUANTO A SEXO, IDADE, GRAU DE INSTRUÇÃO E NÍVEL ECONÔMICO DO ENTREVISTADO; INTERVALO DE CONFIANÇA E MARGEM DE ERRO: Representativo do eleitorado da área em estudo, elaborada, em vários estágios, da seguinte forma: - 1. Divisão da UF em estratos proporcionais de municípios. 2. Ordenação dos municípios de cada estrato segundo o porte. 3. Sorteio dos municípios de cada estrato. 4. Os respondentes são selecionados através de quotas amostrais proporcionais em função de variáveis significativas, a saber: GÊNERO / FAIXA ETÁRIA - FEMININO E MASCULINO 16 A 34 ANOS 14,6% E 13,6%, 35 A 54 ANOS 19,2% E 16,8%, 55 ANOS OU MAIS 20,3% E 15,5%. GRAU DE INSTRUÇÃO ¿ FEMININO E MASCULINO Sem instrução até Ensino Médio completo 53,5%, Ensino superior incompleto e completo 46,5% NÍVEL ECONÔMICO - FEMININO população não economicamente ativa 46,5% população economicamente ativa 53,5% MASCULINO população não economicamente ativa 27,2% população economicamente ativa 72,8%. RENDA FAMILIAR DO DOMICÍLIO renda familiar de até 2 salários-mínimos 30,7%; de 2 a 5 salários-mínimos 44,2%, acima de 5 salários-mínimos 25,1%. Está prevista eventual ponderação para correção das variáveis, com base nos percentuais anteriormente mencionados, caso ocorram diferenças superiores a margem de erro da pesquisa previsto entre a amostra e a coleta de dados realizada. O fator previsto para ponderação é 1 (resultados obtidos na coleta de dados). O intervalo de confiança estimado é de 95% e a margem de erro máxima estimada considerando um modelo de amostragem aleatório simples, é de aproximadamente 2,5 pontos percentuais para mais ou para menos sobre os resultados encontrados no total da amostra. FONTE DOS DADOS: IBGE/Censo 2022 para fins de densidade demográfica, setores censitários e alocação da amostra. IBGE/PNAD/PNADC/MEC/INEP para fins de Nível Econômico e Escolaridade. TSE FEVEREIRO/2026 para fins de Sexo, Faixa Etária e eleitorado por município ou regiões previamente definidas (importante ressaltar para o público leigo que os dados do TSE são os únicos corretos para gênero, idade dos eleitores e quantitativo de eleitores por municípios já que a base de dados se atualiza automaticamente, PORÉM, dados de escolaridade e nível econômico NÃO são corretos e confiáveis devido a desatualização que ocorre naturalmente com o passar dos anos). Definição de margem de erro e intervalo de confiança: Margem de erro e intervalo de confiança não são grandezas diretamente proporcionais. A SOMA NÃO TEM QUE RESULTAR 100%. ";"Após os trabalhos de coleta de dados, os questionários são submetidos a uma fiscalização, conferência e checagem de cerca de 20% (vinte por cento) dos questionários aplicados.";"A relação dos municípios sorteados ou selecionados para esta pesquisa será apresentada em arquivo anexo até 1 (um) dia após a divulgação desta pesquisa conforme §7º. do art. 2º. da Resolução-TSE nº. 23.600/2019. A área de abrangência desta pesquisa é o Estado DO RIO DE JANEIRO"
"07/08/2026";"05:47:04";2026;81;"Eleições Gerais 2026";"RJ";"RJ";"RIO DE JANEIRO";"RJ064002026";"2026-06-02 16:44:11";"S";"55686336000141";"VETOR ARROW INSTITUTO DE PESQUISA E OPINIAO LTDA";"#NULO#";"Governador, Senador, Deputado Federal, Deputado Estadual";"2026-08-22 00:00:00";"2026-08-25 00:00:00";"2026-06-08 00:00:00";14000;"11413";"Luciano Moura Silva";"140000,00";"Pesquisa quantitativa com aplicação de questionário estruturado, por meio de entrevistas telefônicas automatizadas via URA, junto a eleitores residentes no Estado do Rio de Janeiro. A pesquisa tem abrangência estadual e contempla intenção de voto e avaliação para os cargos de Deputado Federal, Deputado Estadual, Governador e Senador. A coleta será realizada em todos os municípios do estado, observados os critérios técnicos definidos no plano amostral e os procedimentos padronizados de captação, processamento, consistência e validação das respostas.";"Plano amostral de abrangência estadual, com 14.000 entrevistas telefônicas automatizadas, por meio de URA, junto a eleitores residentes no Estado do Rio de Janeiro. A amostra será distribuída territorialmente de modo a contemplar os municípios do estado e será posteriormente ponderada por gênero, faixa etária, grau de instrução e nível econômico da pessoa entrevistada, com base em fontes públicas oficiais, especialmente dados do TSE e do IBGE. Considera-se nível de confiança de 95% e margem de erro máxima estimada em aproximadamente 0,8 ponto percentual para o total da amostra estadual.";"Será adotado sistema interno de controle e verificação em todas as etapas da coleta, com auditoria dos arquivos de disparo e retorno da URA, verificação de duplicidades, checagem de consistência das respostas, controle de integridade dos registros eletrônicos e validação automática das entrevistas concluídas. Haverá monitoramento técnico do funcionamento da plataforma, conferência da base utilizada, rastreabilidade dos contatos realizados, exclusão de registros inválidos, incompletos ou inconsistentes, bem como fiscalização dos procedimentos de processamento, tabulação e consolidação dos dados, assegurando a possibilidade de auditoria do material coletado.";"Pesquisa de abrangência estadual, contemplando eleitores residentes nos municípios do Estado do Rio de Janeiro. Em razão da metodologia de entrevistas telefônicas automatizadas por URA, não há delimitação prévia de bairros no plano de coleta, sendo considerada a área física correspondente ao conjunto dos municípios do estado, com distribuição territorial das entrevistas conforme os critérios definidos no plano amostral."
"07/08/2026";"05:47:04";2026;81;"Eleições Gerais 2026";"RJ";"RJ";"RIO DE JANEIRO";"RJ099752026";"2026-06-02 17:08:06";"S";"55686336000141";"VETOR ARROW INSTITUTO DE PESQUISA E OPINIAO LTDA";"#NULO#";"Governador, Senador, Deputado Federal, Deputado Estadual";"2026-09-05 00:00:00";"2026-09-08 00:00:00";"2026-06-08 00:00:00";14000;"11413";"Luciano Moura Silva";"140000,00";"Pesquisa quantitativa com aplicação de questionário estruturado, por meio de entrevistas telefônicas automatizadas via URA, junto a eleitores residentes no Estado do Rio de Janeiro. A pesquisa tem abrangência estadual e contempla intenção de voto e avaliação para os cargos de Deputado Federal, Deputado Estadual, Governador e Senador. A coleta será realizada em todos os municípios do estado, observados os critérios técnicos definidos no plano amostral e os procedimentos padronizados de captação, processamento, consistência e validação das respostas.";"Plano amostral de abrangência estadual, com 14.000 entrevistas telefônicas automatizadas, por meio de URA, junto a eleitores residentes no Estado do Rio de Janeiro. A amostra será distribuída territorialmente de modo a contemplar os municípios do estado e será posteriormente ponderada por gênero, faixa etária, grau de instrução e nível econômico da pessoa entrevistada, com base em fontes públicas oficiais, especialmente dados do TSE e do IBGE. Considera-se nível de confiança de 95% e margem de erro máxima estimada em aproximadamente 0,8 ponto percentual para o total da amostra estadual.";"Será adotado sistema interno de controle e verificação em todas as etapas da coleta, com auditoria dos arquivos de disparo e retorno da URA, verificação de duplicidades, checagem de consistência das respostas, controle de integridade dos registros eletrônicos e validação automática das entrevistas concluídas. Haverá monitoramento técnico do funcionamento da plataforma, conferência da base utilizada, rastreabilidade dos contatos realizados, exclusão de registros inválidos, incompletos ou inconsistentes, bem como fiscalização dos procedimentos de processamento, tabulação e consolidação dos dados, assegurando a possibilidade de auditoria do material coletado.";"Pesquisa de abrangência estadual, contemplando eleitores residentes nos municípios do Estado do Rio de Janeiro. Em razão da metodologia de entrevistas telefônicas automatizadas por URA, não há delimitação prévia de bairros no plano de coleta, sendo considerada a área física correspondente ao conjunto dos municípios do estado, com distribuição territorial das entrevistas conforme os critérios definidos no plano amostral."
"07/08/2026";"05:47:04";2026;81;"Eleições Gerais 2026";"RJ";"RJ";"RIO DE JANEIRO";"RJ020022026";"2026-06-02 17:49:39";"S";"55686336000141";"VETOR ARROW INSTITUTO DE PESQUISA E OPINIAO LTDA";"#NULO#";"Governador, Senador, Deputado Federal, Deputado Estadual";"2026-09-25 00:00:00";"2026-09-28 00:00:00";"2026-06-08 00:00:00";14000;"11413";"Luciano Moura Silva";"140000,00";"Pesquisa quantitativa com aplicação de questionário estruturado, por meio de entrevistas telefônicas automatizadas via URA, junto a eleitores residentes no Estado do Rio de Janeiro. A pesquisa tem abrangência estadual e contempla intenção de voto e avaliação para os cargos de Deputado Federal, Deputado Estadual, Governador e Senador. A coleta será realizada em todos os municípios do estado, observados os critérios técnicos definidos no plano amostral e os procedimentos padronizados de captação, processamento, consistência e validação das respostas.";"Plano amostral de abrangência estadual, com 14.000 entrevistas telefônicas automatizadas, por meio de URA, junto a eleitores residentes no Estado do Rio de Janeiro. A amostra será distribuída territorialmente de modo a contemplar os municípios do estado e será posteriormente ponderada por gênero, faixa etária, grau de instrução e nível econômico da pessoa entrevistada, com base em fontes públicas oficiais, especialmente dados do TSE e do IBGE. Considera-se nível de confiança de 95% e margem de erro máxima estimada em aproximadamente 0,8 ponto percentual para o total da amostra estadual.";"Será adotado sistema interno de controle e verificação em todas as etapas da coleta, com auditoria dos arquivos de disparo e retorno da URA, verificação de duplicidades, checagem de consistência das respostas, controle de integridade dos registros eletrônicos e validação automática das entrevistas concluídas. Haverá monitoramento técnico do funcionamento da plataforma, conferência da base utilizada, rastreabilidade dos contatos realizados, exclusão de registros inválidos, incompletos ou inconsistentes, bem como fiscalização dos procedimentos de processamento, tabulação e consolidação dos dados, assegurando a possibilidade de auditoria do material coletado.";"Pesquisa de abrangência estadual, contemplando eleitores residentes nos municípios do Estado do Rio de Janeiro. Em razão da metodologia de entrevistas telefônicas automatizadas por URA, não há delimitação prévia de bairros no plano de coleta, sendo considerada a área física correspondente ao conjunto dos municípios do estado, com distribuição territorial das entrevistas conforme os critérios definidos no plano amostral."
"07/08/2026";"05:47:04";2026;81;"Eleições Gerais 2026";"RJ";"RJ";"RIO DE JANEIRO";"RJ056812026";"2026-06-29 13:25:03";"N";"39293002000151";"PREFAB FUTURE PUBLICIDADE E PESQUISAS LTDA";"PREFAB FUTURE";"Governador";"2026-06-28 00:00:00";"2026-07-02 00:00:00";"2026-07-05 00:00:00";2500;"6942 A 2";"Sergio Ribeiro dos Santos";"90000,00";"Pesquisa Quantitativa, que consiste na realização de entrevistas pessoais, com a aplicação de questionário estruturado junto a uma amostra representativa do eleitorado (16 e +) e votante no ESTADO DO RJ.
";"A amostra é representativa do eleitorado da área em estudo e foi elaborada em dois estágios. No primeiro estágio, realiza-se um sorteio probabilístico dos setores censitários onde serão conduzidas as entrevistas, utilizando-se o método de Probabilidade Proporcional ao Tamanho (PPT), tendo como base a população residente de 16 anos ou mais em cada setor. No segundo e último estágio, dentro dos setores sorteados, os respondentes são selecionados por meio de cotas amostrais proporcionais, definidas a partir de variáveis consideradas estatisticamente significativas, a saber:
SEXO: Masculino (45,94%), Feminino (54,06%), IDADE: 16-24 (10,7%); 25-34 (18,05%); 35-44 (18,13%); 45-59 (25,21%); 60 E+ (27,91%); INSTRUÇÃO:ATÉ FUNDAMENTAL INCOMPLETO/COMPLETO (26,76%);MÉDIO INCOMPLETO/COMPLETO (42,9%);SUPERIOR INCOMPLETO/COMPLETO (30,34%);  RENDA DOMICILIAR:ATÉ 3 SM  (68,06%);ACIMA DE 3 ATE 5 SM (14,45%);ACIMA DE 5 SM (17,49%). Está prevista eventual ponderação para correção das variáveis sexo e idade, com base nos percentuais anteriormente mencionados, caso ocorram diferenças superiores a 1,96 pontos percentuais entre o previsto na amostra e a coleta de dados realizada. Para as variáveis de grau de instrução e nível econômico do entrevistado, o fator previsto para ponderação é 1 (resultados obtidos em campo). 
O nível de confiança estimado é de 95% e a margem de erro máxima estimada considerando um modelo de amostragem aleatório simples, é de 1,96 pontos percentuais para mais ou para menos sobre os resultados encontrados no total da amostra. FONTE DOS DADOS: IBGE(Censo 2022 e PNADC 2026-1 trimestre) , TSE 2026(Maio)
";"Para a realização da pesquisa, utiliza-se uma equipe de entrevistadores e supervisores contratados pela Empresa . devidamente treinados para o trabalho. Após os trabalhos de campo, os questionários são submetidos a uma fiscalização de cerca de 20% (vinte por cento) dos questionários aplicados pelos entrevistadores. para verificação das respostas e da adequação dos entrevistados aos parâmetros amostrais.
";"#NULO#"
"07/08/2026";"05:47:04";2026;81;"Eleições Gerais 2026";"RJ";"RJ";"RIO DE JANEIRO";"RJ004372026";"2026-02-11 17:25:51";"N";"39293002000151";"PREFAB FUTURE PUBLICIDADE E PESQUISAS LTDA";"PREFAB FUTURE";"Governador";"2026-02-09 00:00:00";"2026-02-13 00:00:00";"2026-02-17 00:00:00";2000;"6942 Serie a 2";"Sergio Ribeiro dos Santos";"25000,00";"Pesquisa Quantitativa, que consiste na realização de entrevistas pessoais, com a aplicação de questionário estruturado junto a uma amostra representativa do eleitorado (16 e +) e votante no Município de ESTADO DO RJ.
";"A amostra é representativa do eleitorado da área em estudo e foi elaborada em dois estágios. No primeiro estágio, realiza-se um sorteio probabilístico dos setores censitários onde serão conduzidas as entrevistas, utilizando-se o método de Probabilidade Proporcional ao Tamanho (PPT), tendo como base a população residente de 16 anos ou mais em cada setor. No segundo e último estágio, dentro dos setores sorteados, os respondentes são selecionados por meio de cotas amostrais proporcionais, definidas a partir de variáveis consideradas estatisticamente significativas, a saber:
SEXO: Masculino (45,9%), Feminino (54,1%), IDADE: 16-24 (9,98%); 25-34 (18,27%); 35-44 (18,45%); 45-59 (25,35%); 60 E+ (27,95%); INSTRUÇÃO:ATÉ FUNDAMENTAL INCOMPLETO/COMPLETO (17,3%);MÉDIO INCOMPLETO/COMPLETO (38,82%);SUPERIOR INCOMPLETO/COMPLETO (43,88%); 
RENDA DOMICILIAR:ATÉ 3 SM  (58,08%);ACIMA DE 3 ATE 5 SM (14,14%);ACIMA DE 5 SM (27,78%). Está prevista eventual ponderação 
para correção das variáveis sexo e idade, com base nos percentuais anteriormente mencionados, caso ocorram diferenças superiores a 2,19 pontos percentuais entre o previsto na amostra e a coleta de dados realizada. Para as variáveis de grau de instrução e nível econômico do entrevistado, o fator previsto para ponderação é 1 (resultados obtidos em campo). 
O nível de confiança estimado é de 95% e a margem de erro máxima estimada considerando um modelo de amostragem aleatório simples, é de 2,19 pontos percentuais para mais ou para menos sobre os resultados encontrados no total da amostra. FONTE DOS DADOS: IBGE(Censo 2022 e PNADC 2025-3 trimestre) , TSE 2025(Dezembro)
";"Para a realização da pesquisa, utiliza-se uma equipe de entrevistadores e supervisores contratados pela Empresa . devidamente treinados para o trabalho. Após os trabalhos de campo, os questionários são submetidos a uma fiscalização de cerca de 20% (vinte por cento) dos questionários aplicados pelos entrevistadores. para verificação das respostas e da adequação dos entrevistados aos parâmetros amostrais.
";"A área de abrangência da coleta é (ESTADO DO RJ). A relação das localidades selecionadas para aplicação da amostra será apresentada até o 7º dia seguinte ao registro da pesquisa, conforme expresso no art. 2º, §6º da Resolução 23.600/2019 do TSE.
"
"07/08/2026";"05:47:04";2026;81;"Eleições Gerais 2026";"RJ";"RJ";"RIO DE JANEIRO";"RJ049972026";"2026-04-18 19:47:07";"S";"81908345000140";"INSTITUTO PARANA DE PESQUISAS E ANALISE DE CONSUMIDOR LTDA";"#NULO#";"Governador, Senador";"2026-04-21 00:00:00";"2026-04-23 00:00:00";"2026-04-24 00:00:00";1680;"10245 - 4ª Região";"Tatiani Cristina Ara";"45000,00";"Pesquisa com metodologia quantitativa, com a realização de entrevistas pessoais, domiciliares e presenciais, utilizando questionário estruturado junto a uma amostra representativa do eleitorado do Estado do Rio de Janeiro.";"A amostra será representativa do eleitorado da área pesquisada e será selecionada em três etapas. Na primeira etapa realiza-se um sorteio probabilístico dos municípios onde as entrevistas serão realizadas através do método PPT (Probabilidade Proporcional ao Tamanho), considerando a população eleitora com 16 anos ou mais residente nos municípios como base para essa seleção. Na segunda etapa, faz-se um sorteio probabilístico das localidades, onde as entrevistas serão realizadas, através do método PPT (Probabilidade Proporcional ao Tamanho), tomando a população eleitora de 16 anos ou mais residente nas localidades como base para essa seleção. Na terceira etapa, a seleção do entrevistado dentro da localidade, será feita utilizando-se quotas amostrais proporcionais, em função das seguintes variáveis:
GÊNERO: TSE Março 2026 (https://sig.tse.jus.br/ords/dwapr/r/seai/sig-eleitor-eleitorado-mensal/cruzamento-eleitorado-mensal?p24_metricas=E&p24_back=22&p24_cruzamento_1=ds_sexo&clear=24&p0_uf=RJ&p0_mes=3&debug=LEVEL5&session=312990078978641)
Masculino - 46%; |
Feminino - 54%; |
FAIXA ETÁRIA: TSE Março 2026 (https://sig.tse.jus.br/ords/dwapr/r/seai/sig-eleitor-eleitorado-mensal/cruzamento-eleitorado-mensal?p24_cruzamento_1=ds_faixa_etaria&p24_metricas=E&p24_back=22&clear=24&p0_uf=RJ&p0_mes=3&debug=LEVEL5&session=8904950028837)
Entre 16 e 24 anos: 10%; |
Entre 25 e 34 anos: 18%; |
Entre 35 e 44 anos: 18%; |
Entre 45 e 59 anos: 26%; |
Com 60 anos ou mais: 28%; |
ESCOLARIDADE: TSE Março 2026 (https://sig.tse.jus.br/ords/dwapr/r/seai/sig-eleitor-eleitorado-mensal/cruzamento-eleitorado-mensal?p24_cruzamento_1=ds_grau_instrucao&p24_metricas=E&p24_back=22&clear=24&p0_uf=RJ&p0_mes=3&debug=LEVEL5&session=309383598034615)
De analfabeto até ensino fundamental completo: 37%; |
Ensino médio incompleto ou completo: 48% |
Ensino superior incompleto ou completo: 15% |
RENDA DOMICILIAR MENSAL:  (https://cidades.ibge.gov.br/brasil/rj/pesquisa/23/24304) IBGE - Censo 2010. Observação: Conforme informações obtidas do Instituto Brasileiro de Geografia e Estatística, o IBGE, não divulgou - e não tem previsão - de data para divulgação do perfil econômico (nível econômico) da população brasileira; portanto, os dados quanto ao nível econômico obtidos no Censo 2022, não podem ser utilizados, pois não foram publicados. (https://censo2022.ibge.gov.br/panorama/)
Sem rendimentos até 2 salários mínimos: 40% |
Mais de 2 a 5 salários mínimos35% |
Mais de 5 salários mínimos: 25% |
Está prevista eventual ponderação para correção das variáveis gênero e faixa etária, com base nos percentuais acima apresentados, caso ocorram diferenças superiores a 3,0 (três) pontos percentuais entre o previsto na amostra e a coleta realizada; para as variáveis escolaridade e renda domiciliar mensal, o fator de ponderação é igual a 1 (resultados obtidos no campo). O nível de confiança estimado é de 95% (noventa e cinco por cento) para uma margem de erro estimada, considerando uma técnica de amostragem aleatória simples, de aproximadamente 2,4 (dois vírgula quatro) pontos percentuais para mais ou para menos sobre os resultados obtidos.";"As entrevistas serão conduzidas por uma equipe de entrevistadores e supervisores devidamente qualificados pelo Instituto Paraná Pesquisas, todos com experiência e treinamento específico em pesquisas de opinião pública. 
Controle: O controle do processo será realizado por meio de um software de coleta de dados, o qual permitirá o monitoramento garantindo o cumprimento das cotas amostrais.
Conferência e Fiscalização: Durante a coleta de dados os questionários aplicados são fiscalizados e conferidos através de um supervisor.   
Adicionalmente, pelo menos 30% dos questionários passarão por uma verificação posterior, que avaliará a precisão na aplicação e a adequação dos entrevistados às variáveis das quotas amostrais. Ou seja, no mínimo 504 entrevistas desta pesquisa serão auditadas pela equipe de qualidade do Instituto Paraná Pesquisas, podendo essa auditoria ser solicitada ao Instituto a qualquer momento.
Verificação: Após a coleta, os questionários passam por uma etapa de verificação e validação dos dados, para garantir a integridade e precisão dos dados coletados.";" A pesquisa será realizada no Estado do Rio de Janeiro, a relação dos dados relativos aos municípios e às localidades será apresentado até o dia seguinte à data a partir da qual a pesquisa puder ser divulgada, conforme §7º do art. 2º da Resolução-TSE nº. 23.600/2019"
"07/08/2026";"05:47:04";2026;81;"Eleições Gerais 2026";"RJ";"RJ";"RIO DE JANEIRO";"RJ017162026";"2026-05-30 23:16:29";"N";"39293002000151";"PREFAB FUTURE PUBLICIDADE E PESQUISAS LTDA";"PREFAB FUTURE";"Governador";"2026-06-01 00:00:00";"2026-06-04 00:00:00";"2026-06-05 00:00:00";2200;"6942 Serie A 2";"Sergio Ribeiro dos Santos";"25000,00";"Pesquisa Quantitativa, que consiste na realização de entrevistas pessoais, com a aplicação de questionário estruturado junto a uma amostra representativa do eleitorado (16 e +) e votante no ESTADO DO RJ.
";"A amostra é representativa do eleitorado da área em estudo e foi elaborada em dois estágios. No primeiro estágio, realiza-se um sorteio probabilístico dos setores censitários onde serão conduzidas as entrevistas, utilizando-se o método de Probabilidade Proporcional ao Tamanho (PPT), tendo como base a população residente de 16 anos ou mais em cada setor. No segundo e último estágio, dentro dos setores sorteados, os respondentes são selecionados por meio de cotas amostrais proporcionais, definidas a partir de variáveis consideradas estatisticamente significativas, a saber:
SEXO: Masculino (45,95%), Feminino (54,05%), IDADE: 16-24 (10,3%); 25-34 (18,15%); 35-44 (18,25%); 45-59 (25,3%); 60 E+ (28%); INSTRUÇÃO:ATÉ FUNDAMENTAL INCOMPLETO/COMPLETO (26,76%);MÉDIO INCOMPLETO/COMPLETO (42,9%);SUPERIOR INCOMPLETO/COMPLETO (30,34%); 
RENDA DOMICILIAR:ATÉ 3 SM  (68,06%);ACIMA DE 3 ATE 5 SM (14,45%);ACIMA DE 5 SM (17,49%). Está prevista eventual ponderação 
para correção das variáveis sexo e idade, com base nos percentuais anteriormente mencionados, caso ocorram diferenças superiores a 2,09 pontos percentuais entre o previsto na amostra e a coleta de dados realizada. Para as variáveis de grau de instrução e nível econômico do entrevistado, o fator previsto para ponderação é 1 (resultados obtidos em campo). 
O nível de confiança estimado é de 95% e a margem de erro máxima estimada considerando um modelo de amostragem aleatório simples, é de 2,09 pontos percentuais para mais ou para menos sobre os resultados encontrados no total da amostra. FONTE DOS DADOS: IBGE(Censo 2022 e PNADC 2026-1 trimestre) , TSE 2026(Abril)
";"Para a realização da pesquisa, utiliza-se uma equipe de entrevistadores e supervisores contratados pela Empresa . devidamente treinados para o trabalho. Após os trabalhos de campo, os questionários são submetidos a uma fiscalização de cerca de 20% (vinte por cento) dos questionários aplicados pelos entrevistadores. para verificação das respostas e da adequação dos entrevistados aos parâmetros amostrais.
";"A área de abrangência da coleta é (ESTADO DO RJ). A relação das localidades selecionadas para aplicação da amostra será apresentada até o 7º dia seguinte ao registro da pesquisa, conforme expresso no art. 2º, §6º da Resolução 23.600/2019 do TSE.
"
"07/08/2026";"05:47:04";2026;81;"Eleições Gerais 2026";"RJ";"RJ";"RIO DE JANEIRO";"RJ033942026";"2026-03-28 17:27:34";"S";"00654576000172";"INSTITUTO VERITA LTDA";"VERITA";"Governador, Senador, Deputado Federal, Deputado Estadual";"2026-03-29 00:00:00";"2026-04-04 00:00:00";"2026-04-03 00:00:00";2030;"10699";"GUILHERME ALVARENGA LAIA";"156310,00";"Pesquisa quantitativa, que consiste na realização de entrevistas, com a aplicação de questionário estruturado junto a uma amostra representativa do eleitorado desta Unidade da Federação.";"ESTUDO REPRESENTATIVO DO ELEITORADO DO ESTADO DO RIO DE JANEIRO - MÉTODO PPT (Probabilidade Proporcional ao Tamanho) - PLANO AMOSTRAL E PONDERAÇÃO QUANTO A SEXO, IDADE, GRAU DE INSTRUÇÃO E NÍVEL ECONÔMICO DO ENTREVISTADO; INTERVALO DE CONFIANÇA E MARGEM DE ERRO: Representativo do eleitorado da área em estudo, elaborada, em vários estágios, da seguinte forma: - 1. Divisão da UF em estratos proporcionais de municípios. 2. Ordenação dos municípios de cada estrato segundo o porte. 3. Sorteio dos municípios de cada estrato. 4. Os respondentes são selecionados através de quotas amostrais proporcionais em função de variáveis significativas, a saber: GÊNERO / FAIXA ETÁRIA - FEMININO E MASCULINO 16 A 34 ANOS 14,6% E 13,6%, 35 A 54 ANOS 19,2% E 16,8%, 55 ANOS OU MAIS 20,3% E 15,5%. GRAU DE INSTRUÇÃO ¿ FEMININO E MASCULINO Sem instrução até Ensino Médio completo 53,5%, Ensino superior incompleto e completo 46,5% NÍVEL ECONÔMICO - FEMININO população não economicamente ativa 46,5% população economicamente ativa 53,5% MASCULINO população não economicamente ativa 27,2% população economicamente ativa 72,8%. RENDA FAMILIAR DO DOMICÍLIO renda familiar de até 2 salários-mínimos 30,7%; de 2 a 5 salários-mínimos 44,2%, acima de 5 salários-mínimos 25,1%. Está prevista eventual ponderação para correção das variáveis, com base nos percentuais anteriormente mencionados, caso ocorram diferenças superiores a margem de erro da pesquisa prevista entre a amostra e a coleta de dados realizada. O fator previsto para ponderação é 1 (resultados obtidos na coleta de dados). O intervalo de confiança estimado é de 95% e a margem de erro máxima estimada considerando um modelo de amostragem aleatório simples, é de aproximadamente 2,5 pontos percentuais para mais ou para menos sobre os resultados encontrados no total da amostra. FONTE DOS DADOS: IBGE/Censo 2022 para fins de densidade demográfica, setores censitários e alocação da amostra. IBGE/PNAD/PNADC/MEC/INEP para fins de Nível Econômico e Escolaridade. TSE FEVEREIRO/2026 para fins de Sexo, Faixa Etária e eleitorado por município ou regiões previamente definidas (importante ressaltar para o público leigo que os dados do TSE são os únicos corretos para gênero, idade dos eleitores e quantitativo de eleitores por municípios já que a base de dados se atualiza automaticamente, PORÉM, dados de escolaridade e nível econômico NÃO são corretos e confiáveis devido a desatualização que ocorre naturalmente com o passar dos anos). Definição de margem de erro e intervalo de confiança: Margem de erro e intervalo de confiança não são grandezas diretamente proporcionais. A SOMA NÃO TEM QUE RESULTAR 100%. ";"Após os trabalhos de coleta de dados, os questionários são submetidos a uma fiscalização, conferência e checagem de cerca de 20% (vinte por cento) dos questionários aplicados.";"A relação dos municípios sorteados ou selecionados para esta pesquisa será apresentada em arquivo anexo até 1 (um) dia após a divulgação desta pesquisa conforme §7º. do art. 2º. da Resolução-TSE nº. 23.600/2019. A área de abrangência desta pesquisa é o Estado DO RIO DE JANEIRO"
"07/08/2026";"05:47:04";2026;81;"Eleições Gerais 2026";"RJ";"RJ";"RIO DE JANEIRO";"RJ045332026";"2026-06-02 16:14:56";"S";"55686336000141";"VETOR ARROW INSTITUTO DE PESQUISA E OPINIAO LTDA";"#NULO#";"Governador, Senador, Deputado Federal, Deputado Estadual";"2026-08-08 00:00:00";"2026-08-11 00:00:00";"2026-06-08 00:00:00";14000;"11413";"Luciano Moura Silva";"140000,00";"Pesquisa quantitativa com aplicação de questionário estruturado, por meio de entrevistas telefônicas automatizadas via URA, junto a eleitores residentes no Estado do Rio de Janeiro. A pesquisa tem abrangência estadual e contempla intenção de voto e avaliação para os cargos de Deputado Federal, Deputado Estadual, Governador e Senador. A coleta será realizada em todos os municípios do estado, observados os critérios técnicos definidos no plano amostral e os procedimentos padronizados de captação, processamento, consistência e validação das respostas.";"Plano amostral de abrangência estadual, com 14.000 entrevistas telefônicas automatizadas, por meio de URA, junto a eleitores residentes no Estado do Rio de Janeiro. A amostra será distribuída territorialmente de modo a contemplar os municípios do estado e será posteriormente ponderada por gênero, faixa etária, grau de instrução e nível econômico da pessoa entrevistada, com base em fontes públicas oficiais, especialmente dados do TSE e do IBGE. Considera-se nível de confiança de 95% e margem de erro máxima estimada em aproximadamente 0,8 ponto percentual para o total da amostra estadual.";"Será adotado sistema interno de controle e verificação em todas as etapas da coleta, com auditoria dos arquivos de disparo e retorno da URA, verificação de duplicidades, checagem de consistência das respostas, controle de integridade dos registros eletrônicos e validação automática das entrevistas concluídas. Haverá monitoramento técnico do funcionamento da plataforma, conferência da base utilizada, rastreabilidade dos contatos realizados, exclusão de registros inválidos, incompletos ou inconsistentes, bem como fiscalização dos procedimentos de processamento, tabulação e consolidação dos dados, assegurando a possibilidade de auditoria do material coletado.";"Pesquisa de abrangência estadual, contemplando eleitores residentes nos municípios do Estado do Rio de Janeiro. Em razão da metodologia de entrevistas telefônicas automatizadas por URA, não há delimitação prévia de bairros no plano de coleta, sendo considerada a área física correspondente ao conjunto dos municípios do estado, com distribuição territorial das entrevistas conforme os critérios definidos no plano amostral."
"07/08/2026";"05:47:04";2026;81;"Eleições Gerais 2026";"RJ";"RJ";"RIO DE JANEIRO";"RJ026712026";"2026-07-21 20:56:30";"N";"22445600000104";"QUAEST PESQUISAS, CONSULTORIA E PROJETOS LTDA.";"#NULO#";"Governador, Senador";"2026-07-21 00:00:00";"2026-07-25 00:00:00";"2026-07-27 00:00:00";1200;"6731";"Margarida Maria de Mendonca";"205008,84";"
Pesquisa quantitativa, de survey, que consiste na realização de entrevistas pessoais, domiciliares e presenciais, conduzidas por profissionais treinados, com a aplicação de questionários estruturados a uma amostra representativa da população votante de 16 anos ou mais residente no estado do Rio de Janeiro. O desenho amostral aplicado combina sorteio probabilístico de municípios e de setores censitários fornecidos pelo IBGE (unidades territoriais homogêneas, de tamanho similar a quadras ou blocos), dentro dos quais serão selecionadas pessoas respondentes por meio de cotas amostrais.";"O público pesquisado é composto por eleitores de 16 anos ou mais residentes na área de abrangência da pesquisa. Para produzir uma amostra representativa desse público-alvo, utilizamos um desenho amostral por conglomerados que prevê três estágios. No primeiro estágio, é feito um sorteio probabilístico de municípios para comporem a amostra por meio do método PPT (Probabilidade Proporcional ao Tamanho) a partir de suas populações votantes acima de 16 anos. Dentro da lista de municípios sorteados, no segundo estágio, é realizado um sorteio probabilístico por meio do método PPT (Probabilidade Proporcional ao Tamanho) de setores censitários a serem visitados pelos entrevistadores, sorteio que tem como base o total de habitantes residentes nos setores de acordo com dados do Censo de 2022, o que garante a dispersão aleatória e estatística da amostra dentro dos territórios municipais, independentemente de divisões administrativas. Finalmente, dentro da lista de setores censitários sorteados, no último estágio são selecionados domicílios e pessoas a serem entrevistadas utilizando-se cotas amostrais para as seguintes variáveis: sexo, idade, renda familiar e escolaridade. O perfil da amostra, definido pelas cotas previstas, é o seguinte:

Sexo: Masculino (46%); Feminino (54%). 
Faixa etária: 16-34 anos (29%); 35-59 anos (43%); 60 ou mais (28%). 
Renda domiciliar total, incluindo pensões, benefícios e rendimentos de trabalhos informais: Até 2 salários-mínimos (30%); Mais de 2 a 5 salários-mínimos (39%); Mais de 5 salários-mínimos (31%). 
Nível de instrução: Até Fundamental completo ou médio incompleto (34%); Médio completo ou superior incompleto (43%); Superior completo ou mais (23%). 

Fonte dos dados: para a distribuição de sexo e idade, TSE-Tribunal Superior Eleitoral ¿ julho/2026; para a malha de setores censitários, Censo 2022 (IBGE); para a distribuição de renda domiciliar, PNADc Anual 2025, 1ª visita (IBGE); e, para a distribuição de escolaridade/instrução, PNADc trimestral 1-2026 (IBGE). A PNADc é utilizada por ser a fonte oficial mais atualizada de rendimentos do país, incluindo rendimentos informais, pensões, entre outros, e corrigindo as defasagens temporais do Censo 2022, além de ser a fonte mais atualizada de nível de instrução da população com 16 anos ou mais dada ausência de atualização obrigatória da escolaridade no registro de eleitores do TSE.

Está prevista eventual pós-estratificação da amostra, por meio de algoritmos de calibração (rake) e modelos (MrP), para correção de estimativas e das distribuições das variáveis sexo, idade, renda familiar e escolaridade, com base nos percentuais anteriormente mencionados, caso ocorram diferenças entre os percentuais previstos na amostra e a coleta de dados realizada. 

Dentro do público-alvo anteriormente descrito, serão realizadas 1.200 entrevistas. O nível de confiança das estimativas é de 95% e a margem de erro máxima prevista, atendendo às diretivas do TSE e usando o cálculo para amostra aleatória simples (AAS) como aproximação, é de cerca de 3 pontos percentuais para mais ou para menos em relação aos totais da amostra.";"As entrevistas serão realizadas por uma equipe de entrevistadores devidamente qualificada, com experiência e treinamento em pesquisa de opinião pública. Todo trabalho é feito em tablets ou outros dispositivos eletrônicos. Após a realização da coleta de dados, as entrevistas junto aos respondentes são checadas por meio de procedimentos de consistência e de georreferenciamento dos locais de aplicação em tempo real. Adicionalmente, ao longo e após os trabalhos de campo, é realizada uma fiscalização que consiste na checagem de áudio de uma amostra de 30% dos questionários aplicados para verificação das respostas e da adequação dos entrevistados aos parâmetros amostrais.";"A área de abrangência da coleta é o território do estado do Rio de Janeiro. A relação do número de pessoas pesquisadas nas áreas de aplicação da pesquisa, discriminadas por município, bairros e setores censitários a partir dos identificadores utilizados pelo IBGE, além da composição do eleitorado entrevistado na área de abrangência quanto a gênero, idade, grau de instrução e nível econômico, constará em anexo. O mapa com os códigos destes setores censitários e as áreas que delimitam no país todo podem ser conferidos na seguinte fonte oficial: https://censo2022.ibge.gov.br/panorama/mapas.html?localidade=&recorte=setores_censitarios"
"07/08/2026";"05:47:04";2026;81;"Eleições Gerais 2026";"RJ";"RJ";"RIO DE JANEIRO";"RJ093162026";"2026-06-02 16:54:59";"S";"55686336000141";"VETOR ARROW INSTITUTO DE PESQUISA E OPINIAO LTDA";"#NULO#";"Governador, Senador, Deputado Federal, Deputado Estadual";"2026-08-29 00:00:00";"2026-09-01 00:00:00";"2026-06-08 00:00:00";14000;"11413";"Luciano Moura Silva";"140000,00";"Pesquisa quantitativa com aplicação de questionário estruturado, por meio de entrevistas telefônicas automatizadas via URA, junto a eleitores residentes no Estado do Rio de Janeiro. A pesquisa tem abrangência estadual e contempla intenção de voto e avaliação para os cargos de Deputado Federal, Deputado Estadual, Governador e Senador. A coleta será realizada em todos os municípios do estado, observados os critérios técnicos definidos no plano amostral e os procedimentos padronizados de captação, processamento, consistência e validação das respostas.";"Plano amostral de abrangência estadual, com 14.000 entrevistas telefônicas automatizadas, por meio de URA, junto a eleitores residentes no Estado do Rio de Janeiro. A amostra será distribuída territorialmente de modo a contemplar os municípios do estado e será posteriormente ponderada por gênero, faixa etária, grau de instrução e nível econômico da pessoa entrevistada, com base em fontes públicas oficiais, especialmente dados do TSE e do IBGE. Considera-se nível de confiança de 95% e margem de erro máxima estimada em aproximadamente 0,8 ponto percentual para o total da amostra estadual.";"Será adotado sistema interno de controle e verificação em todas as etapas da coleta, com auditoria dos arquivos de disparo e retorno da URA, verificação de duplicidades, checagem de consistência das respostas, controle de integridade dos registros eletrônicos e validação automática das entrevistas concluídas. Haverá monitoramento técnico do funcionamento da plataforma, conferência da base utilizada, rastreabilidade dos contatos realizados, exclusão de registros inválidos, incompletos ou inconsistentes, bem como fiscalização dos procedimentos de processamento, tabulação e consolidação dos dados, assegurando a possibilidade de auditoria do material coletado.";"Pesquisa de abrangência estadual, contemplando eleitores residentes nos municípios do Estado do Rio de Janeiro. Em razão da metodologia de entrevistas telefônicas automatizadas por URA, não há delimitação prévia de bairros no plano de coleta, sendo considerada a área física correspondente ao conjunto dos municípios do estado, com distribuição territorial das entrevistas conforme os critérios definidos no plano amostral."
"07/08/2026";"05:47:04";2026;81;"Eleições Gerais 2026";"RJ";"RJ";"RIO DE JANEIRO";"RJ099572026";"2026-06-02 17:42:07";"S";"55686336000141";"VETOR ARROW INSTITUTO DE PESQUISA E OPINIAO LTDA";"#NULO#";"Governador, Senador, Deputado Federal";"2026-09-19 00:00:00";"2026-09-22 00:00:00";"2026-06-08 00:00:00";14000;"11413";"Luciano Moura Silva";"140000,00";"Pesquisa quantitativa com aplicação de questionário estruturado, por meio de entrevistas telefônicas automatizadas via URA, junto a eleitores residentes no Estado do Rio de Janeiro. A pesquisa tem abrangência estadual e contempla intenção de voto e avaliação para os cargos de Deputado Federal, Deputado Estadual, Governador e Senador. A coleta será realizada em todos os municípios do estado, observados os critérios técnicos definidos no plano amostral e os procedimentos padronizados de captação, processamento, consistência e validação das respostas.";"Plano amostral de abrangência estadual, com 14.000 entrevistas telefônicas automatizadas, por meio de URA, junto a eleitores residentes no Estado do Rio de Janeiro. A amostra será distribuída territorialmente de modo a contemplar os municípios do estado e será posteriormente ponderada por gênero, faixa etária, grau de instrução e nível econômico da pessoa entrevistada, com base em fontes públicas oficiais, especialmente dados do TSE e do IBGE. Considera-se nível de confiança de 95% e margem de erro máxima estimada em aproximadamente 0,8 ponto percentual para o total da amostra estadual.";"Será adotado sistema interno de controle e verificação em todas as etapas da coleta, com auditoria dos arquivos de disparo e retorno da URA, verificação de duplicidades, checagem de consistência das respostas, controle de integridade dos registros eletrônicos e validação automática das entrevistas concluídas. Haverá monitoramento técnico do funcionamento da plataforma, conferência da base utilizada, rastreabilidade dos contatos realizados, exclusão de registros inválidos, incompletos ou inconsistentes, bem como fiscalização dos procedimentos de processamento, tabulação e consolidação dos dados, assegurando a possibilidade de auditoria do material coletado.";"Pesquisa de abrangência estadual, contemplando eleitores residentes nos municípios do Estado do Rio de Janeiro. Em razão da metodologia de entrevistas telefônicas automatizadas por URA, não há delimitação prévia de bairros no plano de coleta, sendo considerada a área física correspondente ao conjunto dos municípios do estado, com distribuição territorial das entrevistas conforme os critérios definidos no plano amostral."
"07/08/2026";"05:47:04";2026;81;"Eleições Gerais 2026";"RJ";"RJ";"RIO DE JANEIRO";"RJ022852026";"2026-05-07 12:33:46";"S";"55686336000141";"VETOR ARROW INSTITUTO DE PESQUISA E OPINIAO LTDA";"#NULO#";"Governador, Senador";"2026-05-07 00:00:00";"2026-05-08 00:00:00";"2026-05-13 00:00:00";4729;"11413";"Luciano Moura Silva";"94580,00";"Pesquisa quantitativa com aplicação de questionário estruturado, por meio de entrevistas telefônicas automatizadas (URA), junto a uma parcela representativa do eleitorado do Estado do Rio de Janeiro, abrangendo eleitores residentes na capital e no interior do estado. O levantamento contempla intenção de voto para os cargos de Presidente da República, Governador e Senador, e será realizado no período de [DATA INICIAL] a [DATA FINAL], com eleitores de 16 anos ou mais, aptos ao exercício do voto. O questionário aplicado é padronizado, com fluxo previamente programado e registro eletrônico das respostas.";"A pesquisa será realizada com amostra de 4.729 entrevistas, representativa do eleitorado do Estado do Rio de Janeiro, contemplando capital e interior. O plano amostral considera a distribuição geográfica da população eleitora e as variáveis gênero, faixa etária, grau de instrução, nível econômico do entrevistado e área física de realização do trabalho, com base em fontes públicas oficiais aplicáveis à área estudada. Está prevista eventual ponderação para correção das variáveis gênero, idade e distribuição geográfica, caso sejam observados desvios relevantes entre o previsto no plano amostral e a amostra efetivamente obtida. Para as variáveis grau de instrução e nível econômico, o fator previsto de ponderação é 1, correspondendo aos resultados obtidos na coleta, salvo necessidade técnica de ajuste. A margem de erro máxima estimada é de 1,4 ponto percentual, para mais ou para menos, considerando nível de confiança de 95%. Os intervalos de confiança serão calculados considerando os resultados obtidos para 95% de confiança. Fonte dos dados: Tribunal Superior Eleitoral, Censo 2022/IBGE, PNAD Contínua/IBGE e demais bases públicas aplicáveis.";"Antes do início da coleta, serão realizados testes operacionais do questionário, da programação do fluxo das perguntas e do sistema de captação das respostas. A coleta será realizada por sistema telefônico automatizado (URA), com controle eletrônico dos contatos efetuados, registro de horários, duração das entrevistas, respostas captadas e consolidação dos dados em base auditável. Serão adotados procedimentos internos de conferência, crítica de consistência, verificação de duplicidades, validação dos registros e auditoria do banco de dados. Antes do processamento final e da emissão dos resultados, será realizado procedimento de limpeza, conferência e consistência estatística das informações coletadas.";"A área de abrangência da pesquisa é o Estado do Rio de Janeiro, compreendendo eleitores residentes na capital e no interior do estado. Os municípios e bairros abrangidos pela pesquisa ¿ ou, na ausência de delimitação por bairro, as áreas em que tiver sido realizada ¿ serão complementados no registro do PesqEle na forma da regulamentação aplicável, juntamente com a composição final da amostra quanto a gênero, idade, grau de instrução e nível econômico."
"07/08/2026";"05:47:04";2026;81;"Eleições Gerais 2026";"RJ";"RJ";"RIO DE JANEIRO";"RJ027702026";"2026-07-28 19:30:24";"N";"39293002000151";"PREFAB FUTURE PUBLICIDADE E PESQUISAS LTDA";"PREFAB FUTURE";"Governador";"2026-07-26 00:00:00";"2026-07-29 00:00:00";"2026-08-03 00:00:00";2000;"6942 A 2";"Sergio Ribeiro dos Santos";"25000,00";"Pesquisa Quantitativa, que consiste na realização de entrevistas pessoais, com a aplicação de questionário estruturado junto a uma amostra representativa do eleitorado (16 e +) e votante no ESTADO DO RJ.
";"A amostra é representativa do eleitorado da área em estudo e foi elaborada em dois estágios. No primeiro estágio, realiza-se um sorteio probabilístico dos setores censitários onde serão conduzidas as entrevistas, utilizando-se o método de Probabilidade Proporcional ao Tamanho (PPT), tendo como base a população residente de 16 anos ou mais em cada setor. No segundo e último estágio, dentro dos setores sorteados, os respondentes são selecionados por meio de cotas amostrais proporcionais, definidas a partir de variáveis consideradas estatisticamente significativas, a saber:
SEXO: Masculino (45,94%), Feminino (54,06%), IDADE: 16-24 (10,57%); 25-34 (18,05%); 35-44 (18,11%); 45-59 (25,26%); 60 E+ (28,01%); INSTRUÇÃO:ATÉ FUNDAMENTAL INCOMPLETO/COMPLETO (26,76%);MÉDIO INCOMPLETO/COMPLETO (42,9%);SUPERIOR INCOMPLETO/COMPLETO (30,34%); RENDA DOMICILIAR:ATÉ 3 SM  (68,06%);ACIMA DE 3 ATE 5 SM (14,45%);ACIMA DE 5 SM (17,49%). Está prevista eventual ponderação para correção das variáveis sexo e idade, com base nos percentuais anteriormente mencionados, caso ocorram diferenças superiores a 2,19 pontos percentuais entre o previsto na amostra e a coleta de dados realizada. Para as variáveis de grau de instrução e nível econômico do entrevistado, o fator previsto para ponderação é 1 (resultados obtidos em campo). 
O nível de confiança estimado é de 95% e a margem de erro máxima estimada considerando um modelo de amostragem aleatório simples, é de 2,19 pontos percentuais para mais ou para menos sobre os resultados encontrados no total da amostra. FONTE DOS DADOS: IBGE(Censo 2022 e PNADC 2026-1 trimestre) , TSE 2026(Junho)
";"Para a realização da pesquisa, utiliza-se uma equipe de entrevistadores e supervisores contratados pela Empresa . devidamente treinados para o trabalho. Após os trabalhos de campo, os questionários são submetidos a uma fiscalização de cerca de 20% (vinte por cento) dos questionários aplicados pelos entrevistadores. para verificação das respostas e da adequação dos entrevistados aos parâmetros amostrais.
";"#NULO#"
"07/08/2026";"05:47:04";2026;81;"Eleições Gerais 2026";"RJ";"RJ";"RIO DE JANEIRO";"RJ041912026";"2026-03-05 19:22:55";"S";"22345021000181";"REAL TIME MIDIA LTDA";"REAL TIME BIG DATA";"Governador, Senador";"2026-03-09 00:00:00";"2026-03-10 00:00:00";"2026-03-11 00:00:00";2000;"10839";"Isabela Zara Cremoneze";"80000,00";"Pesquisa quantitativa, que consiste na realização de entrevistas pessoais, com a aplicação de questionário estruturado junto a uma amostra representativa do eleitorado em estudo. Pesquisa realizada no Estado de Rio de Janeiro (RJ).";"Representativo do eleitorado da área em estudo, elaborada em três estágios. 
No primeiro estágio, realiza-se um sorteio probabilístico dos municípios onde as entrevistas serão realizadas, pelo método PPT (Probabilidade Proporcional ao Tamanho), tomando a população eleitora de 16 anos ou mais residente nos municípios como base para essa seleção.
No segundo estágio, efetua-se um sorteio probabilístico das localidades dentro dos municípios selecionados, também pelo método PPT (Probabilidade Proporcional ao Tamanho), considerando a população eleitora de 16 anos ou mais residente nessas localidades como base para a seleção.
No terceiro e último estágio, dentro das localidades sorteadas, os respondentes são selecionados por meio de quotas amostrais proporcionais, em função de variáveis significativas, a saber:

GÊNERO:
Feminino: 54,07%;
Masculino: 45,93%;
(Fonte: TSE, Fevereiro/2026 -- https://sig.tse.jus.br/ords/dwapr/r/seai/sig-eleitor-eleitorado-mensal/cruzamento-eleitorado-mensal?p24_metricas=E&p24_back=22&p24_cruzamento_1=ds_sexo&clear=24&session=105169192667199)
FAIXA ETÁRIA:
16 anos: 0,08%;
17 anos: 0,28%;
18 a 20 anos: 3,47%;
21 a 24 anos: 6,25%;
25 a 34 anos: 18,21%;
35 a 44 anos: 18,35%;
45 a 59 anos: 25,32%;
60 a 69 anos: 14,09%;
70 a 79 anos: 8,49%;
Superior a 79 anos: 5,45%;
(Fonte: TSE, Fevereiro/2026 -- https://sig.tse.jus.br/ords/dwapr/r/seai/sig-eleitor-eleitorado-mensal/cruzamento-eleitorado-mensal?p24_cruzamento_1=ds_faixa_etaria&p24_metricas=E&p24_back=22&clear=24&session=105169192667199)
ESCOLARIDADE:
Analfabeto: 1,78%;
Lê e Escreve: 5,04%;
Ensino Fundamental Incompleto: 22,61%;
Ensino Fundamental Completo: 7,87%;
Ensino Médio Incompleto: 22,83%;
Ensino Médio Completo: 25,25%;
Ensino Superior Incompleto: 5,17%;
Ensino Superior Completo: 9,44%;
(Fonte: TSE, Fevereiro /2026 -- https://sig.tse.jus.br/ords/dwapr/r/seai/sig-eleitor-eleitorado-mensal/cruzamento-eleitorado-mensal?p24_cruzamento_1=ds_grau_instrucao&p24_metricas=E&p24_back=22&clear=24&session=105169192667199)
RENDA DOMICILIAR MENSAL:
Sem rendimento: 4,61%;
Até 1/2 Salário Mínimo: 1,18%;
Mais de 1/2 a 1 Salário Mínimo: 12,34%;
Mais de 1 a 2 Salários Mínimos: 21,86%;
Mais de 2 a 5 Salários Mínimos: 34,58%;
Mais de 5 a 10 Salários Mínimos: 15,04%;
Mais de 10 a 20 Salários Mínimos: 6,93%;
Mais de 20 Salários Mínimos: 3,47%;
(Fonte: IBGE (CENSO-2010) -- https://cidades.ibge.gov.br/brasil/rj/pesquisa/23/24304?detalhes=true)
Observação: De acordo com informações do Instituto Brasileiro de Geografia e Estatística (IBGE), não há previsão de data para a divulgação do perfil econômico da população brasileira do CENSO 2022. Portanto, os dados sobre o nível econômico obtidos no Censo 2022 não podem ser utilizados, pois ainda não foram publicados.
Está prevista eventual ponderação para correção das variáveis sexo e idade, com base nos percentuais anteriormente mencionados, caso ocorram diferenças superiores a 3 pontos percentuais entre o previsto na amostra e a coleta de dados realizada. Para as variáveis de grau de instrução e nível econômico do entrevistado, o fator previsto para ponderação é 1 (resultados obtidos em campo). O nível de confiança estimado é de 95% e a margem de erro máxima estimada considerando um modelo de amostragem aleatório simples, é de aproximadamente 2 (dois) pontos percentuais para mais ou para menos sobre os resultados encontrados no total da amostra.
";"O trabalho de coleta de dados é acompanhado presencialmente por supervisores. São selecionados aleatoriamente 15% (quinze por cento) dos questionários para uma verificação posterior com ligações telefônicas para os números indicados nos formulários, em caso de dúvida, o formulário é descartado e o entrevistador chamado para esclarecimentos.";"O anexo do arquivo com os bairros será realizado até o dia seguinte da divulgação conforme indicado no §7º. do art. 2º. da Resolução-TSE nº. 23.600/2019.

"
"07/08/2026";"05:47:04";2026;81;"Eleições Gerais 2026";"RJ";"RJ";"RIO DE JANEIRO";"RJ084192026";"2026-02-03 19:06:38";"N";"52908063000144";"100% CIDADES PARTICIPACOES LTDA";"100 CIDADES";"Governador, Senador";"2026-01-29 00:00:00";"2026-02-02 00:00:00";"2026-02-09 00:00:00";1000;"8140";"Fabíola Miranda von Rondow";"80000,00";"Pesquisa do tipo quantitativa, por amostragem, com aplicação de questionário estruturado realizado por meio telefônico. O universo da pesquisa é o eleitorado do Estado do Rio de Janeiro com 16 anos ou mais.";"Representativo do eleitorado da área em estudo. A amostra é estratificada por região de moradia, com base na população residente nos municípios. (Fonte dos Dados: Censo IBGE 2022). Dentro das localidades, os respondentes são selecionados aleatoriamente pelo sistema de cotas amostrais em função de variáveis significativas, a saber: Gênero: masculino 45,9%; feminino 54,1% (Fonte dos Dados: TSE- dezembro/2025 - https://sig.tse.jus.br/ords/dwapr/r/seai/sig-eleitor-eleitorado-mensal/cruzamento-eleitorado-mensal?p24_metricas=E&p24_back=1&clear=24&session=328013208056031- cruzamento 1: Gênero); Faixa etária: 16 a 24 anos, 10,0%; 25 a 34 anos, 18,3%; 35 a 44 anos, 18,4%; 45 a 59 anos, 25,3%; 60 anos ou mais, 28,0% (Fonte dos Dados: TSE- dezembro/2025 - https://sig.tse.jus.br/ords/dwapr/r/seai/sig-eleitor-eleitorado-mensal/cruzamento-eleitorado-mensal?p24_metricas=E&p24_back=1&clear=24&session=328013208056031 - cruzamento 1: Faixa Etária); Para a variável grau de instrução, os dados são: analfabeto/sabe ler e escrever, 6,9%; 1º grau incompleto, 22,7%; 1º grau completo, 7,9%; 2º grau incompleto, 22,8%; 2º grau completo, 25,1%; superior incompleto 5,2%; superior completo, 9,4% (Fonte dos dados: TSE-dezembro/2025 - https://sig.tse.jus.br/ords/dwapr/r/seai/sig-eleitor-eleitorado-mensal/cruzamento-eleitorado-mensal?p24_metricas=E&p24_back=1&clear=24&session=328013208056031 - cruzamento 1: Grau de instrução); Para a variável nível econômico, a renda familiar: Sem rendimento/até 1 salário-mínimo 18,1%; acima de 1 a 2 salários-mínimos 21,9%; acima de 2 a 5 salários-mínimos 34,6%; acima de 5 a 10 salários-mínimos 15,0%; acima de 10 salários-mínimos 10,4% (Fonte dos dados: Censo IBGE/2010 - https://cidades.ibge.gov.br/brasil/rj/pesquisa/23/24304). Observação: De acordo com informações do Instituto Brasileiro de Geografia e Estatística (IBGE), não há previsão de data para a divulgação do perfil econômico da população brasileira do CENSO 2022. Portanto, considerando que os dados sobre o nível econômico obtidos no Censo 2022 ainda não foram publicados, adotou-se para essa variável os dados disponíveis do Censo IBGE/2010. Está prevista eventual ponderação para correção das variáveis gênero, idade e grau de instrução com base nos percentuais anteriormente mencionados, caso ocorram diferenças superiores a 3 pontos percentuais entre o previsto na amostra e a coleta de dados realizada. Para a variável nível econômico do entrevistado, o fator previsto para ponderação é 1 (resultados obtidos em campo). O tamanho da amostra previsto é de 1000 entrevistas. O nível de confiança estimado é de 95% e a margem de erro máxima estimada considerando um modelo de amostragem aleatório simples, é de 3,1 pontos percentuais para mais ou para menos sobre os resultados encontrados no total da amostra. Os intervalos de confiança serão calculados considerando os resultados obtidos para um nível de confiança de 95%. FONTE DOS DADOS: Censo IBGE (2010 e 2022) | TSE (eleitorado de dezembro / 2025).";"As entrevistas serão realizadas por uma equipe de entrevistadores qualificados, que receberão treinamento e orientações especificas sobre o questionário e os objetivos da pesquisa, antes de iniciarem a coleta. Durante todo o período de aplicação das entrevistas, os entrevistadores serão monitorados recebendo apoio ou orientações de uma equipe de supervisores, com experiência e treinamento em pesquisas de opinião pública. Serão checados no mínimo 20% (vinte por cento) dos questionários aplicados por cada entrevistador, para a verificação das respostas e adequação dos entrevistados aos parâmetros amostrais. Os dados coletados e tratados nesta pesquisa atendem às exigências da Lei nº 13.709, de 14 de agosto de 2018, a Lei Geral de Proteção de Dados ¿ LGPD, garantindo ao respondente o sigilo de sua identidade e de seus dados pessoais, bem como o correto tratamento de suas respostas.";"A área de abrangência da coleta é o Estado do Rio de Janeiro. A relação dos municípios selecionados para a pesquisa constará em anexo a ser apresentado até o dia seguinte, a partir do dia em que a pesquisa puder ser divulgada, conforme as Resoluções 23.600/2019, no art. 2º; §7º e 23.727/2024 do TSE."
"07/08/2026";"05:47:04";2026;81;"Eleições Gerais 2026";"RJ";"RJ";"RIO DE JANEIRO";"RJ034872026";"2026-07-22 13:39:29";"S";"22345021000181";"REAL TIME MIDIA LTDA";"REAL TIME BIG DATA";"Governador, Senador";"2026-07-23 00:00:00";"2026-07-27 00:00:00";"2026-07-28 00:00:00";2000;"10839";"Isabela Zara Cremoneze";"30000,00";"Pesquisa quantitativa, que consiste na realização de entrevistas com eleitores do universo a ser explorado, feitas em combinação mista por entrevistadores humanos e recursos de inteligência artificial, com a aplicação de questionário estruturado com abordagens telefônicas e digitais junto a uma amostra representativa do eleitorado em estudo. Pesquisa realizada no Estado do Rio de Janeiro (RJ).";"Representativo do eleitorado da área em estudo, elaborada em três estágios. 
No primeiro estágio, realiza-se um sorteio probabilístico dos municípios onde as entrevistas serão realizadas, pelo método PPT (Probabilidade Proporcional ao Tamanho), tomando a população eleitora de 16 anos ou mais residente nos municípios como base para essa seleção.
No segundo estágio, efetua-se um sorteio probabilístico das localidades dentro dos municípios selecionados, também pelo método PPT (Probabilidade Proporcional ao Tamanho), considerando a população eleitora de 16 anos ou mais residente nessas localidades como base para a seleção.
No terceiro e último estágio, dentro das localidades sorteadas, os respondentes são selecionados por meio de quotas amostrais proporcionais, em função de variáveis significativas, a saber:

GÊNERO:
Feminino: 54,06%;
Masculino: 45,94%.
(Fonte: TSE, Junho/2026 -- https://sig.tse.jus.br/ords/dwapr/r/seai/sig-eleitor-eleitorado-mensal/cruzamento-eleitorado-mensal?p24_metricas=E&p24_back=22&p24_cruzamento_1=ds_sexo&clear=24&session=105169192667199)
FAIXA ETÁRIA:
16 anos: 0,21%;
17 anos: 0,51%;
18 a 20 anos: 3,66%;
21 a 24 anos: 6,19%;
25 a 34 anos: 18,04%;
35 a 44 anos: 18,10%;
45 a 59 anos: 25,25%;
60 a 69 anos: 14,04%;
70 a 79 anos: 8,53%;
Superior a 79 anos: 5,47%.
(Fonte: TSE, Junho/2026 -- https://sig.tse.jus.br/ords/dwapr/r/seai/sig-eleitor-eleitorado-mensal/cruzamento-eleitorado-mensal?p24_cruzamento_1=ds_faixa_etaria&p24_metricas=E&p24_back=22&clear=24&session=105169192667199)
ESCOLARIDADE:
Analfabeto: 1,77%;
Lê e Escreve: 4,91%;
Ensino Fundamental Incompleto: 22,36%;
Ensino Fundamental Completo: 7,77%;
Ensino Médio Incompleto: 23,12%;
Ensino Médio Completo: 25,40%;
Ensino Superior Incompleto: 5,20%;
Ensino Superior Completo: 9,47%.
(Fonte: TSE, Junho/2026 -- https://sig.tse.jus.br/ords/dwapr/r/seai/sig-eleitor-eleitorado-mensal/cruzamento-eleitorado-mensal?p24_cruzamento_1=ds_grau_instrucao&p24_metricas=E&p24_back=22&clear=24&session=105169192667199)

RENDA DOMICILIAR MENSAL:
Sem rendimento: 4,61%;
Até 1/2 Salário Mínimo: 1,18%;
Mais de 1/2 a 1 Salário Mínimo: 12,34%;
Mais de 1 a 2 Salários Mínimos: 21,86%;
Mais de 2 a 5 Salários Mínimos: 34,58%;
Mais de 5 a 10 Salários Mínimos: 15,04%;
Mais de 10 a 20 Salários Mínimos: 6,93%;
Mais de 20 Salários Mínimos: 3,47%;
(Fonte: IBGE (CENSO-2010) -- https://cidades.ibge.gov.br/brasil/rj/pesquisa/23/24304?detalhes=true)
Observação: De acordo com informações do Instituto Brasileiro de Geografia e Estatística (IBGE), não há previsão de data para a divulgação do perfil econômico da população brasileira do CENSO 2022. Portanto, os dados sobre o nível econômico obtidos no Censo 2022 não podem ser utilizados, pois ainda não foram publicados.
Está prevista eventual ponderação para correção das variáveis sexo e idade, com base nos percentuais anteriormente mencionados, caso ocorram diferenças superiores a 3 pontos percentuais entre o previsto na amostra e a coleta de dados realizada. Para as variáveis de grau de instrução e nível econômico do entrevistado, o fator previsto para ponderação é 1 (resultados obtidos em campo). O nível de confiança estimado é de 95% e a margem de erro máxima estimada considerando um modelo de amostragem aleatório simples, é de aproximadamente 2 (dois) pontos percentuais para mais ou para menos sobre os resultados encontrados no total da amostra.
";"O trabalho de coleta de dados é acompanhado por supervisores humanos. São selecionados aleatoriamente 15% (quinze por cento) dos questionários para uma verificação posterior e, em caso de dúvida, o formulário é descartado e o responsável pela coleta chamado para esclarecimentos. Há uma equipe especializada que confere os dados à exaustão com objetivo de averiguar e aferir os resultados coletados.";"O anexo do arquivo com os bairros será realizado até o dia seguinte da divulgação conforme indicado no §7º. do art. 2º. da Resolução-TSE nº. 23.600/2019.

"
"07/08/2026";"05:47:04";2026;81;"Eleições Gerais 2026";"RJ";"RJ";"RIO DE JANEIRO";"RJ079032026";"2026-06-30 16:41:23";"S";"55686336000141";"VETOR ARROW INSTITUTO DE PESQUISA E OPINIAO LTDA";"#NULO#";"Governador, Senador, Deputado Federal, Deputado Estadual";"2026-07-15 00:00:00";"2026-07-20 00:00:00";"2026-07-06 00:00:00";14000;"11413";"Luciano Moura Silva";"140000,00";"Pesquisa quantitativa com aplicação de questionário estruturado, por meio de entrevistas telefônicas automatizadas via URA, junto a eleitores residentes no Estado do Rio de Janeiro. A pesquisa tem abrangência estadual e contempla intenção de voto e avaliação para os cargos de Deputado Federal, Deputado Estadual, Governador e Senador. A coleta será realizada em todos os municípios do estado, observados os critérios técnicos definidos no plano amostral e os procedimentos padronizados de captação, processamento, consistência e validação das respostas.";"Plano amostral de abrangência estadual, com 14.000 entrevistas telefônicas automatizadas, por meio de URA, junto a eleitores residentes no Estado do Rio de Janeiro. A amostra será distribuída territorialmente de modo a contemplar os municípios do estado e será posteriormente ponderada por gênero, faixa etária, grau de instrução e nível econômico da pessoa entrevistada, com base em fontes públicas oficiais, especialmente dados do TSE e do IBGE. Considera-se nível de confiança de 95% e margem de erro máxima estimada em aproximadamente 0,8 ponto percentual para o total da amostra estadual.";"Será adotado sistema interno de controle e verificação em todas as etapas da coleta, com auditoria dos arquivos de disparo e retorno da URA, verificação de duplicidades, checagem de consistência das respostas, controle de integridade dos registros eletrônicos e validação automática das entrevistas concluídas. Haverá monitoramento técnico do funcionamento da plataforma, conferência da base utilizada, rastreabilidade dos contatos realizados, exclusão de registros inválidos, incompletos ou inconsistentes, bem como fiscalização dos procedimentos de processamento, tabulação e consolidação dos dados, assegurando a possibilidade de auditoria do material coletado.";"Pesquisa de abrangência estadual, contemplando eleitores residentes nos municípios do Estado do Rio de Janeiro. Em razão da metodologia de entrevistas telefônicas automatizadas por URA, não há delimitação prévia de bairros no plano de coleta, sendo considerada a área física correspondente ao conjunto dos municípios do estado, com distribuição territorial das entrevistas conforme os critérios definidos no plano amostral."
"07/08/2026";"05:47:04";2026;81;"Eleições Gerais 2026";"RJ";"RJ";"RIO DE JANEIRO";"RJ006302026";"2026-06-02 16:34:28";"S";"55686336000141";"VETOR ARROW INSTITUTO DE PESQUISA E OPINIAO LTDA";"#NULO#";"Governador, Senador, Deputado Federal, Deputado Estadual";"2026-08-15 00:00:00";"2026-08-18 00:00:00";"2026-06-08 00:00:00";14000;"11413";"Luciano Moura Silva";"140000,00";"Pesquisa quantitativa com aplicação de questionário estruturado, por meio de entrevistas telefônicas automatizadas via URA, junto a eleitores residentes no Estado do Rio de Janeiro. A pesquisa tem abrangência estadual e contempla intenção de voto e avaliação para os cargos de Deputado Federal, Deputado Estadual, Governador e Senador. A coleta será realizada em todos os municípios do estado, observados os critérios técnicos definidos no plano amostral e os procedimentos padronizados de captação, processamento, consistência e validação das respostas.";"Plano amostral de abrangência estadual, com 14.000 entrevistas telefônicas automatizadas, por meio de URA, junto a eleitores residentes no Estado do Rio de Janeiro. A amostra será distribuída territorialmente de modo a contemplar os municípios do estado e será posteriormente ponderada por gênero, faixa etária, grau de instrução e nível econômico da pessoa entrevistada, com base em fontes públicas oficiais, especialmente dados do TSE e do IBGE. Considera-se nível de confiança de 95% e margem de erro máxima estimada em aproximadamente 0,8 ponto percentual para o total da amostra estadual.";"Será adotado sistema interno de controle e verificação em todas as etapas da coleta, com auditoria dos arquivos de disparo e retorno da URA, verificação de duplicidades, checagem de consistência das respostas, controle de integridade dos registros eletrônicos e validação automática das entrevistas concluídas. Haverá monitoramento técnico do funcionamento da plataforma, conferência da base utilizada, rastreabilidade dos contatos realizados, exclusão de registros inválidos, incompletos ou inconsistentes, bem como fiscalização dos procedimentos de processamento, tabulação e consolidação dos dados, assegurando a possibilidade de auditoria do material coletado.";"Pesquisa de abrangência estadual, contemplando eleitores residentes nos municípios do Estado do Rio de Janeiro. Em razão da metodologia de entrevistas telefônicas automatizadas por URA, não há delimitação prévia de bairros no plano de coleta, sendo considerada a área física correspondente ao conjunto dos municípios do estado, com distribuição territorial das entrevistas conforme os critérios definidos no plano amostral."
"07/08/2026";"05:47:04";2026;81;"Eleições Gerais 2026";"RJ";"RJ";"RIO DE JANEIRO";"RJ024432026";"2026-04-17 21:27:10";"N";"39293002000151";"PREFAB FUTURE PUBLICIDADE E PESQUISAS LTDA";"PREFAB FUTURE";"Governador";"2026-04-17 00:00:00";"2026-04-22 00:00:00";"2026-04-23 00:00:00";2000;"6942 Serie A 2 ";"Sergio Ribeiro dos Santos";"25000,00";"Pesquisa Quantitativa, que consiste na realização de entrevistas pessoais, com a aplicação de questionário estruturado junto a uma amostra representativa do eleitorado (16 e +) e votante no ESTADO DO RJ.
";"A amostra é representativa do eleitorado da área em estudo e foi elaborada em dois estágios. No primeiro estágio, realiza-se um sorteio probabilístico dos setores censitários onde serão conduzidas as entrevistas, utilizando-se o método de Probabilidade Proporcional ao Tamanho (PPT), tendo como base a população residente de 16 anos ou mais em cada setor. No segundo e último estágio, dentro dos setores sorteados, os respondentes são selecionados por meio de cotas amostrais proporcionais, definidas a partir de variáveis consideradas estatisticamente significativas, a saber:
SEXO: Masculino (45,9%), Feminino (54,1%), IDADE: 16-24 (10,13%); 25-34 (18,2%); 35-44 (18,32%); 45-59 (25,33%); 60 E+ (28,02%); INSTRUÇÃO:ATÉ FUNDAMENTAL INCOMPLETO/COMPLETO (27,37%);MÉDIO INCOMPLETO/COMPLETO (42,78%);SUPERIOR INCOMPLETO/COMPLETO (29,85%); 
RENDA DOMICILIAR:ATÉ 3 SM  (68,56%);ACIMA DE 3 ATE 5 SM (13,82%);ACIMA DE 5 SM (17,62%). Está prevista eventual ponderação 
para correção das variáveis sexo e idade, com base nos percentuais anteriormente mencionados, caso ocorram diferenças superiores a 2,19 pontos percentuais entre o previsto na amostra e a coleta de dados realizada. Para as variáveis de grau de instrução e nível econômico do entrevistado, o fator previsto para ponderação é 1 (resultados obtidos em campo). 
O nível de confiança estimado é de 95% e a margem de erro máxima estimada considerando um modelo de amostragem aleatório simples, é de 2,19 pontos percentuais para mais ou para menos sobre os resultados encontrados no total da amostra. FONTE DOS DADOS: IBGE(Censo 2022 e PNADC 2025-4 trimestre) , TSE 2026(Março)
";"Para a realização da pesquisa, utiliza-se uma equipe de entrevistadores e supervisores contratados pela Empresa . devidamente treinados para o trabalho. Após os trabalhos de campo, os questionários são submetidos a uma fiscalização de cerca de 20% (vinte por cento) dos questionários aplicados pelos entrevistadores. para verificação das respostas e da adequação dos entrevistados aos parâmetros amostrais.
";"#NULO#"
"07/08/2026";"05:47:04";2026;81;"Eleições Gerais 2026";"RJ";"RJ";"RIO DE JANEIRO";"RJ093032026";"2026-07-25 19:12:31";"S";"81908345000140";"INSTITUTO PARANA DE PESQUISAS E ANALISE DE CONSUMIDOR LTDA";"#NULO#";"Governador, Senador";"2026-07-28 00:00:00";"2026-07-30 00:00:00";"2026-07-31 00:00:00";1600;"10245 - 4ª";"Tatiani Cristina Ara";"45000,00";"Pesquisa com metodologia quantitativa, com a realização de entrevistas pessoais, domiciliares e presenciais, utilizando questionário estruturado junto a uma amostra representativa do eleitorado do Estado do Rio de Janeiro. Os questionamentos feitos aos(às) eleitores(as) em relação à eleição presidencial foram devidamente registrados no Tribunal Superior Eleitoral - TSE sob o nº BR-06493/2026, pois o Sistema Pesqele não permite nos registros regionais a inclusão do campo Presidente no momento do registro da pesquisa eleitoral.


";"""A amostra será representativa do eleitorado da área pesquisada e será selecionada em três etapas. Na primeira etapa realiza-se um sorteio probabilístico dos municípios onde as entrevistas serão realizadas através do método PPT (Probabilidade Proporcional ao Tamanho), considerando a população eleitora com 16 anos ou mais residente nos municípios como base para essa seleção. Na segunda etapa, faz-se um sorteio probabilístico das localidades, onde as entrevistas serão realizadas, através do método PPT (Probabilidade Proporcional ao Tamanho), tomando a população eleitora de 16 anos ou mais residente nas localidades como base para essa seleção. Na terceira etapa, a seleção do entrevistado dentro da localidade, será feita utilizando-se quotas amostrais proporcionais, em função das seguintes variáveis:
GÊNERO: TSE Junho 2026 (https://sig.tse.jus.br/ords/dwapr/r/seai/sig-eleitor-eleitorado-mensal/cruzamento-eleitorado-mensal?p24_metricas=E&p24_back=22&p24_cruzamento_1=ds_sexo&clear=24&p0_uf=RJ&p0_mes=6&debug=LEVEL5&session=312990078978641)
Masculino - 46%; |
Feminino - 54%; |
FAIXA ETÁRIA: TSE Junho 2026 (https://sig.tse.jus.br/ords/dwapr/r/seai/sig-eleitor-eleitorado-mensal/cruzamento-eleitorado-mensal?p24_cruzamento_1=ds_faixa_etaria&p24_metricas=E&p24_back=22&clear=24&p0_uf=RJ&p0_mes=6&debug=LEVEL5&session=8904950028837) 
Entre 16 e 24 anos: 11%; |
Entre 25 e 34 anos: 18%; |
Entre 35 e 44 anos: 18%; |
Entre 45 e 59 anos: 25%; |
Com 60 anos ou mais: 28%; |
ESCOLARIDADE: TSE Junho 2026 (https://sig.tse.jus.br/ords/dwapr/r/seai/sig-eleitor-eleitorado-mensal/cruzamento-eleitorado-mensal?p24_cruzamento_1=ds_grau_instrucao&p24_metricas=E&p24_back=22&clear=24&p0_uf=RJ&p0_mes=6&debug=LEVEL5&session=309383598034615) Observação: Conforme informações obtidas no site do Tribunal Superior Eleitoral, o TSE, (https://dadosabertos.tse.jus.br/group/about/eleitorado) """"Os registros de grau de escolaridade podem apresentar dados defasados, pois refletem a situação do eleitor na ocasião do cadastramento.""""
De analfabeto até ensino fundamental completo: 37%; |
Ensino médio incompleto ou completo: 48% |
Ensino superior incompleto ou completo: 15% |
RENDA DOMICILIAR MENSAL:  (https://cidades.ibge.gov.br/brasil/rj/pesquisa/23/24304) IBGE - Censo 2010. Observação: Conforme informações obtidas do Instituto Brasileiro de Geografia e Estatística, o IBGE, não divulgou - e não tem previsão - de data para divulgação do perfil econômico (nível econômico) da população brasileira; portanto, os dados quanto ao nível econômico obtidos no Censo 2022, não podem ser utilizados, pois não foram publicados. (https://censo2022.ibge.gov.br/panorama/)
Sem rendimentos até 2 salários mínimos: 40% |
Mais de 2 a 5 salários mínimos: 35% |
Mais de 5 salários mínimos: 25% |
Está prevista eventual ponderação para correção das variáveis gênero e faixa etária, com base nos percentuais acima apresentados, caso ocorram diferenças superiores a 3,0 (três) pontos percentuais entre o previsto na amostra e a coleta realizada; para as variáveis escolaridade e renda domiciliar mensal, o fator de ponderação é igual a 1 (resultados obtidos no campo). O nível de confiança estimado é de 95% (noventa e cinco por cento) para uma margem de erro estimada, considerando uma técnica de amostragem aleatória simples, de aproximadamente 2,5 (dois vírgula cinco) pontos percentuais para mais ou para menos sobre os resultados obtidos.""





";"""As entrevistas serão conduzidas por uma equipe de entrevistadores e supervisores devidamente qualificados pelo Instituto Paraná Pesquisas, todos com experiência e treinamento específico em pesquisas de opinião pública. 
Controle: O controle do processo será realizado por meio de um software de coleta de dados.
Conferência e Fiscalização: Durante a coleta de dados os questionários aplicados são fiscalizados e conferidos através de um supervisor.   
Adicionalmente, pelo menos 30% dos questionários passarão por uma verificação posterior, que avaliará a precisão na aplicação e a adequação dos entrevistados às variáveis das quotas amostrais. Ou seja, no mínimo 480 entrevistas desta pesquisa serão auditadas pela equipe de qualidade do Instituto Paraná Pesquisas, podendo essa auditoria ser solicitada ao Instituto a qualquer momento.
Verificação: Após a coleta, os questionários passam por uma etapa de verificação e validação dos dados, para garantir a integridade e precisão dos dados coletados.""





";" ""A pesquisa será realizada no Estado do Rio de Janeiro, a relação dos dados relativos aos municípios e às localidades será apresentado até o dia seguinte à data a partir da qual a pesquisa puder ser divulgada, conforme §7º do art. 2º da Resolução-TSE nº. 23.600/2019""





"
"07/08/2026";"05:47:04";2026;81;"Eleições Gerais 2026";"RJ";"RJ";"RIO DE JANEIRO";"RJ076612026";"2026-04-10 21:00:36";"N";"55686336000141";"VETOR ARROW INSTITUTO DE PESQUISA E OPINIAO LTDA";"#NULO#";"Governador, Deputado Federal, Deputado Estadual";"2026-04-13 00:00:00";"2026-04-14 00:00:00";"2026-04-16 00:00:00";500;"11413";"Luciano Moura Silva";"13000,00";"Pesquisa quantitativa com aplicação de questionário estruturado, por meio de entrevistas telefônicas automatizadas (URA), junto a uma parcela representativa do eleitorado do município de Angra dos Reis, Estado do Rio de Janeiro.
";"pesquisa será realizada com amostra de 500 entrevistas, representativa do eleitorado do município de Angra dos Reis/RJ. O plano amostral considera, como parâmetros de referência, as variáveis sexo, faixa etária, grau de instrução e nível econômico do entrevistado, com base em dados públicos oficiais aplicáveis à área estudada. Está prevista eventual ponderação para correção das variáveis sexo e idade, caso sejam verificados desvios relevantes entre o previsto no plano amostral e a amostra efetivamente obtida. Para as variáveis grau de instrução e nível econômico, o fator previsto de ponderação é 1, correspondendo aos resultados obtidos na coleta, salvo necessidade técnica de ajuste. A margem de erro máxima estimada é de 4,4 pontos percentuais, para mais ou para menos, considerando nível de confiança de 95%. Os intervalos de confiança serão calculados considerando os resultados obtidos para 95% de confiança. Fonte dos dados: TSE, IBGE/Censo 2022 e demais bases públicas aplicáveis à localidade pesquisada.";"Antes do início da coleta, serão realizados testes operacionais do questionário, da programação do fluxo de perguntas e do sistema de captação das respostas. A coleta será realizada por sistema telefônico automatizado (URA), com controle eletrônico dos contatos efetuados, registro de horários, duração das entrevistas, respostas captadas e consolidação dos dados em base auditável. Serão adotados procedimentos internos de conferência, crítica de consistência, verificação de duplicidades, validação dos registros e auditoria do banco de dados. Antes do processamento final e da emissão dos resultados, será realizado procedimento de limpeza, conferência e consistência estatística das informações coletadas.";"A área de abrangência da pesquisa é o município de Angra dos Reis, no Estado do Rio de Janeiro. Tratando-se de levantamento de âmbito municipal, os bairros abrangidos pela pesquisa ¿ ou, na ausência de delimitação específica de bairro, as áreas efetivamente alcançadas pela coleta ¿ serão informados e complementados no registro, na forma prevista pela regulamentação da Justiça Eleitoral."
"07/08/2026";"05:47:04";2026;81;"Eleições Gerais 2026";"RJ";"RJ";"RIO DE JANEIRO";"RJ094982026";"2026-04-25 22:12:34";"S";"00654576000172";"INSTITUTO VERITA LTDA";"VERITA";"Senador";"2026-04-26 00:00:00";"2026-04-30 00:00:00";"2026-05-01 00:00:00";2030;"10699";"GUILHERME ALVARENGA LAIA";"156310,00";"Pesquisa quantitativa, que consiste na realização de entrevistas, com a aplicação de questionário estruturado junto a uma amostra representativa do eleitorado desta Unidade da Federação.";"ESTUDO REPRESENTATIVO DO ELEITORADO DO ESTADO DO RIO DE JANEIRO - MÉTODO PPT (Probabilidade Proporcional ao Tamanho) - PLANO AMOSTRAL E PONDERAÇÃO QUANTO A SEXO, IDADE, GRAU DE INSTRUÇÃO E NÍVEL ECONÔMICO DO ENTREVISTADO; INTERVALO DE CONFIANÇA E MARGEM DE ERRO: Representativo do eleitorado da área em estudo, elaborada, em vários estágios, da seguinte forma: - 1. Divisão da UF em estratos proporcionais de municípios. 2. Ordenação dos municípios de cada estrato segundo o porte. 3. Sorteio dos municípios de cada estrato. 4. Os respondentes são selecionados através de quotas amostrais proporcionais em função de variáveis significativas, a saber: GÊNERO / FAIXA ETÁRIA - FEMININO E MASCULINO 16 A 34 ANOS 14,6% E 13,6%, 35 A 54 ANOS 19,2% E 16,8%, 55 ANOS OU MAIS 20,3% E 15,5%. GRAU DE INSTRUÇÃO ¿ FEMININO E MASCULINO Sem instrução até Ensino Médio completo 53,5%, Ensino superior incompleto e completo 46,5% NÍVEL ECONÔMICO - FEMININO população não economicamente ativa 46,5% população economicamente ativa 53,5% MASCULINO população não economicamente ativa 27,2% população economicamente ativa 72,8%. RENDA FAMILIAR DO DOMICÍLIO renda familiar de até 2 salários-mínimos 30,7%; de 2 a 5 salários-mínimos 44,2%, acima de 5 salários-mínimos 25,1%. Está prevista eventual ponderação para correção das variáveis, com base nos percentuais anteriormente mencionados, caso ocorram diferenças superiores a margem de erro da pesquisa previsto entre a amostra e a coleta de dados realizada. O fator previsto para ponderação é 1 (resultados obtidos na coleta de dados). O intervalo de confiança estimado é de 95% e a margem de erro máxima estimada considerando um modelo de amostragem aleatório simples, é de aproximadamente 2,5 pontos percentuais para mais ou para menos sobre os resultados encontrados no total da amostra. FONTE DOS DADOS: IBGE/Censo 2022 para fins de densidade demográfica, setores censitários e alocação da amostra. IBGE/PNAD/PNADC/MEC/INEP para fins de Nível Econômico e Escolaridade. TSE FEVEREIRO/2026 para fins de Sexo, Faixa Etária e eleitorado por município ou regiões previamente definidas (importante ressaltar para o público leigo que os dados do TSE são os únicos corretos para gênero, idade dos eleitores e quantitativo de eleitores por municípios já que a base de dados se atualiza automaticamente, PORÉM, dados de escolaridade e nível econômico NÃO são corretos e confiáveis devido a desatualização que ocorre naturalmente com o passar dos anos). Definição de margem de erro e intervalo de confiança: Margem de erro e intervalo de confiança não são grandezas diretamente proporcionais. A SOMA NÃO TEM QUE RESULTAR 100%. ";"Após os trabalhos de coleta de dados, os questionários são submetidos a uma fiscalização, conferência e checagem de cerca de 20% (vinte por cento) dos questionários aplicados.";"A relação dos municípios sorteados ou selecionados para esta pesquisa será apresentada em arquivo anexo até 1 (um) dia após a divulgação desta pesquisa conforme §7º. do art. 2º. da Resolução-TSE nº. 23.600/2019. A área de abrangência desta pesquisa é o Estado DO RIO DE JANEIRO"
